review_id,order_id,review_score,review_comment_title,review_comment_message,review_creation_date,review_answer_timestamp
500c05500aa275953129f49799ee5c73,8a9424899aac432d80d8e580932b5ee9,5,MT lindo,MT lindo,2018-07-25 00:00:00,2018-07-25 21:37:22
888f11883ff85fa5c07e6ae1192d85c4,248907ae8054cb8e93d5aa44857779b4,5,,Cumpriu o prometido na compra e com o uma entrega em tempo satisfatório ,2018-01-04 00:00:00,2018-01-05 23:30:00
4ada105731802020d66105508076cb49,6f393015477564624446a2b4c948c0f0,3,,,2018-02-01 00:00:00,2018-02-01 06:26:39
ef8ae544c432bb1053ba5990bd0d6227,e18ebd6286697a3f0f6fe267d8286cb2,1,,EU NÃO RECEBI O PRODUTO E CONSTA NO SISTEMA QUE EU RECEBI ALÉM DE PAGAR CARO DO FRETE ,2018-01-12 00:00:00,2018-01-13 00:28:49
e2fd85e5df711bd91e6e96e13c741843,c9645496b715730a1a5d07eb97a6bf6b,5,,Produto de qualidade excelente,2017-01-31 00:00:00,2017-02-01 16:56:49
77a5eb7708ea47c9dd27b268ab56b633,8883dd20e652369652c1abd7a411788f,5,,,2018-08-21 00:00:00,2018-08-22 10:55:39
c399eafa15aafaecdd1d9008f5b34ed6,3081ddf6e7c6afa4e4124e7882486fcd,5,,"Entregou no prazo certo, fiquei feliz com a compra que fiz",2017-06-23 00:00:00,2017-06-24 00:58:52
bde35884f0abc51bddb28eb6fd181084,4709741e829775567b92abc42437b461,5,,,2018-04-10 00:00:00,2018-04-11 13:50:47
deb6f26fd2c11c556bc9245fd9203469,997cd0cc21c4cc23cf4b07c4f53834db,4,,Atendeu minha expectativa.,2018-02-24 00:00:00,2018-02-25 11:02:05
bb066f2c00dd1116cd31ec9b250b22f0,fd146e195b9e3e00d02a5bf4208e043a,5,,,2018-06-11 00:00:00,2018-06-13 18:18:23
76a2c91e6bf615fe58abe97b55a19ee1,ff014de83d667807820e68d8ea975281,5,,,2018-06-30 00:00:00,2018-07-03 13:33:08
2f048bbdf489c642c88fe993d0b0c92c,da6c1b5c9a1106ebca4a15148d062c0f,5,,,2018-02-01 00:00:00,2018-02-01 22:22:04
3732a0fef379bc411b481ca65c773fa4,9b305f3b1cd4ea12832c2b90372b961e,3,,,2017-05-27 00:00:00,2017-05-31 00:37:09
308400be88a43702db20fbb71b6cff74,752c20debb41dbddf6f5898e8d83e766,4,," A loja postou o produto de e mediato o correio demorou um pouco
",2017-07-11 00:00:00,2017-07-11 23:20:14
0272d07f5d34a8c3d31272e7ff967e7b,c862d307944b0dd344a6e4310a345564,3,,"A bolsa e muito bonita por fora
Mas dentro não tem forro 
E é bem fragil 
",2018-01-23 00:00:00,2018-01-24 18:21:11
5e20ad4da852f44644a83c56fc8cf40c,ffde92ba447b33a47d1c04d203f10f41,5,,,2017-12-06 00:00:00,2017-12-06 21:30:08
0cbf25a6f560a835e79fb8d24a5926c9,8538cceabb941edabecc8ac62f6813c9,5,,,2018-06-07 00:00:00,2018-06-07 20:49:28
380884f53f113319198a99516da2ada4,109294a0d68947b6b49c0a59a8f951cd,4,recomendo,"otimo
",2018-06-17 00:00:00,2018-06-19 19:48:57
73a58bd10f2667a04ee95df0071d5988,a5ace85930526f2e2c1f06c2d3383e90,1,,Ainda não recebi,2018-01-06 00:00:00,2018-01-06 12:19:24
30aadf8886ca1e6aea4a06c0609a62c8,ec0fa4ef7da067eb3a57abd8fc504352,4,,Loja Nota 10,2017-02-17 00:00:00,2017-02-20 10:20:25
edd86e0af4dc62b340c60d846643cbf9,9537e35e835d4ae6b7b219b8b2e36817,5,PRODUTO OK,"prazo foi estendido,porém entregue no prazo divulgado na propaganda. Cadeira conforme foto, vem para montar, mais fácil e linda",2018-08-28 00:00:00,2018-08-30 12:38:27
4276cb3d2b2519d9e1d714a9905c58e4,4879204a6b45d7ba10b3d703ba460778,5,,,2018-06-13 00:00:00,2018-06-13 22:16:22
c773e43d2abb5692d3184d1446750b7e,74c7a458cadc2f76c4ec8354d32d0d9d,5,,,2017-11-15 00:00:00,2017-11-16 16:52:56
d866da31ddcd55611d096d852843b2f7,b92777d39afa7f58503ecfdfaf255972,4,,,2018-03-29 00:00:00,2018-03-30 11:58:33
8c8ec6ed4210b3d764d3dd3bbe9e87d9,13ab379ac762d840b29042681a1a6156,3,,Boa noite as lojas lannister são ótimas adoro o site hoje faço pouquíssima compra pelo frete abusivo infelizmente não compensa como antes mas precisamos comprar obrigada ,2018-08-15 00:00:00,2018-08-15 21:26:52
de295095fe4d28a2c536c5761728321d,9b1d0dd42862c68280468732a4399034,5,,,2018-08-17 00:00:00,2018-08-22 18:33:02
07405437bacbc37e029fe5f5e10cb4c3,724c7b9d5d226631f82c0c09a9f51685,5,Otima,Excelente,2018-07-06 00:00:00,2018-07-07 22:24:12
2eb4048dad368d3403dcf6b007d0cdec,ffef98cd5ecdc992fefbd967549520dd,4,,,2017-07-15 00:00:00,2017-07-15 23:17:04
f8bd5a669a85f79aeb46520970a3fabd,4139faf4f621fe4b49e3e0d71bce665c,5,,Entrega super rápida. Produto de ótima qualidade. Recomendo.,2017-09-17 00:00:00,2017-09-19 08:00:43
e8ea9f03ddc87c3f0a92dee2fbb88d62,d2b465d6828555de4d5226daea422618,3,,,2017-03-24 00:00:00,2017-03-25 01:18:47
0a354009b25a2fbe0b25a6dd5c2a00ac,3b42ad87f3292fab60e143988d332da1,5,,,2018-03-16 00:00:00,2018-03-17 12:18:46
ca912b833f218e7ecc18c7f3f3108586,e01023596310bc78e2726329569e3d21,5,,"Produto bom. Entrega antes do prazo
",2017-11-14 00:00:00,2017-11-15 12:08:39
032d379803844fa08d2063909fa526fc,c942d232f05adc081f767f145dd8fa36,5,,Produto entregue dentro do prazo .,2018-03-17 00:00:00,2018-03-21 14:21:14
42e7211f75bff509054a0322ea026087,fa1ce52b7f5e83c4473226c0a7ad131a,5,,"otimo atendimento, tudo certo, entregue dentro do prazo.",2017-05-12 00:00:00,2017-05-16 20:57:14
0aad108b136bfe5d026d5aee9fb08323,d1ec61b50c7780944fab32ad8b873c85,5,Muito bom o produto,"Obrigada pela qualidade do produto, e pela entrega tbm que era previsto para 10/08 e chegou dia 22/07. Adorei. Parabéns.",2018-07-21 00:00:00,2018-07-23 22:59:57
8f9adbc93d494d471935de2aafcc0b13,63ac25fa7a6efd7b94ace6adbb54b431,4,,,2018-02-07 00:00:00,2018-02-09 21:06:23
8b02be7c138459ad09e47813223f854e,88986b613097da641340bc366a2d91d4,1,,,2018-01-11 00:00:00,2018-01-11 14:53:50
f9d15d1ab33610f6fcda6aa6ab4c414d,b744841b6a754e51042b8abcab208ffe,4,Produto bom,Gostei muito,2018-08-03 00:00:00,2018-08-03 04:18:39
1f6837a3ef1108a925a16f4cf03e9b1e,a0fb1c238c7bcff487ee3095d577be86,5,,,2018-03-06 00:00:00,2018-03-09 16:33:23
27e01d69ba0f15b9a8af0b786d88056d,5112c764fa2925ae974ee7c77478a4cb,5,,,2017-06-06 00:00:00,2017-06-07 00:04:17
7527e05a97d48cc9f9420d96a26269e4,472d6b3e92be83f747dea801ed1d461c,2,,,2018-02-22 00:00:00,2018-02-24 15:12:50
f4dae81937bc173b25686e788ca1bb6c,43f32db0dedd975e294e98ce23b24661,5,,atendimento eficaz e entrega dentro do prazo,2018-05-22 00:00:00,2018-05-23 02:40:40
6a1b45b4c8be1090f34b60a1942a4164,752b45c0651b32a09e039fa03504d3f0,5,,,2017-08-16 00:00:00,2017-08-17 19:10:03
a34a488aaccae520c49bd14aa8125d3f,3830e6067665c6a4bf2cc393fae31996,5,,,2017-04-05 00:00:00,2017-04-06 11:29:29
0e1e0753f372dd1cb35f9e10c0abfb05,591bbdc0cd7aae35890765d570a3f0b1,4,,,2018-04-03 00:00:00,2018-04-04 01:45:33
512cb13ca2e8a7cacdb37c0b96da651e,d527c6337841d7474102cbb7396891de,5,,,2017-04-14 00:00:00,2017-04-17 01:02:05
ca58fff2c3b7a982cebfb3106b8766ef,b17edd32e0d8b5d4a23e4b72cc4b90b4,2,,,2017-03-10 00:00:00,2017-03-14 16:33:24
bf8d7193dd935835c116da823712cdf4,47ccd65ae7dab553c7a8c779fe2cdea5,5,,"Ótimo produto, estou satisfeito com minha compra",2018-02-24 00:00:00,2018-02-25 12:16:33
f47eee9d6c0133adfcf75824e3edc5ea,69df6146503dba833ea2ae56237acd97,1,,"O PRODUTO É BOM, MAS QUASE 2 MESES PARA RECEBER !!!!",2018-03-20 00:00:00,2018-03-22 16:57:56
1aa3d8d7d1b099cc3f23485f7c563024,69df1d467702671ed04aaa60c5996701,4,,,2018-03-17 00:00:00,2018-03-21 05:27:32
c020b491ced40eaa538c6490f36d2d61,8fde182213914d24ed0bb9d4b02371a0,5,Entrega feita com sucesso,"Entrega feita e o produto é o que eu queria, muito bom!! ",2018-06-04 00:00:00,2018-06-05 00:51:35
f6de0cc6fe79a9a4e9401ed097b96135,167a89d17687b40764e54424ec1f9afd,1,,Ainda não recebi minha capa de sofá tô aguardando,2018-06-16 00:00:00,2018-06-17 12:27:29
4eb6ecb86569d963543e415d4c6c4718,346c7fbe1745d3fc2a5012e93d121652,4,,Foi Boa a compra recomendo,2018-07-13 00:00:00,2018-07-16 17:15:30
1313b5c73a99f03892a105392f806da6,39c7d4ae602c664a264c6da2d674f418,3,,,2018-04-13 00:00:00,2018-04-16 09:04:03
668fcfc39b15a8751fd9f9c3721c6533,a0d3b62390e72dcfd8fc6b29c1af0061,5,´´Otimo,Muito obrigada,2018-08-18 00:00:00,2018-09-10 16:59:46
d971c63be996e7b397b7d2579a69e0c0,dc4dc464cfa3377e0b31a936d2d117d0,5,,Produto bom e entrega rápida,2017-08-15 00:00:00,2017-08-17 23:45:28
e40bd1d846e2209ea14285c82cd049d0,a7881f54a20f4f7547971f089438b078,5,,,2017-03-31 00:00:00,2017-04-01 03:30:40
e8e447de2af77285a37b085d3ec3bbe4,cc7b37be243e081241f0929776e0ff3e,1,,"Ate agora nao revebi o produto.
Espero que ao menos a pontuação tenha sido feita de acordo com a promoção.",2018-02-26 00:00:00,2018-02-26 14:32:54
a8c13727b10ab7353bb8a0a0f3abf697,190dca51b7367cbcf69eff19efd0bd20,5,,,2018-02-06 00:00:00,2018-02-21 16:57:07
506755902448848add5e08ce9834df37,21af7328b2a40a3ece5491affde104fe,2,,Boa tarde meu produto veio faltando peças e do tempo que compro pela lojas lannister sempre veio certinho e dessa vez não ,2018-03-02 00:00:00,2018-03-04 19:31:02
ecd30ad71b1a6be967f483f490915fb1,a5a854651cfe0d8da9f1669266fd4063,1,Você paga 2 e recebe 1,"ROUBO! Na nota fiscal são 2 unidades mas no embrulho vem apenas UMA.
Querem cobrar sem entregar?",2018-05-15 00:00:00,2018-05-16 01:04:52
3c8e23c20c544941129ced237b9c2061,9c3d371454ceddff5d8fa8aa86ac7c1e,1,,,2017-05-11 00:00:00,2017-05-11 17:34:51
b19fd9176b81354620dce51580eed060,732a77c453f0b9ea3a2665a575f3ecd3,5,,,2018-08-18 00:00:00,2018-08-22 00:54:59
6544224adabe97a933c13b87d5ed1216,3df55fc07ff463109ce0422439693aee,4,,,2017-09-12 00:00:00,2017-09-12 22:12:51
b1ed64adcf4abed6ebbf7de61c8eb4ab,58f5801ecbeec83b70c32e4afdc5582b,5,,Super recomendo a loja. Produto entregue muito antes do prazo e de excelente qualidade.,2017-04-05 00:00:00,2017-04-05 21:45:55
0cd0db486b98d5fa0d77f79ec4027c5e,d74cdf7dea16668a34d57964004f0e94,5,Gostei muito do produto ,,2018-06-26 00:00:00,2018-06-27 14:07:10
0a15d67adfc5bd4b56e19f9f75c7a23e,785e849a702dab4672f0febcf4c1afc5,5,Muito bom,O produto chegou antes do prazo previsto ,2018-04-27 00:00:00,2018-04-29 23:11:18
9791f0dfe234f14aac2889e246f3b3e7,f3f0bc4d599d1d5251f1b37cec7b407e,4,,"Recomendo , é um bons relógio, mas tinha q ter como desativar o segundo tempo, e no manual tinha q vim explicado pra q serve a função TR, fora isso eu recomendo, foi entregue bem antes do prazo",2017-02-12 00:00:00,2017-02-12 16:36:26
9d25a54a1a44411d1adf1a5fa4557445,96cf7ecd8c676d61be261ffdda90b008,5,Ótimo atendimento ,Loja confiável ,2018-07-21 00:00:00,2018-07-23 20:39:23
9b23daa05239c2a78189e02887fe00dd,e417011226af2bd3a4a21d51b2818e36,5,,Produto veio certo como vi na foto e chegou antes do prazo. Gostei bastante!!!,2017-08-12 00:00:00,2017-08-13 12:17:23
4ae27b71d52f5e00dfd42d7a2e555077,1452442fe3e8cc6d3a1a8d8fc92dc019,5,super recomendo,"muito bom produto e chegou perfeito
",2018-05-01 00:00:00,2018-05-07 03:16:27
76922c72c577706c15f158d2df4711df,589aa9dfe350a2ca1ac9e8d38d4f7937,5,,"Excelente produto.
",2018-01-20 00:00:00,2018-01-22 19:26:19
ebbc1cf5b811e7a6eb5032d0a05b039a,943980abcbc522eb49346398ee2594b4,5,,,2018-04-06 00:00:00,2018-04-06 19:37:47
5603d18a7e3ee79456f22c303df6cd88,9aeaadde646cd9e4c51638f24ecf63cb,1,,,2018-02-25 00:00:00,2018-02-25 19:53:45
73b022300fec142e9939aba068921a79,695eed4f6656d10f32a49760523169de,1,,no site dizia que chegaria até 13/03 e ainda não chegou!,2017-03-15 00:00:00,2017-03-15 11:07:35
f1aefb9b3293cdea695d8dcb63c2f842,b811c8ca07716586e80c0bc4f2a6e39f,5,,,2018-05-02 00:00:00,2018-05-04 09:26:15
078fd55c7c6963e1dfbaf52648e29079,965f57ad446a9d190bec51db7f0fd8b5,5,,,2017-11-14 00:00:00,2017-11-16 16:13:21
a0904b26a6c8233b51306cdc59d8f411,572060f1be47253575daf3b88019195d,4,,,2017-11-17 00:00:00,2017-11-17 17:33:32
a34ba33faede53b2060490a1439bf425,08158c9f50214fc5872aba47814160e7,1,,"Data prevista para entrega 17/5, estamos com urgência desse produto e nada. ",2017-03-28 00:00:00,2017-05-18 11:21:01
3bfa066a0dbfb13b86cec627e345e56a,d7c88efc86371e81d37eb2cff1c61020,4,,,2017-05-30 00:00:00,2017-06-01 21:46:29
f2625714a147f2377d6f1c214b666bcd,22085be04a775c3ed4245c35bd9f822f,4,Boa,"Somente um adentro o terminal do carregador não é compatível com as tomadas de uso atualmente, sendo necessário um adaptador. Solicito que encaminhe um conector compatível. 
Abraços ",2018-06-05 00:00:00,2018-06-07 17:17:47
248a0f310a227d8888a0daa0d85e7b20,294d16591b8d224412320d2053d48623,1,,"A compra foi feita em 30/06/17 e previsão de entrega era 13/07/17. Estamos no dia 17/07/17 e até agora nada.
Esquema de entrega dessa loja é um fracasso.",2017-07-15 00:00:00,2017-07-17 23:33:47
b1f3eb5c41b4bbc10bc56c31e0b0ba71,ae9f9adfeb3a33fe59da5bab6678e5cb,5,,Parabéns a está empresa então site lannister.com.br obrigado,2018-03-08 00:00:00,2018-03-11 11:40:30
44b1fd80e512e1c770250e6df693956f,88131f6562db887981cc8ab363deb03f,5,,,2018-05-24 00:00:00,2018-05-25 00:38:33
924a33c29c843f951fe214b8c960dd41,776ad95dfcf33ceaf3651251cc75e020,4,sempre cumprindo prazos,Entrega sempre rápida e certa.,2018-05-10 00:00:00,2018-05-11 19:29:14
ecc620f2cc8aa9eb02d23f120205c0dc,e3cb83718e69525d753588e2975be0f7,4,,,2017-12-08 00:00:00,2017-12-11 14:27:15
ddc9780b259f54796b4d8197c01339cb,d032dd122bc93c30a420b6ee101c7f69,5,,foda,2018-02-06 00:00:00,2018-02-07 02:50:27
0e01ac3ffe8104d5ccf9167ff49953bd,7e1aa5eb9a99e5ea0681a7dd4bf95e08,5,,,2017-08-26 00:00:00,2017-08-28 17:40:13
b8633bfa50883db6eee475d1fbf97ea1,5619f8b4b37f9ee0474d22b309272c62,4,,,2017-12-06 00:00:00,2017-12-06 22:55:24
3048ab17e39285ed6f995b5dcd0e74db,1a6b9a764637acbc39e1624a2211f548,1,Muito Ruim,"Comprei 6 cartuchos, recebi apenas 4 unidades após o prazo de entrega, e ate hoje estou tentando entrar em contato para uma solução, mas sem sucesso. ",2018-08-24 00:00:00,2018-08-27 12:17:01
89e3955f6e2646b4ade85be55b4934b8,6ae8d599fd407bfba5bce00a72c32544,4,,,2017-08-26 00:00:00,2017-08-30 00:08:48
544f8ad1928f4048c3c57c1251b9b6b2,0b50f9db645dbb8c98ebe37fab6ecb3e,4,,"Bom.
Compraria de novo",2018-02-03 00:00:00,2018-02-05 22:59:45
e3c99d7ada09d8ab54562e58160533d7,f888aadfaf9861131a6b24882e4c5ee4,4,,,2017-07-19 00:00:00,2017-07-20 00:02:23
361c82268208824536091bd1e5d210bc,9a01e11eb3e82a6d9e7bd3f3acafa7ca,1,,,2018-04-05 00:00:00,2018-04-05 13:25:52
9a86f98caa7a403f1162efc41c9888b3,7d2fd74a17ae87c4bf3f882f55b81515,4,,,2018-08-17 00:00:00,2018-08-17 21:50:56
517f0cd98de17c6208fce28f39688136,33bb79c28616262f5e3fdcf5e678b266,4,,,2017-08-16 00:00:00,2017-08-16 19:33:50
40f1c5347d7790b9c7f45f288e568f20,6e85f186f455d947bd6f50b1bd9b7c0b,5,,,2018-03-16 00:00:00,2018-03-17 20:03:05
992f356a637d6a9e7d77651b5ae85e16,9a02960ce092d811e89e50c06d750ff6,3,,"A capa que eu escolhi não foi a que eu tinha comprado mas como deu certo no meu sofá e imaginei que fosse dar muito trabalho pra trocar fiquei com a errada mesmo.
É a primeira vez que isso acontece.",2017-09-21 00:00:00,2017-09-25 00:08:00
24dea03ecb820cbb0f0b37c7523f6257,4c53b2ac030f08c0469e8de45af2e400,5,,,2018-06-05 00:00:00,2018-06-06 11:41:10
466d2de6d433bbeb0ea90b4116df6b43,3fd0aee5e461a0922a15e3747a042332,5,,,2018-08-17 00:00:00,2018-08-19 22:31:54
6eb22fdbb42ecce1a902bab10ce2520c,008dd5e80ebf8f849aa0c5bf4e22ce7a,1,,Me entregaram um tapete errado. Estou aguardando providencias,2018-03-24 00:00:00,2018-03-26 22:06:36
a16297a5874a277b85dde1913e13fb92,c14d2e12b876b00738f6c4ae6329e1dc,1,Não recomendo,"O produto chegou no prazo e intacto, porém não funciona.Coloquei o aspirador de carro com tomada para o ascendedor de cigarros no aparelho já conectado na tomada e nada, não funciona.embora 12v
",2018-08-30 00:00:00,2018-08-30 11:25:08
fdaf19290aedf04d649e2358b7e5cf2f,8855d9953624485990826e20fc9fc2e1,2,Não Recomendo,"Segundo site da Pineng, consta uma relação de códigos com produtos falsificados.
Caso fosse para comprar algo falsificado não compraria pela internet, e sim em um camelô ou 
 uma lojinha qualquer ",2018-08-04 00:00:00,2018-08-07 12:24:11
b1034294843e23006427f7f9ec02ceda,99c9fec8ab028336e605f216e55337e6,5,,,2017-12-19 00:00:00,2017-12-19 23:47:54
5e36f03a6dcb081b2b376f3fd4801a87,2c88b5879d666444b90643a3817f9b97,5,,,2017-04-05 00:00:00,2017-04-08 16:48:57
0c0a8f869926392e57bbf0f49d0bec0c,6031b4a1dbafab99322d682f7d2070fa,5,,,2018-01-16 00:00:00,2018-01-21 14:31:21
bd981db60b26507a6d36e8fdbdc5c11e,80c343549e07922070b0793b2eb87df4,5,,,2017-11-02 00:00:00,2017-11-03 07:01:55
77c0947d44ec2560ab69f5087e126491,8c4f076c43382bd3ae1748c6ee72f993,5,,,2017-05-24 00:00:00,2017-05-30 20:08:59
c55bfe40cbaabc940aba2d5659c16fde,53366f56110f65cb92e10f720b3679a5,3,,,2017-12-08 00:00:00,2017-12-08 19:34:39
37b52a1dd63bf9aa46c1785033adf78e,7ac1f3de2cdc809de6aa1e6719451f53,5,,,2018-06-20 00:00:00,2018-06-21 14:24:34
22a635362e0f708b79fcf282b6b1b6cb,84a1e5108acf2786feaa63a12cdf0c09,5,,,2017-11-08 00:00:00,2017-11-10 22:20:09
c375cd08dec1755244bf4fcf8786a0d2,b4b6e2f2f9dd2c4cfe524993ff72f49d,5,,,2018-06-20 00:00:00,2018-06-22 15:05:33
3e1936d3395c005c59d77d513d695a5a,7f1dd57d5e14f6ee8a3946e2f58b5396,5,Recomendo.,"Entrega no prazo, o produto correto, bem embalado e em bom estado.",2018-08-22 00:00:00,2018-08-24 01:06:06
35d476e0d05286bc32c374a05ecbfa73,a78a401e218732db3fd0ac73befe4973,5,,,2017-12-06 00:00:00,2017-12-06 20:35:42
884e8ffd59d521d34ef112da7dc88a43,39a0eaa2a980c810beaf68d76e52fa96,4,,"Chegou até mesmo antes do prazo de entrega, muito bom o produto, recomendo.",2018-03-15 00:00:00,2018-03-17 11:15:36
bdabc1d3f30672a89459da6c76eafb5c,05c12734a5d14a9b9528b3eb84f30e50,5,,,2017-06-03 00:00:00,2017-06-03 23:44:41
fe4209e21ce76564883b10fe345feb6d,275ae19d3b5b88d41fe617cae7a1e056,5,,,2017-12-20 00:00:00,2017-12-22 19:39:19
6c4f2ed4138fe8a261044ae7f9ee11c5,b714825751e17269c60b3d2291e85026,3,,,2017-05-10 00:00:00,2017-05-11 19:19:23
79ad14b2f84fe10f7af7a930ff70d4a1,3ceffd7bee6a56cbf4adea01c19a5d17,5,,,2018-06-10 00:00:00,2018-06-15 14:17:45
4992f97c8feaba4b4e982202233a1de1,ac5191d38d98b832e91b416ce1b61e3d,5,,,2018-07-13 00:00:00,2018-07-16 11:16:31
4dfd675aa7adbfc01a83301cc2b903c3,4ab1a1bf9908b4d876f0706c742fb14d,5,Entrega rapida,Entrega super rápida.. de 1 dia para o outro e a qualidade do produto simplismente fantástica !!!,2018-06-23 00:00:00,2018-06-26 12:12:30
4048b81e0de31798b68dcdb9bdf63bb0,333977327b5c548879a21a3b1fc87c48,1,,Quero meu dinheiro de volta ,2018-04-05 00:00:00,2018-04-07 16:34:58
36d59b2da654d01ab548395759b06a85,8535f60f13f03d9f0bc91ed113bb43aa,5,,,2018-04-18 00:00:00,2018-04-19 00:12:33
820cdaf6676a3383f73d1b6ee1d0a5cf,00d88c00221ce96a1cfcaca9f2fceb3b,4,,,2018-03-29 00:00:00,2018-03-30 19:04:03
495f062071b520ca2fd7eca057f8c776,52ffca67c47f7bc4350f82b1d2c20dec,3,,"Quando comprei o produto havia no estoque, logo depois recebi a informação de que não havia no estoque. Aguardo providencias e resposta de como trocar o produto por outro ou o dinheiro de volta.",2017-12-22 00:00:00,2017-12-22 09:28:56
49b1b86e28f4cb8162f4837ab4c1f38b,66fc85fce01ca94d68a669ad2f78c035,5,,,2018-08-10 00:00:00,2018-08-13 17:25:43
950bf2caeda5bedfb227d0233f75df3f,9244c5e7b61a5ec0c86191bb1a727ed2,5,,,2018-08-01 00:00:00,2018-08-01 22:04:53
213e266fd93b4125639b7d365108e6b3,a6a1b8d3aef88816d4db15d9edde7b5d,3,," so recebi 1 rolo 2,5mm falta o rolo 6,00 mm ainda nao chegou Catia",2018-03-25 00:00:00,2018-03-26 08:38:03
8cf7f5321078af1e48804fc51fc18d9b,5adb95fe0aa8a0d29d029194724df6b7,5,,,2017-10-18 00:00:00,2017-10-18 16:02:09
65825f19b186f6d35b8b5eb70cf927bf,eeae538503aa251c060d45ea2ef3fefa,5,,,2018-06-30 00:00:00,2018-06-30 18:02:04
807aac60a1ac7d38ef442f3578120aed,b59976950624cdf5b8be6b9fddcb2460,5,Muito bom,Loja muito boa o produto foi entregue antes do prazo ,2018-06-08 00:00:00,2018-06-09 09:40:10
4834f393efc5fd74b084a2272faecfe0,858d0cd014b03937ba15cb012ad42277,1,,até o presente momento não foi entregue! ,2018-05-01 00:00:00,2018-05-02 12:07:06
f8e0e8a66d92edba0d54bf1a52a56aed,8d99d2f6f573a9d674fd19d2c0f9a70c,5,,"sempre compro e ,òtimo super recomendo ",2018-07-24 00:00:00,2018-07-27 13:48:10
2fbea3a039ed09b955db5e715c132f33,dbe5b409519c5dfb85b5b0955913e5af,5,Produto conforme anunciad,Recomendo lugar seguro para compras,2018-04-26 00:00:00,2018-04-26 22:15:31
376d5d16ee95dd22e7f44d013529f330,ef1d282a121e2bee046bbab7f9f88331,3,,,2018-03-20 00:00:00,2018-03-20 21:14:33
a457f052b662f22472df4e01fd771a9a,2f763c623e85177077b5a4ee2d3cced5,1,,Não entregou o produto e não entrou em contato.,2017-06-10 00:00:00,2017-06-10 23:31:07
ed28f3e03c63a08f83fe1f7f3322a08c,d6418b6fa2a27ebf8c1e2d4ca0d14492,5,,,2017-03-30 00:00:00,2017-03-31 10:46:43
c5d2507a82a0f0bf9952c4e405935b5f,cf9b4bc8a0831980b324e030bf8cf1f3,5,,,2018-07-25 00:00:00,2018-07-25 11:25:42
601798aaf8bd13bdb3b80732a36b13c8,79ce3a0a9eba49ff442b392ab05349a4,5,,,2017-12-27 00:00:00,2017-12-27 23:45:51
8c32409915bc9db0f085913162ea9482,c01b52b26b2be81e5712a958631d858e,5,Entrega rápida,Recomendo a todos,2018-05-08 00:00:00,2018-05-11 00:22:54
aa0095a5ba4914a5236a041f0bb29104,7068f14af6c3c575490f74b6aaf2f05c,5,,,2018-05-01 00:00:00,2018-05-01 22:18:41
0852ecb3f87746824c5aaa4f1c9769b0,4a110536f892fd4dd11c3c74dada0d1a,4,,,2017-03-11 00:00:00,2017-03-15 00:12:02
03943775c3690d08e4cce3d5198fc2a4,d8c15550aee132ffe4ed54c7da238e35,4,,,2017-05-24 00:00:00,2017-05-25 00:22:07
ec179c66072c8a5913daa0692c4c0012,efdaf1dc3d38b68061394b681ca45ff8,4,,Rápido e eficaz ! E variedades pra vc escolher um bom presente para sua família.....,2017-08-05 00:00:00,2017-08-08 10:46:09
4d93762475df9d01e177844b8ec05f60,7844d511767a3dbe9411602e49a0ac38,5,,"ENTREGA SUPER RÁPIDA, MATERIAL DE ÓTIMA QUALIDADE.",2017-09-12 00:00:00,2017-09-15 03:11:15
43993c38879cbf2286f3ee351aab75b9,a7db8c5327329206a779bb63dca4a2f2,1,,Nao recebi o produto o carteiro Paulo foi assaltado perto da minha resistência quero uma resposta pois esta constando q eu recebi mas nao recebi vou no procom e processar por danos morais sem resposta,2017-04-14 00:00:00,2017-04-15 02:00:12
9c68d5a0fde626f4a220e07425c84c29,041d39835d57e12ebcd5d992e2cc7360,3,,,2018-05-16 00:00:00,2018-05-17 02:04:59
395eb0e825826b3a7d4bb24950dcf482,779b6f84b404177ab8f8f5cfd0137216,1,,estou tentando trocar este produto a qualidade é péssima..o kit segurança é para 14 anos..e indica que é infantil..meus filhos tem 6 anos..a estampa veio diferente do que mostra a imagem.,2017-09-29 00:00:00,2017-10-02 13:22:42
72be1e28ff8646ac669f75c7b6465370,b50dd584b57f884ca278422e0607f7d3,4,,,2018-08-25 00:00:00,2018-08-26 03:01:36
a3150f6e0ee80baaaedb5089a797db63,87ebcd73de7c03e3ba13f9e9466c15c5,5,8,"Muito correta esta loja,recomendo....",2018-08-31 00:00:00,2018-09-01 18:41:55
b166d19f2e1715b896f416edbdcf7992,d78e5c7a11bcb261103cb4269bd37fcf,4,,,2018-08-25 00:00:00,2018-08-28 01:15:19
4371f9996c12284456e5b65e6733fcfa,190c71c36bb25e9a85f3a53291e475a3,3,,,2017-05-26 00:00:00,2017-05-29 17:19:00
1b30acf4a3bc38694ede93b1c8a24221,e23ca832ba25d2d20b0ebacdfe401989,1,,meus caros ainda estou esperando a entrega do meu pedido e ainda não recebi e isso faz 40 dias,2018-02-25 00:00:00,2018-02-26 14:42:10
4a23dcf78dfdcd937180e8ec0c301799,594bad57a253656f86d8282c5365be89,1,,AINDA NÃO RECEBÍ O PRODUTO !!!,2017-02-12 00:00:00,2017-02-12 15:16:39
a1d14e16034b19316734a213efe5330b,60fb7d6bc05727392e673b4035dfee7e,3,,,2017-06-02 00:00:00,2017-06-03 14:55:34
b7712166a2c13061132cf642b563417a,0573bd213dab1f238af912e296c83944,5,,,2017-06-29 00:00:00,2017-06-29 21:56:16
c2c239d413c493d844beb67af1a87516,0a31fa5371c2046d273b9fb84e3b2988,1,,Já se passaram quase um mês e nada preciso da ajuda de vcs,2017-05-12 00:00:00,2017-05-12 12:03:20
fa51c9ea7e0e2be422b179b185bd206a,f55dcacbda42aa97458735683d9fbb76,1,,Depois q o app foi atualizado fikou 1 porcaria!!!!!!!!!!!!!!,2018-08-18 00:00:00,2018-08-22 19:15:47
59620e93ea997e00912173a907223f3e,194e7b03e4469b2bcc7ba3c353077252,5,,,2017-09-19 00:00:00,2017-09-20 12:12:51
b0c43abdbccddf34dee5f07b5f92f369,a26bdfa860437e3b9199a81b6003d928,5,Nota 5,Eu recomendo muito bom estou satisfeita,2018-08-08 00:00:00,2018-08-09 02:31:09
1e6d4c8f20a4ff9e58a72cde81eed6ed,fb520e46696d1669a96549c252ed177d,2,,"Extrema demora na entrega. Aliás, nunca tive uma compra que houvesse tanta demora. Peço ajuda do baratheon para resolver esta entrega. 
Grato ",2017-03-24 00:00:00,2017-03-24 12:45:56
8ae632a63acedca6bc4fb54103dabab5,5137f8c3662122707504625d55882d56,5,,,2017-12-13 00:00:00,2017-12-13 21:02:57
3ef7c9dee71903b89500296610d5ef1f,61e5353969ba519689f085a0379fccda,5,,"Dentro do prazo estipulado.
Recomendo. ",2018-02-01 00:00:00,2018-02-01 23:40:10
90235104a7e2c273f5a8aa9838bd93c4,2baf80a0f30b1660ef1d0653314c04dd,1,,falta uma cortina e um tapete,2018-07-05 00:00:00,2018-07-05 19:17:00
5766d1d98786ef79937bb4ef8efa2fb0,172d924daf19043deff749396e9eebf3,5,,,2017-08-09 00:00:00,2017-08-11 14:26:27
633eb4d22e1fc1ab68f261c48b7eb84b,d2116792f51c05e63040003857b5fb91,4,,nnnn,2017-07-05 00:00:00,2017-07-06 17:39:05
af64720af4709dc58ac0968da746b3e3,4497ba9d409157ae7bc8aaf8fd113307,4,recomendo,"nao consigo dizer precisamente porque o fogao chegou para meu inquilino e nao tenho contaot com ele, so atraves do corretor. aparentemente ocorreu tudo ok.",2018-08-14 00:00:00,2018-08-17 13:50:54
cb91f283857872c64380a6c8dbdd45be,0eca09e82535e22a903c3653b2c7eae4,5,,,2018-06-13 00:00:00,2018-06-14 13:46:53
9b8edb6160359264a044a80eaff76894,4942bdcf4479ff8d6885299338758784,2,,"Não dei mais estrelas pois ainda não instalei para ver se esta tudo certo, mais é igual descrito.",2017-10-19 00:00:00,2017-10-19 18:38:35
630f8ddb68ad7d850b42dbf60c9191e8,ce2f6c44bc139015d1036d40c0cf2915,5,,,2018-08-28 00:00:00,2018-08-28 21:36:10
1c3539180cbd24813efbbeef0ba644e7,587904dc1c873ebfb6078160b4819d8e,5,,"lindo produto, superou minhas expectativas, ótimo acabamento.",2017-12-07 00:00:00,2017-12-07 23:13:45
36bd621a02212295073a4410ad8beb0c,f489dacdbad0317b1ac5e2c190b3ed26,1,,Não entregaram o meu produto,2017-12-08 00:00:00,2017-12-10 02:41:36
a0b981fe42da337619fdaad1f56c11a7,64d142a53c93d55b6809d20d06dcd951,3,,,2018-02-01 00:00:00,2018-02-04 22:43:08
3eac0a3501372a6f9dcda6781c4b507f,debbc667d166dc32a2733fb0d660ca46,5,,Site maravilhoso tanto no atendimento quanto na entrega ... Muito satisfeito!,2017-12-20 00:00:00,2017-12-20 23:37:34
b65c34813218d0089e98b8de0a50b598,031494323fa558eee8dd1bd06fc34713,3,,,2017-12-22 00:00:00,2017-12-26 01:02:12
27311842fba1aa1f13ce70d5adb77746,35917730026d50562c5945c14f98318a,4,,,2018-07-25 00:00:00,2018-07-30 11:56:43
e8bc7f69ae6c03dccc5bbc3e579bcbec,cf0e7f7b96ea1d2939d084ae7b99f10a,5,,,2018-05-17 00:00:00,2018-05-20 20:20:19
0b196989c76885d778d81b65098c1354,db4c181f6ac63a558233e98861beda3e,5,,Ótima,2018-03-24 00:00:00,2018-03-27 11:56:29
2eb4d550055a77d928b0f381b5e690d8,cdd2f841bc21ca6e8cb60fe51a640bd4,5,,,2017-12-27 00:00:00,2018-01-02 12:17:39
2d046ee88a927a237451df39e98ed102,55772fc319b3906e897cc43fae9c1835,1,,,2017-08-29 00:00:00,2017-08-30 01:03:05
d1a3c792708b0c37b202878afad7c4d0,9c7786ec8d2394cbee42bba833f7c537,5,,Excelente vendedor e produto!,2017-05-06 00:00:00,2017-11-20 22:04:14
b97562fe0b16092ed5ca5ae6f8d3bc86,6d3e3e287e00339a15d1b86b209121e7,5,,,2017-12-13 00:00:00,2017-12-13 15:10:52
475816c39c114375279b786178656f87,f4cb34ec54f101a3e81f542b1a81eb00,4,bom,tudo certo,2018-05-05 00:00:00,2018-05-07 21:22:55
69a8470b7fba8b3f58b11f3c09fac07f,2748d44e65a8c2df3289434a7c117709,5,,"Chegou muito antes do prazo, Quase 15 dias antes, Produtos excelentes Amei.",2018-01-09 00:00:00,2018-01-10 10:53:16
fb44fcc75baf580363ae29ccc8c0a467,b0cb43bc4638d44188430b7d42b35866,1,Produto trocado,"Não recebi o produto ao qual encomendei! Recebi outro, que não era do meu menor interesse, no local.",2018-08-09 00:00:00,2018-08-09 20:44:47
f5da89cb294381e77da561e35c89389a,1053f48dab84166419bcecff0003c7b9,1,,Gostaria de abrir protocolo sobre o não recebimento desse produto,2018-04-08 00:00:00,2018-04-13 14:36:22
2c705144b59f9f133d208451ca7b2d87,3a0b1b5c52367a68f9deab55f3464a14,5,,"Muito bonito e bem embalado, chegou antes do prazo. Amei",2018-03-29 00:00:00,2018-03-30 17:42:24
26258857eb3791e5f3720fda70bdd9c4,5525c00bfd980bae1cac46f7dcf88224,3,,O tapete não é tao peludo quanto a foto... ele é bem fino e os pelos bem baixos.,2017-03-11 00:00:00,2017-03-17 12:01:09
2fad9ff7106365e96daca663338850ca,b0220dd81253d8ca2c9dd8be8caf49b5,5,,,2017-04-18 00:00:00,2017-04-21 13:41:23
c6002457a245284c836f7472b087518e,1f8d2442829de7b25f179e4128b7ed8f,5,,,2018-01-16 00:00:00,2018-01-18 22:40:39
a9a5308257603c367f017d9d11e1d211,59ac31de88c9c4b239aeee82c6a0596e,4,,,2017-04-21 00:00:00,2017-04-22 14:00:21
79d3e8811eff9cad14203bb7797a5c3e,cc72d62c9da97fa8f846e9403f0fe57f,4,,,2018-04-26 00:00:00,2018-04-28 17:52:16
d40a150d3d8eebede3c2ef2f4de2901f,809502db5eb0c22781dbd4d0c3ffbac3,5,,,2018-05-15 00:00:00,2018-05-20 13:02:50
0d4d1b6e95a0fadc56a9fb8a5662cb3e,fea2633d3d1605bfdccc813bcf843ac8,5,,,2018-04-25 00:00:00,2018-04-26 12:02:31
2a3756152518c0a7fa70f4afc4b84344,621f567448cbf2281b22381247c491ca,1,,"Ainda não recebi o produto foi comprado desde fevereiro, o que houve com a entrega? Vai chegar ainda? ",2018-03-17 00:00:00,2018-03-17 03:52:36
fe4ca3667acf0fd755636a1efc397abe,e0740375ce45558ac111af54a98325e8,5,,,2018-04-17 00:00:00,2018-04-18 21:52:49
0558e91aa091db871956f71dcaaa7cc9,58b2ca9b8b218fc08e5f37b778393005,5,,,2018-07-27 00:00:00,2018-07-30 05:21:23
2868e16e8e59aa7c614a62c61399968a,c4a40587b7d37bec13caab195e89b240,5,,,2018-08-25 00:00:00,2018-08-28 19:22:36
4c8fbcbc0e63e52088b3f6966decb9cb,4421a7200d8a1f6a0dd6fbf8c96d01d5,5,,,2018-06-28 00:00:00,2018-06-28 18:12:26
bd22432c19b1dfbd248d112194d179b0,856a7ab58f3a7cc4560202758d971b38,5,,,2017-10-05 00:00:00,2017-10-09 20:30:02
5a6cc30077bdd090b6133ef059638830,0311da9b3ac095a57a2662813e179bcb,4,,,2018-03-13 00:00:00,2018-03-27 03:58:56
807c48479940fb341dc6a5585dd2e8f7,ba714b832c8a26b8b6ce921e0ecbc886,5,muito bom,muito bom,2018-05-19 00:00:00,2018-05-21 01:55:09
0fecda0fcb7de19f9fffcd057b419df4,a2f4de10fceff6c008efd19d2b99725f,5,,,2018-08-16 00:00:00,2018-08-17 20:46:09
af6764416d934ead061348488f0da1db,0170e40334131d971605ae70efb33e4f,5,,,2018-07-28 00:00:00,2018-07-28 20:35:53
ab15f6780c82ff3902c7c9f5d9d6e0d4,b33f1a863ad391e162a9f459117f53e9,5,,,2017-08-02 00:00:00,2017-08-05 01:54:38
3f70807075904989070983dcba621a88,61c7b1cf28b58654fe411aaf87fe249d,4,,,2018-01-04 00:00:00,2018-01-07 01:02:35
e18443b78ee9f058912366f8a01c397a,246161390a20f964881feeaeea896671,5,,,2018-02-07 00:00:00,2018-02-07 20:52:41
6fc8e903a5759d6808ca315f70d8d810,3937af5e68a191867e6224cd78fc2cd1,5,,,2018-05-18 00:00:00,2018-05-20 21:56:06
9fb13cbd5d7e9ab633a418a6ad6c339b,e6010bcb1cb9ceb44fdb0f15f817e25f,3,,,2018-08-14 00:00:00,2018-08-16 19:25:30
5b54b7a29fc339eea574bb663f7ff196,bf8335c7f470714a6a72b83d1fd1796c,1,,Comprei 3 unidades só me foi entregue 01 unidade.,2017-11-24 00:00:00,2017-11-25 15:48:39
44e9f871226d8a130de3fc39dfbdf0c5,1a8d422cb8cdae5221a5a8eb371c49cd,5,,,2018-02-22 00:00:00,2018-02-23 10:58:06
1dba163446946d61d4209362c26fb90e,7efcc78e753fc4f4bf1a4c52af34eeb9,5,,,2018-05-09 00:00:00,2018-05-14 22:57:22
e1da9c609c4cf92492ee09603a16e9d3,0b937678b38558c4fec110aed9d5f8ac,5,,,2017-11-24 00:00:00,2017-11-26 18:26:25
86e4d9518cfdeadba294be2c1ffa709e,7fd7130d7e48470b9e4782edb0401a44,5,," Produto de ótima qualidade, estou amando!",2018-02-16 00:00:00,2018-02-18 16:42:00
00b4a829d81531a94481000b1e0075bf,17e73283864f2c7bbdb6856a2b7bc13e,1,,,2018-06-21 00:00:00,2018-06-26 00:38:21
c417388f034f4d97e43b18486213de4b,1f59870d6111d909e3c3f511d4d6dfe2,5,,,2018-08-23 00:00:00,2018-08-24 17:04:12
f5a944c9cadcdd35c12e4392f0a9036a,b316c449e8b0f35e4766fcb0583fcb20,5,,,2018-04-17 00:00:00,2018-04-18 00:01:14
7b41f3936b0104670f936ac2a7779c13,4048b8311e92aa983ee72f0b5f1e8ce5,4,,,2018-01-05 00:00:00,2018-01-08 20:22:33
65e1bf72da2d1acff273e3518c5fef95,d8be9ae1b47e841991f6985619f70ddb,3,,,2018-04-17 00:00:00,2018-04-18 04:23:56
5e2fb4073ac600ac09b89ff3490039da,d4b3b00396bf3d72f49b2e06219f385e,5,,Ótimo! Recomendo ,2017-12-16 00:00:00,2017-12-17 14:39:40
8c92df8f96cd824cf62d193173a7a3db,5f78b53dcbc5aa24a395bc521fbf4abd,5,,,2018-08-29 00:00:00,2018-08-30 10:17:31
72a0a9b9bf8628ceaa01e4054736fc84,9680f3fdc078a63f1a4d5fca0f7790d8,4,,,2018-04-03 00:00:00,2018-04-09 19:17:54
c7e123c98e69c3b61a652f4826f7a799,adb4641524ad981f9ab1886ee54977c7,5,,"Muito Show, tamanho muito bom pra bancada de divisão de ambiente. Super recomendo. ",2017-08-24 00:00:00,2017-08-25 13:44:49
854b43ffa1ad031c16eae8faf82f4863,b4cfa6c1beefe05bb9c7d2ec59a3773a,1,,"Compramos e efetuamos o pagamento para 2 e recebemos somente 1..
Estamos aguardando retorno quanto ao email enviado qdo no recebimento do mesmo.
Não recebemos a nota fiscal da compra também.

Att",2017-11-26 00:00:00,2017-11-27 14:06:13
4d05593294cb87f9412ec522d3c6333e,cf4e2fbc22f6efdf6c5988003626bf48,2,,"ainda não recebi o produto, mas sem receber o produto, a avaliação fica ""furada"".",2017-10-01 00:00:00,2017-10-02 11:36:03
74350f1304aece2c06aad61ef597edce,0c61d8257611b6d6465f9c8ec5674b0a,4,,,2018-02-08 00:00:00,2018-02-11 00:51:18
3268aa7d70ced4da167904c54d764655,9fcf522f6dca92c093d4607780d01a74,5,,Top top ,2018-04-12 00:00:00,2018-04-19 15:22:54
a7f033839e44632716e16a509c72d9cc,c246fd65fbfdfd5eaf13ee936827a1d8,4,,"Acabei de receber os dois cartuchos(preto e colorido), porém ainda nao testei",2018-08-04 00:00:00,2018-08-07 11:15:45
1be9084a6a9cff3048728855291ac7dc,fa98ac229e1905528d35a47acfe95733,4,,,2017-12-21 00:00:00,2017-12-22 12:55:59
ba1d421d35fe9d96ee4a058edf408e27,8f4af0beb1760e835b5a30e97e8920f5,4,,,2017-12-31 00:00:00,2018-01-02 11:32:21
3a5a10d592a6e639cdb9330c9e6d2a87,5290c34bd38a8a095b885f13958db1e1,3,3,,2018-08-18 00:00:00,2018-08-21 00:47:13
78132b1547a4ed99fa24bd5020c812ee,25ce89b82d611789988bd8dd3722c6af,5,,,2018-08-02 00:00:00,2018-08-03 16:43:14
9e6f6f58dd3a9c2e2086e60e2694b82c,e01371016351ae4493ecbd7a8c5a33f5,5,,"Mto bom, recomendo a loja",2018-01-18 00:00:00,2018-01-18 16:35:13
fbdd12850b86ea781bd6c20931573352,1777a8edd4a86d8162c65687bce598b4,1,,,2017-07-27 00:00:00,2017-07-27 15:45:20
dbaf79bb8eb1e3ac3bea731852711820,ed9ddf13b205161d8ca32de15a50a5c7,5,,,2017-12-20 00:00:00,2017-12-25 23:04:55
24e467c8784b125c2822e0f9e6bd877f,c5aea2f23df89cdf58e3c3721456f0b0,2,,O produto não chegou!,2018-04-25 00:00:00,2018-04-26 02:45:38
e7525e7024b45b94e8717a443bca7c80,39b1f85275dd200066b0ec1a4b5e09c3,4,,,2018-07-05 00:00:00,2018-07-06 17:25:33
c9b660735e89fee3ad4cb8827de985b1,049ac54eda25ad838a76c65dcfd27c9a,5,,,2018-08-18 00:00:00,2018-08-21 11:10:57
577755d684d42db8bbad2c70950126d9,988f13625d65d9a81777bb4d93d01e1b,3,,,2017-12-06 00:00:00,2017-12-06 19:35:02
44c1ba427227ee1bfaa5155af2032377,1991b586044e1a42934aa179003b8f2f,5,,,2018-02-20 00:00:00,2018-02-20 20:48:07
2cf92abf05f63249a25a792db08a1514,aef2bc3845eb581cecce74b769d46c6a,5,,,2017-10-11 00:00:00,2017-10-16 14:45:01
8858e37108a15029eef04f510161fb8a,bf92c69b7cc70f7fc2c37de43e366173,5,,,2017-08-01 00:00:00,2017-08-02 01:22:24
4737d171fe70c7a7134fce66ae363507,8564695f6dfb1c4384d76dcf8e96ca35,5,,,2018-05-12 00:00:00,2018-05-15 09:28:14
0e1b4ff3fce7917bc1b5bd6934d5b416,6d206f309ddf213a7977318bbe5d3cd0,4,,"Muito bom quanto a entrega , ótimo produto ",2017-08-24 00:00:00,2017-08-27 11:15:05
919dde37061c854b7f26821c0c9046a1,879f83e9f2c3777d90bed2b448e144f8,5,,Muito bom!,2018-05-17 00:00:00,2018-05-24 23:05:12
471301158f675d7a8d4ba7ac0c0211df,a1074f1de8cb7cb5f4ce95be13541ac0,4,,,2017-05-16 00:00:00,2017-05-17 03:55:16
58ca14099536a383a4998627b2657967,8273fd6bf6d04443265e6f244f8a6fe9,5,,,2018-06-28 00:00:00,2018-06-29 01:12:55
e073a0a15929f2dfb93a401435f2fcb0,508f1058f7c9037c12fa29baf78dc417,5,,,2018-07-06 00:00:00,2018-07-06 17:24:52
33fe5382dd1c60fda3192dcb29abe194,6b8716747545c11cd3b8592520389749,5,,Ainda não testamos o produto,2018-02-16 00:00:00,2018-02-19 12:22:24
1f89c6867cf57801caaa8870fe767a04,89e7c74fa7b7671a581e7e36485f88da,5,,,2018-05-01 00:00:00,2018-05-07 14:12:40
8f79646bfa38a92da7e7ef30d4314f46,1a26d081d22cd04e1cbec6f294fa893d,4,,,2017-06-14 00:00:00,2017-06-16 15:17:25
f33c0d31ab5b666b1a1fca0c3c0e721d,f222fcfc65ff1398b47dc51ab30d8d60,5,Fantástico,"Recebi o produto antes do prazo, a entrega foi super rápida !!
Recomendo essa transportadora !!",2018-07-07 00:00:00,2018-07-07 22:54:07
6166744ca473f36a8d15183e369605e6,d167d4b7b391f26fea23a114ac44706d,5,,Muito bom o prazo de entrega veio que eu esperava.,2018-05-03 00:00:00,2018-05-08 21:08:43
36f89fb6042fdc08a3a01658a0d51e15,c8b09d2fb2d0f23332a7e6a4e5e43d66,1,,Comprei dois pentes de memória e me enviaram apenas um. Estou aguardando o prazo de resposta sobre esse problema. Foi uma palhaçada. Não recomendo a loja. Qualidade e responsabilidade é tudo!,2018-03-08 00:00:00,2018-03-09 11:10:47
ed6ba4caef091451505c7098dfc65209,1f1f6cb06f69d4d020c56d12c8943240,5,,100% em todos os quesitos. ,2017-12-27 00:00:00,2017-12-28 00:17:59
9bcc1998fd0a65cf5722774df9449553,1acc110c076e80f4bfa1375a2b31d1d1,4,,,2017-09-13 00:00:00,2017-09-15 11:36:21
67968ce033a77eb07bc8b3e1b216ebfa,064330ca980cc4023706283a3c4b89a4,4,,,2018-08-02 00:00:00,2018-08-05 01:25:34
bf2c57f53bad9664a748e27d59e6555f,ad950ca26cf8bcb793630d2d8652a562,3,avaliação,"A loja cumpriu com a parte dela,porem o produto não fi entregue pelos correios.fiquei insatisfeita
",2018-06-22 00:00:00,2018-06-25 12:57:54
8b98baef313baa9dbec2b27f0623e20e,2296fa4ebace1edacb9f91509766eb18,5,Otimo,Minha loja preferida,2018-08-08 00:00:00,2018-08-11 01:38:02
84f8813e5df55af90e8b8cfc2fee8db1,7eceac74a363199f9c55074132fb8641,5,,,2017-11-01 00:00:00,2017-11-01 22:39:31
7cd554ac256d64270fed38d869e39c7d,c5496b624a2992c280191ee51a5f0650,5,,,2018-07-29 00:00:00,2018-07-31 08:02:47
406c0c462f8bb02518960ea0bf900cbe,367d3cae768c0b4e7a9aad6ba7bd31db,5,,,2017-08-30 00:00:00,2017-08-30 23:37:54
7457676c7bf5d163d6f7e9809d723304,8c22c3283ad37daaacdf8d641f1c9cea,5,,"Super recomendo, o pedido foi entregue bem antes da data que era para ser entregue e em perfeito estado!",2017-10-20 00:00:00,2017-11-05 19:24:28
64e4aa693851cee39cf0fe7aecbb7b36,4c5d80480b7c923ec02b8dee8c00a846,5,,Ótimo,2017-12-12 00:00:00,2017-12-15 07:39:38
5f3af981b8d31d46dcaea3ced5afbf8d,535981e0e0cb431bfd3a85a4279f03d9,4,,,2017-11-02 00:00:00,2017-11-04 18:33:30
476570e20534ae42e72540f1880ada31,f8dd8cacd0d33fb0f421b3d5afd46dad,1,,Pedi da cor rosa e chegou da cor roxa escuro e não gostei da cor,2017-12-30 00:00:00,2017-12-31 17:24:15
0cf39106cb4f4945e299e0df6f78e729,177a359958777d9b5cebb4257016c35c,5,,,2018-06-07 00:00:00,2018-06-08 00:17:39
c8c68ea9f27fc36be3d6b8a9e55bd294,aef2bc3845eb581cecce74b769d46c6a,4,,,2017-10-14 00:00:00,2017-10-16 14:44:35
4df42a294190e970dbec064632c2fcbe,f3ae2fe3a1567acd0f43f0c75a07edd7,4,,,2018-08-01 00:00:00,2018-08-02 03:28:44
4d3d6c6bc22992f85fc3b2552d4ccef9,80897d5d4e8f07edd515daa585302e6b,2,,,2017-05-05 00:00:00,2017-05-05 16:56:13
b03fd3d50612e8ac31f1166e70d7c349,ea5a4621227b0158f41da12e948e6267,5,,MATERIAL DE ÓTIMA QUALIDADE,2018-01-16 00:00:00,2018-01-16 18:30:03
7d76c7a2cf58076447f7fd2ba87e9067,8cf11d602132cbba5e8cda3631ad5552,5,,,2017-11-26 00:00:00,2017-11-28 23:26:41
1bad70fdde0cd35a2c1c207be1f821ef,7c2ee08449e6b8b55158e518778dbe83,5,,Rápido demais chegou ja usamos é bom o produto parabéns,2017-06-15 00:00:00,2017-06-18 03:30:45
54581697e81bb0cf82cbd0c85509a1b2,fbc5d211d0c021def45daa17a0d271ba,5,,,2017-09-16 00:00:00,2017-09-19 20:29:58
29a8275b2bccefe8624ed7062c6ffc35,a8858a23008217d160630ef24a83f155,5,,,2017-05-18 00:00:00,2017-05-22 13:36:33
230d0ad68acf11199b1eefbd5a75bc39,5dedb012dc056caca4184c7fe7ec5613,5,,,2018-02-08 00:00:00,2018-02-09 03:04:57
8d652c40dddb2f5bdf08c784e99c55ed,e6bed0846d5d268bf1ebcf66eab19a42,1,,É a primeira vez que há atraso nos meus pedidos. ,2018-04-07 00:00:00,2018-04-07 16:13:59
62879e4c4743210dbf98f3ffbaab4e20,e8e55eaa809f3091cc5060cc53735660,5,,,2018-02-21 00:00:00,2018-02-21 23:23:33
bafb65190ff1a4072b45402ad7ac0f15,154ff64668cf2822704c69bd957a8c6e,4,,,2017-07-07 00:00:00,2017-07-14 08:26:23
df772106555b426472e2e5b2fd783235,27f1701adfc69c0a85e9f59345b795df,1,,"Quadro muito mal produzido, não encosta na parede pelo fato que no centro tem uma armação de madeira que esta mais para fora que a armação de madeira das bordas!",2017-05-15 00:00:00,2017-05-17 13:10:48
e074d0dec2c2894d697cbb27a5b2a5a3,39454163ea6db630f644e723c00f7da3,5,,,2018-07-08 00:00:00,2018-07-08 17:57:46
95e9337f67c644f6a7f31bf7d1da38b5,2e0b3b0ef908939d3218bc60b4ddb793,5,,,2018-06-22 00:00:00,2018-06-23 11:00:01
839fa71808775d662f5e1b00fd8037ff,4be354605f898bd7290366706f07d622,3,,,2017-06-15 00:00:00,2017-06-18 17:08:24
4ed340ad75943a552c6900263a315e67,7f9b0e95f333a0afb5cce5b78afa17c5,5,Recebi veio perfeito ,Ótimo produto super recomendo ,2018-05-11 00:00:00,2018-05-11 22:43:24
ace3899093bc525d385a041d8bb01ff2,9ba2e8784e3e43f617fd0faa356d309d,4,,,2018-05-29 00:00:00,2018-05-29 23:54:16
64531c96434cafcd08340d2dceb2511b,f33c74a1f0e8455e000cb264ce877e84,5,,Muito bom chegou tudo serto ,2017-04-18 00:00:00,2017-04-21 12:34:52
b2a4a3a8d7a57427ee8975875a4ea625,460d57443ffdcaeba240360239747cf7,5,,Produto conforme anunciado. Tudo OK!,2017-09-13 00:00:00,2017-09-14 00:40:35
5af8cc3a78761f8cd901375d70b93f5b,85be7c94bcd3f908fc877157ee21f755,4,,Recebi antes do prazo previsto ,2017-09-27 00:00:00,2017-09-30 20:56:01
f7f2ecab5ccd99cd5e2a7d8eab6d25e9,3df55fc07ff463109ce0422439693aee,1,,Recebi apenas um item desse pedido. Recebimento incompleto. ,2017-09-07 00:00:00,2017-09-08 02:19:11
7635aadee4e28fd0daa2002fb68f1182,c9076d0a5b9df9fd2e5e808fff91f425,5,,,2018-05-22 00:00:00,2018-05-22 21:32:12
68b074daf6a4c57fed30fb4fdfc5d6a4,88ef4dd86ce9168daf5579d4f878f93c,5,Confiável ,,2018-05-19 00:00:00,2018-05-20 15:02:17
4cc885856e59485b276bc6dd8185d46b,c1eae222313b3a7eac740761313cbd27,5,,,2017-09-14 00:00:00,2017-09-15 11:31:16
4f77df2dcafcab527209eaba883acda6,b208c52c9ab77c2efee93366dee571bf,1,,Entrga depois do prazo ,2018-01-07 00:00:00,2018-01-07 21:34:20
65fe70ea6abb8b95b912b6a75364c889,33ba4f801135f88f6836ade6260d0623,5,,,2017-10-26 00:00:00,2017-10-26 16:34:24
954fd75b8d3026d16c0181ecdfaa10da,15ec221740e9cec424172caef8dbeeab,5,Muito bom,Estou muito satisfeita,2018-05-03 00:00:00,2018-05-04 12:51:56
9b8c7076e0611012e358da5f19bc1ce5,0e3737a398f635ed0c0957a0320781ec,4,,,2018-01-11 00:00:00,2018-01-21 18:10:39
56c7c0ba090a2f8e5d5d89e3e62c9046,6cc4f76a3cbfa54f4dd7d78df8e4bb85,5,,,2018-04-17 00:00:00,2018-04-19 17:49:08
da2c9bbfb2b642fdb28a33b7aabc42eb,a5b30f9f44d2413db0b94cd9a3fdcf81,5,,Boneco de ótima qualidade. Entrega muito rápida também. ,2017-12-03 00:00:00,2017-12-03 20:57:36
f3a93aad9a5089349456e73d3eb77fac,1f153a6d92d413d94c540554a49e47fb,1,,,2018-01-10 00:00:00,2018-01-10 14:44:03
5ab27d594fae9a3120116613cec029bd,b1e786caeddece12e5efd30580eaaabc,5,SUPER RECOMENDO,"MUITO BOM O PRODUTO, RECOMENDO.",2018-05-03 00:00:00,2018-05-04 11:42:13
44eb1cd0260e67fdaded54767752a130,22648d496637318d8713a49b4e628a87,4,,recebi a encomenda muito bem embalada e em perfeitas condições,2018-08-03 00:00:00,2018-08-04 02:32:11
5cbfc2ef35f89ca64120c4cccd269aba,7940121491c0b1c3b7dae6f2b1f77e4b,4,,,2018-03-02 00:00:00,2018-03-03 02:45:23
8d50d6424a6bbff8b448028850607e85,3480c6733692db0895d7f240dc18d9d6,5,,"Entrega feita em menos de uma semana;
Produto ótimo ;
Muito bom!",2017-10-22 00:00:00,2017-10-22 17:36:28
d82da8a1f3f2a6541bec1a00328d70e5,4efbb5172eeaa8a9dd5a9483cfae3637,4,,,2018-02-06 00:00:00,2018-02-06 23:25:10
aaf2ab5c80e405515f559e4713638364,46216bad82195f8dec79cfde98c57acd,4,,,2018-01-26 00:00:00,2018-01-27 01:44:28
f9a2c289c263a2933330f9b2d9476e9c,6c175759bc609d6fa9c693e5d24aa77d,4,,,2017-10-04 00:00:00,2017-10-05 17:41:30
ca88951c9237f34240a93ce90c848308,aaf067f5adccd2b8fdf1a9f651a9148a,4,,,2018-06-30 00:00:00,2018-07-18 23:22:57
1a041702c352563545cdcfb7d27bf308,ad07fbbd9ee2c6dead53c1af4ba90f02,5,,,2018-05-22 00:00:00,2018-05-23 16:51:03
c1b0c0be03c8ec647a965d68e4521360,69874f1392bc9898f11b59d0a735ce70,5,,Boa loja eu indico ela ótimos produtos,2017-03-15 00:00:00,2017-03-21 01:50:31
17f05bdffb5d96f6af3f472419e71251,71dab1155600756af6de79de92e712e3,3,,Falta uma parte da compra.,2018-03-13 00:00:00,2018-03-13 23:22:07
52eb0fa81f8f576fd9e224034bf0dd5f,66f1a7baf73c12eb3af95058da54b6f8,5,,linda. quentinha,2017-01-29 00:00:00,2017-01-31 22:01:19
045c07d07542446d9633a752d31b5ef3,f5d4eecb3411ba9859d303ffc7626277,1,,Não recebi. Ansioso para receber.,2018-06-08 00:00:00,2018-06-08 23:26:05
6cba9658f66ecdd39a1ea08e82e28f4b,c2038cc607e5462400ad6606b091ceca,5,,,2017-11-25 00:00:00,2017-11-26 09:03:36
0146535aa17e2c650aa05fe21ddad611,8dbafac7422903530bd67f9cc974a094,5,Bom,Bom,2018-08-23 00:00:00,2018-08-25 20:43:27
95ddf97d294646fe0b04156a799d07da,6b0e4ed8dcbabec5410a8b28f0405cd6,5,Lustre duplo aramado,"Super recomendo 
Amei os produtos ",2018-07-14 00:00:00,2018-07-16 20:03:48
68e2cc609777f43e1aec12e8790c3b90,da6e14bf496bcc88c9a7e04053030e11,5,,,2017-07-25 00:00:00,2017-09-28 00:44:48
d420df342e33a39f326c6d3da14687e9,d464194574b82162a5a34d39082fb826,5,,,2017-11-04 00:00:00,2017-11-05 01:55:16
2e52d24e1326b8d8d55f540e8f1c123d,bdc979bc2bbd601781c4d37fc8a8eeb6,5,,"Entregou mais rápido do que o previsto. Aparentemente o produto é bom. Comprei para dar de presente.
",2017-03-07 00:00:00,2017-03-08 20:31:47
3801f6245c9941cb9c58ed6c36e531ac,fd6ddc28c261b6bd4f68c9205d40e9e0,5,,,2018-08-18 00:00:00,2018-08-20 21:09:08
41ed560a1f7d2e4f16b98b56c72315ab,84e340f8ce26dd8b76b86f8d2c84debd,5,,,2018-04-17 00:00:00,2018-04-18 11:29:51
5bd4d93da2706b4337eaea3edeca9788,1313a242a48f98101da4d48b310bf517,5,,Chegou tudo perfeito..,2017-10-26 00:00:00,2017-10-30 16:05:40
8ea29fbd13d0870111ebca5fccea9372,5eeef0a291829b4a3e2ebfd8effac242,5,,Amei. O produto é lindo. Do jeito que eu imaginei,2017-06-24 00:00:00,2017-06-27 20:45:40
7ebe24abed6945bcd01fe9b6c1dd0220,d5244670e213108e7d21f54a42548613,1,Não recebi o produto,"Não recebi o produto e por este motivo não tenho como opinar. Mesmo que tivesse recebido, o prazo de entrega é muito grande. ",2018-08-30 00:00:00,2018-08-31 11:44:04
b8d81d816a9731e66e670b9839d7e040,a2c93edc2fa319d3e6aa9e18dc4b3b19,4,,,2018-03-30 00:00:00,2018-03-30 13:46:32
2c4f929d18f450662e65f6b588d01b8f,d470b00bc3d705453cd02a793aaddb07,5,,,2017-07-30 00:00:00,2017-08-01 15:39:20
f86c2bc3f287fd06ff5d2a354d433040,8be7a307c750d151af4661da51b2bfa5,5,,,2017-05-06 00:00:00,2017-05-07 12:02:09
f8fe9be5e71c9a4ccbe1d04c1d6c913a,53e1b8f33e706e740dc7fb9005d242a0,3,,,2018-06-29 00:00:00,2018-07-02 11:37:18
f531908d432c64f7400a83caa9abafcd,659c757231085ed35dafa16a50fa16e8,3,,,2018-02-21 00:00:00,2018-02-23 23:16:09
c08ac606308faa226c3fa57cdeb989ec,9864e42f543cd23bd3854610732d94b4,5,,,2018-02-10 00:00:00,2018-02-12 19:28:42
0b929352c3e66ed0a6e9cd1ba1b1b346,fcf3478bc90a1b2e214d529d0455dc1e,1,,Pois a tela do encosto da cadeira estava rasgada.,2017-03-03 00:00:00,2017-03-04 00:02:09
7564ae903e110f90a566951fab427dcc,8925a70c5c2e5b4ce423e37036e03571,5,,,2017-12-27 00:00:00,2018-01-01 23:16:15
7c0f861002ca42073d7966b74125e686,4010af255873d6e26073000d24a8f52f,4,,,2017-03-08 00:00:00,2017-03-09 16:47:20
68fcdbf5711a1f0689b0e9ceae8113b6,67332434603362ce9e1894a63211232f,5,,,2018-02-28 00:00:00,2018-03-03 10:47:08
3028a158016945042023ed7aa74469ee,a1082c701ce0f4976085760dfe7fa605,4,,Bom,2018-03-03 00:00:00,2018-03-03 22:58:48
50aac258f6c89c0605ea10a2f3a820f7,823e1b55f87736972904ce20e4e90f0a,5,,,2017-10-06 00:00:00,2017-10-06 12:11:24
5b6f46d1008d95beecadeab13eb55c53,d72a592fb03726e61907b9d4c2c654a3,5,,"Excelente aparelho, rápido e resistente...não vem com fones mas vem com película e carregador rápido. Recomendo!",2018-02-24 00:00:00,2018-02-26 19:08:31
968e4775165c3a1a474abb56660280fb,912013de8efa1e912b59b103a537071f,5,,ADOREI!!!,2018-08-24 00:00:00,2018-08-27 16:27:39
53b7e9d97f0b1c88a84de8877d7f214a,dc48537f3fcda6ce650158bebd4ecc6c,5,,Fiquei muito satisfeita! Ainda mais por ter sido entregue antes do prazo!,2017-08-18 00:00:00,2017-08-19 22:47:01
5d87e61e57d8e6602e6a8d75b3f5be97,19d384f8370ca0d66c6c059da4c127cd,5,,Entregue muito antes do prazo.,2018-03-30 00:00:00,2018-03-30 23:17:16
cf42a1c2b5bcef0a28c7f6c85152508d,8f0c341c40542ef2e5fee0d1ed7ba05b,5,,,2018-01-04 00:00:00,2018-01-06 19:26:08
2562da926bef22fa5ff3fd824eef24e2,12064b26c801bd0f7b82c2fb033e382e,1,,,2017-12-17 00:00:00,2017-12-17 23:40:12
ff0907325dad0c0a623b94ce7c9ea7fe,9682e213157788365257ba787969f33b,5,otima,otima compra entrega rapida,2018-06-14 00:00:00,2018-06-25 15:24:27
63b200e3fd827f335c9fa50aef26bf1a,2b2e646f2556658e3d06c53ee0465153,2,Faltou 01 produto,"Comprei 03 cadeiras, foram entregues duas cadeiras (palito) a cadeira rotatória ainda não foi entregue....",2018-05-01 00:00:00,2018-05-04 14:00:16
4b67ebb98c3c97d9b4072297ad910628,6952ede229b1cee2808b13094179d822,4,,,2018-01-27 00:00:00,2018-01-30 09:55:39
bc359213f3bbcae53e9cfbb7178b2f7a,418b68df1336cdb60b7e80c8c249f28b,5,,,2018-03-26 00:00:00,2018-03-26 15:23:03
cfc5a12b144ded57b625d95cda8cea1c,d9d4a02bb9f1087deec1dae728740cdb,3,,,2017-11-03 00:00:00,2017-11-07 11:02:42
37e7db51703ab6442592bc0b7dc32f08,bdd19e1d8bec46c29644018d2c781aef,5,,Ótimo cobertor; e lindo; excelente qualidade; comprei 1 p mim; dei 1 p minha mãe; e p minha tia; mto confortável e quente. Entregue antes do prazo. Mto satisfeita. ,2018-03-06 00:00:00,2018-03-07 12:21:13
b02a133493de7b0c283f1fbb8688a4ae,a3870b955884ebd4ac62ddb02b2ff255,1,,"demora muito para entrega do produto. 
Ja comprei outras coisas no site e tudo ja veio mais a comprar dessa vez mais de mes.",2018-07-26 00:00:00,2018-08-07 18:57:43
3e0970a9c61c73e6521d1b1177cc35cd,89243c8b1f29ba7a225bdad8061fb473,4,,Satisfeito com o produto...,2018-08-23 00:00:00,2018-08-23 10:12:21
0165605a2b0e47407861261b889dfeb8,a4be9e3217c93eafb1f1940efb4a9cf6,5,,,2017-12-21 00:00:00,2017-12-21 23:14:12
2ef377b79f66bffd4a364382bf58f6e1,8341d1e71471e5648920efec5acd822c,5,,Gostei entregaram meu produto antes do prazo Obrigado ,2018-02-20 00:00:00,2018-02-21 18:20:24
f87486373ae1bbea385f8695848cb3bb,c671c0f8b33c619e3e77d7ccd3b934e0,4,,,2018-02-20 00:00:00,2018-02-22 01:57:26
41bf2f4802572d5847c11c1b701c8cea,6e6ba99ba306b937fc7730f3e06cc1a6,4,,,2018-08-02 00:00:00,2018-08-03 10:48:01
6ff3798c96f425d3b667e7ea88a7ffc7,de310c00c4111ff98be9166aa6213e22,1,Não recebi o produto ,"Consta que meu produto foi entregue ,porém não foi ",2018-05-20 00:00:00,2018-05-21 00:10:01
8f18483fa7cce483702b4c9bdaf8ba8c,d3764fd6a2c04354a8cbde8508cc0ba0,5,,,2018-05-11 00:00:00,2018-05-11 18:18:09
64607d09471b19ab30eebbbea046d62a,f1c1c3cfd14f75b7475d7df0d341d99c,4,,Material bom.,2017-08-29 00:00:00,2017-09-05 00:21:20
0ef97c82c59f66e42b21758007ed94d4,c5edb2bc00fb701345fbe2bd9aedaba4,5,,,2018-05-22 00:00:00,2018-05-24 12:53:45
9ac8b522f8c2821dfa5aaa8e42cb3435,234e664f4418bb97ea8f387244a9538f,5,,"Super recomendo. Fácil de usar, vem a bateria, é só plugar e usar. Recomemdo a todos!",2017-05-27 00:00:00,2017-05-30 12:48:33
24d907b6f7a40d12ff25d5619c2d266a,2cee7217cf66ac4e8027f60d3b105524,4,,Poderiam disponibilizar o tamanho das pulseiras para que pudéssemos fazer a escolha certa. ,2017-04-21 00:00:00,2017-04-22 10:03:14
51eacc441491f05e7055643ddadc974a,b7a592c88818dcacf25f151e67f0bd8c,5,,"Tudo certo com o produto, fiquei muito satisfeita. ",2017-03-10 00:00:00,2017-03-10 23:57:21
0b58560c40f3e90da3c5239ed2cf4b46,6dddec4ff6cf5567af3fe54023e28500,4,,,2017-06-06 00:00:00,2017-06-07 16:30:21
ac3dc56801db84ea4578bb72f68cb6cd,cd2f659fa071787c2e90002891bbea4b,5,,,2017-06-13 00:00:00,2017-06-15 15:19:00
039c4093d3e3f9d07fec60b2b1dd6444,737d1628b4fc7ee47b3380c9f1f41991,1,Produto com defeito,"Acabei de receber o produto, porem quando abri a caixa, o produto estava rachado e o conteúdo todo espalhado, o produto é adubo químico, com a embalagem estourada será difícil não empedrar!!
",2018-08-22 00:00:00,2018-08-22 13:37:27
d449e2a5f09ca52cc0dce6e6e033f86f,bb18a7304967722c7cef28dff0a916ed,5,Muito bom ,,2018-06-22 00:00:00,2018-06-24 03:01:15
412f36a51c3c6788604695976fba9d69,effbced821ab774c03bd43060822065f,4,,,2017-06-22 00:00:00,2017-06-26 18:18:59
577a876916b81be65d8bab03aa905bc1,c63d42eaa9f87b513dcf03cce7097bea,5,Jose Edicarlos Alves Dos ,É uma ótima loja para compra vocês estão de parabéns,2018-06-19 00:00:00,2018-06-20 02:44:33
51cdb9ff5727ab80d93310e5fc000af3,680caaeaa537d89cb256b5538bd02773,5,,,2018-08-26 00:00:00,2018-08-27 16:11:11
50f39f4890f1b4040c9b011caff5074d,73d60420cd1a179b2d8887d538efe4c2,5,Muito bom,Gostei muito do produtor ,2018-08-23 00:00:00,2018-08-25 20:13:37
75df564ca35b26f4398d0e2308b6d2f4,fa8b91d8aacb92e77cd50059ac39c474,5,,Produto de qualidade com um ótimo custo beneficio ,2017-12-19 00:00:00,2017-12-20 11:17:18
845e2bc6ae8e8a91c1c84cf2aaee9880,711b9be9c346d9ecdb9d38a5e1e7e39b,1,,O controle está com problemas e fiz a devolução do mesmo e estou sem reposta a duas semanas ,2016-11-26 00:00:00,2016-11-28 13:43:00
eaa6297f74e27381ffb5420fdd8c0b1d,54220fcc516cabe9ec84b210c0765ef2,5,,,2017-12-08 00:00:00,2017-12-11 12:32:02
21706652bce36961015f29c028e69f7a,7a11da7177850c642520f68efae51bf1,5,,Gosto muito do baratheon ja sou cliente obrigado,2017-04-20 00:00:00,2017-04-22 21:08:14
d23c171d8a9167bb0dcca7e5a5c4c9d0,1cc13cb7d2099f1e6d86b81bb6d15446,5,,Gostei muito pois chegou antes do prazo marcado.,2018-01-18 00:00:00,2018-01-19 11:11:37
e8a6f93aa0b498a7576c5e5146a530de,59aeb2ec44b9400fafd0b59e842959d1,3,,boa,2017-09-14 00:00:00,2017-09-15 02:28:17
3fb678040a567ffe5d9c519eb2d01029,ca232f56f19ba1b6db4b6cfea0d514a2,5,,,2017-10-27 00:00:00,2017-10-30 02:11:26
0ef570ad9b763c5ac33435081189350e,cb0909932c118481a0e44396d80ab2e8,5,,,2018-04-25 00:00:00,2018-04-25 20:07:19
eee5558cad3ba1a64417fe329de79160,68442190a6c60659698fde46bcaf0e9e,4,,"Não tenho do que reclamar,recebi no prazo estipulado e o produto foi o que eu havia pedido.",2017-07-27 00:00:00,2017-07-27 12:33:14
0f290bd9946d8c71e725283d6f00b1f8,891bbd4e052c5f3e894ed330a7419c6e,5,,,2018-08-22 00:00:00,2018-08-22 20:42:34
7294b1b6e690f5d2f16787aa2a6d73ff,9f6833a99cc6d2bc31cce30fd2f58aa6,5,Excelente ,Gostei muito chegou tudo certinho e antes do prazo tudo bem embalado super recomendo produto de qualidade os sabores são ótimos tudo em perfeito estado estou usando e estou gostando muito eu aprovo e ,2018-04-27 00:00:00,2018-04-30 01:45:37
07a206a0b71c35a7468a51a4f8f7b5bd,350bbe08ad1344030593d837cc982113,2,,,2018-03-03 00:00:00,2018-03-03 20:42:34
dad6266e79fd64c97873f8f7fc4daa7a,776a18d9c6d83661a0f788e219f4acba,5,,,2017-10-07 00:00:00,2017-10-08 03:40:51
902514b1ded1a2f7445df99f53fccc0a,4f40b7b437c07599a6f77c6ba8977dcf,4,,,2018-07-01 00:00:00,2018-07-01 19:43:26
126b501326841153900ebe946d8854c5,fcc92ad75bbb8728d4d4488325ffc907,2,,Boa tarde recebi o pedido incompleto veio faltando a luminária grande de 50 cm preto brilhante estou aguardando o produto .espero o mais rápido possível. obrigado ,2018-04-01 00:00:00,2018-04-01 19:52:11
57208faee8c53875d68fd792d9e854af,b2487e261162c0d9162eab45862d42a0,5,,,2018-06-19 00:00:00,2018-06-20 17:06:30
d446a34844ac4805fbe6beffb670baff,7113e8344293a6a03453110d67c7f533,5,Ótimo produto,Atendeu minhas expectativas. Recomendo.,2018-05-04 00:00:00,2018-05-04 20:19:11
55f8e2d3076443ec688a8dad34cfd828,a030d3d4fe79a482fd66cb2205cdd0df,5,,,2018-06-07 00:00:00,2018-06-08 08:16:44
1ed01e8f777018a33227be5073a82e8d,908c80ba9160e9d87007015b15aada39,1,,,2017-11-15 00:00:00,2017-11-15 21:13:33
feb33d87aa1c0c23a04c40e28a802e41,4aa95ac048b026918957d83319f5eca6,5,,,2017-02-17 00:00:00,2017-02-18 11:43:02
807c381cb6f3e872fc602bedfa59c642,96868bc7a88dff342e4f0726c58d2897,5,,Entrega muito rapida chegou bem antes do prazo em perfeitas condições achei perfeto otimo acabamento chegou bem embalado com lacre de garantia produto de otima qualidade.,2018-02-07 00:00:00,2018-02-08 01:05:00
5ce1cb2d2828b1747896ed64ed5806f6,915a913fc05ab382dafb7776ea8c9580,5,,,2017-12-06 00:00:00,2017-12-08 19:32:50
dc1a64660408d3a8180f17e07a69c821,4274df747cf9a1ac15adf09a87185dc1,5,,,2017-12-17 00:00:00,2017-12-17 22:23:31
9dd8f7481b0d31a760130dc3ef8c50e9,450c895cd5341a52818d10c9593085bd,4,,,2018-08-22 00:00:00,2018-08-23 08:11:05
8d9b85673d36b32bc625364039c37b06,85155db432ac11f95d0c59fac9f4974b,4,,,2017-06-22 00:00:00,2017-06-24 20:02:41
3aa693078cdbd39e138666a4be7cf9f3,7c6517c41c557b7b9a6407d55badf4ee,5,,,2018-05-10 00:00:00,2018-05-11 01:34:05
5f2c9466ff5417640598c2841179f00d,f6283491927c2351151a06cf8c22f7d5,5,,,2017-07-21 00:00:00,2017-07-25 11:30:54
6bf978faf78a05d5a59138c4fe04009a,60b570df9018c6b6441017314a2dd081,4,RECOMENDO,AINDA NÃO RECEBI O PRODUTO,2018-08-11 00:00:00,2018-08-13 18:59:20
d5c5e1f1d83b29a144a5ab1154aa47ba,9803d53681d599da06e759c5935f89e6,3,,"produto bom, só não pode colocar muita roupa",2017-08-26 00:00:00,2017-08-27 17:32:00
1329b4f7ae9a0327326f2d287c2dcc35,8774dccac317f54e3e9b3c6096a9b2c6,5,,,2017-11-04 00:00:00,2017-11-07 12:07:26
af9c09b9a07301e6eee9d5dfe22724c7,4fa0555af785b01d6fd80634b8c3a87a,5,,,2017-03-24 00:00:00,2017-03-24 21:01:24
99f832574c71458448354ae2977cd4ea,be0f8b9e1444dc69d1288a37e32d2895,1,O produto não foi entregu,"Somente as prateleiras foram entregues 
A mesa e a cadeira não ",2018-06-16 00:00:00,2018-06-25 21:13:42
19290312247ac12772aa1672f8848d4f,c75be4dbb0444f5234b73d0e700bc425,1,,O produto ainda não foi entregue.,2018-08-28 00:00:00,2018-08-28 20:45:41
8f0f3f8727c49346e53d8058f26999d3,cb82f50adcd9978f835fe94951603fad,5,,,2018-08-16 00:00:00,2018-08-17 00:09:13
9605093c39b470d71ae1ae25076b9cd5,d2e9aead95751dd6bd0ce80e7d506c53,5,,"Produto entregue antes do prazo estipulado, em perfeitas condições. Recomendo. Satisfeito. 
P.S. Preço bom, também.",2017-01-28 00:00:00,2017-01-28 23:04:01
e89ae18ed6ece107ea5c62f64bf28680,d116a9f838daeae6ab2e694cad2045f8,4,,,2018-05-20 00:00:00,2018-05-22 10:28:27
3d085e2e91bfea3927ef38697bb1346e,bc7bc14f585b1879f63e89cb0e4cfa17,5,,excelente,2017-02-04 00:00:00,2017-02-07 10:50:17
a5f727ca0ce25cc8ad0872e3ecbb5e68,84f40c055bf1ed329fcf2f4ec4e9e9df,3,sim,"O Produto não veio na cor escolhida (Estetoscópio Littmann Cardiology IV Burgundy 6153), e sim entregaram um cor vinho...o que faço agora
presente para o dia dos pai",2018-08-10 00:00:00,2018-08-10 22:48:16
30ed41912d9ca9c27704a92fbe905696,f2710c3e65b68cfc927a8aac6ecebe83,2,,"O cor e estampa não é igual que a foto,mas ...gostei..",2018-01-17 00:00:00,2018-01-19 15:11:32
ffbd481db095761caaa32bb80907482c,78288ea406e8bdc11d35c15f1ac36931,5,,,2018-05-19 00:00:00,2018-05-20 18:27:47
b82da600dec72e73baa60ea2d20893dc,137d0174b6161980026a858b907762fc,5,,,2018-01-05 00:00:00,2018-01-06 10:40:37
ea2bb86a62d6d84acd432bd7d878d60a,2cf60e81bd122e58c99e87fa99fd24cb,5,,"Chegou a mesa lateral cromada.
Perfeita!!!!
exatamente igual a imagem, quem estiver na dúvida porque a cor mostra ""água"", pode comprar sem medo porque ela é cromada mesmo.",2017-09-14 00:00:00,2017-09-18 23:12:49
6fcb3c7ee028f103237025eaba832dc3,92a5191ba977547e2cd844d5140c63f1,1,,As almofadas ainda não chegaram ,2018-02-23 00:00:00,2018-02-26 11:06:08
b77ec59834b12edbd8e9a7f54f7eeabc,38e47cf95d95719dfbececfd1cfde0cc,1,,,2017-11-30 00:00:00,2017-11-30 10:35:49
387ae5dce430e383fdcfaf0f9e8db086,54d7ac7a8a4074afa251dda33e7dfa4f,5,,,2018-02-06 00:00:00,2018-02-07 07:25:49
f1baa1754b578de2c95c52870e79a974,63d2c28920a6381ffb2fff191e6e0ff9,5,,,2018-03-27 00:00:00,2018-03-28 00:31:28
0d7a7af3dff4ea8bbab996975a81d7fd,0d902dd22c7c40a55b0edbd70ab87fc3,5,,,2018-05-25 00:00:00,2018-05-26 12:48:08
d9bf32caab6461baf647f336afa9f930,36e78e784a4d494d933d65b28b7bca99,5,Excelente cortina,"Produto maravilhoso, amei! Prazo cumprido",2018-07-07 00:00:00,2018-07-10 16:56:40
e8cf88a1367a5e70663db4edfe6a29d7,82387464df585a62e081b551cf2992bc,5,Tudo como prometido,,2018-05-09 00:00:00,2018-05-10 04:37:42
d453437bf5bc0508a944c46dc962e57f,e4ace38893f7d4e22939778dd93b3dee,5,Otima,Adoro comprar na lannister so preciso de um cartão para dacilita mas ,2018-08-23 00:00:00,2018-08-23 20:41:39
ff2a5dcb71afaa50b0db8c946c89f0bd,62529dde2b3d81415417822b4bc91581,5,,,2018-04-20 00:00:00,2018-04-23 01:19:53
bd83085b6e3c1c70eb698137d80e744d,bfede3e7101b91bd335e6cc5d153bf2c,5,,,2018-04-17 00:00:00,2018-04-18 12:02:18
346443783222493ad1538a6d90059c28,b2d1902261f105c5c09ca05dc05c2aa0,5,,,2017-12-28 00:00:00,2017-12-29 00:40:47
3bea45b5d17d1e6a0efe17eac50bcc85,443ddf06ec0f23c8bf94bccb583714e2,5,Excelente,Produto entregue dentro do prazo e conforme anunciado. Muito bom.,2018-05-11 00:00:00,2018-05-14 01:57:23
5f91e899bc5c3ddf2d7f14211581419b,c3c91195072b499b9d88eda4350a7a55,5,,Produto muito bom de qualidade e entregou no prazo.,2017-06-13 00:00:00,2017-06-15 12:59:04
0ade7b73579133c00625efb65adc5266,8ea705b6d457f1b50272b5ae5a7a9099,4,,,2017-06-21 00:00:00,2017-06-21 19:02:59
1247aba013d469562634fdb2e869bd57,cd58e7c862e0fb077541c4b5a331599e,4,,,2017-09-07 00:00:00,2017-09-08 07:00:43
7eb479aab8c9934b16999ff1715260c0,d07f143b702491d2a1cd6ed093f2cdee,4,,,2018-02-24 00:00:00,2018-02-25 15:22:49
7dd1763b8f42187e34f7a4632e49a814,878a0241d449fe7ea1bec1cf145b9c9b,5,,"Estou ainda esperando, por favor me ajude ai",2017-06-28 00:00:00,2017-06-28 15:05:55
d96dd351c4f95fa10529a6b5889199a8,0093cbf16a6afb7f0ab7cc821b6f9e92,5,,,2017-11-26 00:00:00,2017-11-26 17:41:19
f9e847c9e4f5c874146cf72c5f7b9a5e,1a54edac5c05d136c2dd2203344e314e,3,,"Produto entregue no prazo, porém sem manual ou orientação como configurar. Procurei instruções na internet e ainda assim o controle não funciona para o modelo de TV a que se destina. Não consigo usar!",2018-02-07 00:00:00,2018-02-07 21:13:55
afbcac08901fdeb9d51538869a37350f,26df1f409adf3bbb2f057e1ebb11b019,5,,,2017-07-29 00:00:00,2017-07-30 01:58:15
d627ee1050d0950138aab502faf502c4,d77d1461e81c281918bbfa4c878bdcc3,5,,,2018-06-15 00:00:00,2018-06-18 09:39:46
e4850cb04e31613512d4a621627d6c19,8e1ded141534096603108f1ee5c27735,1,,"Não gostei do produto, solicitei a devolução pelo site da lannister, informaram que em 48 horas iriam dar o retorno e até o momento ninguém se manifestou. Quero devolver o produto.",2018-01-31 00:00:00,2018-02-05 11:59:27
2abcdb8bc5c7e538f407fe6007a429df,28a0a966e6d2214f62b0332d9ed35f5d,4,,BOM O PRODUTO,2018-03-18 00:00:00,2018-03-21 17:14:36
90448ea50e6a7e66b792bb8f5db02be5,e7b463065498659c48a3b2ac3b1cc6b0,1,,Produto não foi entregue no prazo e nem recebi um satisfação.,2018-04-15 00:00:00,2018-04-15 13:14:32
6d9f11a5bcbecac1eaead4392cb51fe9,036d29511908c7b10872e1e72fd0681b,3,,,2017-06-12 00:00:00,2017-06-13 18:19:52
bd8807d550008d3a0ac6271dab633b27,a9c89bb4f8fdb0f08903c73d7d4e8822,4,,,2018-01-13 00:00:00,2018-01-13 19:00:00
d75249f42af1dec42b2aa9159b017723,9980a5ade25fc8add3023440935ef36d,5,,Produto maravilhoso. Entrega antes do prometido. Recomendo.,2017-02-14 00:00:00,2017-02-15 02:27:21
e4080d090432d5381db06ebd7b3cd78b,9387d427f564a63a5d9e87418dd48a54,2,,O problema foi que chegou após o prazo,2018-03-09 00:00:00,2018-03-09 23:41:41
b130a8c70e5dd19b084e44768855bfde,0d8e4bdd8a9f84b606ea672b4e722f8f,5,,"Produto recebido bem antes da data.
",2018-04-03 00:00:00,2018-04-05 17:02:05
31f248214c52e4c20178be23d5898f6c,2d0a9e6d2de5c45b98c59fdd868f2076,5,Tudo perfeito,"Produto exatamente como esperado, entrega super rápida.",2018-05-23 00:00:00,2018-05-23 17:38:30
c3aec31a7badfe9b93d83153bb8ccb2c,2c42da58ddeeeffa46d6ddc5e6725e31,4,,,2018-06-24 00:00:00,2018-06-26 19:52:42
0db45f45162673bb92eb8d3b19cce311,82daccb8bfc3bb76bc1616a4f22c3cb1,4,,"Só não dei 5 estrelas pois a tesoura de desbaste veio com um pequeno defeito a lamina, que já foi resolvido.",2017-12-13 00:00:00,2017-12-16 00:17:40
a11bc0187f6fe2cb2f2e4b3470307490,e9e9b31ec2faa5bb868dc5fa0c66b0bd,5,,até então só utilizei o site por 3 vezes e foi satisfatório...,2018-02-01 00:00:00,2018-02-02 19:00:14
ff5a279e30910b00a59c538d8b7a7cf8,0c9c4433b5b33bcc077a814c9dd7dc3b,5,Otimo,,2018-05-19 00:00:00,2018-05-20 14:17:07
63d50a0e50ec0034a7d3869cbb19e59d,557cc2675910c4a6c9b54ad276f25097,5,,,2017-10-02 00:00:00,2017-10-04 22:50:42
714e9d79837ebfe69c8917218e1c2273,924d24dd7c6de024d96e25d4812d65bd,5,Maravilhoso,Me ajuda bastante! ,2018-07-12 00:00:00,2018-07-15 01:31:47
8f41287e71e99701e1e91f73e63a8d2d,561dd928c7f7e63277e02e6662bcce48,1,,,2017-11-28 00:00:00,2017-12-02 14:43:38
40d805b59221aa1a779a0d73add7974b,a797f338da66eefca816db5328d5e5ab,1,,Eu encomendei 3 e veio só 2 tô esperando.quando chegar tudo eu avalio de novo,2017-06-02 00:00:00,2017-06-05 12:27:08
43e676521e8936752abb5fbe62a7d9f7,2fb7dfe5fec51c8a96ee5349c1faf9c0,5,,"Produto muito bom , veio bem antes do prazo ",2017-08-26 00:00:00,2017-08-27 01:32:22
60cc2a91b6ea534f0f6a4cf04a3f410e,a6414c6610d79fef8ecb35e54989d566,5,,,2017-08-15 00:00:00,2017-08-16 09:44:58
7f406cb5f0cc1490292e9983a73fc94d,ee7f4e0a5223e51719a98941129bbc24,5,,Muito bom.,2017-02-15 00:00:00,2017-02-17 10:11:09
89a837826bb8a9b1d49f539d7ed850af,13c4458bd01775ea4f9050a041c1fd96,5,,"Produto muito bom, empresa séria, cumpre o que diz.",2017-06-06 00:00:00,2017-06-06 23:00:00
893e169c786e81178d3c26c1a68f76b1,26a4c5b97bdf4e499a22334ea494e883,4,,,2017-08-24 00:00:00,2017-08-28 15:56:42
7f5fc58b5bb8607c4992d5bf08e91740,7a04a9036cd32390e8f17eaccd2dcef4,5,,No prazo e produto de qualidade.,2018-02-20 00:00:00,2018-02-23 03:55:45
f145f6631b8b17ec5f54108a88867685,5cf5c176bf686e84240099820ce175ac,5,,,2017-10-19 00:00:00,2017-10-19 18:05:25
f2fe5215dab1676014610e420dc8d423,0dcfff35f1d2e0fb46301c92143663f9,5,,,2018-08-18 00:00:00,2018-08-21 19:15:52
ed2ddb2207124067b6b800ac55683920,e92900da13e75122f18f3694fd9e0230,4,,,2018-03-22 00:00:00,2018-03-23 11:05:03
d25f9231645fadb39a7c99ad3a40ec90,837bf2d48f18fc4d6e2e32cac9941960,5,produto muito bom,recomendo a loja e o produto,2018-06-09 00:00:00,2018-06-10 10:49:12
ff05a631a29f2493bc9821b6a881b4fd,c05cb9c2c6907494337ded1d059cbc7d,3,,,2017-12-08 00:00:00,2017-12-11 11:13:57
39b2b0ffd71eadda357559ce2b6b1f1f,1bf6db71e147c950fe9925e0be89ec4b,5,,,2017-02-09 00:00:00,2017-02-10 13:55:00
84433d1a97225184d691bdc594dc9bf3,fe9a0726757d598dc0a613f04d33cf03,5,,"Mto bem atendida, produto chegou super rápido. Obrigada",2018-08-24 00:00:00,2018-08-24 17:25:01
5bb9e3c42a034b907f6ddc4cbecc7073,1175d97a3d270dddf3146abe7f5e4934,4,,um bom produto,2018-08-28 00:00:00,2018-08-31 13:45:43
f008cddce1c3433310d953db13e1c976,d10be1718c45ae0bd50cbfb5b3814089,4,,,2017-11-24 00:00:00,2017-11-25 08:16:50
532a3959a0eedbe1d3da309a365e08a4,cebe1a22714a4536f852866377c9bcbd,4,,Boa obrigado.,2017-03-23 00:00:00,2017-03-25 13:45:45
e00982d7b467a6ca8f661c51c88271d6,665bf879d521fe72a93430b55f6d5e54,4,,,2018-05-18 00:00:00,2018-05-20 11:48:28
9a2bfdac92f258c42533ab6c9beb1d47,266a1f6959fbb6cd5b50201b10a0d46f,4,,,2018-04-26 00:00:00,2018-04-26 19:02:10
87107ce7a3aeae5ebecdc1e6bfd009fe,fd3d5d5f83a8dc51d0acbca416b5e7b6,5,,,2018-05-12 00:00:00,2018-05-30 12:17:48
7d962e8c90812c48686b6ceeec8c4ad9,63f1ad378cef16f74bb7480a3a01e3b4,1,,GOSTARIA DE SOLICITAR A ENTREGA DO PRODUTO NOVAMENTE. AGUARDO,2018-01-10 00:00:00,2018-01-11 15:09:47
45e28dc4ac8b848ce8ac3f8bf25b2903,657e64a0e86917e93318c0c3159bec13,5,,"Perfeito, entrega rapida tudo certinho excelente produto",2018-03-24 00:00:00,2018-03-24 19:34:14
7dfd15705a71c1d93257aa51768a1422,94078496f9b59a9d885f033870393097,5,Ótimo,Chegou no prazo e é bem bonito!,2018-05-26 00:00:00,2018-05-26 23:12:46
fa79721e1fe4f7f52a52bd1dc5a5f0df,d21d7411b251f35ead1b210dc946ca70,5,,,2018-01-23 00:00:00,2018-01-24 15:09:14
a71de566515775290ed9d6dbbe863849,384305b9cfec8a62f309b5e5cac920bc,4,,,2018-08-17 00:00:00,2018-08-19 23:38:48
678ba7b7a2de86140748c8e17bcfbe87,e7a494d4b7aa999d59f8f2e6809a5270,5,,,2017-06-13 00:00:00,2017-06-14 10:13:35
bb9bcc396c40753cfa347ea5d118afee,a65d018a7a1122b4312c742d7107e021,3,Muito bom,"O produto chegou antes do prazo, porém veio bem sujo e manchado. ",2018-06-14 00:00:00,2018-06-15 00:30:28
676a286713ef5eb64c18a3ca4a03b1dd,148faaf4575a416a7f739d55db63babe,5,,,2018-01-23 00:00:00,2018-01-24 01:54:01
fb574f51b81f2aae29fed2b1130039b1,2c9efd6e429c8bfc4f59a509334aabf0,5,,"gostei muito,totalmente agil e confiavél,recomendo á todos!",2017-11-23 00:00:00,2017-11-25 21:40:21
ac8ac238703c433629e54a99c1dff60e,a78b0514381a2ddd033d250ffcdacc13,5,,,2017-02-22 00:00:00,2017-02-23 09:48:36
f7c99cdf065fdddfc05d03ea5489e347,a5396462aef45aa15381d92b777b7cfb,5,,,2018-05-16 00:00:00,2018-05-16 11:43:39
b57d2cfc9f6b59cd6730ffa1f365aea1,190d1b221eb8c4e51953c2542c6acc61,5,,,2017-08-24 00:00:00,2017-08-25 00:56:18
7d62f058700dfe645a791000950d4d3a,5b9a0e4cbfc2d6a1347472c847a4a4e1,5,,Amei são lindos,2018-06-05 00:00:00,2018-06-22 00:10:15
f181f0d2d27c369b282fe906f7ceecb6,1aaeb5badaa812e15594d2c5d04e474a,5,,Bom,2017-05-04 00:00:00,2017-05-05 01:09:57
668ece863996633d7b66a342aac6c681,561f47f3e381d23b5ba7853460adf093,5,,,2018-02-09 00:00:00,2018-02-19 16:48:11
66ec1d0ed18ac80fac4e348e1488806c,490f9c9fc86a9e753c5729f7119e84d7,5,,,2018-05-11 00:00:00,2018-05-13 20:44:37
5df3300edfe22b2d3954f788924a73fd,e6ab8245f96b5c84ade5edfb8e0c2753,5,,,2018-05-16 00:00:00,2018-05-21 11:53:21
fe77384a933e160d77e22161b651ca4f,56e46d1a61ebb9b86fa914b4007d8a97,5,,"Parabéns entrega rápida.
",2018-04-12 00:00:00,2018-04-15 10:08:39
4e6eaf480db05609c1ba35cdc413a43a,feebdd36c3e19b95f31008e3e62dc32e,5,,,2018-04-26 00:00:00,2018-05-02 17:00:27
96bfb01eb1c929060c5cd1c3c41f9434,3b7999074565a5320366ad70c5aec08b,5,,,2018-04-10 00:00:00,2018-04-11 10:30:46
bd4186755c778a6fd5d873cf3a483d82,a73c9c5feb02773faae1f58886f5db9e,4,,,2018-04-18 00:00:00,2018-04-19 00:24:01
afe23ba3852f1d54132edc5088a544b0,03c1d25d82f404ea1fdfae8eb0b4c314,5,,,2018-02-02 00:00:00,2018-02-03 08:43:44
62bd54083b5d4e71b74b35ae5ba9abe3,855ae4582654ba4a199f982c721df826,2,,"Eu gostaria de saber quando irei receber o produto. A informação que tenho, através do site dos Correios, pelo rastreio, é que o produto foi atingido por um INCÊNDIO no posto em FORTALEZA-CE. ",2018-03-07 00:00:00,2018-03-07 12:05:36
a549df9b595772dcb706d640a622179c,380a1cd01e1d188bf799fb08276e32da,5,,Recomendo muito bom ,2018-01-03 00:00:00,2018-01-06 01:56:50
eddad830584487a5e0e9b1f59dffd6a2,50dcbb2a2604b38d231b84bde3f62227,4,,"Devo ter equivocado quanto ao tipo de aluminio da mesma. esperava um e chegou outro tipo.
Mas nada a reclamar além disso.",2017-10-18 00:00:00,2017-10-19 11:35:29
ac5425a6b093b2f1a5ac94e5d4ccd8a4,02346fd715e28d8e4fdb6893cd121f71,5,,"Solicitar aos Correios que deixem um aviso na caixa de correio, como nos países de primeiro mundo. Assim to.aremos ciência de que tem uma encomenda pendentejjhhh",2017-11-23 00:00:00,2017-11-24 01:16:08
3fa56b793c6ba36922172fcab770a7d0,0a191803956e2748ef8dc1ed7ed5e991,4,Bom produto,"Bom produto vale pelo valor
",2018-06-22 00:00:00,2018-06-22 21:30:12
79bf6b7971ab31ec2c1f41d86db933af,d02a27af33a8164ec42eeddf27c5ad59,5,,,2017-03-30 00:00:00,2017-04-06 15:10:16
4a3be61618e3ff25b91dade6a93ee0cd,1f9acfb03ed5bcc65242f54f6fec83a6,4,,,2017-09-05 00:00:00,2017-09-07 21:54:26
0e6fe223b40635d83ae420b288869e40,f77c5146e7248e3ce7934c1a2396ee70,3,,,2017-07-22 00:00:00,2017-07-24 14:14:52
b3f19a21b01a5f79e15c56fca0d019d4,785c89d4e249aa8f0ec838dded807fd1,5,,,2018-01-13 00:00:00,2018-01-14 00:11:52
945b087af964cb457c6aca2df2dee312,4b07e96261a6c3f0dd713dd75a1d0658,4,,Esta cascata de fibra de vidro atende perfeitamente ao que se esperava. A entrega foi rápida. Estamos satisfeitos.,2017-12-19 00:00:00,2017-12-20 21:25:47
76a5e57ec4025d7fe578b584cbfd562d,657ea9232c582c9e40330a60f68dc189,3,Bom,"O EVA tem um cheiro muito forte, como o de algum solvente. Mas o material é de boa qualidade.",2018-08-21 00:00:00,2018-08-22 15:38:57
09ed3d669d2e63e270a19853598d88d7,b5d232a923d0c5bcfd5a7434173bddc0,1,,"os produtos são ótimos, mas fui enganada, pois assistindo a propaganda do prime, foi informado q todo e qualquer produto adquirido no baratheon prime, não pagaria frete, assinei o prime, aí nem todos p",2018-04-17 00:00:00,2018-04-18 12:15:32
7b1f8fb82bcd82399e8df5b032e12b98,ee3e4667c7774f7a6b61e1990ec78cf4,3,,,2018-01-13 00:00:00,2018-01-16 15:44:43
309e22f7d463439a6319be3732d8b896,aa074a04e180e1202a8e0500297a2570,5,,Entrega muito rápida recebir antes da data de entrega amei meu produto chegou em perfeito estado parabéns !,2017-07-29 00:00:00,2017-07-30 01:33:36
2476b223f83ab20f6eb2de4cb33bbe47,cc585bf1df31232b1654bde95ef0730e,5,,Entrega Ntes do prazo recomemdo!!,2017-02-09 00:00:00,2017-02-10 13:33:00
0eb6385d452a458a61fede759be30fe0,94852b0703b31b852e6c4f73896aa247,3,,,2017-12-13 00:00:00,2017-12-18 00:37:46
00aeab95e1f1ad380e8e5d431047e78a,4bb2ee0b9741faceac3deb03a2e53fa6,5,,Ótimo equipamento!,2018-08-21 00:00:00,2018-08-22 00:39:00
2e4110569ce8976f47913c955471e12d,2792c2657bcaae781c8261d93fda4937,4,,,2018-03-07 00:00:00,2018-03-12 12:25:23
4d1457a5962eaa69698fca41c6195ad6,d47c3e59ac03430c6e743c61f7e6bb6c,5,,,2017-03-25 00:00:00,2017-03-28 00:51:27
27707bdab4a7b6bb49a2c3bcdf41e995,fdc9d53919c301a0d27f2aad205c5aea,5,,Ainda não enchemos a boia mas a princípio veio tudo certo e no prazo de entrega!! ,2017-12-07 00:00:00,2017-12-07 20:44:26
93229aa096827ee43f371e11a63eb3f9,52e71da3bc9b0aabdba702eefe259a71,5,,Adorei meu produto!!!,2017-04-28 00:00:00,2017-05-05 11:33:21
1553b65e8512dfeaadc46965169f612b,d1897146cbeab2b888285ca6264056a1,5,,,2017-09-15 00:00:00,2017-09-16 01:03:16
1eb7655a8ea24376abac0aef15d6eac0,16c96dd4350d02d1890b8b7fd141da9a,5,Terceirizada perfeita,"Comparando com outras compras na plataforma stark, a loja ?targaryen? foi a mais rápida e eficiente na entrega. ",2018-04-27 00:00:00,2018-04-28 00:15:51
d82f66c735d081d63e4888c68fc34778,35490431b95a5ac679998ad3d2de2d9a,5,Relógio vintage,"Foi um presente para minha filha ela amou Lindooo!!!
Entrega antes do prazo! 
Super recomendo!",2018-05-10 00:00:00,2018-05-13 19:14:00
84762a8413d2e8afa028fc922c466bb8,71385d0c646fbc757cfd07df085986d7,1,,"Não recebi, tive que buscar no correio, por alegação de tentativa de entrega sem ninguém em casa, ma é mentira na data alegada tinha gente em casa sim. ",2017-11-25 00:00:00,2017-11-27 23:00:38
c18d449df5be389ff69c7f062e7e8678,44b7e745838a4567bea39348717073cb,5,,"Chegou no prazo estipulado e o produto é de excelente qualidade. Indico para quem estiver em dúvida, fixa muito bem no celular.",2018-03-22 00:00:00,2018-03-23 12:26:50
0c52de8293fbfc8359c952aafed3e1e7,ae922ba97feaac137766d9d00cc1ec0c,5,,Chegou bem antes do prazo e em perfeito estado.,2018-02-10 00:00:00,2018-02-13 21:26:48
4a6a5662e6ac9e6edbbab65890e26c16,d9a34b9554a76f98e59becbf5b49a871,4,,,2017-11-16 00:00:00,2017-11-21 11:26:25
107a5a64a6b672cb96ac18c950c85721,75c65b37911c3543a4efd45a45ee4a92,4,,,2017-09-27 00:00:00,2017-09-29 23:08:06
fb1a6394dce036225d6a104814de1d6c,705e297aabac0f1fae1db3971e90952d,4,,,2018-06-26 00:00:00,2018-06-26 21:11:58
3ba6bac627f7791c7c17638e609e9b83,60d0ff4b039dc85b5b738f59b0b044f9,5,,"Muito bom 
Entrega bem rápida ",2017-05-04 00:00:00,2017-05-08 23:33:02
ef5f22fc0a4635fd178b58c35caba046,de68ff91737ba366892be2067a2cdfec,5,,,2018-06-16 00:00:00,2018-06-22 01:52:34
8ae05a4e48597a15d0e16a6a3ad4484b,6cfe2a252e18997b4a5b5a0a612e7a0d,1,,,2018-08-22 00:00:00,2018-08-24 12:14:18
c668df370cbfd0aae73f4dd7f3908ccb,3339caccb4f94a45abaf8ed1990cfc36,5,,"Site seguro e fácil de acessar.
Entrega rápida. 
Estou satisfeita.",2018-01-27 00:00:00,2018-01-27 23:05:37
1e7897e5c0be119f7e491619b1d612e9,25be1d2d060ffdd6d8f10daceda67087,5,,"Produto de ótima qualidade, entrega super rápida, chegou antes do prazo. Estou muito satisfeita. O produto ja está em uso e não apresentou nenhum defeito. Produto e loja recomendadissimos.",2018-02-10 00:00:00,2018-02-13 00:40:19
5a444a3ef73592844edcbe00b52f4d3b,6fa204b6cf6dcfe6c9adca7dc53aa32a,5,,,2017-08-06 00:00:00,2017-08-06 16:26:16
af85b8491d6ca2803925cb89e377daac,6189844031702fdf168d8194d504bc0b,5,,,2018-05-05 00:00:00,2018-05-07 12:51:37
f5868b55c75f686e8a24879e0ea3928a,d6a4e0f6f17d5eda710c204339ec6e51,5,,Veio de acordo com a imagem e a descrição.,2017-08-04 00:00:00,2017-08-04 23:30:18
b3684fa5018ae3bcc66fbed740991c76,e1faf9211232539926d65299a9067f98,5,Super indico,,2018-08-08 00:00:00,2018-08-08 20:02:30
c8a2504a69f62f17ea28f41cd97f19fe,adc1786f217f05f2ce9f08234ad1acbe,3,,,2017-04-28 00:00:00,2017-05-01 12:18:45
17939259ccc419f355fb4a148151fb00,00d94e8901b75ee0d6ef1f87f947b666,4,,,2017-05-24 00:00:00,2017-05-26 18:54:13
e862f1480d2c0bd7390464634fe48fed,9e1eccc08685bb903c6eee8ade67a23b,5,,,2017-05-31 00:00:00,2017-05-31 12:43:53
840ad9b9e2f76e5a3b486dcfc695fd00,857a83273943276ac60eb1d15bbfed5d,5,,ok,2017-03-22 00:00:00,2017-03-26 20:41:17
a4bb269ff4e968938a7d8376d84f72f2,290095474d5b5550b5c86ef43e11d021,3,,"Infelizmente, para uma entrega em GRU (Região Metropolitana da Grande SP) achei bem ""salgado"" o valor do frete cobrado sobre o preço do produto! Afinal, a mercadoria custou R$26,70 + R$15,11 de frete!",2017-11-24 00:00:00,2017-11-26 23:45:49
df5cdbaec263cdbed04e1d7e84e36466,cc02601c19d68cb1a4cde5a11aec694e,4,,,2017-09-15 00:00:00,2017-09-18 20:52:25
25c11cd01d074a3e77a012164c4df329,e5882de2409ffb5a26782367e95b91ba,1,,"não gostei é segunda compra que faço nesta loja parceira de vocês chamada ""targaryen"" que ocorre esse problema na entrega !!",2017-08-10 00:00:00,2017-08-10 14:58:48
2f4bd300c6bf3e574d0b8ea22f1b5537,5cc6d864fa9e1a90eaf5207737549ffc,1,,,2017-11-16 00:00:00,2017-11-17 17:27:47
7ce31af2616bcf922d89adb063b33987,12841a11f62453c88f68ee1f7cb45c47,5,,,2017-12-20 00:00:00,2017-12-21 10:23:42
ee02eb61f36cb5828ce1bc120911642c,638c67ed7c981ea1b46e45f23b35f4ff,3,,,2018-04-12 00:00:00,2018-04-12 21:14:37
5652c7cd33b9aae70d4e2b4f5cf5f4f6,be00589ef6917fe392acc59a700a0308,4,,,2018-01-19 00:00:00,2018-01-21 21:58:25
3db4063685335e6b85af54e056b8fb68,905f99d528bb299e8c62c67657cd8ccc,5,,,2018-03-11 00:00:00,2018-03-11 15:36:12
33cc12af1394386cc53cbb39e3b69ed2,f9701d96c7a213fc325f378bf83d3afb,5,,ENtrega super rapida.,2017-04-18 00:00:00,2017-04-19 00:05:04
9a54aadbcbf47dea3d67d873ad969c89,435776d6cb482a197e1300c0d7ec2312,5,,,2017-04-19 00:00:00,2017-04-19 23:05:32
dfed21bfceb3d171143bedea337ab3bd,073049331da5458f61598e5d221f4928,4,,,2018-05-23 00:00:00,2018-05-24 13:15:30
f120e4e2bbbc8b21b89285d53f3d0be7,638fa07954d987db6c7cc971c365eca5,4,,,2018-03-03 00:00:00,2018-03-04 10:37:21
0868dc3cf127c39b5d019cbb687fc32b,38291bcab22211eb312fd02756c288c1,5,,"produto bom, chego rapido",2017-11-29 00:00:00,2017-11-30 21:11:41
323e68387b5fc2c88ce0979033eed0ee,429f1a5343ef9fc8d6b142273c6d14d2,4,,,2018-05-11 00:00:00,2018-05-11 23:00:46
d2d5cc250c1ca27314de100afef898f9,e661124f7936eccc5d961f2dd754f865,5,,,2018-08-10 00:00:00,2018-08-12 22:32:16
7c5130fc5cb0a173b2f6d6809a44246e,7c1775b55c23f7d7c2f85ac8e2e3c549,5,Entrega rápida,Muito satisfeita ,2018-08-28 00:00:00,2018-08-28 23:44:08
6997aff78d3a381d4ad4b183377daa93,2567b61de29297da09bb8da381d2b37e,5,,"Muito bom, veio tudo certinho.",2017-09-05 00:00:00,2017-09-06 01:15:33
aec108da92408720d89df64102995f27,ec91a58a83b62633311320a62097c129,1,Veio o produto errado,Recebi um produto totalmente diferente do pedido e a NF veio com destinatário para outra pessoa.,2018-08-23 00:00:00,2018-08-27 15:33:34
a7d9c8fae8a74a082f0fd5f06f520a04,12404c66f4ea97b16664395ecbf61889,5,,,2017-12-05 00:00:00,2017-12-06 08:37:23
586d01d2e5b566586d11c14fd3f7c16a,96a03487818c437031605930844f4432,3,,,2017-10-25 00:00:00,2017-10-25 14:52:38
03bf90f346b6db96b212c1e2bcf6285a,1a6a57642cf324ac86f14bcba484cb32,5,,,2018-05-19 00:00:00,2018-05-20 17:39:59
c5203be7867c90f6556d41834725c712,acf135e0b39f84ba17db4d8ea2a42e7a,5,,"Gostei muito, satisfeito!!",2017-05-03 00:00:00,2017-05-04 12:34:07
a7898b5fda4b310f8fc27ff8d04c58b5,641260b6b13348c1853886a738a7f9b0,5,,,2017-11-11 00:00:00,2017-11-13 12:55:13
cd25657520069786f4085c0f12813cdc,e02d1acde68fc554aee0e2913c3179d0,4,,Satisfatório todo o processo de compras e entrega do produto.,2017-12-01 00:00:00,2017-12-02 00:40:24
7648afb6b9e4d33ba6ade17458aa723c,90674f59a21207f91a7387785c66f340,5,,,2018-08-26 00:00:00,2018-08-27 11:34:08
d4d3a5620de0c6b0e790f4f6d3067daf,7bbb2b4fd60b56329b20353470ec4080,4,,,2017-11-17 00:00:00,2017-11-17 17:30:51
5320c1c32b1a619f29ea702ef488fa12,f4a954736e0e556f4caaf426f1028ce6,5,,,2017-05-26 00:00:00,2017-05-27 22:01:34
b41ba37f474151feea29f716ac47a9b9,1f151cb71f4f48164123b34c0b753ddf,4,,Recibi antes da data prevista ,2017-10-27 00:00:00,2017-10-28 21:33:00
87e7fedb5d7c7b2aa993be63c04f6358,c50c2e8e1b1c816c419c308b30e0420c,5,,Adorei o produto excelente qualidade.A entrega foi bem antes do prazo amei.Obrigado a todos da equipe do choptaime Deus abençoe a todos beijos.,2017-08-19 00:00:00,2017-08-23 00:37:15
caefc6e1cda4201f3ee2cecda0ce2f11,b6f5d41c260425b5a3d5919bcb1ad8d8,5,,"bom serviço
ainda estou sperando a tinta preta que nao chegou",2018-01-26 00:00:00,2018-01-26 21:51:16
3025cb1862c20728fbf32b9866748b97,fe8c0bf415cf9f05b4f32539a80f83fa,5,,"Produto chegou em duas entregas, ambas dentro do prazo.",2017-09-29 00:00:00,2017-09-30 13:37:44
9f98c17fd117aef60d72f3f94338232e,5e0ff060a686922559e33f8dbe998e41,5,,,2018-08-14 00:00:00,2018-08-17 00:38:22
7fda844923c715fed499ec4b7647c5e9,5e73c84a4d8bfcb7f5f1aca946e843c7,4,,"Recomendo, produto entregue antes do prazo.",2017-07-30 00:00:00,2017-07-31 10:48:36
5ad9e67d383e2f3daa1752d4725d08e7,f8e373563d5e03306b7080b3c467f0ac,4,,,2018-03-29 00:00:00,2018-03-30 01:14:50
d00218cc10de7cdaa837674ac2e04e26,b31eac1961980ead26d0df38911ac5e6,5,,,2017-10-03 00:00:00,2017-10-05 18:03:33
5a326757ea6367a9f9b0327c6453ea1e,e61eef70c6a825396525e3f3d9a82ec9,5,,,2018-06-20 00:00:00,2018-06-20 21:49:30
dac4a9309735878ff6a2057c63ea8eda,b6e63e74aff84a068fdc1b41e9ac29ea,3,,,2018-08-09 00:00:00,2018-08-09 14:07:45
e0a3c5ef82be25048f998dba7a7f9c5f,c8d355d9b0027d16b4f22804df2bbc2d,1,,,2017-03-31 00:00:00,2017-03-31 10:15:32
45d6e28820f47f75d7c74ff3def8e1da,bfe3860674d71c4a8693185caa8b2c65,5,,,2018-05-04 00:00:00,2018-05-12 03:34:55
5b41e9c6fddf3ae19b1d81ab669d781e,9bb19b2b2a14bfd567fa37c747c6dc96,5,,,2017-11-11 00:00:00,2017-11-13 02:33:53
dce234af5a3ddc21eee3fccc37e59e1c,072d14a6096a0b4e29e3e2d6f11f58fa,5,,Adorei! Muito prática!,2018-04-07 00:00:00,2018-04-08 04:26:20
3ce522e88d2b60663ddccf7a4172e5ca,19c12787aa9334d1ccac97bfab56e576,4,,Produto muito legal e bom acabamento,2018-08-21 00:00:00,2018-08-22 12:30:20
74023ce56175fb0a42e2225d5f2f9095,807c258c31674da775e91946b8c5bf7d,5,,,2018-08-18 00:00:00,2018-08-19 11:10:06
596a7d3e704ae30311acfd0a3d26ccb4,9d96a9e98c3d858bd5671f4063710829,4,,Até o momento a lojas lannister tem atendidos aos meus pedidos corretamente empresa confiavel.,2017-06-28 00:00:00,2017-06-29 02:25:07
f01434fcfbd9fe34e387e59cbc225204,bbd5320df89920817b0cc073770a9c8f,4,,,2018-01-19 00:00:00,2018-01-22 11:02:09
f3f36028004f1a5fc9d43de58d866211,5b26d9049a86fab0a83280e17de710ee,4,,,2017-10-28 00:00:00,2017-10-30 12:34:25
2015549a3e9abdcd312271e320e5e261,17eba629ec542978d1ea929d473d4f19,1,,Recebi o filtro todo quebrado,2017-02-15 00:00:00,2017-02-18 18:53:03
11a4141047098ca8879a6fcba72869d6,387620ec766797a584b7e92a41daad5f,5,,,2017-08-30 00:00:00,2017-09-04 20:58:30
d63a252caa994ac55c868bddb860096d,5c6972bc5c283af10fb784b857ce63ff,3,,,2017-08-16 00:00:00,2017-08-18 14:39:52
14db7692906aab1f0744b382d0c58b1c,4c1bccb42ff068a53ac02ad1109be5fe,5,,Fiquei MT feliz por ter comprado nesse site e de confiança . ,2018-01-17 00:00:00,2018-01-18 03:05:22
1de7510820e24f2c3215ab260e9878db,c38d701768413a3f8569e83aac1a3179,4,,,2018-08-02 00:00:00,2018-08-02 21:26:48
86788dd2f0472ea4fbbcbe0daf10e267,f014aa85d8f495d824d120e9035faacb,4,,,2018-04-12 00:00:00,2018-04-14 20:59:33
0702042c521c275c7f4271a8301f9d2b,044e7b17d9488e54fc8417df5289f503,5,,,2018-04-26 00:00:00,2018-04-27 02:44:43
750e5c916bd2f3cf92da04981a5c9cc5,f7adb52b8785594c7e357054489e371a,5,,Ótimo produto vou volta a compra ,2018-04-19 00:00:00,2018-04-19 22:11:16
bd021c8c9a0275d9afd9d0cc07e00200,65d9b3fd87de7509d12d3cd45c661269,5,,,2017-05-23 00:00:00,2017-05-24 11:13:01
c54ac931f928fdd6cb3954bf5bba5032,ddfa1e68bf845862d55c2616b5ca20ce,5,,,2018-08-07 00:00:00,2018-08-08 18:36:38
b895773249dcac4e1898e52367c4e2a1,9699c01a896c01b9cb591cdd6ad1adc3,5,,,2017-06-24 00:00:00,2017-06-27 12:31:48
1e203dc62ac8a3d45d787fd709fb9914,7b34b9075e576d1d26171c4772f70557,5,,,2017-11-23 00:00:00,2017-11-24 11:08:23
8839ae72e97099ff10cf6e91185f65a6,03484f6953887cd37a7974b52f3107f4,4,,Acho que deveria vir com manual de instruções de uso..,2018-03-10 00:00:00,2018-03-11 15:32:43
0ced9792c705d254a615f28ee7e1e6d0,1762d5c6c1f5efce31b1d21339212730,5,,,2018-02-02 00:00:00,2018-06-01 12:50:03
91398c8ec97e418bc54d760741f3936e,f0bfdaee5a30958776a78ce4e83a674e,5,,,2017-12-16 00:00:00,2017-12-17 10:49:49
ba276b2d44a3a8d1a0f96e6213c5b421,ab2789e683e9edeb0f07462e642c5ad4,3,,"Talvez devido a greve dos caminhoneiros, ate agora nao recebi o produto.",2018-06-03 00:00:00,2018-06-03 21:25:04
d4938f8d35c60f1b6f935252cd6d9ca7,47252c5b9ec88c714460e3e34fb08d5d,5,Recomendo ,Nota 10,2018-06-30 00:00:00,2018-06-30 10:37:13
c7f87e2ec75ba83ce2d541e663287404,1ecf7a9583c0f92f07515fcd970004f2,5,Ótimo,Bons produtos e a entrega fantástica,2018-08-04 00:00:00,2018-08-04 23:12:49
6861b81c2c6969d4b6eb4bb3094c8dab,da9409a419597e4d2a671193c8dd6095,5,,,2017-08-24 00:00:00,2017-08-26 16:40:13
f9fa15be4256577e89e0dec0b093126d,02a9c0d24428f373731752bcc9719ebe,1,,Comprei bem adiantado pois era o presente de aniversário do meu sobrinho e não chegou a loja entreou em contato apenas 1 vez e não me respondeu mais. ,2017-07-06 00:00:00,2017-07-06 10:29:36
a87510bca8c6fd395ad21cb846d9711d,fa302aa67b18a98eb824a928fb3e53ba,3,,,2018-03-02 00:00:00,2018-03-03 02:37:03
f01aaa0150e499f0c268f8efc9d2182f,3d34e2eec4245acada65a41a949f2568,1,Recebi apenas 1,Comprei 2 e recebi apenas 1 unidade do produto. Não veio nenhum comunicado ou justificativa. Aguardo regularização da situação.,2018-06-20 00:00:00,2018-06-21 15:37:26
bc6712bf3fbdc7f389144759fe001360,c9e3d29ede6d60999c59c8626757ec6c,5,,,2018-07-10 00:00:00,2018-07-13 18:16:45
d5b767fb13422a76c95db443cbcfc0d5,7ad12b91a27a5b94bdd5a1f444d29783,4,,,2018-03-04 00:00:00,2018-03-04 13:16:03
83aeb283c78b04ba95603be7bdb535b5,520511b04850b7b40c753fb70aca7bcb,5,,"Lindo modelo, entregue adiantado...muito bom!",2018-04-18 00:00:00,2018-04-23 17:16:36
9fa707f7e2c69e301be475cb5266cb30,9707e5dd2b32ab5cc39155a27eb3d0ec,3,,"Infelizmente não tenho como avaliar pois não sei se o atraso na entrega foi culpa do vendedor ou dos correios, acho que as lojas tem que procurar outra alternativa além dos correios.",2018-03-17 00:00:00,2018-03-19 09:57:52
955d622a9f2808725bf777b546818d78,1e906c082a3aa57596a2fa25a7e6cf25,5,,,2018-03-17 00:00:00,2018-03-19 12:27:52
1cf8a9e61e0fa6b28d3d26f421575123,139c61b5e6e119e1363bf3b6c1fdf598,5,,,2018-05-24 00:00:00,2018-05-24 18:53:38
5318f1b9dfc87184456d00e584197bba,e573bcbd71e063eb151e44500cd89360,1,,,2018-03-25 00:00:00,2018-03-25 13:02:22
0a6dbec0272f0530e4c2877f1768bb97,ef09e0c5ee546ca303e96e3fe4c0c435,4,,,2018-03-29 00:00:00,2018-03-30 00:45:10
291f034706003359547ec7dcd1df3756,181f3a2409fbfd9640a4e017c3b9971f,5,Ótimo,,2018-07-05 00:00:00,2018-07-05 18:44:25
371ce1acce42e66850c4860d3bf1d4fb,3568894fa3afedc367d3a4816983dceb,5,,,2017-02-10 00:00:00,2017-02-11 16:29:05
73327c964dbddf9363a6d626a04d8fd9,ab348b95012031ab6a86594395ad47e1,4,,,2018-08-18 00:00:00,2018-08-18 09:01:15
f91af7e73fdd3f4ced59bd5252853298,95e6954a7dcbdd1a6efe5fd1ce397ba0,5,,,2018-07-25 00:00:00,2018-07-26 02:50:50
814ab5ed4867b5ae305a711ea72543f6,ec61362ddd74b12ee8f72f43752044f8,5,,,2018-01-23 00:00:00,2018-01-25 22:49:54
d8bc2f26a348e105a5149df147639606,3322def88876cefd455c98956089a062,5,Excelente,,2018-07-13 00:00:00,2018-07-14 04:27:48
4d3ce901d422674bbd2e1f228aec8c94,d190d15996631437cb3efddfa547aba9,5,,,2017-07-13 00:00:00,2017-07-19 12:49:59
d4dd913f5b9cdc2cf3358dad42d5aee7,c2f32abcd402889b6cb0bcb5847340af,5,,"só estou aguardando o outro controle remoto que é o da Claro Livre, ainda não chegou.",2018-01-04 00:00:00,2018-01-05 17:28:31
425247fdb1b3927c047f55beb440224d,a6ea59851ffee8cb73761179fc7bcb6c,5,,Tudo conforme o combinado ,2017-12-16 00:00:00,2017-12-19 01:06:20
3c2f6228b4b7c7fc6b3230f8628a9986,cfeaf2d533a561edf1924cce57d35cfd,5,,,2017-10-28 00:00:00,2017-10-29 09:54:02
961f4bc31860d76ea71906242730bada,60829fc61d953ee429eba3f03c9b252d,4,,Bom venderdor foi tudo entregue com forme o que eu esperava.,2018-01-30 00:00:00,2018-02-04 23:44:00
4c624a46623c54610530f6cd101f9d5c,44437f0cd12aae191555f66ce8dc2d5f,3,,,2017-10-31 00:00:00,2017-11-03 03:59:27
f755307b1091b2966bbab504d3c3c377,6448b940e7bdf635ae69dca1b81077bc,5,,,2017-05-18 00:00:00,2017-05-19 15:58:02
443c82ea0b12bdc4457a22f859e0ea24,ad2a607cb972296b63c687849e21dd34,2,,,2018-04-21 00:00:00,2018-04-21 03:50:29
3cc6eba3d45803176f97d04ab652a494,ef303518c213c484b45e3cd59f745bbd,4,,,2018-06-30 00:00:00,2018-07-01 12:18:58
3d5feea08877091be2ca9fb2d6f8bda9,4aeb09d2415c840cd427f9b0e5dabfb6,3,,"O produto não tem a mesma qualidade dos da casa e conforto, é regular.",2017-07-19 00:00:00,2017-07-22 15:02:08
f0384a5fbc4e46b4b5533dd9ae41b368,98fdd250e01c66e91a1a2632a6445039,5,,"Produto entregue antes do prazo! Atendeu todas as minhas expectativas.
Super recomendo. ",2017-12-19 00:00:00,2017-12-22 02:23:21
7dd498082a9b42b4fe2d85129e92380a,1c4b050b03674a68df8780c156a1e117,2,NÃO GOSTEI DA COR ,Não é da cor do anuncio. Ele é cor de rosa. Não gostei. ,2018-07-06 00:00:00,2018-07-08 21:18:32
9baf380d88f1dcca8a448e22d0eae55a,cd05165a846200165f408aac54408021,5,,,2018-05-08 00:00:00,2018-05-14 10:48:43
a01bb67d15cb11c469671e59ac2b7741,63d1268ad5a270923a280206fb76bc55,3,,"o produto é de boa qualidade, pelo preço que paguei. 
Sim eu recomendo a loja, entregaram antes do prazo definido.",2017-04-28 00:00:00,2017-04-28 21:43:01
26cc3fd93bb6aa8d2ad041b11ab68ed9,9d85f63ebf2543ff0cb9d3a3bdd7ead8,2,,,2018-07-31 00:00:00,2018-08-05 18:04:34
444b35bd73223d762116e66eaf07b7df,941d8ea654e3550842584075b13918ef,5,,Como sempre nunca tive problemas em comprar no stark.,2017-07-05 00:00:00,2017-07-05 23:21:46
a5d50d016d191a62ddf7f3aab54022f6,28b6917cb6d7f6fe0540986342ec6866,5,Muito boa compra,"Boa qualidade, chegou mais de uma semana antes do prazo, até agora não deu qualquer problema.",2018-08-08 00:00:00,2018-08-10 01:00:19
30db776c838bab79380fd706a0da24ef,ca836e631fd3b9408c19cf18ee331e08,3,,O site não informou que os cartuchos da impressora HP que comprei eram remanufaturados. Pensei que estava comprando o produto novo original. ,2018-04-14 00:00:00,2018-04-15 13:54:30
04b1f94055bca5b064c3b91410f6eb14,9fd3d5bb20296499ef3fbcaa4db31c39,1,,,2018-03-22 00:00:00,2018-03-22 10:25:28
c27d9a3a8db52c97e433d8075d3987fd,c3e32e69bba7c640697cc4ac19936113,4,,,2017-12-27 00:00:00,2017-12-28 18:00:27
6f3ae5a43a1ce5f0c23a640be902525c,281a4e1ef3ab9d256027ddd2db90c762,4,,"A entrega foi rápida, porém a tampa de uma panela veio cortada. Preciso que façam a troca.",2017-02-04 00:00:00,2017-02-06 13:28:49
66eed270deee3147900b704ad48a0576,23941956ac5ebb846fc41ddbf76e7ccc,5,recomendo,"Veio até gamão, que não falava na descrição, fiquei feliz. O único porém é que o desenho do tabuleiro de xadrez é colado e não pintado.",2018-07-26 00:00:00,2018-07-29 15:36:53
ec2f5c6e053a85e84301b3369f79ef8c,b56bcbb57a9be94114e2dfb18399193e,4,,,2018-08-04 00:00:00,2018-08-04 19:50:33
33ad9fd74ba7ca66f1aa91875cd404d5,786cae661e4ef4209fe7721d5b85cc7e,1,,Infelizmente não! A qualidade do produto não agradou.Impressão da foto em exposição remete a um tamanho maior e a recebida sequer atende a uma criança. PRODUTO NÃO JUSTIFICA O VALOR INFELIZMENTE!,2018-05-17 00:00:00,2018-05-28 01:10:54
20a002047e47a4ab4ba47d958ea161f2,0b30e59b6e985ef789c83d08753d59aa,1,,,2017-10-11 00:00:00,2017-10-14 11:38:59
cd8e4b22211a0c49733a1eeb475f7deb,64065ff7503353586b3dacf9aec56ae7,5,,"chegou no prazo, tudo certo. ainda noa instalei mas a principio tudo ok com o produto",2018-01-19 00:00:00,2018-01-23 20:20:53
6666d0fe60543025207c2b0abd2f8b71,37732eb932f8b2b2b3d7cef77833eec1,5,,,2017-11-09 00:00:00,2017-11-12 00:01:42
15125faa2a4e35ad704543e27587cbc8,50450e6dcc1a32535adfec1b01e88659,4,,"Produto entregue muito antes do previsto, funciona bem, brinquedo bonito.",2017-09-05 00:00:00,2017-09-05 14:05:11
1b06d82d948ab8da15b8ff5145d10cd9,891ba4502e28c6f12a1413e7b915c15d,5,,,2017-07-27 00:00:00,2017-07-28 13:06:46
6885703cd39b437e51167b58378fd077,416bffd2b6f30043b4c631f9109782f3,1,,,2018-03-11 00:00:00,2018-03-12 09:29:57
a6a0d0c32c1176ad3c98a230e63deac6,0f914d0786d04db3fe3dfb23cfe60aeb,4,,,2017-12-20 00:00:00,2017-12-21 00:56:39
7865f3c8fa3131810c8237c128859f97,fe59965bfbf484aee4f2503efbd933d6,2,,Recebi o produto mas não consegui usar não liga ,2017-12-19 00:00:00,2017-12-20 00:57:42
1469094a67d3fdc2e0a9ec33b2722c93,4066e404b7be2a4a7331bc62da6fdbeb,3,,,2017-08-22 00:00:00,2017-08-22 19:38:29
9c3a29ac6f96fd1978cf55114344d488,e9cd104dfc8837e084c067292c013b0a,4,,,2017-02-03 00:00:00,2017-02-04 12:22:54
f5672c2a4b864828075dd5d932bf375f,8772c5e10262ef05600e102a05de7eaf,5,,Produto entregue super rápido e atendeu as expectativas.,2018-03-24 00:00:00,2018-03-25 21:44:02
e6821d8ba3d5705ac38938d230a1b322,2050ad559df86365b2d2a824640af4a1,5,,Muito bom chegou bem antes do prazo,2017-03-08 00:00:00,2017-03-09 19:08:55
ba6c65519e0369dc9f73dcea58c93e11,c6d494c8b8f23ab293d35084ce4babd1,4,,,2018-05-15 00:00:00,2018-05-16 00:05:01
6ec9e09aade8909180b60b991f3583d8,af92012b9c9ebac7f18b1a219e2474fc,5,,,2017-05-08 00:00:00,2017-05-08 21:24:36
ef035a9f17c1a8d496e8661f350e5301,ad2e046d1a59ee49ddf9ae258360b81b,5,10,Muito rápido ,2018-08-24 00:00:00,2018-08-26 12:30:59
684a4d53332560c5075f0995e64306a3,c195e207709acb5b45f5b8d6e67899e3,4,,,2018-05-11 00:00:00,2018-05-12 17:33:50
14bd0f4bea843699f4da3b65e10cccae,bca23b0c0c24178fcf6fb1838fadbe86,4,,"Entregue antes do prazo, frete mais caro que o da lannister.
Parece muito bom, as primeiras pedaladas deram impressão muito boa.
Não veio manual de instrução, porém a montagem foi fácil e intuitiv",2017-06-20 00:00:00,2017-06-23 17:14:12
be8f7f0526945b22a31163c492610f5b,e9525d74abc05d22ffa3059164adb967,5,,,2018-07-28 00:00:00,2018-08-01 23:12:54
9c8f926c672fc458431e32d4286d514b,3a096d99346df2d6c043165967ff011d,5,,,2018-06-21 00:00:00,2018-06-23 18:32:53
71fb359abec653b4a46447da1dd98f83,a96d80130c5b0907958c4cfeadb4bb8e,5,,Excelente comora amei eu recomendo,2017-08-23 00:00:00,2017-08-26 11:54:15
8dd097f13b6ed614418efa388f5d9e41,55c9cfabdee5ea72c34f3861da9e817f,5,,"Recomendo esse produto! 
Ótima qualidade ",2018-03-24 00:00:00,2018-03-26 19:36:03
261a4cc33af4c25d4bbf1c6d53594b5e,c7334d7e05d30a59be01b74a71a53b9a,5,,,2018-01-20 00:00:00,2018-01-23 01:09:26
67052479a4fa1afe0669b74c802bdf94,bfbf45695ada6f6c2b2bbf14d224aeb1,1,,"A LOJA ME ENTREGOU UM RELÓGIO COM DEFEITO. ATRASA QUATRO HORAS, ISSO QUANDO NÃO PÁRA. DETALHE: O PROBLEMA NÃO É A BATERIA. QUERO MEU DINHEIRO DE VOLTA. ATÉ AGORA SÓ ME ENVIARAM E-MAILS. SOLUÇÃO NAD",2017-10-12 00:00:00,2017-10-17 10:41:44
fa6debfa072d4fabb741bd231de7ae05,218bc576cc67d1b76c855f861eb24bcd,4,,,2018-04-21 00:00:00,2018-04-21 21:59:22
8213d8e0dbcbc9edb8ca725575e6bf8f,d776b075b96169ae9e7c789eeb991435,1,,,2018-04-25 00:00:00,2018-04-25 19:26:32
9b17e39fcadd3432739e4423dd777c91,6b71838c4be9dce33810de87c333e365,3,,,2018-01-19 00:00:00,2018-01-20 00:51:51
85115810e3c998f60b3acd3d44dc72c8,6bb1e842418aac0c9c820afd3bb63a2d,4,,Prático!,2018-03-06 00:00:00,2018-03-07 02:21:43
ef91d9cab214449079a3d4d759d7be12,5156f62d18510bbdc946ebbe9846a6d4,1,,,2017-08-18 00:00:00,2017-08-19 03:40:36
7393aa30bb4b3c4ce2353c6f8b2a4b67,d5e9734f54e05a41246389d38b732a51,4,Indico,Cumpriu prazo e produto correto.,2018-07-03 00:00:00,2018-07-03 23:57:09
3f7ce886a3d162ea50d1ddba31c097b9,83351d37493926bef518c18c8ece3a9f,4,,,2018-08-02 00:00:00,2018-08-05 22:31:46
a7081cf8d6955b74879f8a024e971615,f774c1e75cb8cc6d1d8a30c56d16bcda,4,Recomendo,entrega bem rapida,2018-08-30 00:00:00,2018-08-31 13:55:24
d6c25339c2eb246c83d50a71fd10db27,9f226854839600f3e70c4faeb94e8790,3,,,2017-12-01 00:00:00,2017-12-04 11:29:45
24640980006a075ba741e747e22d1b96,d95df03babee2bdc78de99d217ee867a,5,Otimo,Otimo,2018-05-08 00:00:00,2018-05-10 12:46:58
5064c5d9a6aa9066387ad0209be2a14b,c90d12e5994094efc0ee48807d875750,5,,Ótimo produto ,2018-04-24 00:00:00,2018-04-25 16:29:27
c8f2e48b848a6a7d41d21f25e1bc6e17,06c9818464bb97d2f13568dd66e904a9,3,,"veio ate rapido porem nao veio com nemguma protecao na embalagem,veio a prenca seca na caixa sem nada pra ela nao bater ou pra nao machucar algum componente.",2018-02-22 00:00:00,2018-02-22 13:39:04
76ab684bbea5e946bdbb353bcba2da6a,64a58e424494f1f8ed5895885b9dfe16,1,,"Foi cancelado o produto, pois venderam algo que não tem em estoque. ",2017-11-05 00:00:00,2017-11-05 11:27:16
ee23f96c6ae0babfe97073e0d3e0251f,0c5c8063a673f3c44b6499053e534ccb,5,,"Entrega antes do prazo, continuarei a comprar.",2018-01-18 00:00:00,2018-01-18 21:48:43
ae0c4bea81f7dda866bd1ba12d235213,39d0bd05538b0d573193744390e86223,1,,"Já paguei faz tempo, estou precisando é ainda não recebi os produtos ",2018-03-24 00:00:00,2018-03-24 11:04:49
e730313e308d7abe064a7e021ceb0b79,74174e09b0021ebfcb7b5e9d115910b6,5,,,2017-11-24 00:00:00,2017-11-25 01:07:10
9f8cbba836277cd295eb0e33792cf8d9,98e5161ba292a2032d586ecc01ac0c87,5,,,2017-11-28 00:00:00,2017-11-29 03:11:31
67b7a3f8ea5d2deb1a2e2f19aa808367,66797603772acb9fffb18082921fd797,4,,,2017-05-23 00:00:00,2017-05-24 15:21:20
2fbbb061daeb8929bae94706dcb84a03,4f1a1c6f6fbca0d084e77e3f74b37cf6,5,,,2018-08-18 00:00:00,2018-08-23 11:04:59
9ec4d9e3117f57e3a18d7040d2f21e50,071be1c98f3a6f467d8e472d94350db8,5,,,2018-08-14 00:00:00,2018-09-09 21:52:44
b6c9565c06495920dacb0633c3389568,e4eefb7df8e2eb496136dd767d0bf1f0,4,,,2018-04-04 00:00:00,2018-04-16 13:48:19
db16f87396ebdcc02a54286f34fe1d5e,b33c9bb2caa1d2b9f219b70f6dba7dce,5,,MUITO BOA..,2018-08-31 00:00:00,2018-09-03 17:54:17
caabd9fb66b44a2b510ebe0d1d45b02d,c0fce857f05e1c89cb59512a02dc3280,5,,,2017-06-23 00:00:00,2017-06-26 00:40:10
4c170ba22fa1625f080f86e69b23de8b,b8512e5445d526141e361139d1cbbace,5,,,2017-06-02 00:00:00,2017-06-05 14:07:06
4bb4d18a935118a0e285167145bfe62d,a3b803010363e5ad20664a8853b1056d,5,,,2018-06-29 00:00:00,2018-06-30 14:33:58
3184bd08698a76aa0840969f09f5a018,54df3693869c9e8423b07e0287194059,5,,,2017-09-29 00:00:00,2017-11-15 14:36:07
c5ea98f342e2dee4006a5768ba737caf,6192bdc9139ad21eb4e63055f1a7c8ce,4,,"EU RECEBI BEM ANTES DO PRAZO, 
MAS INFELISMENTE VEIO OUTRO PRODUTO ",2017-07-25 00:00:00,2017-07-25 23:32:05
77bfe4bdc0cd1d42f8354ae9231897e3,98974b076b01553d49ee6467905675a7,1,,O prazo de entrega muito maior que concorrentes - mais de TRINTA DIAS,2016-11-18 00:00:00,2016-11-18 22:06:05
c58fb27d2b2819f34aa3bb41843af9e4,d798a6f2eef74e8cd33a5c79db6a316c,5,,,2017-10-15 01:00:00,2017-10-15 21:05:48
333c8710548ff5bf8a01be5cce1b25cd,2e4d78cc067d04eaaf791ecbfb2bc3ce,5,,,2018-04-18 00:00:00,2018-04-19 08:53:44
46265408a27462346616833dd2816aaa,85179ceed927a62fa1fe00697a17dd5e,5,,Sem nada a acrescentar.,2017-10-12 00:00:00,2017-10-12 22:46:23
a01e7a219790c5e6963329a5138e93c4,1aef7a15aff34d2305b0e6994acd680b,1,Cor do produto errada ,"Muita falta de atenção, pedi as toalhas pretas e vieram brancas. ",2018-06-30 00:00:00,2018-07-03 10:18:21
e08c2a1e7d35def7dd5b0b054ccfd474,3891b49649a70373bb5e93414f86c525,2,,,2017-06-29 00:00:00,2017-07-03 11:32:12
4d53a4377a27963a896c014922104538,9f10c0ea65a77a1a730fee1bd83c6ace,3,,,2017-11-22 00:00:00,2017-11-23 20:40:46
ff346ea41982e73474510eadbda3f356,04778abaab7b4bdfb0abb1110f1eba52,5,,,2018-05-15 00:00:00,2018-05-20 20:59:22
6cf37d4d7b57b40e76c160adfeded390,f7304a98cc4161f1b8e3e05fdfb6b644,5,,Chegou antes do prazo.,2018-01-12 00:00:00,2018-01-13 00:59:42
44c4c67a04a0bab9d7d0529c8365466f,268611f7d2f0106b616e88e532e05a2b,5,,,2017-12-10 00:00:00,2017-12-10 21:16:31
a2aae0d4096b9881cd525860f9ff0556,34713a7c57fc2cc3f40a0ed057046b70,5,,"muito rápido e todas as informações estão claras o tempo todo do processo de compra e venda.
obrigada",2017-11-24 00:00:00,2018-01-07 21:14:39
f01ae2bf3733ad785623cb94db0d4cb1,d147b8649ff39d53cabf136b36c79a13,5,,Muito rápida entrega,2018-05-04 00:00:00,2018-05-05 13:53:04
7ce43134cd68a0f9c3ac301eedb46fd6,4dcbd5ebfc13eef35e0fcb0ca1c2807e,1,,FICAMOS ESPERANDO UMA ENCOMENDA PAGA QUE NUNCA CHEGOU E AINDA NÃO FOI EXTORNADO O VALOR DA COMPRA,2017-11-09 00:00:00,2017-11-14 18:39:14
00e11f2a281c02e732335ba10fdfb924,6ea1fb8b83a7703077033993d1bdc5fc,4,,,2017-05-24 00:00:00,2017-05-26 05:36:31
00eb718f8b71a61b99580b4201d7aac5,f3ab2cdf3ea55d54d480a91a967bb501,1,Produto quebrado,,2018-08-15 00:00:00,2018-08-16 14:34:21
4d037907a9f29876bb812f3c9b4557ea,59229a140708a54d8e3a52865dd924eb,3,,,2017-06-01 00:00:00,2017-06-04 00:10:57
e5bc2f12575d179c6b73c3cb307adcfd,304c4a8ef20139552992b5377ef4a113,5,,"Recebi o produto muito antes do prazo, gostei do relógio! Parabéns!!! ",2017-08-17 00:00:00,2017-08-20 14:34:36
3a5b052de282aae55702a7d4096fb8be,3d5b009657b66f53072a0c50aae31aaa,5,,,2017-05-10 00:00:00,2017-05-11 11:10:26
970f50a599c1fa87d8bcaf649148997e,5384eba8f22866695801e33c6dc25745,4,,Produtos conforme descrição do anúncio. Qualidade satisfatória.,2017-03-29 00:00:00,2017-03-30 16:04:41
52ff4be3f0eb40263e7f4eca3efa639d,64d6282bba1a1c015acbdcacca391253,4,,Único problema foi no ato da entrega onde o produto chegou no destino é voltou ao remetente por falta de comunicação.,2017-06-06 00:00:00,2017-06-08 11:48:18
b120ce3affed787e3e8705f9a8078e63,5bc488a3de801a774218a89c00b5db30,5,,,2018-06-21 00:00:00,2018-06-30 21:23:33
3a915189f485b2d7be05e89ead82a731,60566939937556f587e9c32e761f794b,3,,,2017-10-08 00:00:00,2017-10-08 14:14:53
657d04dd710269b06d3bccb71ca6be39,4e7a31bc83274853a6cc6c41c0193830,5,,,2018-04-10 00:00:00,2018-04-18 22:50:43
15d7a079070dabb9e47dbe249cfb2116,fb98d749a39a0e47d64ec1e9cf90bb10,4,,,2017-12-22 00:00:00,2017-12-22 23:04:55
0a8d2bae55d874f44cd4c187d871776f,ce86f3b70e7bb8cd539eaed55e3553f5,5,Ótima ,,2018-07-25 00:00:00,2018-07-26 22:15:27
9d1ba7e685b40951ff6a3076a9215070,1515cf99add38d4baa19a14346e25b31,5,,,2018-01-26 00:00:00,2018-01-27 00:34:16
61c6bbaed1b637e2744ea8d6f8d7d5a8,1de9d329321f8409b42988e45098e13e,4,,,2018-02-24 00:00:00,2018-02-24 22:37:14
dfc811b51d5cb7a3e3f952b9c9066bc8,31f2497110f1ac4723c65060cd81dd92,1,Produto chinês ,"Propaganda enganosa de produto chinês. Não vale 50%do valor cobrado. Não é impermeável, não tem couro na composição.",2018-05-17 00:00:00,2018-05-20 20:35:56
e3d42dfaeb335779062f4d26cf7ef166,4aef3f299b3b56a9e29adf7362dfc3f4,5,,"Produto de ótima qualidade, entregue dentro do prazo. Gostei muito. ",2018-01-27 00:00:00,2018-01-29 18:06:40
fe50fa72453915c43107572039605876,1466219eb36318493e16297ec7a2d87a,4,,,2017-06-15 00:00:00,2017-06-16 17:04:19
89a7f41ffd4918a9a2a648de5764d995,4a6c07557205c5dbdeae7e289af5c1c6,1,,"Não recebi o produto até agora
",2017-12-24 00:00:00,2017-12-28 00:00:58
5a938aee83592016ffd28b9ded3fa935,1b39d154e72f232a67b97d1d2545d527,4,Embalagem Danificada,"Apesar da entrega dentro do prazo, a embalagem estava levemente danificada.",2018-06-05 00:00:00,2018-06-06 02:26:42
48c782b3e233f6c5bf38e900091d9c5b,7994bcffb9f5d5a702c9fc4f08cca8a9,5,,,2017-06-15 00:00:00,2017-06-15 23:11:51
2ff0286c52660a9ff327596f4d2b4012,b746658c30926e5a7987154c9a981552,5,,,2017-08-25 00:00:00,2017-08-26 20:43:43
21203d3ac87afbfad813270eddfce9d6,1724ccd8176515fc4b2676226b895ea1,1,,,2018-08-30 00:00:00,2018-08-30 17:58:34
bc3dc38cf30dff00fa22f83bec615b4a,3adbc4c0f5c6605824498eeb960d0855,5,,,2017-06-06 00:00:00,2017-06-09 11:22:21
71e04827e55772b26a318525ad8d08c7,1d69f6b3dd0fc384483cfb2560d8a6a4,5,,,2017-08-12 00:00:00,2017-08-14 23:42:14
f7fdcac4c24a4de5166bc34effd493b0,55b653f93de6e994b6dda90f615c7a8f,5,Muito Bom,Muito Bom,2018-05-05 00:00:00,2018-05-29 19:42:45
77fa2ee2f9ee33a977d57359a5d6be8f,11b1470a79108e6d6dde223c40bf2c4d,5,Muito satisfeita!!!,Vcs estao de parabens pelo excelente atendimento!,2018-07-12 00:00:00,2018-07-13 05:36:58
e38a846ce9194a5ab5c0cbd80ee507c7,997972977f4f622407b3d9125eeffd46,5,,,2018-02-06 00:00:00,2018-02-07 00:00:32
ac8881c8d53a2f69af91eceee88b25ac,9e4b90eef41ed5a85e2e2f8bef415075,4,,,2018-04-08 00:00:00,2018-04-09 11:28:10
d5346a5b8665ad1139f2d7384498731f,0b9bb234d95f41600497d59b42087c39,5,Recomendo,Chegou antes do prazo e ainda veio um brinde,2018-08-30 00:00:00,2018-09-03 12:29:44
972029d81c1fb4d5dc5b8aa24f95048e,2f7e28557591670c3bafadee171c72b0,4,,,2017-10-25 00:00:00,2017-10-25 16:29:09
53d65387b51749918fdca816ff00ebed,3d7d095c15be6f2b4618459d23e072cd,5,,,2017-05-05 00:00:00,2017-05-07 21:32:31
ee6e868f097bd98729f8fa32f72682b8,697fd318644f987187c9cde4ab05bb67,5,,,2018-08-08 00:00:00,2018-08-08 12:05:42
a7f4b78aeb69e8d2e7d84584337cd293,beb200af87856babdcd5d936fa928d41,4,,,2018-05-08 00:00:00,2018-05-11 23:08:04
ebcdc9fc23f914fdd2eeb7009372494e,5b939ecc014a32ab25d16b70ffdb0426,5,,,2017-07-12 00:00:00,2017-07-22 07:49:57
a9b82d51bd16f09a3fd6c2fe9f4d2ed7,15c2d2803c9a7a4ba8f528a65814848d,5,,,2018-05-01 00:00:00,2018-05-02 10:42:29
c36ecb1a732866c7f8b1d108cd7ce763,f3b26a8dbd85e93a90ae813f6d67b2a0,4,,,2017-12-07 00:00:00,2017-12-08 00:50:35
e7fed5e1289e9847a1b7f96bac42643a,134dd47f025f4b13cd82ce9e771800bb,5,,,2017-03-15 00:00:00,2017-03-17 15:38:01
d06e03bbeef1419546cc5c0e2d97a369,2ec97dfd085ac4fe7b1fa12819d9a36c,3,,Sempre comprei nas lannister nunca havia tido problemas na montagem..so que desta vez veio faltando parafusos e porcas para a montagem do meu armario de aço. Fiquei insatisfeita com essa compra.,2017-05-19 00:00:00,2017-05-22 16:12:07
03d0a3be80a38b295d9412ce9b737fab,739bb3840069271e1c2a54f5b485b695,5,,,2017-09-07 00:00:00,2017-09-11 15:19:53
15adf707ac81c7f8b8858abcb850198a,9769371d54296310103ef23ba69b4af2,1,,produto com tecido de ma qualidade...a cor azul era mais cara e nao tem qualidade...tecido mole e nao fica arrumado,2017-10-17 00:00:00,2017-10-17 21:48:05
c9bd464a0db3cb887c8cdd703f9ef740,4208d8402138f772f9c189a1859e1f55,5,,,2017-10-02 00:00:00,2017-10-02 16:49:41
25fd9ec16acfd2a6748abdb224e6e0c4,fd2abbf4e0f632ba709f0059c02da633,1,,,2018-08-15 00:00:00,2018-08-15 16:36:15
503540b75ad8c9d2e80daa71a1073562,f7a1c7b797e20c75f2e3dcec7ff17d22,5,,,2018-08-18 00:00:00,2018-08-21 13:28:47
ae3eaf498640ef8450d280adced31d37,4a7ba6325c33a13c0b278d17d8852b60,5,,,2017-05-31 00:00:00,2017-06-03 19:19:24
9de1d7b0c526c0409dd6d3c2df9042d3,d1d58708c4e171bc6cfc3b36b7c5a798,5,,,2018-06-20 00:00:00,2018-06-23 23:24:36
da95e1f61f20921148b4a9e04b548b6a,1839c69dd9dbf835d82480c05964cbd4,5,,,2018-01-18 00:00:00,2018-01-19 01:43:59
e163696ac7da629d19467b547c1665aa,67f693e898f3412e68ecfa0035a3b0e2,4,,,2018-08-29 00:00:00,2018-08-30 11:37:49
147b25708597b86b84186668cf8b366a,3dcab1487bcd1dbcc6c968fdfe0511fb,2,,Chegou apenas um dos produtos que comprei. ,2018-02-07 00:00:00,2018-02-09 18:29:24
f3301c53c51e67b86d004b4ad93630be,cc20f1526c8c9725da26e2563d40260e,5,,,2017-10-26 00:00:00,2017-10-27 11:35:27
7439cfd12b1197f4a5a3c20169cf4b84,4409a8e68e232a6718d156e93a58f3ec,5,,,2017-12-02 00:00:00,2017-12-02 23:31:40
a0d0aec432154d896dd5590a7b4a3002,e95de39b06926e7e123cb18e3a99dbf7,3,,,2017-12-12 00:00:00,2017-12-14 19:31:31
a19ae505d514a01b1f2a93d3e8d37cf4,70b8fcabbd42bd4e6bb39052dac647d6,5,,,2017-03-23 00:00:00,2017-03-27 10:38:02
597a1669834de01ea8ef4814b379cb0f,33e2ef7baf78f45517589742203e095b,5,,,2018-04-18 00:00:00,2018-04-18 18:25:28
4685172c83c9795de231910df1f815e5,14cccd76360744f54b4d0fad37c12ebb,4,,,2018-05-11 00:00:00,2018-05-15 14:04:51
a2c2f8147d4d8b5a82a2c76d5307dead,b867ed36fe57004358a5c654d886d389,3,Produto entregue,Recomendo,2018-06-20 00:00:00,2018-06-21 03:37:21
4c27507f7dbbc6f5731d13dc2a63eb31,936ed73e77adab4aaaf271bddfef8f09,4,,,2018-03-30 00:00:00,2018-04-17 03:49:40
cb5f0ed35e682f30dc7a6237276ef1fa,0e889e74cffcea6930673d6011321633,5,,"Entrega super rápida, antes do anunciado!!!",2017-12-11 00:00:00,2017-12-11 17:40:10
64d8fb68eda1e6350dcd46ee4f35132a,afe8d7e9dde448bad109d536c3dba7c7,5,,,2017-07-21 00:00:00,2017-07-21 19:32:11
b269f273815a32464dd17c9ea494e4a2,6b5ccf5385890198c54fa97afe4812bc,5,,,2018-02-24 00:00:00,2018-03-02 10:24:36
1d372061a5052f8fcd73eaa8673125fd,76ef2fe6ef1b33ffff4a14e2b49abb9a,4,,Poderia ter chegado mais rápido.,2018-03-08 00:00:00,2018-03-09 10:04:54
0e1054902ada74a718fad1b1463db3fe,08ea0cc26c8036f1c6c510e72f468000,5,,,2018-05-01 00:00:00,2018-05-02 21:16:22
87505bea15bcac1bc2a18577d40ca186,6192897f85cb2aff6dd1fca56fddb45e,1,pedido divergente,comprei um capacete Taurus zareef v3 branco número 58 porém me mandaram um kit de pistão para cg 150 erro grosseiro por parte da loja espero que resolvam logo esse problema pois o capacete é presente ,2018-07-27 00:00:00,2018-07-27 19:00:11
f32e3fce7a0a639018c8e14b5c0aa8e2,c079346814755dff5a0ae3d455a117c1,5,,,2018-02-16 00:00:00,2018-02-16 16:36:42
65bb817eac8390bcaedd5f20bab84de7,20b2b93a5f0525645b5878cb139f8c5c,5,,As entregas do baratheon hoje demoram muito mais que anos atrás.,2018-05-04 00:00:00,2018-05-05 12:29:30
463a74124ca1e5f05d51f081b300ec97,a2c173a8905b6e8f3c6ea83b7d9c6b91,5,,,2017-08-24 00:00:00,2017-08-25 13:26:28
2681a89ec833476bcf943ddb96c914d4,e6572de73e295b8613a4716a3a1f15d6,4,,,2018-03-13 00:00:00,2018-03-14 19:10:58
49dfaa416f08f4982f8f3ad340797a6c,3c404e64aaee40b3b597aafff9795b4a,1,Não recebi o produto,"Cancelei o produto já fez 9 dias e ainda não recebi o dinheiro de volta,ainda esperando o dinheiro caí em minha conta como foi combinado com a loja",2018-05-23 00:00:00,2018-05-23 11:27:15
1a103e71791b46ac155b7da095f079f6,f061e8818fe8193a51388d6773625505,4,bom....4,satisfeito.....,2018-07-21 00:00:00,2018-07-24 12:30:53
b4da8eacb0495dc6f4b705e3c1826dfc,2b86248935bc0815bedf6857267be978,5,Perfeito,Recebi o produto antes do prazo. Excelente mercadoria,2018-08-28 00:00:00,2018-08-29 02:31:11
2667efe841bd3c07d661e81438399dbf,fe421e7d38d622aedc8ca97d58771ea6,4,,Muito bom,2017-05-16 00:00:00,2017-05-17 17:30:35
1d5910e563494ba8fc209a1a79591356,38b85b28d1af68ede15c12548165fb76,5,,,2018-07-03 00:00:00,2018-07-03 23:13:47
3aa59f2b53a935ed8fa3a56ba0adf20e,7c3e71109e904d8e0c8d034456f87eca,5,,"Comprei no fim de Novembro/2017 e a previsão era para 22/12/2017, chegou em 14/12/2017.",2017-12-15 00:00:00,2017-12-15 16:57:23
3fcf982c064fb12e85a5239db027e533,c76aedd9fd59ea0c51535fd72fe97d9a,3,,,2017-12-21 00:00:00,2017-12-24 08:14:27
10dfae7fbb83e7c1ec02aa7c633fcb71,ee491eb103d02acce80f7c5950def51d,5,,,2017-10-19 00:00:00,2017-10-19 20:10:07
00f33dc512350803ade41b2787ad287e,5478595838b69d4f1d19e87ec399eee6,5,,,2017-09-09 00:00:00,2017-09-09 22:44:37
d33073273e2d79d1146432e88a35a16b,e87fe257e39252f5ed241bcb6222d2f7,5,,Agradeço a atenção foi TD perfeito,2017-07-26 00:00:00,2017-07-27 09:34:36
78b492c2bce21e42c1d99e0e580e8b89,dad751910ee8793efe38a28bd04cf1d8,5,Otima,"Entrega rapida 
Produto correto",2018-08-28 00:00:00,2018-08-29 01:55:28
8e0a281ae19baddf031c724ef1e6321d,8f06cc6465925031568537b815f1198d,5,,,2017-11-28 00:00:00,2017-11-29 00:17:18
c10cf2ee7ff922870053ebe06da9a906,b6be905f6deafa5ddd73c0152e4d4b3b,5,,"Ótimo, chegou super rápido, produto de boa qualidade! ",2018-05-01 00:00:00,2018-05-03 02:35:55
840f18cbf157f10e4608fcaa22f507ae,735458a5d288ba55c03a10cb1b2dd481,1,Pessima,Já é o segundo produto com problema o outro foi cancelado quero saber se vou receber ou não se não quero meu dinheiro de volta com correção.,2018-06-06 00:00:00,2018-06-06 06:38:16
37518b9b3ec13804b2bb71d5b49cbfea,a174a2f4aab0749f03c14609ac07a059,5,,"Entrega rápida, antes do prazo previsto. Produto superou as expectativas...
Recomendo...",2017-08-03 00:00:00,2017-08-04 13:09:55
6b386be485a1e2d4a39c4d4ef21f6efe,0e4b26f1fb99fc0f0472dd5f403d36d4,4,,produto recebido,2017-11-09 00:00:00,2017-11-11 20:11:08
fdd67e47babc07e334ee96a88c11da39,b7c32368213b1b75d2c42299f97dd088,5,,Produto correto e conforme a descrição no site. Entregue antes do previsto.,2018-04-06 00:00:00,2018-04-06 23:33:20
b351ff7655842c33552c7e254b45e4f3,d576291e922fc07924f5811f867ed79b,4,,,2018-08-24 00:00:00,2018-08-27 16:49:03
7e14d7e57165a8bc9fa0a92560b34b1a,c8e51524cf9ae78ec9f421b1054378ff,1,,"O produto não aparece o mesmo da foto , veio MOLHADO e com o cheiro muito forte . Não compraria novamente e muito menos indicaria ",2017-10-25 00:00:00,2017-10-27 14:23:38
1f2c8cd78ef7df5ab2a7f04cc2c24a3e,6942aa7dee89fafe04b6ff790e74912e,4,,,2018-04-14 00:00:00,2018-04-15 15:43:26
4eff085f5e381e5ce0110ebd9a674905,3d86b76dd4cf276f21ad4c62da992b5e,5,,,2018-06-17 00:00:00,2018-06-20 18:34:30
7bf59146e35f9a8f5321cd3883ad10a3,791ecfcf358d8482338314a266c01fc4,5,,,2018-02-21 00:00:00,2018-02-22 12:36:06
3cdae155a28e335a59afcf8cfea924cf,e86938345405d046452bd662085b127b,3,,,2017-11-25 00:00:00,2017-11-26 16:15:39
0f52be3a7b768683921f727c2590a15f,3cffc407d492c7db340271cee9b32ede,1,,,2017-11-25 00:00:00,2017-11-30 16:35:06
08cf11845ced40ab54e09ac954d61abc,a27eb404169bf0159dcee550b59b9d5e,5,,,2017-05-14 00:00:00,2017-05-16 10:42:44
f5eb643a65f9bbfaa614a8a03444d70d,0ecd7312b4a222a3a86590e46f1c2b90,4,,Excelente,2017-08-06 00:00:00,2017-08-15 17:09:18
c62a1c5c1fde55bc9249011086127ebd,ae64e2ba5ff3e9ffe94fa1c7b844b745,5,,"Produto entregue dentro do prazo, conforme anunciado estou muito satisfeito.",2017-12-07 00:00:00,2017-12-07 18:09:06
b405530a1020ebe188b531950d011a9c,61c89d7dc798716af59ae91e97643681,5,,muito bom,2017-12-13 00:00:00,2017-12-14 21:03:35
1d6db249c1ca6c5e8ad48d06aedef3ee,579f768480c282c494d203cc27acc9ba,5,,"Excelente produto, de excelente qualidade. Nota 10",2017-12-14 00:00:00,2017-12-14 19:06:41
d9837bc108f1be75d92c94abd5b83f7d,7ccc11577ae58791fde9fe83f4c7f106,4,,"Mesa muito adequada para aquilo a que se propõe, facilitando o uso do notebook em qualquer cômodo da casa. Embora simples, é sólida e bonita. Ponto negativo: entrega por Correios demorou + q previsto.",2017-12-13 00:00:00,2017-12-13 17:49:23
1da74dbb9297c518c2af7f2118061584,90696d1e7b8e43d93e6585765c6087db,5,,Produto entregue dentro do prazo,2017-08-27 00:00:00,2017-08-29 11:39:45
13b51e72f1deb0ba3d10b3251effd58c,ccdbdaee1f24ce882d752fe79410cfef,5,,,2018-02-08 00:00:00,2018-02-10 21:04:20
6662c6a9e17a840b619eeeeb7ff93ae7,6df3204d235cde9188ca8235366848b7,5,,,2018-03-24 00:00:00,2018-03-26 10:44:50
cec6854ac1b168b6d3bf9c6b25804437,d486a71c67c351a4aadf0b3bd096a712,5,MT bom,Chegou bem rápido produto de qualidade em relação ao preço,2018-05-19 00:00:00,2018-05-22 14:49:55
c080bb1d42ced1d73e014ce813c25bca,6b3283bced42ff1c70f94eb1736fdabc,1,omprei 2 paguei 2 receb1 ,"boa tarde, efetuada a compra de 2 cartuchos, porém só recebemos 1. Já efetuei uma reclamação e nada foi feito.
Favor verificar urgente, para que o pagamento não seja cancelado.",2018-06-19 00:00:00,2018-06-22 16:10:16
85bb68b01b52cbc63b0475fa1ba16333,3dd45cc3460f14bbe6c2249a8019a450,5,,,2018-04-06 00:00:00,2018-04-07 00:30:17
bb478e145440f901ce44d263f2561a98,e2ea1c8dd335be5a191a54a8de85770e,5,,,2018-08-21 00:00:00,2018-08-24 00:27:21
20e8aa7752a6cbea36e3db04c2b35e0a,a6e88e8981bb9dbb574107cfd606e4ba,5,,Eu cancelei a compra,2018-01-12 00:00:00,2018-01-12 12:21:02
18bf2eb318ce82cf9af5e86151f52268,de2198669f76c1dbd0d137f101a7d6f0,5,,Muito bom.,2017-12-22 00:00:00,2017-12-26 11:31:33
f9d25491063f9668ffab50c3cf183a2e,317e2a850e41487363a134bb3369262b,5,,,2018-08-22 00:00:00,2018-08-22 23:08:13
09cbb52c7e6942009d5fc243272126b8,dd3d73f70b77e2a07f64360620621ca4,2,,,2018-01-05 00:00:00,2018-01-05 15:15:27
5f91aed4e8a8d4dddeb3fd0b190d673c,ebfd75154f8fdbc98038250a80a41875,5,,Produto Muito bom. Recomendo.,2017-05-11 00:00:00,2017-05-12 12:00:16
d9dd0bf8328a551b2d38c3ca486d8a0a,e327b0b5a08cf398b21ebfd6a36b38c8,5,,,2018-08-11 00:00:00,2018-08-12 12:01:53
9113653ba90e7cde02a2baa1918faa59,d9ba89fb1ef0cec7d158b8a2679186f7,4,,o produto veio certo dentro do prazo de entrega,2018-02-27 00:00:00,2018-03-05 17:08:26
5d53ef8e75d27d1710ad5cc25f6e7132,735a1710773d59e9194b5851b2e2ecc0,1,,,2017-06-29 00:00:00,2017-06-29 23:22:32
39d2c16a21f52eac5d3fcf1f79a2f81d,3ca220335d57d2c3accc9bb4816d7035,1,PRODUTO,RUIM,2018-04-22 00:00:00,2018-04-30 14:27:41
40f3f2804ac4d58fb4c0e5f4138038ae,dd9aa4781edd47b13197cd4745fa846b,2,,O relógio não era original e a foto do anuncio não batia com o qual recebi. Produto de pessima qualidade. ,2018-01-10 00:00:00,2018-01-10 23:44:34
fc9ad6aa74d768dcd813c69a78c48b02,49f6f4d206c26f0d3ac78e343ac619d7,5,,,2017-05-22 00:00:00,2017-05-24 16:41:18
9f6f9a9f0ea344f6c6d5fa8adbcca548,a1f5afc5fe7a4ee4bef93aab1e95772f,5,,Muito rapido,2017-05-17 00:00:00,2017-05-19 18:03:15
7afb00fdbbedd7e1c8aae4ee1b270c26,4982b38c3eaf8479ef8d65755b2d0b14,5,,,2018-04-29 00:00:00,2018-04-29 11:15:54
353b9b523ca600b91a4b87b2db4d903f,b91b97488347f484d82bd38acd8d0bbf,5,,Muito bom o produto e a entrega melhor ainda.,2018-08-31 00:00:00,2018-08-31 09:03:39
dbac1624305c11bfb46d991007b8cde7,2deab87eacecced409eb4e2f9b2a4372,5,,,2018-03-08 00:00:00,2018-03-09 14:02:17
85619879fa97e55feecd6c9c994d5207,3e927dfcc405632ef96885c77e6e5d83,4,,,2017-10-21 00:00:00,2017-10-24 09:06:44
aeb2574e70e15b98c0bc0988f07590a8,7ff5516d271630c6a60fa2fa469d7b89,5,,,2017-08-25 00:00:00,2017-08-28 12:32:35
288aa7ca6dc5d772c5ee1572e9be545b,85cc29ec13537a45485f0008fd8c1e0e,1,,,2018-02-23 00:00:00,2018-02-25 16:30:36
737d50c7cccb94cc586fd5f518af92ef,169bbd065798362db04a47a4f8abf551,5,,,2017-11-18 00:00:00,2017-11-19 01:56:56
d8af82d062f6f259e2d80ec6a16708ca,d0dcef5f811f8e0b4f67f1f26805a8a6,5,,,2017-08-11 00:00:00,2017-08-12 11:52:38
bc2f89d98cee993d05d92e66984a32db,b8f95bd45718008c382f10f416a3581d,1,,"Desde que solucionem o meu problema, eu recomendaria pq consta que meu produto foi entre e ele ainda não chegou.",2018-01-27 00:00:00,2018-01-31 12:59:59
2babb4075fa142ceacaf7c831463128f,390056468c27192af8354d708051054e,5,recomendo,muito bom,2018-08-29 00:00:00,2018-08-30 13:21:03
77a614b8b82e3da1d69bd28b1d67ea5e,2c6317c88d6837efdfecf7cb190c0cd9,4,,,2017-11-18 00:00:00,2017-11-18 23:19:20
cf4f65fcb81121b8533f89009ba732f6,8688a4903fddd7ff09ac974e258c93d2,4,,Veio corretamente o produto,2017-05-24 00:00:00,2017-05-25 11:23:44
e41d8848164169ecd562f2d1798365f4,ecd6e336e4e791c637319f60de98bef2,5,Excelente produto.,,2018-05-11 00:00:00,2018-05-14 12:23:04
26711193aa72ae67abdfeb25e54d19fe,cacc1fb58a377d93574c303d6c901986,5,,"Muito bom, a capa cabe perfeitamente e o material é de boa qualidade, recomendo ",2017-11-25 00:00:00,2017-11-26 00:52:37
5bcb5cfa957beb3865631a5ed9a3c1a6,0c56c2d802da452669d191dfd438ac4c,1,,,2017-09-10 00:00:00,2017-09-12 12:46:44
c4209281d1883e3d970e2cf7847c06a3,a49703fda0b42ab0a87e062624ea2f43,1,Produto falsificado,"A embalagem do perfume é original, mas a essência não. Uso o Vezzo a mais de 10 anos. O produto que recebi é pirata. Vou atrás dos meus direitos de consumidora. Quero o perfume certo ou meu dinheiro.",2018-08-14 00:00:00,2018-08-15 18:30:58
7fc524babef936882729a39ca4cc2049,0bb9b595a2eb418ccff2dc89ff7cc58f,5,,,2018-03-10 00:00:00,2018-03-12 20:37:48
c25dc60bf64fc6cb65b6656e740881b9,7474d7f84129b6a4fef9e0cb53e2a081,5,,,2018-04-19 00:00:00,2018-04-19 08:36:29
431f995415ebad6d1cb653962c80a14f,2824dbb32a0701afe0730559fbbd6513,5,,"Parabéns, eu gosto muito das LOJAS lannister e principalmente da lannister.com onde a gente pode comprar pela internet e buscar na loja mais próxima.",2017-12-16 00:00:00,2017-12-19 09:27:01
a8f8c92210f0262af11e5cdb5c880c54,367085f34fdfc417d0087dfeab08ad73,2,,,2017-10-18 00:00:00,2017-10-19 19:15:24
34869475882b0744a95d4e899b36b47a,908c80ba9160e9d87007015b15aada39,4,,,2017-11-10 00:00:00,2017-11-11 21:39:49
ff7c636a6e8718f7ad8b2ad355b03ab3,4dbf5de576e0e8d18ad0932e1ed8e89d,1,Entrega Incompleta,Eu comprei 2 perfumes e veio apenas um! Quero o estorno do meu dinheiro!,2018-06-19 00:00:00,2018-06-20 01:20:26
7750331e9162cd3fd7482db516e110ce,3ea310e0ca8eaa2d771f9ae489e6535e,1,,"Nunca mais compro nada por esse site sendo o msm vendido e entregue por um ospedeiro
",2018-04-04 00:00:00,2018-04-06 03:57:28
34132f2aa3091109b8ed87ae97f2a14f,774948f6702fc1d316b81f28fea3de9b,5,Recomendo,"Vendedor correto, produto entregue com agilidade.",2018-06-15 00:00:00,2018-06-18 15:26:14
105e973b13bd471490865db82fa064c6,aa7d642fecef401c80602a4dcb0a82ac,5,,,2018-01-07 00:00:00,2018-01-25 02:38:38
c0074753328dd2ee1573c6dc9a3305b5,2571a6c25fdc11a26075a9258d73618e,4,,,2017-08-24 00:00:00,2017-08-29 00:39:17
bf072d87fca6f236b1cc6d0a25b18d03,4eb910d27cb13ee96a5e5c6dacfe4e4a,5,,,2017-10-28 00:00:00,2017-10-28 23:44:22
67e1ae71f2ca7d22b6175dc61d5735f4,141a3a105ece0b78ebacac138ca4a4fc,5,,,2018-01-25 00:00:00,2018-01-28 04:01:57
4966a0af44d9ad8f87d9263c8bacc9dc,cdde87555bcd91df4fa4f191cbc77774,1,,Falta de compromisso com o cliente. O meu produto nunca chegou apesar das minhas reclamações.,2017-12-22 00:00:00,2017-12-22 05:35:46
c0ab77d24dda9c1fabf5141bfa203569,d4361586dbdf3e45c6de2faac0714711,5,Perfeito,Não me canso de elogiar asbcmoradnque faço na lannister,2018-07-21 00:00:00,2018-07-23 19:07:35
063c8a08c42086ba9337ae84e9aa8972,5a644da87ff0e3010f70d585f486e115,3,,,2018-01-25 00:00:00,2018-01-26 12:36:15
2168c1b723b215324299655ffbfb7ba2,2cb5ed8e391a8ef966fe938d480510b1,1,,Não fiquei muito satisfeito pois demorou muito ,2018-04-11 00:00:00,2018-04-13 04:02:38
853a221742c00bed4d0cd0b88279afae,5297250ba3bfb18713834a6b28d6725d,5,,,2018-04-06 00:00:00,2018-04-07 01:22:50
e7c97f1d408c732ce6fa2a98ea159943,d95fe33125690d67196ca4e9b56eee2e,5,,Chegou antes do prazo estabelecido. Produto lindo. Super recomendo. ,2018-03-30 00:00:00,2018-04-04 07:39:25
33579fb110ab697bb8edb233ab7d3098,29760b4b3e268c6ac38bf18c85c89d88,1,,"Produto totalmente fora das medidas do aparelho, a capa tampa quase todo o leitor de digitais, e a película é tão pequena que nem consigo deixar no aparelho.",2018-02-17 00:00:00,2018-02-19 00:57:30
57d201836315373b1358795786bd900f,a7652ffa94af425f684a2d55cc06945e,5,,Produto entregue antes do prazo parabéns,2017-08-23 00:00:00,2017-08-23 23:38:16
4468690fb57131aa1b828b2dfe5554a2,70b3137c66efb2783c73b76b78215401,5,,,2018-05-19 00:00:00,2018-05-20 18:17:38
635f38a0d5ff1fffbaf3f2e9cc00653d,88847f255be578610b9c0233f7dc2b86,4,,,2017-09-12 00:00:00,2017-09-13 01:15:21
1e1925c0d1c92a2c24f1245ce4dbb82e,27a90e8052f7030cbb1c892d8e59542e,5,M boa,,2018-06-13 00:00:00,2018-06-14 10:50:12
18848f7cf32a57b8c82658ed4a6bffaa,fbe1661023a94e53d4ec2c938e38c8f2,4,,,2017-05-06 00:00:00,2017-05-07 10:40:46
ecd1b5c7039e38b4f5ce3911b9d897f2,40bf8d4d61d22711253ecc21d0a2e442,5,,,2017-03-14 00:00:00,2017-03-17 14:39:44
55f22ccdb444c87685ed66c05f9fddfd,38ad398ccb6f45911c35e8625cb68087,5,,,2018-07-11 00:00:00,2018-07-13 12:02:27
1a79ecb8526ce0e5238980399102f0fc,911ac4b6a3d83be295853192aa63fbaa,1,,"A película não é de gel. É de plástico e a capa é de plástico de um material péssimo.

Tive que jogar no lixo.
",2017-10-12 00:00:00,2017-10-12 22:56:57
0dd7dde5ee94fba8b1fb6070d462ac0f,93cae495607755570d9b4c0c2d0474e6,5,,,2018-04-04 00:00:00,2018-04-05 02:55:07
a171dd1a81d9386e84eae1a8111010f1,eed6f74a190f23b5a8ac54a8b86aa79d,5,,,2017-10-28 00:00:00,2017-10-30 15:11:56
d4b2ed09bf7975fcb66f9ea9982fb96d,d779d1f64c00cb888484f4b2f5eab951,5,,Recomendo a loja ,2018-01-05 00:00:00,2018-01-06 14:43:11
cc781e772de99640ba0fb2ab90c0bf01,b2e7423926537e79e712ccf08ce1a53f,4,,,2017-05-10 00:00:00,2017-05-11 12:57:24
a2ea470e173d5623ebddb81515c34465,b29403efd8bacde6cfde49d511ada5fc,5,,,2017-03-16 00:00:00,2017-03-16 23:45:44
574cb8e1267b5e4943d932636e15195d,a4f692247016a0f0394abc54b63f865d,5,,,2017-06-13 00:00:00,2017-06-17 01:28:46
074e73621a29e0ed174226ba0de67bcd,190f1efcb8b7f7fdcf6690c0c3e78c39,5,,,2018-01-12 00:00:00,2018-01-13 01:09:14
70f0b31a20d504e231b62d03d78cdf0d,4f922bb38b84918b2711a293c04055aa,5,,,2017-12-22 00:00:00,2018-01-07 03:22:40
2413dc8f100d1e37e525b8618348a8df,d48ecf850e3d3c67a047a82b3243847e,5,,Recomendo a todos,2017-07-04 00:00:00,2017-07-05 21:20:25
6ae863f1e7fe27535db108b2e18ce405,868d2668d3bff66258de12631b298034,5,,Parabéns pelo trabalho.. ,2017-10-06 00:00:00,2017-10-09 07:38:03
b0484816017c18ad2d4b69701b04818a,b329c0dc7e78a0caaa2b8d67c8a8c8ce,5,,"Fiz a compra do produto e foi postado em pouco tempo, fora a entrega que foi muito rápida além de bem embalado. Recomendo",2018-02-28 00:00:00,2018-03-02 16:13:10
07640effbf0110598f7f9951e1ca490f,7bb63f3e1c995473fbe6450a65fd8cfe,3,,Comprei a ducha higiênica idêntica a comprada há 15 anos. Essa acho que não 1 ano,2018-02-17 00:00:00,2018-02-18 21:03:59
4b9e280a7e3586c8d061058ce7de64db,703028d4e0b49bc9632bb3b92150adb2,5,,,2017-09-16 00:00:00,2017-09-18 17:43:46
4d23c64e6c36844709b59778b0b197b3,6f8a410f9542c68dbb680d2aa47b6d14,5,,,2018-05-09 00:00:00,2018-05-14 10:11:00
76c2d4353b844fc6cce5fdd97f08c852,10be01428d12ec7ed39d0058c3e224f7,5,,,2017-09-26 00:00:00,2017-09-27 12:42:23
0ab968b00f8c50f433628aa973f6b3f7,58297f23eadfb90b3aab1977f2ac8207,4,,Bom ,2018-01-09 00:00:00,2018-01-11 10:16:21
b0d9b2752def90ad9c3cde8cf2395aaf,ebfb1b4991e29d9c1ed373ee9aac10ac,5,,,2017-12-14 00:00:00,2017-12-19 13:26:04
6d9c48c73365830a854ba69afe49eab7,7e17bef0b77734da366177cd331ed66b,3,,,2018-03-06 00:00:00,2018-03-08 20:02:51
dab6b1fdc635bd58261514cec3b0f7cb,bb39dce934e697a81c9dd50236b8d8cd,4,,,2018-02-02 00:00:00,2018-02-05 09:32:33
cf42bdb76f04313047a64d66467f6c83,6bc36770d620721000e91c6115924837,4,,,2017-04-06 00:00:00,2017-04-07 13:02:00
3ec00172fbdac20fb385122dfc49f942,9de38c42ea4d33af19aac6c4d6c4b146,5,Muito bom ,,2018-06-20 00:00:00,2018-06-21 02:29:55
2324d5c631f9ab6497d16ed0265240ca,479d2226115d100c027f7dd83622c1ee,5,Super recomendo,"Produto muito bom, loja excelente.",2018-06-19 00:00:00,2018-06-21 23:36:59
61719bd1d842bd85b63e906419392d88,626f6424e635c6341bfddf7d53bf3746,3,,,2018-02-07 00:00:00,2018-02-08 00:44:24
adb7234718d7e463b3fca6aee66fd743,42113e78f28f6201edc22b1a9f50ca81,4,,Só posso avaliar quando receber o produto. Ainda está no prazo de entrega informado. ,2017-05-03 00:00:00,2017-05-04 04:05:35
fe223e578862d6da150088b7578896b0,d1ea55f7318ed68dab3622af81e15141,5,,"Produto cfe. o combinado, entrega bem antes do prazo previsto.",2017-09-01 00:00:00,2017-09-05 00:26:42
fa6916e5925553927cd6bfd46d2e6550,a77a378498a60424c73641a2bce561f8,5,,Chegou tudo certinho. Amei.,2018-02-22 00:00:00,2018-02-23 13:25:05
a691433d8387a1898f5d14459f0e12ae,484ab8a13180429b94330c723289a4f2,4,,,2018-07-22 00:00:00,2018-07-24 20:08:19
4fdcdbfe33d8fcd7d0ad30e1324d92b1,1cb9cb32b2b54f1580e375ba45d744c4,5,,,2017-12-30 00:00:00,2018-01-02 16:39:48
b9e9142ded6c8cf6f518d637333a7910,870e6f0cd3ddbb87daf15ccd2926b142,4,Recomendo,Chegou certo.,2018-08-28 00:00:00,2018-08-30 13:45:06
17a7692937e726741c7b204e28fb2d0d,24ceed9729a86f5e36fd61ae94183817,4,,,2018-05-27 00:00:00,2018-05-28 11:26:17
8ed4c603478590e6b3c0df9d5c12cd41,15bf8f6816bf9ff38c4262721f55bf54,5,,,2017-08-22 00:00:00,2017-08-23 00:28:17
565191ad4e6b27ff000018e683d2ade9,be32306676f1b65193ce87367ecf3e34,4,,,2017-11-29 00:00:00,2017-11-29 15:11:37
d35127867f256247b2b46f6401db911d,de86df6ab3b291975266e6ebf8da2bf3,5,,,2017-03-14 00:00:00,2017-03-15 00:12:43
93fd264fa9aea55f0c7f27c32af46085,676e56b18ff6a72033c922409a9d3a02,3,otimo,pontualidade otima,2018-07-24 00:00:00,2018-07-25 11:13:55
3bf1acfa7dc1c8f2027015a688c2a32f,b3a32621fc0c7dc8cc99ac717fc61b92,5,,,2018-06-15 00:00:00,2018-06-16 02:50:14
ce67d569784ae77f152b45b55ecbbb4e,c142c7ab64bc271555af4edbff4d53b8,5,,,2018-04-11 00:00:00,2018-04-12 10:20:13
7d52eda4dfb644c44f81eee7bc670406,b5a290773b1946d7fd79425b488b0e8b,4,,,2017-05-04 00:00:00,2017-05-07 12:23:38
1f87ebfcc40f006c2b73093d3265794c,2582e280d624a46c545db9c09f6cd424,5,,produto chegou no prazo e em perfeito estado.,2017-11-09 00:00:00,2017-11-28 12:19:12
2d921efde1fa6c77ecec2d7be639d9d1,016fbc333d66b414be541c6159576c40,5,Muito bom ,,2018-06-12 00:00:00,2018-06-13 01:43:30
d4f2c5e3ac0c8bcab6b4ca869942c538,4deb2316dadf42f0daa6b8965d384ba8,5,,,2017-02-07 00:00:00,2017-02-10 02:46:35
0fe0b441cdc05342bd40cb7ac114065a,4563da819a589eed2f386d177b6e8135,5,,Recebi o produto que encomendei dentro do prazo anunciado.,2017-12-28 00:00:00,2018-01-02 17:03:06
1a01bc45e211acf905d4450d2767533a,0070092bb6004faafa287e5fc35971e9,5,,Muito Bom ,2017-07-28 00:00:00,2017-07-31 11:10:08
bfdd61c088e0a21613454d11e160520e,ce8690397f7d93704f8d39df619190fa,5,,,2018-03-14 00:00:00,2018-03-14 21:38:15
5958e57f8167bf01aea401600cb4adae,6e0856753dd343c4a360ec7f6b7ebe31,5,,,2017-05-12 00:00:00,2017-05-13 01:14:44
5aa4edc3a7c4859e73f922a36f4ebfb8,33456509cc4acadce96036959e07ff84,4,,,2018-01-20 00:00:00,2018-01-22 17:29:33
fb7fbf38cb8e2181d7b802a81f003b9c,019ccfeea1ea9afbebdad57d65f2e36f,4,,,2017-12-08 00:00:00,2017-12-11 15:58:38
738c2804240c3b67c4acda64d023f4a9,519e8e134cd15d39544f56d9ff932d3e,5,,Muito bom,2018-05-04 00:00:00,2018-05-07 12:13:42
aafe83dedb68bb64e990b37c2fcbd5eb,e0e8821153a77c23ac4dd81c2e687ee0,5,,"Chegou tudo direitinho,bem embalado e bem antes da data prevista.",2018-03-10 00:00:00,2018-03-11 12:35:23
b50c6bd988913d9cb41348123799f732,573131fe2b7df5e3ce4d88bf7702f6d0,5,,,2018-07-04 00:00:00,2018-07-19 19:05:09
173f28ef886eca99913264b51a9746d9,e48949fd6c2be8f0fa6dd91af8f0f50e,5,,,2018-07-28 00:00:00,2018-07-30 16:11:20
1c73fb8f9b4cbeafe2507c515bd73f4a,d598cf8c9a25d482dcf98cadd21713e3,5,Excelente ,"Entrega rápida, produto de qualidade. ",2018-07-07 00:00:00,2018-07-09 21:06:44
011e866d5f0996e1a672dfca96b132f5,638407085366c5781b3cf8140fce7423,5,,,2017-12-20 00:00:00,2017-12-21 05:22:49
e855f84e555bdc856f61f198b0cb18ed,606449909d777e082c5043319f58c6dc,5,,,2017-07-15 00:00:00,2017-07-15 23:55:57
5c48f27c1f70de038a712cd4a2c1478e,dd416a83ddfde887da5021bae60bb919,5,,O preço fo excelente e a entrega foi feita antes do prazo solicitado. Parabéns!,2017-07-01 00:00:00,2017-07-01 23:25:47
73102d2612afbec826ffbebe1950392f,384cb810297edfa8442e7b06f4d4850f,3,,Muito bom,2017-04-29 00:00:00,2017-04-30 08:45:47
4822849a51898252353f21d8c73373e9,72be45eab146087612b9ee932e825574,4,,,2018-05-03 00:00:00,2018-05-03 22:02:15
c304976ef0b7d8be9836984ee3a6bfcc,f2076489cb09f9d0f11c6a524022fad8,3,,,2018-01-19 00:00:00,2018-01-20 01:04:21
4f7310a2066271aaba8a3cb0b186c1aa,7e41633529000f80967da24083bb6c1c,5,Ótimo ,Produto muito bom!! Adorei!!!,2018-08-03 00:00:00,2018-08-06 20:09:59
d7628ab408ebb5d9d67a122be5ee3f6b,d368ca1b5f6b46bdaf14b7c0cb5e40a1,5,,,2017-09-03 00:00:00,2017-09-03 22:28:35
fd4c9a73b22bdb7b38a1ef9923bb607e,61450e6c8f56d52e46a198e57df7d731,5,,,2017-12-16 00:00:00,2017-12-18 11:08:19
82493da61abd22c9646ee92d01c5634a,e5220ef7f976cab4427f16a5e1d6c29c,5,EXCELENTE.,Chegou dentro do prazo recomendo sim. Vou coneçar a usar. Obrigada stark.,2018-05-11 00:00:00,2018-05-12 00:25:18
7a3c0d017c47f97340f72fa04c32a3f2,e8051e65754422caf457412193df751d,5,,"Produto chegou em perfeito estado,e chegou antes do prazo,fiquei satisfeita.",2018-03-24 00:00:00,2018-03-24 09:52:58
6f19f21c342d64f484be927a39ce421e,2dc89150e25e0d36a6b80cea3c8a1290,5,Recomendo,PRODUTO CHEGOU SUPER RÁPIDO.,2018-05-10 00:00:00,2018-05-13 03:29:59
80fb348cd5f0b74e5d93a3a0293f12f4,8f09949ac786439a1e679a535495c409,5,,,2018-04-28 00:00:00,2018-04-30 23:30:44
2abae297007201a950ba2e2bc6a6aa2d,ed95597d2fd96ad370b62bbfc4b6127b,5,,"Parabéns ,o produto tira rico da empresa targaryen chegou normalmente, mas um segundo produto que também comprei não chegou até o momento na minha residência ,uma máquina de corta cabelo também adquirida.",2017-04-01 00:00:00,2017-04-02 10:04:04
ae26ce42d96b4959b446788cc57ef469,e710c7377f2f29b3d369420d354b5abb,1,,"Produto veio quebrado, não podendo ser montado. Além de extrema baixa qualidade nas peças. Veio todo descascado, com medidas diferentes, amassado. Solicito troca urgente por um produto em boas condico",2017-08-22 00:00:00,2017-08-26 18:36:54
29a794dcf8b7fdc2efb4c0f631e83ab7,38567ea58a8c84a1d15845d0de8a855d,2,,,2017-12-22 00:00:00,2017-12-22 21:00:23
82589bbda6d48427212e0aaa5b3f2251,c09395a3ba913b8f6c2594a7df7df72b,5,,,2017-09-27 00:00:00,2017-09-28 00:04:52
52fe4419e7ebc156166caee74b8bccda,c04e014dcd8cd03c0965032a263f2a8e,5,,,2017-12-02 00:00:00,2017-12-04 13:39:57
5fcfffec5e7ce91b4f1e2793c569853e,e3f6de94179bede8675ff97d0f3f3245,5,,Compro na Americana.om pela confiabilidade da entrega do produto correto e no prazo,2018-04-01 00:00:00,2018-04-02 00:13:11
0d5ae8f504a93e3c7dc478fef8082488,4183a895b0b1ecb44aacb723661eec8d,5,,,2017-08-10 00:00:00,2017-08-11 01:20:54
9dc7c9ae42778a5fc7a7f7eed36b82e6,b3c763d35ce46cf0a205b217814323ee,5,,,2018-08-17 00:00:00,2018-08-18 02:03:31
1317a56ca97dc6727038acc6882c6ecb,601316c0f92a0da733702a7b89304189,5,,,2018-08-14 00:00:00,2018-08-16 20:57:49
199794d5c43ffbb83118b2915f846d56,c5bed3a385f406c503841fed148952b9,4,,,2018-06-29 00:00:00,2018-07-01 19:34:07
d8ed747ac83027bd2ffa50a0884268fb,c0677fabaec4a0491225d78c6ee269f5,4,,,2017-08-01 00:00:00,2017-08-03 20:12:10
76264cec67db5cbc0360ce6c376b015c,b2206d0ce2ecabdb39fcd5ce941805ad,5,,,2018-06-07 00:00:00,2018-06-11 11:15:32
0f0f85749cb82321d902e390a9c33694,b18cb761efbe70da4838435a349abd07,4,,,2018-07-11 00:00:00,2018-07-15 21:32:04
95cec42698f7c67a58ab4a284b55dca3,13ca758b93a2298b4571f97a8a97e3e5,1,,"Tapete péssima qualidade , ou não dá pra chamar se tapete é um tecidos custurado em um couro de plástico, já solicitei a devolução. Sem Mais ",2018-02-07 00:00:00,2018-02-07 19:13:45
42854d8158b25f0a850e66d7fc2e7648,db2591092d4d4eefdacc5957508a3af3,4,,,2018-07-25 00:00:00,2018-07-28 14:17:07
b9348ed23cd4c1e6ce95a2c3e3441eb1,a31768d1614db23dfc711f738b2b774f,4,,,2017-12-12 00:00:00,2017-12-14 19:01:19
09100bdad8819b857ddeaef5e24e20ba,6b0c5f80e463c04c7658b97d1d37aa00,5,,,2018-05-29 00:00:00,2018-06-01 03:09:54
37c4111848e2210d47f4c7caddaaf8c5,6744ba320cc05c157f4ce99347a87e12,4,Ótimos produtos...😍👍,Produtos de qualidades ta aprovado...,2018-05-12 00:00:00,2018-05-12 22:43:56
9d927b1097c2c176cf61f080a61468c9,a74e65b4ffd7effa5308ba01647ea4b2,5,,Gostei produto veio bem embalado e de qualidade modelo certo .,2017-08-16 00:00:00,2017-08-19 01:38:26
d01aaebd217ca33fd0d2ab8908886b9a,369d712be6f3792951adcc38c6762157,4,,,2018-08-24 00:00:00,2018-08-25 04:24:14
91d69d4ef93261213f05a66f3ce9048c,daaee3046c061f111811d2fa55699a0a,4,,,2017-10-10 00:00:00,2017-10-10 18:01:04
8ca5764890772ed8dca028e1c969d898,5c2049caca936695cfa43805ebe7d8e3,2,,Rapaz eu estou precisando do meu kit de tesouras fiu de navalha e não foi entregue ainda é eu estou esperando eu quero saber se a loja vai mandar pra mim pq preciso desse kit pra mim trabalhar ,2018-03-03 00:00:00,2018-03-13 15:01:09
8b699ace276ffa33c894df64e2b5dec6,395524f8aeeae5579f5b660148e450bc,5,,"Area de risco. Ja pasoou da hora deles se adequarem.
",2018-02-24 00:00:00,2018-02-25 09:54:32
e3ed3cef37d9e9bf36c8992459cd3ada,26a8b70dd60471873b430431e691d222,5,,,2017-11-23 00:00:00,2017-11-23 21:24:32
f466b91ca93525e7084683d49881bef4,724d164fcba4e6b5fdcffe2ef8d3bb9a,2,,,2018-02-09 00:00:00,2018-02-10 10:07:02
c179ff2f38088ab1cdabb914679fe574,827d8ae687faef2e9c2bc79196b26f6e,1,,"Comprei um
Mosqueteiro para cama king para NÃO entrar pernilongo . O véu véu parecendo podre e com vários furtos . Para fazer a devolução que EU TENHO DIREITO vai me custar mais caro do que o produto",2018-01-25 00:00:00,2018-01-28 00:54:01
d9c54ab6bc0434f9b0a1010d38b48f71,19421ea168a928851f0b465bfbcea60d,1,,"Eu comprei 2 cadeiras, sendo que em uma delas veio faltando peças e a outra quebrou o suporte das rodinhas (por ser de plástico) e eu quase caí no chão. Não gostei da qualidade do produto.",2017-03-19 00:00:00,2017-03-19 04:22:19
a0a0f585e0d6f60f1d31f0eeb692330e,95a7461400781a93765157b8f5fa2b6a,2,,,2017-03-10 00:00:00,2017-03-10 19:24:50
ab1d9acd61d3394b145f6485d01d6fb4,fc6c2b2dc641e9b43804f733841f943e,5,,,2018-06-21 00:00:00,2018-06-23 21:21:37
e4ebed8a0a7cdf475ce2e9a854b57cd7,fa6d52aa0f15a0a03c1f945a1d0f996f,4,,,2018-08-22 00:00:00,2018-08-28 14:51:31
345056f309569eaac98f04a68a7f57f3,13ef6b72bc3af6724e7d53bd84019b24,4,relogio,"Bom Dia!
EU RECEBIR O RELOGIO.MAIS INFELISMENTE MEU SOBRINHO NÃO GOSTOU .COMO FAZ PARA TROCAR.OBRIGADA.
GERDA",2018-06-26 00:00:00,2018-06-27 14:00:59
60d6bbec886c724b476c2da1036dd4e8,a1c4ab09bfeec2b1739a1a7c2e4c4634,5,,Foi tudo muito bem monitorado. Acompanhei todo o procedimento de entrega. Parabéns!!!,2017-11-11 00:00:00,2017-11-14 15:45:51
f2e0b86b421817b7296bc4b8644e08e2,6e66eeb2dcd054d228cbfdbe27ac10ba,3,,,2018-01-23 00:00:00,2018-01-24 15:49:00
6d3b7a5333cd1a580e275711a6c70972,c36353bc20e464fa631292ac4a42bd17,5,muito bom.,,2018-07-11 00:00:00,2018-07-12 11:15:10
c5ca01bcff4675fa4b383d0c78e05457,0fa97c6a14424f633800d5cb622a6bb4,3,,,2018-05-15 00:00:00,2018-05-20 17:04:52
a2548eb767d70d2cf9f01f288eace451,6a756c298a96106ab0907b1b1df28e31,4,,,2017-04-28 00:00:00,2017-04-29 00:08:52
12e54c2152722bf2083b5df4f0a4346c,c895355af2bc9e095254d9581cd77699,5,,"ENTREGA RÁPIDA, PREÇO BOM, CONDIÇÃO DE PAGAMENTO AGRADÁVEL, FELIZ!!!",2017-10-12 00:00:00,2017-10-13 18:41:04
64d8b802d54e2ff38a5de1c4ca35bfda,35df0cf1d7650c5c0ad88837c4dfde89,5,,,2018-07-11 00:00:00,2018-07-11 18:59:55
c268d8b34dc2ae6a9e1897d57bd9b41d,c0e11158f60abbb6f96d74228e67d44c,5,Excelente......,Produto excelente superou as minhas expectativas estão de parabéns....,2018-08-01 00:00:00,2018-08-02 03:30:29
b795009cfd6cbf8e13f0dfddf25a7a56,409d692c7314744b643ae98e8a11e1b5,5,,Foi entregue antes do prazo estabelecido,2018-08-21 00:00:00,2018-08-22 17:36:41
86e6299fc8bd075add009981156faca4,186ac860f8928db64590e1fdd744c9f5,1,,Não recebi o produto. ,2018-03-30 00:00:00,2018-04-03 17:23:19
46af2d60992e3926097f521cb3e90770,ab588e77cdbcc3d63e479ba2862256a5,5,,,2017-10-11 00:00:00,2017-10-13 21:05:33
a533f1b177171219233bbe592c221326,d8873f1bbe5dcb703bdb0aee14aa0948,5,,,2017-04-07 00:00:00,2017-04-10 18:41:26
c3f94290db76231388ddbaf1e090b3ca,1b9de9a0409d983102d4ce529265112a,5,,,2018-04-11 00:00:00,2018-04-18 00:56:13
cc2e9f54fa7274417bbbede35257599c,2109de10cb751b43648fd8c1ebbb1d0f,4,,,2018-06-03 00:00:00,2018-06-04 22:30:39
5a8bea4f3e0e38a978f2d9f37f6ab6d3,a2e41b2178698dc2a57817361a869d1d,5,,,2018-04-06 00:00:00,2018-04-11 21:42:08
dc79e8d039157db1ee4eecfd2f6b7d88,e2532fe843f45b7a1aa7ede9474ca960,5,,,2018-04-07 00:00:00,2018-04-10 01:30:04
9ea72755ef171e35b7b68ec0c8ed822c,8f35c9d6cb15b3bc14a4a88374c6d3d6,5,Otimo,,2018-08-02 00:00:00,2018-08-02 23:46:05
f57a056e811db9307a40dd37f971ffe3,a25b078a7827d95f8366353a32c90fe0,3,,,2018-06-23 00:00:00,2018-06-28 12:16:53
77247410a5b5d9f5029b0f8689c1dc81,d773b2a09676fb3a1a35c45a9edda446,1,,,2018-07-10 00:00:00,2018-07-13 01:07:46
72f6ccb4b4cf569f0c40e03e327d7aa2,ebb2e4c3a4ed0d36a88cb8656e6a113d,5,,,2017-12-06 00:00:00,2017-12-09 15:34:19
2cc1fa9d6d771167dc382852ca507cfd,5107023bd9539bd8a56cb295ae688400,3,,Já efetuei várias compras pela internet e a lannister é muito confiável.,2018-01-31 00:00:00,2018-02-01 12:25:10
7befa42739f1825312c07fd0d7e40e26,b259e69b3ba911e0517d03ba13aa5b9e,5,,,2017-12-28 00:00:00,2017-12-29 11:49:08
d817a661f1334576ef758243df2c66b1,ff21d2af725ac280e439dc584456e19f,3,,,2017-07-27 00:00:00,2017-07-28 01:24:01
162f872272483813a4c9be8874f4c128,e756c16a8426f61eb4298bd6f590556b,5,,,2018-04-13 00:00:00,2018-04-15 15:11:32
614969f47c170b70248a4ef2488ddd71,1dfbad39bdbdc81e1419b9e1972cff46,4,,,2018-07-25 00:00:00,2018-07-28 14:52:18
339232a20f5c031cb5650094d43789e7,1011743f27a84fef8503f748cb1d951e,5,boa,boa,2018-07-27 00:00:00,2018-07-30 11:48:30
10ee05c708ca5cca1c41620c270c2ae3,292690a1c17b64307e5b90203f3adc84,5,,,2017-07-11 00:00:00,2017-07-13 19:21:27
7349804004f7177a09304128b2dc4f6a,a076e6a3d1401e58c8b6ced4d0d23225,1,,ESTOU MUITO INSATISFEITO COM A COMPRA PORQUE ATE AGORA NÃO RECEBI E NEM NOTA FISCAL FOI ENVIADA PARA MIM. JÁ TEM QUASE UM MÊS QUE FOI FEITA A COMPRA. NÃO RECOMENDO. ,2018-04-15 00:00:00,2018-04-15 16:39:17
808f038d84a9d4523592e5ead28eac75,206a3a8906ca90cfd9c9d3b330e518d3,5,,,2018-03-21 00:00:00,2018-04-09 15:57:39
c6796cfb287859ad32ed193301e70116,186ab35ad2c07d4b35781c8bb314cbd9,5,,,2018-08-08 00:00:00,2018-08-08 23:32:58
292f6f1afc4be86cd4be02b85258ffdc,683ec1680537670578142e56f09c58f2,5,,,2018-01-28 00:00:00,2018-01-29 10:27:13
a7f31fe061369fbfc8b0a4e49f24993b,4813c50e3548fa87684c05b730ecccee,5,,,2018-02-06 00:00:00,2018-02-07 12:22:50
b73c8138f998a2caee0d972cee815401,1a5d21f44c73693b9930d0ca33a9d0b1,3,Não recebi o produto,"Realizei a compra do kit adipômetro da Sanny e um estadiômetro de bolso da Cescorf, porém recebi apenas o adipômetro com defeito (rachadura na parte da trena) e o meu kit de adipômetro não chegou. ",2018-08-03 00:00:00,2018-08-03 21:39:03
f99bfce7ca292bb33551ef0449db30ef,96a8d065c3f2dbde8c6ff7fae00a2f35,5,,,2018-05-30 00:00:00,2018-05-30 22:45:57
7f3e27fd4367f2eaae057a5e56486dc4,fb16eb7d2922cdf521797850c680dacf,2,,,2018-01-05 00:00:00,2018-01-05 13:31:05
e79b1300216401c0212ab9b5a66372ff,00119ff934e539cf26f92b9ef0cdfed8,5,,"Recebi o long 10 dias após a compra, e chegou em perfeito estado. A ilustração é idêntica à imagem do site. O material é de ótima qualidade e o tamanho é perfeito. Recomendo ! ",2017-08-17 00:00:00,2017-08-18 00:24:35
e9c7ba8c8a345787e96a548ec42178c3,b7a098563d93a0a1f918772c24ca3831,4,,"O produto chegou com um pequeno atraso, mas chegou bem embalado. O produto é muito bom e recomendo a todos.",2018-02-28 00:00:00,2018-03-04 17:34:51
a353fabb14fe43744d4fda8896c50832,f2e62e5ce667ba626a17ef195d775796,1,,,2018-06-06 00:00:00,2018-06-09 22:46:59
a12447ac8924998a1882b37f7015cbb4,82d3f649aa623394cf7ad9432dd748d4,5,,,2018-01-19 00:00:00,2018-01-22 11:01:59
7b00d98bac04a404375e12b9ff15b749,cb1d3422684cab64f603f1b70a68e2ef,3,Não vale muito apena ,Não gostei do produto o cabelo fico só um pouco platinado quase nada= não vale o valor que está sendo vendido ,2018-06-12 00:00:00,2018-06-18 02:48:33
317db3e6919f5b2a33716b5d1ecd184d,cef5090298d950b6fb6f220e7e1fc9d5,5,,,2018-05-19 00:00:00,2018-06-11 03:32:41
28e8a7186977985a91c40ada4f87df92,c3a8c3c9ace4452ea16d331ba3c44c50,5,,,2017-08-01 00:00:00,2017-08-03 15:15:23
cc81d0cb0c61a68af832fa0fac2c9d5b,d31df581f4efcfd5c6f523bb0fed1bc7,1,,"Péssima qualidade ! Esperava por algo melhor, Mais pelo preço também enfim .... Não gostei muito Não veio riscada apareceria de velha, sei lá , estranho .... ",2017-12-05 00:00:00,2017-12-06 01:33:47
b60fd039f1324f8151b2cba7e8e85e7e,868368a37fa61f7147c73d271f0f7d81,5,,,2018-01-28 00:00:00,2018-01-28 16:58:54
7e3a34981cab2ef0c9d634b58c69eb31,3efdbf51c992266c11eb3938e67e77da,2,,"As toalhas muito ruins , finas ",2018-06-30 00:00:00,2018-07-02 10:26:05
d65cac2973c0f0738670340420eba82a,a833470057703c13293c5d7c2bd5bd05,5,,,2017-07-29 00:00:00,2017-07-31 23:51:14
c90c495e88650f64aca79bbb2daac46c,e22f8395265cb423def2d5c028f0f34b,4,,,2018-01-04 00:00:00,2018-01-05 03:09:21
5fc243ed5ab3e14e59696da3ed543882,f930a1f6247ed00d6fa9d8a09782c7b4,5,,,2018-06-08 00:00:00,2018-06-09 02:17:23
df930a1619165132f8833ca42fd93c52,0bec9641279215e466966512f6b444cb,4,,bom,2017-10-21 00:00:00,2017-10-23 11:31:34
1a8d368627160c5d6c0369986564fb57,9831b84779bb2216541f702f5ed7c331,5,,,2018-03-02 00:00:00,2018-03-03 09:11:55
da8ec15d9eaa860f6f27837873bdea44,eb7ac481803eb5bc5b7cfe431a03d39a,1,,,2017-09-16 00:00:00,2017-09-24 14:00:31
f96177c9b1361165d18574cf48e1cd79,a5ab32d92df4aa22033de78a4c20dedb,4,,,2018-01-13 00:00:00,2018-01-15 17:35:24
5e86fcca623350b0c08232228f534e7a,ae8e71cc131340d44221ce1ad4a31867,3,,,2018-03-12 00:00:00,2018-03-12 22:36:55
4939557c5ebbd1aa3b1620836f4c7db9,989c8bed4ad2e187516317b3e12f44c0,5,,,2018-04-15 00:00:00,2018-04-15 22:46:16
80cf4e640c82614a3fcc91ae9b2cdea5,f49cd89d6dad6dd5759ecf15dfe4bb19,5,,,2018-03-15 00:00:00,2018-03-16 13:42:43
877ea337312cedf55b2c91b2e01af170,69f57d3eb1a981a8fd71d99c39bb6109,5,,,2017-11-14 00:00:00,2017-11-15 12:03:43
c87bc5f13539a04000f5ecf53d97c101,1e2566907e0655a3549bdcb88b0291f1,5,,,2017-09-15 00:00:00,2017-09-16 00:40:48
66d44b0ebd4b1f03cb6715a40216d606,4735d69a263ba04fa00533b8f3d317b1,5,Produto de qualidade ,"Entrega com 10 dias de antecedência
Por isso só compro no stark ",2018-05-12 00:00:00,2018-05-13 12:36:01
e8425fa52a031a4482ca760e270ad3e1,da8eefd7ee5ebac9e6163fec64141557,5,,,2017-05-09 00:00:00,2017-05-11 16:08:09
b145bd68eaff42a64173d462127f1b65,239960d8af96f541e9a7153b57c0f4de,5,,"Recebi antes do prazo, produto excelente.",2017-07-07 00:00:00,2017-07-07 23:28:56
303a4aa26fbc5324b7d910caf7441741,0dba8cb0559eb37cc0217a28496b5f07,1,,"Comprei a mochila em janeiro, acompanhei status de transporte até 31/01/2018, com previsão de entrega para 14/02/2018 e simplesmente ontem no site o status era de cancelamento do pedido.",2018-02-16 00:00:00,2018-02-17 10:49:41
945e883b5e080a0e3f70addc11fc0c46,3126b9be3d5939e25084a4d9661652e9,3,,"Produto perfeito, a única reclamação foram as baterias que vieram gastas fazendo com que o ganhador do presente não pudesse ver todas o som e luz do brinquedo. Frustrante !!!!",2018-04-17 00:00:00,2018-04-18 09:18:03
0da29a8a8e77c5b286bfab477fc85fc0,c8634f3e7a329c927fe2973bf2b54caf,5,,Ótimo produto entregou antes do dia recomendo perfeito estão de parabéns ,2018-02-05 00:00:00,2018-02-07 18:07:44
d7d9da69737773064a4f4ea7bb5c6e8e,7d8fb4d046d76c289bd66eb341bee09e,4,,,2018-06-30 00:00:00,2018-07-03 12:57:20
5955600ef3a250d7ddee282446bc6705,15ade2c7daaa01c998220a2035dd43dd,5,,,2018-07-27 00:00:00,2018-07-31 21:01:45
385d8ee805e9fbb165c12b6c7437d0a5,5927bb00efcc2db67e6e98500fa49629,5,,"Comprei essa boneca para minha filha de aniversario , ela amou ...Realmente essa boneca é linda e a entrega foi super rápida !!! Eu recomendo o produto e a loja , estão de parabéns !!!",2017-08-09 00:00:00,2017-08-11 19:45:45
513514ca94051ed3ef2fb5159df44cbb,c356aac7fabcd3bab9aaf9ce1f36b945,4,,,2017-03-22 00:00:00,2017-03-23 22:34:37
7012bd21545d0aed0beb9300de164da7,5427a9679337de4d57c9c59275f5336f,5,,,2017-11-02 00:00:00,2017-11-02 14:35:08
dc908e630bebd1bc396b3e9b49e6e6fb,f14a9b375fa15329cc541a846cfb03fb,3,,,2017-12-04 00:00:00,2017-12-08 17:54:44
7dd19f0e6b250dd065a6ebad396b1179,11f81f5b3445ad54e4c793afe6337986,5,,,2017-08-24 00:00:00,2017-08-25 10:41:51
733d97c6da1852a0365e63a18520e81d,5bf19c7e8991698d4f0f3430da7e57a6,5,,,2018-07-25 00:00:00,2018-07-27 05:19:22
8395df4e3502b9947064554f9c25b353,b9834f31cd639800af7f7186144695e9,5,,,2018-01-09 00:00:00,2018-01-09 21:29:32
66c50a0c31bbd591fa458ebc45ae0e4b,684c3c1d1b032d52568994de2b76945c,5,,muito boa ,2017-08-29 00:00:00,2017-08-30 17:42:16
7d12e1d838a7ba25e9d41bb48898a890,4ece3211dc7b96c8b646fa8a727039e2,5,,,2018-04-17 00:00:00,2018-04-17 20:22:33
70005eec0127423cd798e189a194a8e7,ef8ad84adcf1d4c437f165f437e238f6,5,,,2018-08-18 00:00:00,2018-08-19 05:07:02
7a49d6129a979bbbb500cb14853d2714,056bfadd41b8600ad5ecfef2ac132188,4,,,2017-12-05 00:00:00,2017-12-09 13:53:55
355ab6d221abdfb4c02e27695fcc6d5f,0652543c9f8586d33500c3d0e4ddc6a6,4,,"Superou as minhas expectativas, entregue antes do prazo, bem embalado, produto de acordo com o pedido.",2017-05-19 00:00:00,2017-05-20 13:00:35
8ebcd810b095e8e10887305a8d33b233,945cebd7f0d6886e7971663839507ec4,4,,"Chegou antes do prazo,porém o tamanho não veio correto, a medida que pediram pra tirar foi de cima do ossinho do tornozelo,porém a tornozeleira não fechou na panturrilha, tive que comprar uma maior",2017-12-19 00:00:00,2017-12-20 11:44:06
1bb4a87544be9355ea88f5ad61be9209,7f19df33207d507c5b83aef798aff0d2,3,,,2017-12-22 00:00:00,2017-12-23 00:49:59
5614fa62574de947f6f707fdb3440e61,bfaefe509209a9477bd599fb0658f4ec,1,,,2018-03-25 00:00:00,2018-03-25 22:42:50
1fe397ffe4782ffcee5aae2ffa321e6b,1800f4a4362310d7eb38281634f6dfd1,4,,,2017-12-23 00:00:00,2017-12-24 13:53:17
61fedac2714fb13ffb7bff8f1f73b5e0,96e427c3f1f84bc2ae037b8ca5d22110,4,,,2018-05-17 00:00:00,2018-05-21 13:58:24
27646807f1af08afe766309756ee7601,301c441176beabdc9ef015807d9290aa,5,,Excelente produto ,2017-07-05 00:00:00,2017-07-06 03:50:14
c5d326330fa0e0bab4652aeeeff6f809,8a80054573ee01a321c77752da93566b,5,,,2017-12-05 00:00:00,2017-12-06 09:31:04
ea58d0ccd503110aefd1d5b9c3c0a935,d39bab8a9af00bb16a6a2bb759d03bd3,5,,"Quando vi a pantufa que escolhi fiquei mega satisfeita, super linda e bem feita amei?????????????",2017-05-20 00:00:00,2017-05-21 22:36:38
b02f5cadc1b9aca95d5946845c23a77a,109ff01cec6b68a8e70ed431552b9be0,5,,,2017-10-21 00:00:00,2017-10-21 20:51:35
f1599727a336b493b8d1285293e984a2,8c9cc9d7e2dfc4cb091854203914cade,5,,"Boneca linda, minha filha adorou, produto foi entregue antes do prazo .
Recomendo essa loja.
",2017-08-19 00:00:00,2017-08-22 10:50:04
dc7c5608572b996571ab3d07f2a1bde2,da53168e1e12e3408d193c03604f260d,4,,,2018-07-11 00:00:00,2018-07-12 01:27:32
07d6f49693b7133b36e1f3c5cc3996a9,185b9908e599d49428dc7b8238c8076a,5,,,2018-04-17 00:00:00,2018-04-18 11:27:36
358a8cacda1d23cfd05731e6b7066ada,e5417e5e64916eebb4159888b02469c1,5,,,2018-08-15 00:00:00,2018-08-17 00:22:22
f117eaa0b0c3cf1ce408eb23f9a89ade,9ea62ff38e6396ea973ec12e0b09c65b,5,,,2018-02-23 00:00:00,2018-02-27 16:16:58
71987d5d35680014a244eaa0980c1377,5dd47ef6835a273cdef464b77feacc62,5,,,2017-12-05 00:00:00,2017-12-05 17:27:09
c3daa6181395d827269c52f27a018b9e,b66cbfeca2b3978020caceb7a64093c0,3,,,2018-02-21 00:00:00,2018-02-23 21:28:19
23c9d290f581bed223d3b4408c74aa69,34b52e1c183144d83dae0e368e920950,3,,,2018-08-15 00:00:00,2018-08-17 19:41:46
ae1704594801246693d4dd9a8cc7cc30,cea7e28bd63ef382ebf6010b228208f2,5,Ótimo,Parabéns !!!!! Um bom atendimento em todos os sentidos.,2018-05-01 00:00:00,2018-05-03 23:12:54
1a3b1b7b0f406cef6e42939359d0d601,2e1205ef23c9d6445449283ddfe660ad,2,Diferente ,"O produto está diferente da foto, deveriam colocar exatamente o que será enviado.",2018-08-22 00:00:00,2018-08-23 02:23:47
147a139a7cd827aeef7b238c22945296,ade4397f52cb13f72b87939c8250e292,3,,,2017-10-13 00:00:00,2017-10-13 21:29:35
55d3d6a0697d177d5e74691c1e79fb83,6413bab2628f99100c492390a5a54231,5,,Otimo produto.,2017-08-18 00:00:00,2017-08-21 16:04:24
88fc281d772c12ddbb308763dac993c0,6c2d59da80e4b0747579205a5f797713,4,Bom,gostei muito do produto e recomendo para quem quer um relógio digital completo.,2018-05-10 00:00:00,2018-05-13 12:11:01
10b0a15374e411115f5b6ddf4d349054,469ebbc645e0d5bdfc7e2dc9c5a25f75,5,,,2018-01-28 00:00:00,2018-01-29 02:40:22
98f133268ee92b8a80938d10cf95c423,712d7cfcfc32b2849434e973309ed3f0,5,,,2018-03-29 00:00:00,2018-03-29 20:45:25
b04ff42ad2f96b463a7696549c222d2b,d0c4a5b064e0ec72eca6b1c01ade0181,5,,,2018-06-27 00:00:00,2018-06-27 21:01:00
813d1ef40d2d7819b6a0200e91acc3b8,0c79ffcb0fed5ff297c2a68be02f4f8c,1,não recebi o produto ,não recebi o produto ,2018-08-16 00:00:00,2018-08-18 00:48:10
b4e9f72dcda0aa60ad5933fe3b8e183f,074054ad3d2e5ee3fc6f098d06f321f9,5,,"Produto entregue antes do prazo. Parabéns.
Logo comprarei de novo.",2018-02-08 00:00:00,2018-02-10 10:41:25
87f545a5f14f492c8d86d28ae5096327,3579ad4440247fd01709d8583ae2c137,1,,"Fiz o cancelamento porque tiver plobema na entrega,mais ainda não devolveram o meu dinheiro.",2017-12-28 00:00:00,2017-12-28 09:51:28
f994b1d9d7cdbcecc05d7e00c4132956,53b8913fe5c632a9aa10069a33aaceb0,5,,,2017-12-03 00:00:00,2017-12-07 16:44:41
fc7b6fef62f97e4e81626548db064f33,9dbaf3879dfddfc43171aaf9a9c0a82a,5,,,2017-09-13 00:00:00,2017-09-21 14:01:36
be5bbec6c7ea12ed591ab679f1adc377,9b2d3a2e24dbac479d430298eb8905a6,1,,Olá. Recebi metade da encomenda. Veio apenas a assadeira da pizza. Gostaria de saber quando vem o resto.,2018-04-13 00:00:00,2018-04-13 20:33:19
0ead4bc772821ccf881b76f68fff1d8f,f5450c4188fb856ef71d0ccd3ecf673a,5,,,2018-02-07 00:00:00,2018-02-08 09:55:17
8bb518b99d58c23e2fbd8f0246be8c18,c765342582f1d08f16285fb827f88b1b,1,,Produto FALSIFICADO. Não atende aos selos de originalidade da EPSON; caixa colada com cola quente; recipiente de tinta sem lacre ! Absurdo !,2018-03-11 00:00:00,2018-03-11 18:49:33
5f32d53a9c2c7675270009db7bba3085,11200294ab90161f54f7effdea8d9466,5,,,2017-09-26 00:00:00,2017-09-26 17:47:48
f10455efcb2949921fe99880c08746fe,1397417a57ad1bbfe8d639df8cdee908,3,Atraso de um dos produtis,"Recebi no dia 09/07/2018 apenas o relógio, a luminária não ",2018-07-10 00:00:00,2018-07-11 01:57:29
8201776e432c858dd2c04451c9c71728,7cc85185736ea7f2d8bc09af7a47cab7,5,,,2017-05-23 00:00:00,2017-05-27 01:18:26
1337a3e7138abeca4edc2018f3ddd951,6b0bd2c2e59c7fb169874fbfeed4441a,5,,Boa loja!,2017-12-16 00:00:00,2017-12-19 09:32:33
8333598206742c59324e8ef3b3634ce5,94caf828558aed4dc7cb9da3711a5c5a,4,,,2018-05-18 00:00:00,2018-05-20 10:03:13
58e025839d8c4b1098b8c1d90f6bec2c,1729ff43a8a349e7762f284b50588055,1,,"O produto não foi entregue fiquei um tempo longo sem resposta, não conseguia rastrear o produto, após o prazo foi que me enviaram um email dizendo que a compra tinha sido cancelado sem me comunicar.",2018-04-12 00:00:00,2018-04-12 11:19:46
7f2545ba476e69aa3d41f631051f714d,9320dfc3fd49dc6e3fb9f688c8ea6c37,3,,"Recebi o produto bem antes da data prevista para entrega, porém o produto veio em dois pontos rachados. Não sei em que momento isso ocasionou.
",2017-06-13 00:00:00,2017-06-21 15:07:23
2720fb95d98b93840f79a91b6039cb5a,f53fa17609006c9c6669b5371ce08044,4,,,2018-08-30 00:00:00,2018-08-31 11:38:38
c6bd134b0bf3e2d76f5f32afa7db7f63,072577283d9ec2718f05c37d141d65de,4,,,2017-10-04 00:00:00,2017-10-07 00:45:40
b8ab931453e1de41f86dcdd59e394969,d91ebca111fb89e1ebbf4725da3120ea,4,,,2017-11-26 00:00:00,2017-11-26 20:36:22
f22a4b7388b07af1fe63d0f321ecb386,48483d781181b0424eb4d9729ce4ccca,5,,,2018-08-14 00:00:00,2018-08-16 19:00:21
608f5c3b37ef212cf6d0ff726068aa37,c8714809bc84ffb9c675dcf4a6455df9,4,,,2017-10-10 00:00:00,2017-10-18 21:11:45
dc72fdd996b9f20952def7da53bd460a,dd7e0efbe1cde6192eff0ea57a7b2888,5,,,2017-08-10 00:00:00,2017-08-10 23:55:22
c4e2141d44f1e82482e564a664f61d10,f4a6242e6c5e57a7e2736e663352032a,5,,,2018-05-03 00:00:00,2018-05-04 20:45:25
b0183f855aa7227348c7eba4ebb2dff0,6d37c2777465f819544099f0ec5a6b25,3,"Entrega no prazo,",,2018-05-18 00:00:00,2018-05-21 01:44:37
e047b68ec938da8d00904930569b8458,cc129041e3294026c267be4f2d551fff,5,Satisfação,"Muito bom produto, entregue antes do prazo, recomendo.",2018-07-11 00:00:00,2018-07-12 02:42:12
9ef82d6c1b8ac9bb2b9de0e100d91d57,e73c4ecd46f3549fd9ebcdfab800cd28,5,,,2017-02-23 00:00:00,2017-02-25 19:43:11
e21beb69260fc958d28ea6e9a00a5e86,f5d7c7844669e4addcf57dd9c9b703a5,4,,,2018-04-28 00:00:00,2018-04-29 03:29:59
1d761686b04483a839398a60576202a7,09dd119f5cafd6888b0e67ebcff86a45,5,,,2017-12-17 00:00:00,2017-12-26 21:07:38
00c1620080b1637f7706288350499c07,f46fb218fda36639dc39aa3025679a2b,5,,,2018-06-02 00:00:00,2018-06-02 23:49:34
3a184835f4e81aa3022a42465e9b6ad9,1194afa31e54aeee123be8df42e3f573,4,Ótimo,Gostei,2018-06-14 00:00:00,2018-06-16 23:25:57
6d81726f30f903095cdc61098cbb1997,4e797467960184f4812ea77710c08b05,5,,"PARAMBELISO TODA EQUIPE PELO BOM TRABALHO, E PONTUDALIDADE.
MEUS PARABÉNS, COM O MEU ABRAÇO A TODOS.
JOSÉ CARNEIRO BH MG.",2018-02-02 00:00:00,2018-02-03 14:12:39
3b18ae9fda4fea6fb0748e130c27e6ad,96cf4805d2e98446035e05b0874255bb,3,,,2018-02-02 00:00:00,2018-02-04 19:37:22
ca11d7e14afb5e5ecd1d29425f75788f,cb0cb26c017d2cfb4e9ed39cd6ee9fa2,5,,,2017-09-19 00:00:00,2017-09-20 01:42:27
98c303ce6a5deb174c7a4b76c882d940,03b936f126145f2bb36600400aedb13a,1,,Produto comprado e não entregue no prazo. O fornecedor não deu satisfação a respeito do atraso.,2018-03-16 00:00:00,2018-03-16 12:46:42
358e3da99c918c4b16c8be56d56419c7,7798ed7e55f7cf0896e6a09f442c69cc,5,,Produto conforme descrito ,2018-01-30 00:00:00,2018-01-31 00:43:20
f0910a4a7b7fa71b82ffca33d8c86127,b69b3998539f1f68e146ab4db97cd0a5,5,,,2018-03-07 00:00:00,2018-03-07 18:38:44
97ed1f25861630a897fa47ca1a64d2a1,d19a87282922be2fe89f5234b1bb6c14,5,,"entrega perfeita, o produto chegou sem nenhum problema.",2017-07-28 00:00:00,2017-07-29 00:23:08
371b53a7931dc495729da3308526c29d,5f6d7bc44eb2d1588b7cb6ac202d63a0,3,falta de produto,comprei dois produtos iguais e recebi apenas um,2018-06-12 00:00:00,2018-06-12 14:18:45
b9c4e77bd3e60b7d1505e253b7ee4678,928c456c589166bf1f6a77a4ec6a8165,4,,Muito bom ,2018-02-07 00:00:00,2018-02-09 23:59:40
b793725422d848517417f2e9ac1d4eb9,06e4e324b83309e575442446e34377d7,5,,,2017-06-28 00:00:00,2017-06-29 03:37:35
98ca992458b96baa4eda145bec736be1,2c9b1f7bef0f4fd1ff94ce18f9ddc0bc,5,,"Contente com produto. Chegou antes do prazo, isso me deixou muito feliz. Produto é que é ofertado. ",2018-01-31 00:00:00,2018-02-01 14:22:05
4756dc3483c21af4d85112b1f2712fa9,ef3b2daac9052922ef4f38c5e552393f,5,,,2017-11-23 00:00:00,2017-11-23 15:01:12
94128e3db46c62d9e61e868b6e36917f,03489476aad23c09fa16e1c46ad38044,5,,Lindo amei...perfeito,2017-09-03 00:00:00,2017-09-05 21:58:57
c35614fbb7ff784817adf30a78e25490,2c1a2f921c5be4edef5b3cc5f8e79477,3,,"Nossa.... Nunca comprei algo nas lannister que demorasse tanto..... Pensei em desistir. Mas de qualquer forma, o relógio é bom",2018-04-11 00:00:00,2018-04-12 01:09:12
fc5c92ef865ddb64f5b4e07d800cc351,085b1f163267ab9db88bb6b4145e0df7,5,,,2018-02-09 00:00:00,2018-02-11 17:56:52
c8c584bfd6af4d433e0b309fe18cfa5e,7f81a8a172eddc4f7afaf02eb94ab824,5,,,2017-11-25 00:00:00,2017-11-27 15:30:41
9a7ddfd8647386fe784adbecef696ebd,2fac5c3079ed620f52665e540fc57d66,5,,,2017-12-27 00:00:00,2017-12-28 10:30:41
8db49dfb0044b995a546ef195b96bd41,350038b23604468ee252b66f20af1443,5,,,2018-06-16 00:00:00,2018-06-17 10:04:14
52904c55231d8fcd78353a9000b84ddc,7b1dc739a78d04563a4fd62f5a6b454f,5,,Recebi o produto conforme o descrito e antes do tempo empresa Boa e séria ,2018-01-10 00:00:00,2018-01-10 21:21:54
c7904f887693da0000f7fe5066d726cb,30dfb5b33bf44683be3e2f7df4bdd769,2,,Não veio na caixa o moedor de pimenta,2018-04-17 00:00:00,2018-04-19 19:45:21
967586218437d6dd890a744a53055545,36cd43f05ca6b099b88bcc0c8e08491e,4,,,2017-08-25 00:00:00,2017-08-28 12:15:51
675db5cc06e3c585754b8ee93ea16ef6,d5fe6827cc4a6ce0562e5e116c627839,1,,,2017-07-26 00:00:00,2017-07-26 13:31:44
016febd6d1da5ce4c4641ca56d09e532,d7b1b205f635a07e904e5c4069b6859d,5,Excelente...,Se pré compro são muitos sério no que fazem...,2018-05-01 00:00:00,2018-05-02 23:52:06
89fbe5330e90d6e09659b25bb5bf5a09,e0dbf52e0c78f9be2caeaa5d799a83ea,5,,,2018-06-02 00:00:00,2018-06-04 14:59:23
cd04e877acd416a3992969d07bc6f311,205d5db88d0a8b3736d1afa2f6a329c5,5,,,2017-06-08 00:00:00,2017-06-12 23:09:48
3e9ea28c34fc18a545a2406c5a1b0bc4,aea5a3457f531f97bc2b4a7cccbc1275,5,,,2018-08-28 00:00:00,2018-08-31 15:39:10
409e7f220eeaed3b8fb29cfc25a9719a,be9ee147c9dd269d227ae37839d3493a,5,,,2018-02-28 00:00:00,2018-03-01 17:27:01
36ec7beab972a0bd81e25c048195342f,7433b1786e1af2042c2c4c76d3e4b750,2,,Razoável. Achei a manta muito fina.,2017-06-28 00:00:00,2017-06-29 06:27:18
65a79bc4c7a635049c79707e8c6b0589,fe0c59004b59a99b0240ce5facde84eb,5,,"Produto de qualidade, acabamento perfeito. Chegou bem antes do prazo.",2018-07-27 00:00:00,2018-07-29 01:07:34
8e921186b4a79463f2102bdc9b807af9,3ad2e497fdcd8a39a30da81b156b3b31,5,,"ótimo, fiquei muito satisfeito, obrigado",2017-12-19 00:00:00,2017-12-25 12:58:58
0fb5fcd4d95587932792f6bd2663522a,741a088353f3774474ff3b2d7da8f0de,4,,Recomendo o produto!,2017-05-17 00:00:00,2017-05-21 07:25:01
8b68e4e8b5a05fda9614958ceebafe8f,7269605c7dd42e8f5b8818e2206f7fb2,3,,A embalagem estava correta mais quando abrir o produto estava aberto,2018-06-10 00:00:00,2018-06-10 20:19:10
286483f4c7d0818069dfa78227d8dd55,9d107f7c71a717cfcccc479c9e300302,5,,Produto Excelente ,2018-06-07 00:00:00,2018-06-07 18:01:00
7a21a8ad1b61c1f890c356ba939c0836,381cb353cd30a73a5e49e5f42e583c43,4,,,2018-08-21 00:00:00,2018-08-22 11:49:53
b4a5000326e5c5323d2e4d85253e764a,e8c74b2f4746d1c6048aa585a61c87ec,5,,,2018-05-05 00:00:00,2018-05-05 22:37:15
9c8009f137e9b0e34dc23f6aa6e73d2a,5de59551c282b892ae9ff238fd557145,1,,Até o momento não recebi meu produto ,2017-02-26 00:00:00,2017-02-26 21:04:54
32c0dd2353da4bf093ac4bf51fde0c82,19b37f1efa2ddaf265496e78e245c19a,5,Recomendo,"Estes produtos são excelentes!!
sensacionais.",2018-08-17 00:00:00,2018-09-02 06:19:01
319d8bf85aefd5d1ad3bd9a4e028ab12,818869c4c6740ee23979a7cbf298e31c,4,,,2017-06-29 00:00:00,2017-07-01 13:27:03
e64549acfe1b92260be46ca337fe7000,6836068790e98af482ed0d16fa65d535,5,,,2017-08-29 00:00:00,2017-08-30 14:36:28
696ff184a411123eb516d1899641516c,4347279deb067c6731c1c97237921d18,5,,,2017-06-02 00:00:00,2017-06-02 12:52:15
40b6cd373103b22262181a4e8d8a3892,64fe1a032e48385440b54e5892d778be,5,Muito boa,Muito boa eu indico,2018-05-06 00:00:00,2018-05-06 15:47:34
b134e4cba11f44870e3bab33e8ba4674,f6ba6de181266b918292db17ba6616b8,4,,,2018-03-08 00:00:00,2018-03-09 16:37:37
f94963695f04b638994fa18ec0fb5c11,1f9dfc58c0cc9cd0436629cbcd7fb639,4,,"Entrega antes do previsto, muito bom.",2017-05-20 00:00:00,2017-05-21 13:57:34
165e63702a0261a19a6ebd1d4ac48cbc,3ea80782fbbd337428a6a454c4a297c3,4,,Gostei da praticidade da loja.,2017-11-30 00:00:00,2017-12-04 14:36:34
9f4b94c3e28acd186ac9fd8f0bcb33ea,903c880841c9b1af32d6d086b9763133,3,,A entrega deve ser mais rápida,2017-01-31 00:00:00,2017-01-31 19:48:58
16dcce9dceef7f234fa4ec4fc5c8b9e2,ea3f7480344322038931bca4a6e6f858,5,,,2017-10-09 00:00:00,2017-10-10 00:30:16
77951736835a49b363a988f5bc2ac312,d4d70141598f959f855ea0b6266ca5c6,4,,,2018-01-27 00:00:00,2018-01-28 00:28:46
4d66f30be69b9d11f5669c715dd2690b,341f9a0cecbdf48fcb1ba6975fe2cbda,5,,,2017-10-18 00:00:00,2017-10-18 17:13:25
3ab7014559e5e4767073023f54f09e65,fd700d48d34b0b4f75767e4502c3fce2,5,,,2017-10-10 00:00:00,2017-10-11 13:21:07
1113ce0ca9b6077dbe5543d2b6c9c397,6a9220b640ac4965f3f64a46a1f340b8,5,,,2017-12-07 00:00:00,2017-12-07 09:31:51
454a5ecaf934554692fd2b1973862b60,30e20eed39fd29394a3adad92a43f3e2,4,,,2017-12-19 00:00:00,2017-12-20 01:18:32
5787f56c7fe393d2754fa4c9fc360ac0,8fe860202f0d87213c4056f1030ae367,4,,,2017-12-01 00:00:00,2017-12-03 21:26:32
a503cb18307d978b77b4f37b6cf65ec4,34797e815a679fdaea88d3aa30dbf46c,3,,"O tapete é fino, com qualidade razoável, condizente com o preço.",2017-08-19 00:00:00,2017-08-21 16:11:05
c8c4177bfafaed9c09bcbc64e399f289,1e7047105c023a4482c75d1a99880426,4,,,2018-04-04 00:00:00,2018-04-05 12:53:16
7af97d890a85ee61cbf535cf982c475d,31a6cbe67abc9e5414688f0f59681ec0,4,,,2017-07-08 00:00:00,2017-07-10 13:12:18
9364ff28a295b92e86728ee5005b1a21,749238696f501c747fe013b2a5fa014c,5,,,2018-03-28 00:00:00,2018-03-28 07:38:20
aeccc37a7bf6635e76ec5b348dcedef3,44a3722417745e1a99c297ced13c7b85,4,,,2017-11-26 00:00:00,2017-11-28 16:08:05
5aced2d81ccfa9b67a8186369d55b3c3,a90d54c4e730c3f73f5fbf256ebe58e2,5,Ótimo produto,"De acordo com as especificações e entrega antes do prazo. parabéns Americana.





 
",2018-05-11 00:00:00,2018-05-12 04:55:22
67dc8249025a6d25be44ab220525b26c,e257ae8610fb4fb68a1f459c3a4b1f51,5,,,2017-05-20 00:00:00,2017-05-20 18:47:27
4c181470fe8913d077417417a79ecc9a,06a31d324c43e3350e4a83fb663c151a,5,recomendo,otimo,2018-07-25 00:00:00,2018-07-28 13:47:25
a3a394f225725ae91ff1c82d031a351a,7368d87533725a6bef612cdc83678f4f,3,,Comprei 2 luminárias e só recebi 1,2018-04-21 00:00:00,2018-04-24 13:36:16
f6c335135da8976ccad01449dd071334,dd1d5e5b6e4be8779186eb9cafd2f44d,5,,,2017-08-09 00:00:00,2017-08-10 03:39:45
80a44adebca41c95a1e55b3da6ac72a9,0891b66cbcc48cf64f31ae9cae3d08d8,4,,O produto chegou antes do prazo ! Muito satisfeito ,2016-10-28 00:00:00,2016-10-31 10:22:02
ef5768b20e08efe5e3ccf46eac736022,3becf59664a588ac335a36f2a08e2d2b,4,Flavia,"Produto bom, entrega precisa!",2018-08-09 00:00:00,2018-08-10 00:58:04
72c06b5f7fb223ae20d707e2c6085caa,8f3f26027859349e29776a53fcf17963,3,,,2017-04-14 00:00:00,2017-04-16 17:42:35
988acb98ed4b88e8a09193c2df02a454,bd079e124423421864694666ae29277c,3,,,2017-07-30 00:00:00,2017-08-03 00:16:15
1c9e2f462f9fcb5de5cf66495e128f1d,9e81c4ecf83ac3e5fce3ea780b1aa38e,4,,,2018-02-21 00:00:00,2018-02-22 00:03:00
08274210afb810e53533bc4ba5350781,d831255ebb12ef3a8d6dddb6fb54b5c8,5,,Recomendo a loja. Tudo correto!,2018-08-29 00:00:00,2018-08-29 17:47:54
5cfd1bdd38f8b6a202e3fca5f4c7b21d,839f4f226f1d843a3922ddb8b3637cc3,5,,muito bom.,2017-08-05 00:00:00,2017-08-07 11:25:56
c0e3902cf6fa6fbc5911e35a756d8914,109f6898323e99a194948043ea99cdd8,4,,,2017-06-10 00:00:00,2017-06-12 13:56:19
e0610a96c8257675ae5b4cee8fb997f1,f74a92993942e72d5f55c192272b02e0,5,,"Se aparecer algum outro produto de interesse nesta loja, certamente farei uma nova compra nela.",2017-12-16 00:00:00,2017-12-17 14:50:50
9694dcc69d9be18066b169e1365de166,9fb383eddd3b9f4b2970160c76988005,4,,,2018-02-15 00:00:00,2018-02-17 03:53:50
9a8781f3d949c16667671c8d0f7cbd08,ee9c09afa667c1baabeefdf51f66148e,5,,"MAS ACHO QUE TALVEZ NÃO FOI ENTRGUE NO PRAZO!!! NÃO SEI SE REALMENTE FOI ENTREGUE NO PRAZO...NÃO PRESTEI MUITA ATENÇÃO!!!ENTREGARAM NO DIA 10/07!!
ATT",2017-07-11 00:00:00,2017-07-13 23:13:50
68f54cc4c781c6bb21b886fefec92c76,452045e853d5fa6f87a6ebed979b3134,4,,,2017-10-19 00:00:00,2017-10-21 15:49:13
a8b1bdad5382bcecc5e4ab5e75f34e02,a901e1670d92dc616c4f1a33b5c0ad42,5,,,2017-12-27 00:00:00,2017-12-28 16:51:13
c7648b3ac575c0897be62b3b87e7adc0,06b0e5a0e09e97a92ab2614c36c4bea6,4,,,2018-05-11 00:00:00,2018-05-14 12:38:40
505319cc66d9419d52a8701f08ee827f,fdf60756868209e239918ee0264ef6d6,5,,,2018-06-27 00:00:00,2018-06-27 21:27:11
c5886a792dc87b58e095c4cc97583a3a,f6af781541c4243d56cfd0e0bb073c21,5,,,2017-06-21 00:00:00,2017-06-21 19:07:18
f4264ec5bff13e774e78dc454da3e957,73e85a295c3028a2283eb8182a8ac56b,1,nao entregaram,Ja e a segunda encomenda que não chega na data prevista. A anterior demorou muito e essa ainda não chegou ,2018-08-24 00:00:00,2018-08-24 17:18:06
ab080a171acee3816095353c7e9781b4,3d60cbc30fe424ccaa1b75c0c2e1cd90,5,,"Bem expecificado o anúncio, cumpriu o prazo e o produto é o q eu esperava!",2017-08-31 00:00:00,2017-09-01 00:11:57
ff9af208ff39bc7d0ab29fc3baba4cf8,6145340f417b2ec892ce4c053d245a0f,5,,,2018-01-13 00:00:00,2018-01-15 19:55:15
511f01e25050dbdc1db5d939d966b99a,79562db78b573c385bac088ede3973dc,4,,,2017-05-13 00:00:00,2017-05-17 12:49:59
4397296b86214cd436f8943e34d77497,827440c00ada8331c87737e4c4fbcd2e,4,,,2018-05-01 00:00:00,2018-05-02 04:04:41
18cff2332d0679b2853a3fcb0f5e692f,76b1653b8b73dfc5eee0a0cb25c88801,3,,e melhor uma colcha do que esse cobre leito,2017-11-02 00:00:00,2017-11-02 22:11:44
3c8c315ec2220484bc320dcc6fb0eb93,10856b02e17c5d56a06c2ee75079d338,5,,,2018-01-11 00:00:00,2018-01-14 00:52:22
65f344e8f0cd1ebe74317208b882d5b7,c230f6e954ab2b2aed5ad7458d539258,4,,,2017-10-04 00:00:00,2017-10-09 19:48:59
0c252b0c128749f6c53910893274ec66,670f31d9ca85d0b5430d0dc8f1d843c0,1,,"Como e possível paga o frete e o produto nao chegar em casa 
",2017-08-29 00:00:00,2017-08-30 01:34:12
39c2c08bbaaaaa451640e93e14e90a35,bb2c15f3d9da7de7eef8b4c479efacd2,5,,,2017-05-04 00:00:00,2017-05-05 18:36:30
31c70766ec538f302304a843d9b36210,42f42f42e7e1be68ce691280f140b2b6,4,,"Uma das partes veio com um amaçado que dificultou a montagem. Mas Recomendo o produto, pelo valor a qualidade me deixou satisfeito.",2018-04-05 00:00:00,2018-04-06 03:37:20
391088414e8ee4f21e6713babb5e5232,01c1f3c10d2641a10cfd97ffaac0b3f5,5,,,2017-12-15 00:00:00,2017-12-15 21:53:21
8b05ce80ea0e2f2b995c671eadf96c1d,fa200e49cb5e3ae19cde414d9d9161d4,5,Entrega rápida.,,2018-08-24 00:00:00,2018-08-24 19:58:48
7f408e5362f7018d83a3b6c6ee2ac359,b8795e01eda8fcba56bfad837fa68d92,5,,,2017-04-18 00:00:00,2017-04-19 12:10:08
61c249078001d72d0ad6a4cc9c566ef4,73eedc4ca4a789813a63fe30856c805f,4,,,2017-06-21 00:00:00,2017-06-26 21:09:29
5fd417acd5388a6e5120d72da29e2516,0a46b68a258a6a2a44012e312063afa9,5,,,2018-02-18 00:00:00,2018-02-21 14:19:56
6dcb2e81f01add17653841844c75dc4f,79632fd4663d3f0ff7dee9ac7a31a43a,1,,Pedi 2 e so me mandaram 1. E nao conseguir a devolução do dinheiro.,2017-12-27 00:00:00,2018-01-02 09:52:55
a82bdb93d19f3fd2dfc9c27140488965,c4e2bd2043fbd75b325a47adfabf0d77,3,,A entrega é muito demorada. ,2018-04-06 00:00:00,2018-04-06 16:02:36
b23af5c11c15feb88199d109e82eb772,f2c9428d2c7720cb4e9f2a9634673ce6,1,,,2017-11-12 00:00:00,2017-11-15 01:29:16
e1e7555a393b000da4c5d4b90f742761,4a9eee375aed716abf318683789faf01,3,,,2018-08-04 00:00:00,2018-08-06 01:29:19
d1ce47b6a3428152e016c73ffde9481e,e601f404ef484e156f2242dc5ebd5554,3,,,2017-12-15 00:00:00,2017-12-19 13:51:28
b4447729f830ed5cf47472269975966b,2142bac418a228e6086f5294a8fa88db,5,,,2017-06-24 00:00:00,2017-06-25 17:39:39
b99a894235c65b4529894d96d1cee1bb,7c0bdaba8498278860946b0083d258b8,5,,,2017-08-01 00:00:00,2017-08-02 15:56:03
643d8cff5e7fe318fe27ab0dca3116c8,c05002c71f007c6a4056ca538113e991,4,,,2017-06-13 00:00:00,2017-06-16 02:29:45
4e416069faeabf75d68086c36a022ae3,32864fe724c9f8e8040000b044c5c77a,4,,"ótimo produto,entrega no prazo.",2018-02-01 00:00:00,2018-02-04 00:36:27
b7ce5a0a606b61681caee5b8cdd3fcbd,0690b2d9b983cf580f407531575622c5,1,Ainda não recebi ,"não chegou ainda a encomenda, o motivo deve ser o correio!",2018-06-01 00:00:00,2018-06-03 11:56:11
969b6abbd19d5285d90fc0dbe59fbd7d,907876f99f250a7fca414743262371ea,3,,PELA FOTO O PRODUTO PARECIA MAIOR.,2017-12-23 00:00:00,2018-01-02 16:51:43
0bdfc55634d12ed3575247a4ce66006b,d7af03d172cfda274c7a7083bbaca11a,5,,,2018-04-10 00:00:00,2018-04-10 15:34:28
f9290d7df8bf556e9770d60e2712a765,e40d0c72305e1f0be6925df1e4378221,1,,"Quando da indisponibilidade de qualquer produto, o mesmo deve ser IMEDIATAMENTE retirado do site, evitando constrangimento para o consumidor. ",2017-12-03 00:00:00,2017-12-03 09:10:19
cb3ff3a8953a2ad2c84b4acfa41c1f98,52e6cb31e6d1cc5510759fc66b3a5385,5,,,2018-03-11 00:00:00,2018-03-11 12:22:14
f0ce76aba3474b71036ac3b08b835523,97b6ab675f38dce08fc58f7e5ddfa1a7,3,,,2017-06-29 00:00:00,2017-07-04 10:08:05
9e6940e2f736c0a544084b14fbfc0d5f,8a869c5b11ad7a70c229a9d119f245a8,5,,,2017-08-04 00:00:00,2017-08-05 00:45:18
cfd58fc9c2ed69eabee1599646f0408b,3cd0599300d9ec0cf571c875db7392b4,5,,"Do pedido à entrega do produto, correspondeu à expectativa.",2018-06-30 00:00:00,2018-07-01 22:43:00
25ee0277fdc31131d63b3db67ac1aa05,bcd3587deb2f53804e0d3c39de932ec4,5,,"entregaram certinho, chegou muito antes do prazo.",2018-01-25 00:00:00,2018-01-26 10:47:33
bb556b32d86652b386d5a7c837eece2e,5d384e0ab579db9d8e3e60baa0637f91,5,,,2017-11-01 00:00:00,2017-11-04 12:09:56
d9399b01d48de8b4f1e365e2a0d3bf0a,aaab96ab260f2839451f9c2839d59109,4,,,2017-10-19 00:00:00,2017-10-19 21:53:27
ae4e864c1b965f0b62c82d91dd2a3203,63bd0403bf8eb2bb94cdcf79ce0e5ebb,5,,,2017-08-18 00:00:00,2017-08-20 23:27:12
ef4c8153039992633446251691325cc5,ec0fa04fd1dffd9f00f92312214d7eac,4,,,2017-10-04 00:00:00,2017-10-05 16:28:22
d1a590d91828585edfcd079ab7c43c43,2e9218017514abac32bb20f975e15ecd,5,,"ENTREGA ANTES DO PRAZO, ORIGINAL E LACRADO",2017-05-31 00:00:00,2017-06-01 12:25:13
14cc35cd0b55712a2d9f9ba946b22b23,c69c8612c1fa919f232d370c41cbffd7,5,,,2017-05-03 00:00:00,2017-05-04 11:58:09
f9ef95c74397b45706447b498b1c77c4,bf43c3dc9e568e98768cd15b4d526f9f,5,,,2018-01-26 00:00:00,2018-01-27 03:05:18
d4633cae227652f808dc260078b21c33,9b883472f4826d7c694d8c52038a8c67,5,,,2018-04-06 00:00:00,2018-04-09 01:25:37
801b84aea163fea1ad1781a2b44a8e4e,f856b8b90a83c3e6c6bccd3b1665fb79,5,,,2017-07-27 00:00:00,2017-07-28 00:18:46
107988a7076b0c4719576a6bf387a53b,80341e701b91f4e9f068a3ec40fb0440,5,,,2017-02-25 00:00:00,2017-02-27 15:33:44
b6827d739d341f8958f4ceedf140ee21,97bfa91db4bea5977d7f4d5802d186b1,5,,,2017-05-16 00:00:00,2017-05-22 21:17:05
1f0cd18c5a0cc395930a11db385cd7d9,28c1a3d568f61625f9e85245db020568,5,,,2017-04-06 00:00:00,2017-04-09 10:21:01
7ee0cc61456c42a3067f3722c8df9a72,6da2f53b79a45c8701e66f227cea7955,3,,,2017-11-18 00:00:00,2017-11-19 17:47:13
c51912d7891e841fa4d61240c7c85153,c92c52fc8165c38e21adf26ffcf62028,1,,"Eu estou puto dá vida, pois comprei uma creatina universal na promoção 200g+200g grátis no valor de R$69,90. Daí eu aumentei a compra para 2 itens, ou seja, chegaria 4 unidades. Daí chegou só 2.",2017-05-24 00:00:00,2017-05-25 09:36:22
5c2ab4771c57f902a690ce86b94946bf,5bc26c6e994c1fd9edb9e324ff85dded,3,,,2018-01-05 00:00:00,2018-01-07 19:52:50
0e1059a405261feda792621aa2d0699a,97d09fc348cbda42ae770c92ec3af0c1,4,"bom ,recomendo","recomendo,chegou no prazo certo .",2018-05-10 00:00:00,2018-05-14 15:04:53
2ba3484e8248e9b95ecbe692b69fc8bb,d59d8415ba3a51ac2edc13616065868e,5,,,2017-10-07 00:00:00,2017-10-12 17:48:39
7d324cb1739ad13f5cfddf8d995ba0c2,7e8a02cddca8f2dccebedb8b6b75ba5b,4,,,2017-12-12 00:00:00,2017-12-13 12:20:38
3b96cc180eb37fd6124f12ee33e3be1e,b1737a1ef657350ee5e90c4035ad2aeb,5,Super recomendo ,"Parabéns pelo comprometimento com os clientes, Obrigada ",2018-08-03 00:00:00,2018-08-04 01:27:57
487d0d5cb9387316a47bdd07bfd7ce36,cb26769d014df1d16ffd4de9098e95d7,5,,,2017-12-05 00:00:00,2017-12-06 00:43:35
6288112a9d55e75f6fdd60d832bfca87,93404003d3192d8a2d781361faa129dc,4,,,2018-08-30 00:00:00,2018-09-03 13:47:16
3aed138f33513c91e9f9e444912198a2,e7cae8a5597c537df32f554f5b938de1,4,,"o produto era o que esperado, fiquei satisfeita",2017-12-02 00:00:00,2017-12-03 00:07:08
c1f61a41d4dc72aea06fe9f175b38319,2f82268fc803f315fbe873e96f48a60f,2,,,2018-03-03 00:00:00,2018-03-04 21:00:14
e25ca734f78e3f17b5f55ec378344c0c,e24373f05b66f5a4b1e9baf8ce94baad,3,,A tela do encosto veio furada. A cadeira parece frágil e pende para os lados quando se senta nela. ,2017-04-02 00:00:00,2017-04-04 23:19:47
09b1de40dbf994a4a256d5b3fc8d7d4d,575b1b9f37a11b59ac98672fa8c487b2,4,,Recebi o produto bem antes do prazo limite de entrega. O produto atende as especificações apresentadas. Recomendo a loja e a stark,2017-04-06 00:00:00,2017-04-06 12:37:55
4c969dc0cf5e48d071e9804ed53f1eeb,d9ed186abc625ccae42014887b7af04d,5,,,2018-08-17 00:00:00,2018-08-19 14:24:37
4d8a258565c567c800021694dda46223,b157dd3a8db0279fe95e9272103e8078,5,,"Entrega super rápida, muito antes do prazo. Produto conforme o esperado!",2018-04-24 00:00:00,2018-04-25 21:17:02
a536ea049107efa710856a54aafc5fe4,5a6bd2554afa06bed4854ea73c7e2e33,3,,A Pelicula veio trincada,2018-02-08 00:00:00,2018-02-09 10:16:57
5bc24d74fbcb2380146fb491e98e16ed,d8578262363755dd9a09ce0b4110a1cd,4,,Gostei bastante ,2018-02-16 00:00:00,2018-02-16 21:07:23
b21f76c7ef5f9c15af959a48e2ba0773,934583479bac4ab37120cace4120596a,5,recomendo,Tudo entregue certinho e antes do prazo... Recomendo!,2018-06-20 00:00:00,2018-06-25 16:35:01
f4daa1fd422c2b68b0e5aa415a7f65a7,aa6bad8e7c086d7f65fbd2dd0131cf84,5,,,2017-08-29 00:00:00,2017-08-30 01:09:50
f2ea7235316616b6b6a8f1c347d17561,fd38d5793a4393e031ea8da57e094f88,5,,,2018-06-09 00:00:00,2018-06-11 11:43:08
b57d0eba62250faf6bbb49afc360bdb0,75eb778608f606e7f4b3cbf2092be146,5,,,2017-09-16 00:00:00,2017-09-19 02:59:31
ef7f342c10b375b32a8352421a38be2b,f76a4a871a67dc644379c09dc683c967,5,,Muito bom.,2017-10-14 00:00:00,2017-10-15 01:48:31
74b4179fa6b822382f7f724c34a93713,53e0f6555268ce0f38604a0e81e774b3,3,,,2018-07-25 00:00:00,2018-07-26 15:23:20
534df27d68638b26443bd8c6df32e981,1046a71a57b33b4a92f9f932237f1ab0,5,Recomendo ,"Adorei 
Chegou em 2 dias ",2018-08-04 00:00:00,2018-08-07 02:35:21
63af65c125590f950327e3fb5c207321,f5faad333010a9fc0ecb1ac6014a842a,5,,"gostei bastante, achei bonito",2017-09-19 00:00:00,2017-09-21 13:42:24
3c6c7116a8525ac4788bea64bd01fc5b,c01a70853733229479ca41a44c99b5fe,4,,,2018-07-27 00:00:00,2018-07-30 15:04:41
bda62618ed46215beb4a94344c79e725,ee43fa4abdcd5f9e2c4ab7f972628c3d,1,Péssima ,Estou muito insatisfeito !,2018-08-03 00:00:00,2018-08-03 11:02:45
c5fc66ec43feff6bd66a967d4b0899c1,1378ae963e03b117d380f928164e9599,5,,,2017-11-14 00:00:00,2017-11-14 21:45:02
5f56fda031f518e55b8d8640c0cfa562,6c2df3329834884b60365f14e084c043,3,,,2018-01-26 00:00:00,2018-01-29 10:59:16
37f797c8daa750e705da89f14da1fc08,f3fdee8d27166359de2abe05ec16b351,1,,"Não posso classificar ainda, pois não recebí o produto...aguardando!!",2017-12-21 00:00:00,2017-12-21 03:53:28
d722700099efc6156adc81ba6a74b170,ca2c48ff635d7bd831194de9207ca62d,5,,,2017-12-29 00:00:00,2018-01-03 01:11:24
d642d4b80a77b7c7ba4606b7a0ecf04f,c4cc1f9e57162d961e267cf2f07d2fe1,3,,,2018-08-26 00:00:00,2018-08-27 13:36:00
c5b4dc528c66bc0ac345c35c30a83e09,dd8b565021d8781e5b1a93e85ec5aba4,4,,Tudo conforme combinado.,2017-06-28 00:00:00,2017-06-29 01:11:39
6fea246ceea2407eb5db86094afda799,69eb0d3bb4ae91a60f10308d63fe64f1,5,,Adorei.,2017-03-17 00:00:00,2017-03-18 02:35:56
c7c518c7c6e4e9ca8f1609bef0c5bf8b,0fe71fb21be89a6d57f98ae7c65d80cb,5,,,2018-04-27 00:00:00,2018-04-27 14:55:11
409934c79bbf9e7ad12a9cbb819a84ca,937ca79de438593867663c25fd34ea4b,3,Produto incorreto,"Mandei e-mail para lannister, mas ainda não respondeu, deram prazo de dois dias úteis que irá encerrar hoje.",2018-08-26 00:00:00,2018-08-28 20:16:05
eb7ee712ffda46cabfbcbd89d4a910c4,06d7e8cde0488b6d0b67852d2295368e,5,,,2017-12-11 00:00:00,2017-12-13 21:32:47
10a20a2bf84cef8af352a94f4ade4bd1,315acdfb2c37361764220e9dd270c41e,5,,Entrega muito rápida.,2018-02-21 00:00:00,2018-02-22 12:11:27
523bac8feac53164d5bf1fdd8a0b6ea8,e9f01d29281098ee776a7954eae03dda,5,,Excelente,2017-09-05 00:00:00,2017-09-07 02:10:35
baccbe3ccc1d47fc942b39798c54a279,74b688473b5a7667bdef6423f7508177,5,,otima qualidade,2017-05-20 00:00:00,2017-05-22 10:19:37
9b804ffaa83e97c2e7ff38102b454526,9f363e28be707432b8173ded00f855f2,4,,,2018-01-05 00:00:00,2018-01-08 11:18:04
25ac1a18a83479d82609fa3b51051e35,6d86a700fbdfec909998eefa9110f3e9,2,,"Ainda não chegou , vou esperar até o dia 26, prazo que me foi dado. Duas estrelas, só por enquanto.",2018-05-16 00:00:00,2018-05-18 16:44:57
ca2ff9c7fc32a2848b94871665196d04,1a7c68f8b0d5a140d89aa6ab7f7b4409,5,,,2018-07-08 00:00:00,2018-07-10 20:32:32
78491d95f0bc51681aa96276cebaa50a,fd0926fd1e8031a9cf228b88589a085b,1,,"Produto entregue no prazo, muito extenso ppr sinal. A capa nao ficou totalmente ajustada ao aparelho. Furos do cabo de dados, microfone e audio nao estão alinhados.",2017-04-08 00:00:00,2017-04-10 21:15:53
2588974e78896decb1ac558285f7a6f6,c70e1bd940c5723bf066a1dbcc1455e8,5,,,2018-02-28 00:00:00,2018-02-28 21:46:57
50c445ad6391c334bafbfb967fff0309,571ceb25e5db8f2493bdc932ae31e994,5,,,2018-01-17 00:00:00,2018-01-18 02:05:32
a27e5cd16d547048884b2f2ae0dd740e,7ed980a67023306cce5ada7078003bc6,5,,,2018-08-14 00:00:00,2018-08-16 15:43:08
c798db3e711955a33ef02be97455dfa6,9cdf9fb8b53e82a2a63e2618f49dc28a,1,,"Vocês me enviaram o produto errado. Eu comprei um crucifixo de 41 cm, e na caixa estava uma imagem do Divino Pai eterno.
O que devo fazer?",2018-03-12 00:00:00,2018-03-12 18:25:07
16e604d6c470450adaf870c0b540e6d2,993fcce2140b7440c34a447faedea0d6,3,,,2018-02-20 00:00:00,2018-02-20 16:44:03
64257c1012cfe8457272966b41dec1f0,5a2ea3fb1f6f20d1e8c5f2222cb383ae,5,,,2018-01-17 00:00:00,2018-01-17 19:54:36
14761eb6e74cf27fc515e7d32f3aa1ff,df53ed4b08a845497e1f9aafa11fb2a4,3,,,2018-01-04 00:00:00,2018-01-04 02:39:16
0141189a6944fdf66abd7b0c66687c52,e53a8a6728d3ba5c3662929455d7a6d3,5,,Entregue antes do prazo,2018-08-28 00:00:00,2018-08-29 09:48:14
c6884b2e22dc44b28a560023541721e8,0bff3ac704b2ab4cdb69873f3f551ce1,5,,,2018-04-25 00:00:00,2018-04-26 03:16:41
043e16b2dfbd6c01cc54276830a32207,7f949bbc94c8580ad60e90fd93358395,5,,,2018-02-28 00:00:00,2018-02-28 13:02:34
19de4feb1cc16ef6b46b57eacd64ed61,329818399e3d2636cd3618c0f52954eb,5,,,2018-06-27 00:00:00,2018-06-28 12:49:01
fcca51708e3244b844ac0ee6de58596a,7dfbacd668c23f1d45720c457f2aaa70,5,,,2017-06-07 00:00:00,2017-06-08 12:40:46
f013172ceafae8286ca0394708dbc6e3,4382b7af38e2034ff26273519819f2d2,1,,"Bom dia! Quero meu dinheiro de volta. Não vou mais querer o produto. Além de atrasado, já havia pedido o cancelamento do pedido e a americana está ignorando o mesmo. Agradeço providências.",2018-03-24 00:00:00,2018-03-26 10:25:18
cd90a987c3a319c49e70f58f34682851,a75a3c5e24236d6fced5e82fd3526b43,5,,,2018-05-17 00:00:00,2018-05-20 21:24:31
009629d341a4c26a8d3554c146bf2471,6a5a302850fcda00dc96d742bcb810f2,1,,Passou do prazo.,2018-04-11 00:00:00,2018-04-11 14:07:56
fc7901a10594208bb1504165c69cea9c,40f00a10bbc6a312ff95f899d72817d1,5,,,2017-03-16 00:00:00,2017-03-17 00:45:03
506991ddd50ea8feb44dd4ba4f9a25e7,913ad8619a18dac3ea5b944b82d289a1,2,,"Comprei uma pasta para notebbok cinza com bolinhas brancas e recebi uma preta, mas não vou efetuar a devolução porque demorou quase um mês para receber, se eu devolver o produto não recebo esse ano.",2018-03-20 00:00:00,2018-03-20 22:04:35
5904d8877dfe247a7447f8d0ccd22179,bb5a46301dcca0ca265b0bd999f9dd52,5,,,2017-08-02 00:00:00,2017-08-05 13:44:32
81e82856b0bca7505d0dcbaeb5ddcf98,c432657bb18ddf7f48b7227db09048d4,1,,Fiz o pedido de produtos e foram entregue apenas parte deles,2017-12-23 00:00:00,2017-12-23 21:24:38
4b814eb24462fdac115316eeda7cae5c,a3c2dfa534b942bcc28371fdec7702d9,5,Excelente,Produto de muito boa qualidade e chegou antes do prazo o que é melhor ainda.,2018-06-30 00:00:00,2018-07-01 00:50:17
ee008a5e9bcb6ff4f1370223de057f5a,5f6e8cf3a5b3483cae7889fc3f452e4c,4,,Atendeu as expectativas ,2017-09-05 00:00:00,2017-09-07 22:00:40
c4a0e7af0e07593734cf799f5de4d1d8,46f8ad0d98c5c3731e1e7988e45f4a4c,5,,Muito bom! Recomendo,2018-01-11 00:00:00,2018-01-15 23:48:56
dad135984dbb10cab96e096fd2a33536,c4ee82a6c0873cfdbe96e41596698248,5,,,2018-08-15 00:00:00,2018-08-17 13:38:08
4ece68260c86811c40b9777d77ff579a,67384b4952e4e9da609ba03e96b87394,5,,,2017-03-15 00:00:00,2017-03-16 13:53:55
f0b4ccb59ee909d0046407443619cd07,104b8d0ca41aec23f0847323c4cb8177,5,,,2018-02-27 00:00:00,2018-02-27 22:25:04
fee23cdb1d1fb712bb7fc09cf3d1b0fb,6c004aa51ca258da5f0936ce3a38ab18,4,,,2017-12-19 00:00:00,2017-12-21 23:20:31
f7830b4f901702afcef820745dff8342,113e0c165fdf93f9e1017dae01292548,5,,,2018-04-04 00:00:00,2018-04-05 10:09:47
d143a6c3056e5781c01e3212ed36e0bc,6227de9611e75b006686710c6a29df35,5,,,2018-05-15 00:00:00,2018-05-15 18:27:11
1a80cf20af6f8d8aab84119d4af30dde,e68012ad88e7d6ba2e95112045faf3e3,2,,"Não recebi o bb conforto, só a base. QUal o motivo nao me entregaram?",2017-11-02 00:00:00,2017-11-06 11:22:33
62315597569eb7d1c65dca5258e16222,d839387d867d8d152843b37c4b8b09e8,5,,Agradeço pela entrega do produto.,2018-04-03 00:00:00,2018-04-04 15:36:03
07f30776861c50133aa6d2269fafc1e7,be049b6fa688493e1676db5fafc0bbb3,4,,,2018-05-15 00:00:00,2018-05-20 12:38:28
6621c6d0ecc46c4e0588aca48812b7b3,8d8a1fb20cc3bcbed0c51fd0c70bc538,5,,,2018-02-28 00:00:00,2018-02-28 20:52:45
cea10e7c6506f7ae60e3e77305287f85,ff82173a9821071cdd3e554219a376c1,5,,,2017-08-05 00:00:00,2017-08-08 17:50:48
f65e5d7fdfbb2d1c1a2fbffdefba8848,97a046d5a9aba90849e4279fdd014fb9,3,,tive que buscar nos correios,2017-03-28 00:00:00,2017-03-31 18:32:48
48cfad76fcf4d21a92e9252f54e5f52f,334b7054aa71f4d5c7418ba88ea632ac,5,,,2017-08-17 00:00:00,2017-08-20 13:15:31
6666cca86b2483b7971c3ed8bca7b4c4,2049584f67990d0732321de66fb36c55,5,,,2018-03-23 00:00:00,2018-03-26 13:57:27
4c9f1cf4383407343c5b478baeb436cc,42a45127f74061de7399a762d9728197,5,,,2018-04-13 00:00:00,2018-04-16 22:39:27
9511d33790e4bcaf90d4e17b6429ce33,18c48366114e65c415b2c19448f7c146,2,,,2017-10-06 00:00:00,2017-11-03 13:20:18
87efa865093101e041b6183d4f9cd7b7,04a59fe46fc5aa341da5378c195ed53c,5,,,2017-12-12 00:00:00,2017-12-14 21:47:21
6e33f3e6b714833fc0b23d604a0e3f5c,caa321f911edb4b272c5e4aa6df6be81,5,,,2017-07-26 00:00:00,2017-07-27 23:13:00
d48d6f54f7f6cc342fe50396e9069096,eef2a734891eb6818c0c74bce088a982,4,,,2018-05-18 00:00:00,2018-05-21 00:56:45
06c5dbd70f008943ae1d5263211d6ced,11d0085cfa1ffc32aa630cb9c92ea970,4,,,2018-03-22 00:00:00,2018-03-24 03:02:02
46f9419c26796a4dfd0f667e1d141611,c3e3277d66bf2f2038ae5a5ec155cb5f,5,,,2017-08-29 00:00:00,2017-08-30 18:53:25
956bcda0ce97fa46169b18083ec258e5,a9491b6c990bc3b79967c5f058e46d8f,5,,,2018-08-26 00:00:00,2018-08-28 10:14:02
e146e108db2520d865889322dba96355,eb45ce36240dbf895bef98be0d1a85d3,1,,,2016-12-11 00:00:00,2016-12-12 17:10:54
85cbef8c47cac43b30ff45e2d1956e4c,e39fd2e5443413710adca912ade28b4a,5,,"Bem embalado,e na data prevista.
Super recomendo,super confiáveis.",2017-09-21 00:00:00,2017-09-22 01:48:23
eab0d4143dcc995419ee6b11eccda974,f52ec1996d054ab03ddef4968ff41fa5,5,Vendedor ,"Excelente vendedor, entrega antes do prazo e o produto muito bom.",2018-08-18 00:00:00,2018-08-19 14:23:34
0dfb33dd6b591393445f20f7f413b99e,b9a8d194c52bcb022997d990bd402f7e,5,,Excelente,2018-03-11 00:00:00,2018-03-11 22:35:06
802abc7bc87698608ece13a13ff39651,747c10818501d15381c0718ba37eb2da,5,,"gosto, muito!",2017-02-26 00:00:00,2017-02-27 13:36:52
341fa08953d627467d2919a89eb3fc8c,7877ed505dd8f07c03e570b146b1fbae,4,,,2017-11-28 00:00:00,2017-11-28 18:56:44
34b9bba538266a03098f68ea88df62d5,1deb5e48c7ba534c27d83f4a6afea25f,5,,,2017-12-22 00:00:00,2017-12-23 01:04:24
e46079cc9b8c27652cf43479c276cdf4,961f1793d1fa464e0ed6686562936da8,5,,,2017-08-18 00:00:00,2017-08-21 09:05:39
b2344f47de489bd3ecdb24a9fcabf066,968881fd0bc1fa8d068c381b3484223d,5,,,2018-06-25 00:00:00,2018-06-25 18:55:56
646aace48ed51f9e612328635d4bf30e,a15d904c9e9cfb9f11a9752fbf1b6a7d,1,produto errado,"comprei um botox plastica dos fios e me entregaram uma progressiva da zap, muito insatisfeita ...primeira vez q isso acontace",2018-06-22 00:00:00,2018-06-28 15:11:10
d2084404234d70c9b2ab0d0b7f4bf384,7d07b6c1321e0ae86b7d6205e015f0a1,4,,,2017-04-28 00:00:00,2017-05-01 11:33:11
cad19981a364c26b322745a24a613613,4a82a56f850507b43e8aceaed75a091b,5,,obrigado ,2018-04-13 00:00:00,2018-04-14 01:39:46
6d37eb645f46d37141215fa503053152,368df49737936bddc9d47a700a1920b9,1,,"Recebi produto da mesma linha comprada, porém a gramatura e descrição não conferem com produto comprado.",2018-08-17 00:00:00,2018-08-19 09:12:20
835322bf79486597233979d445e63b96,456f9f06a58b9d22e98d54aeae391575,5,,,2018-08-15 00:00:00,2018-08-27 11:18:47
75d896ea9e07675dd6f45a44746e4725,cf72ba515bbb8a0ee1723579cc7d0380,5,,,2017-10-25 00:00:00,2017-10-25 18:38:11
2958dc6bd8744f4a8fe3fdf712850e2d,458c6e383ce04c24b3033392e56c9283,5,,,2018-07-04 00:00:00,2018-07-06 12:11:45
7c4585fabb69e6016f715d1d50eaf06c,d48417cf367104ba861b31d6ef9d9528,5,,,2018-06-16 00:00:00,2018-06-17 00:23:43
ff2ffa48dda6afd89624d4d3518ee3d6,9c29c9f7f44bf05a332d8f22212941b7,5,,.,2018-03-06 00:00:00,2018-03-07 09:15:55
d12b7b120946ab5df012817fbdb47d07,8c06de33065ff82ad2d811b7e81a5f7a,3,,,2018-05-06 00:00:00,2018-05-10 19:41:25
7b28d9d526cb8b4c7560265de90698b5,a33a09b1320a130c61d1d5d9b8aec5ee,5,,,2018-07-17 00:00:00,2018-07-17 23:30:10
13acf20716a0a157e4855af121999a9a,d477ea450bb767cf9e8bea5fde7336d8,4,,,2017-05-06 00:00:00,2017-05-07 02:57:30
7ab6c5d163369621b83f4d1833d1677d,9827713c2434c817eacd058f8dcc5628,5,,,2017-09-30 00:00:00,2017-09-30 23:58:58
8f37678bbd57a98fe74b650313e72720,af4812c0286cb623517321205ffb5d1e,5,OTIMO,Produtos recebidos em 2 dias e funcionando!,2018-07-14 00:00:00,2018-07-17 01:45:58
64e4269f21c9be393781baf7d54ef5a8,b28d46b1868c3e5ad7bec94c220e36ef,5,,,2018-04-11 00:00:00,2018-04-11 18:03:40
0faafc75d5cdf1d616942b2a8fd111ba,0d5a676d302e3fd20182bd158cde4371,1,,Quero meu dinheiro paguei e não recebi meu dinheiro hoje vou fazer moletin de ocorrência ...não fizerao nem nota fiz passarão a mão no meu dio targaryen cuidado gente vcs vão se arrepender ...lixoooo,2017-12-17 00:00:00,2017-12-18 10:50:22
a21cce42b8df41fdd3c8af9f8c493501,ecc8938463a0c1e33dc2b5d4e1139146,5,1o,,2018-06-23 00:00:00,2018-06-25 18:35:44
618b84523db7a6ecd0b626ca09e8e4ec,77840c00dc79e7841ea2e4b1de1f21e8,5,,"Produto veio antes do prazo estabelecido e ainda é mais bonito do que nas fotos, muito satisfeita !",2017-12-19 00:00:00,2017-12-20 10:49:53
8e6a40a319e3976e07dd41fa0586d046,9a3deccd2b0279aa76825542a6146030,4,,,2017-06-02 00:00:00,2017-06-04 16:51:17
d16e270a8749ea30552fe699886ed275,5cf5cdef34e1a2488666267e4eda1792,5,,Lindas bonecas com um cheirinho sensacional. ,2017-04-19 00:00:00,2017-04-20 02:02:28
7daddc2657e596c8d78b5bc404860436,dbbed4924867c581971797d61fd69230,5,,Chegou em tempo hábil foi melhor que esperado ,2018-04-05 00:00:00,2018-04-06 02:34:01
13ddf7943dfeabce950dab3e2bdb9c1d,4f211215000592921381e69e480acbc9,5,,"produto entregue bem antes do combinado, é lindo!",2018-01-10 00:00:00,2018-01-10 19:44:25
2cb9727ef77d07eae4c0d38ad0a15d1c,cea71c0d8880d36a8492d52bd76b0e0b,5,,,2018-04-26 00:00:00,2018-04-27 10:00:07
40d3a7e025f81aefa4fe4efb675f5c8d,d5068130956ac251d7995450e9627aef,5,,,2018-08-05 00:00:00,2018-08-05 13:34:59
33756d470f08481e338d7d3a4335704c,ac853685fc6a8eb4fbee28b457588078,5,,,2017-06-15 00:00:00,2017-06-15 21:41:40
35f71c119ace399625e16530a86d9205,0b8b249ad3dde632e5f162167e0b9f07,3,,,2017-08-11 00:00:00,2017-08-12 18:22:13
d4cae3caaadeec14c2a2ff0739eb6482,e31b902db540d867cf64c82630abfc61,5,,,2017-11-11 00:00:00,2017-11-13 12:46:44
6b54b4ce4ac551a7ec935cea2732e030,7d51427ec940da2e27bc824dd56a2300,1,,,2018-03-22 00:00:00,2018-03-22 10:12:27
b630c4b303e0668944b8980b20182c24,7bb7bf45693873665dd4a3028c3d9883,5,,Produto entregue dentro do prazo. Bem antes do último dia previsto. ,2018-01-27 00:00:00,2018-01-28 00:12:36
41788a46649ca7a7bdb56e6559dba633,3d27905aa7b2ee7fc7bac918f949ea18,5,,,2017-12-13 00:00:00,2017-12-17 00:55:27
62e19ce239564e81d87d5c3ad7242283,4dd1f29debee7ab872c8919f35a80070,5,,,2017-04-21 00:00:00,2017-04-24 01:13:28
890331251f3be1681a880ca75e7780b9,ae3ecd7aadd6785fc80415c76a3ee139,4,,,2018-06-28 00:00:00,2018-06-29 15:55:34
7253883877d27a51c57ad26742a442a5,52ccb6a04d727e7ccc854dff8458dfb0,5,,,2018-02-08 00:00:00,2018-02-11 14:03:19
490717658bd8dcee04520a585903d37d,1b2a8a35effe3c031684be53784ac90c,5,,,2017-08-24 00:00:00,2017-08-27 22:52:22
eadb74fe30426ab793b0938a67088ed7,5c2fda0256232c4a55199261747fa68a,5,,,2018-05-26 00:00:00,2018-05-27 20:20:58
8d764e6df440be059c28fef5e0f41cfa,e65ed79c46c63118f16efacfca85f06f,5,,"Em relação a loja que vendeu entregou tudo direitinho e rápido. Ainda não testei o produto, mas em relação a compra e entrega recomendo.",2017-05-24 00:00:00,2017-05-25 03:47:07
0f30ea97bd97e2c6b129895c8a632d69,82419d35f3c2a4d515d9bd272ecbc050,4,,,2017-12-27 00:00:00,2017-12-31 19:58:59
af583cadb40682e192066f86bea95cdf,0c46fe7e5915cf8413d797e298c50dba,5,,,2017-11-16 00:00:00,2017-11-16 08:52:25
1e260922eb747cce3ee462b62bb5aa54,68cb8888858976265e5e4110f76574b3,5,,"Muito bom, recebi com rapidez",2018-04-21 00:00:00,2018-04-22 21:40:51
b41337c359e073ad480c8661867b5904,2f803c32f469729b9a81a120bcf74567,5,,,2018-06-21 00:00:00,2018-07-05 11:42:08
55d5a57cdbb1f335a7082d16c225aae7,e19e0055828458457bb47794c262b00e,5,,,2017-07-23 00:00:00,2017-07-23 19:47:48
f4b33c80cd5be1d0793d13924f744b5a,d225c3985609ca7a3a65157d5311f0cd,5,,,2017-05-10 00:00:00,2017-05-13 12:28:45
c93423e4c3265bdd437331417288d5b9,0583f502e04564cfe79eb0e4f5939729,5,,,2018-03-01 00:00:00,2018-03-05 10:44:38
6d33a7b70521b7fb2194138533ebd2f9,27791b643439f653faa711f08d8b801f,2,Péssimo tecido e costuras,"É muito transparente, costura soltando e não veste como na foto, tenho outra capa, e essa sim é perfeita, sendo assim, não recomendo ninguém a comprar.",2018-06-22 00:00:00,2018-06-23 10:50:47
07dd414c6d4c9fd4f05af28d43244393,5529ec8272cda325d9f9300e9bb09d5d,4,,,2018-06-23 00:00:00,2018-06-24 17:26:46
672f947a1819ac48fc3a7032a3ac0652,a139ecd5f1989a8f5d829cc03aa1a046,5,,,2018-08-28 00:00:00,2018-08-30 20:53:38
1089de8c7591d704b6bebe3c378a29a3,363298a11fe308fc97c376a8a9707a2b,1,,,2018-06-24 00:00:00,2018-06-24 03:31:43
1162a8a5e120f4ce176753e2b0b41014,b7d6f9e405deaa6ff82ab9d96608482f,5,,"De acordo com a NF o produto está correto, entretanto somente vou abrir o pacote apķs dia 30/05",2017-05-09 00:00:00,2017-05-10 11:44:24
2aacc2ee563e6388fa0eb08c6ae5ac01,befb5a47055c761fb52d876ae90724b6,5,,,2018-03-01 00:00:00,2018-03-01 21:37:02
e5aed8a8effb960d36ffc4e9ef2675c9,4220f297891051c2f40f96bee807a998,5,,,2018-03-30 00:00:00,2018-03-31 00:08:18
b985569bca23b71d88b72599aa0a6ebc,ac2a908690e426e5105a42ead9dfd2b7,5,,Excelente produto recomendo e estou muito satisfeita .,2017-07-22 00:00:00,2017-07-22 23:00:54
f86e49b80960f382d83cdb5bc85464fe,70d311beea4bad34a599296c2095e449,5,,"Relogio lindo, chegou antes do prazo. ",2017-10-24 00:00:00,2017-10-24 23:56:45
a73f0ebd12ecc172be78f18a5096bbe2,79600d8903faf815002622ab515263c4,5,,"Muito bom, entrega agil. ",2017-10-31 00:00:00,2017-10-31 19:42:44
5b0484f36a749b2e6ba6391a6959fa3a,3ce3ea3283555ac158b83c7cc2093ca7,5,,"Ótimo e recomendado, prazo cumprido,produtos de qualidade e atendimento excelente. ",2017-08-24 00:00:00,2017-08-24 12:58:30
f8d66c822dc1e31d736653fb052e9042,3a27e0b9d5d118eeba13571803a2b08e,5,,Entregue antes do prazo estipulado ...,2017-05-04 00:00:00,2017-05-10 09:17:43
e5d28e53d5398eebb2bd89aa93329a2b,c7b81b11d2fbb30b6e215611ff0fdf15,2,,"Fiz vários pedidos "" lannister.com.br "", esse pedido veio faltando CD e o lucro não estava embalado no plástico, os outros pedidos vieram os livros embalados no plástico e CD dentro da embalagem.",2018-01-16 00:00:00,2018-01-17 17:40:59
5b85cc729a44f6fbdcab53328f9fbba6,71c1a607d67393d01bef51c097368feb,5,,,2018-02-07 00:00:00,2018-02-08 10:46:54
5b89f8685fa4514218d6088dccbb8415,7efe7d821a28e5891395832097475428,1,,"Comprei 2 embalagens de um produto e foi entregue apenas 01, já enviei reclamação por e-mail e estou aguardando retorno.",2017-04-19 00:00:00,2017-04-22 14:24:01
3d42038fd2a7d35a88b93cb3e51796a3,8bcbe01d44d147f901cd3192671144db,4,,,2018-02-03 00:00:00,2018-02-11 17:34:29
8b40455b332ced5db136c544590a1aa3,69de6dd68bcaad14dda6d5e33e45bf98,5,,,2017-06-09 00:00:00,2017-06-10 00:55:47
68a2f0225bdacacdecd0b755608ab625,fe393d2abc096e78011cdc0bb5b3e776,5,,,2018-03-03 00:00:00,2018-03-05 17:05:14
2e9a51fdfc4f2eeece4fc8a885702248,c8fa71518385678630da7552cf1f459f,5,,,2018-02-20 00:00:00,2018-02-21 12:29:26
b76a9e8c3ee1d703dfda4aabd1b7fc57,a92232b41fcd16d21f69ff9d11648bbe,5,,otimo,2017-12-20 00:00:00,2017-12-28 11:43:28
2f5f2d70d754c8b13e0fe0a8cf055eb7,21838957166e38f71ea42879c0a5c3db,5,,,2017-09-14 00:00:00,2017-09-15 01:58:07
de606ac147f6b5d3401b6c05a61d99fd,f6519aa0bb0a6531345ac2e6fdbb2e0c,1,,"Recebi o produto danificado a maleta. Na opção meus pedidos em 01/12/2017 solicitei o cancelamento, relatando o acontecido. hoje 12/12 /2017 não recebi nenhum contato.",2017-12-01 00:00:00,2017-12-12 17:34:48
ea4e62e8efbf17c711d601d9121982d2,73f078f94fbf270913ba09b8bb2d0f93,5,,excelente ...,2018-04-24 00:00:00,2018-04-25 16:50:49
88c675647650ef374da5aaf12f9a7b63,707fec00567dfaa251bc610a0c0cd056,4,,,2018-08-21 00:00:00,2018-08-23 15:31:42
625789f5772008449be4d5ee89d54ccc,97fd93a5c9549a865a53d51328e01848,5,,,2018-06-29 00:00:00,2018-06-29 19:37:46
7bf7c5358d77f65f23f7881b145e6421,4fb03ddd24b3d883bf20f5f196c53890,5,,,2018-01-21 00:00:00,2018-01-21 17:28:47
58d58c288b68273f171212416f091d76,551b1f7008ab0e7ccc85caaaa27f8a42,1,,"Efetuei a compra de 04 unidades conforme nota fiscal, porém recebi somente 01 unidade. Ou seja, estão faltando 03 unidades. Fico no aguardo de um retorno urgente pois estou precisando da mercadoria...",2017-12-15 00:00:00,2017-12-18 12:25:50
d4b6257597310302a91ecf480889c098,56af0400ccac703cca01cd9846d29c58,1,,"Não houve competência na entrega ou seja, simplesmente o produto não foi entregue, acho q a empresa deveria arcar com as consequências, ou contratar uma transportadora para efetuar as entregas. ",2018-03-23 00:00:00,2018-04-02 01:36:59
7656364973dfcade9e02e8bcb985af19,e4be13e2fd66a70ce8fb95ce428a8709,5,9,,2018-05-22 00:00:00,2018-05-24 22:34:14
b32fb92e5bc6c157ace5582e4e8e31b9,3f5ee98124031535645a99b8c198833f,4,,,2018-07-11 00:00:00,2018-07-14 10:46:53
aa1350f10b6efa430254b68f51919aa3,4ce0d39282d4d45834a51b1ca7fbb311,3,,"Recebi, mas houve diferenças na orifício da câmera traseira, sensor digital, flash.Ficando fora de centro. ",2018-02-22 00:00:00,2018-02-23 02:13:25
8abc33433fbced18a989ff0515d52f7a,e98379ee17e55f764423de1d693daf42,5,,Funcionou perfeitamente.,2018-02-03 00:00:00,2018-02-05 15:37:57
fe67676479338d520d06bf70c3bec59e,31015049cbc3685e5b4d13d8586598a3,5,,,2018-02-07 00:00:00,2018-02-10 17:26:54
26c7339968774f98c7b496b924e97913,2d8e4baffe6056f0800c1d99f2960384,5,,,2017-07-08 00:00:00,2017-07-10 00:17:24
beefcdd09635a9ada76618ea07261a44,953a453190f96f0f32ea10b03af65a08,4,,"entregou no prazo, ainda não abri o produto pois é presente, aparentemente veio perfeiro",2017-04-12 00:00:00,2017-04-15 19:56:50
cfda140e5cbadc2be4e20d6a6234ec5c,31d5120f144d73ba1e5aa4e747a328e9,5,,,2018-03-29 00:00:00,2018-04-01 01:23:09
dccfcb3005e0862c2d57e1ff7c5bcec6,bd6bb458a1a35cbd726f2e1748e7d21f,5,,,2017-05-10 00:00:00,2017-05-16 00:07:11
1f2b58b471bb211fd33bc95ebbf7550b,658028ee7633b50e656cea96a31274b1,5,,,2018-07-24 00:00:00,2018-07-27 01:34:52
72a227f8262d186396b401850beaf71d,4e29ce1795f7036cda644b687ea871a4,3,,,2018-01-31 00:00:00,2018-02-01 21:47:03
ad108d54a352dd1b9696ac52e1251157,b7716ace923ed81a5f2df20115695b2d,5,,,2017-09-13 00:00:00,2017-09-14 11:06:41
8dc461b4255e0da9cfc05f84cf214e78,5e5235e11bea2c86b1255beb1b7e247a,1,,,2017-07-09 00:00:00,2017-07-11 16:13:36
0484dce59a5c7061bfd92cdf53debceb,3c81b1eb31a46822410a4fb9b43f0678,5,,"Produto bom, com todas as características descritas de acordo, enfim, recomendo!!!",2017-10-21 00:00:00,2017-10-21 15:30:56
f4b9ed712c7baf7fc709ad8ff6d3b739,39036e9122762c9b45c239ddbc452651,5,,,2017-11-15 00:00:00,2017-11-15 23:21:27
c828f47df323d73943d8528c14ee6ced,cdd28b19608da7e96804c00fdfd2faf2,5,,,2018-01-23 00:00:00,2018-01-24 00:01:36
ae9a6292e8d0c28dd78e1186df0c9f6b,b69b78a1865e7b379d633794c80ef7d2,5,Super recomendado,Site confiável. O produto foi entregue antes do prazo previsto.,2018-05-15 00:00:00,2018-05-15 22:33:37
d25cdadcf6239cd83e489d320b1445a3,b9886766c7d03ad40eb4f341af209a88,1,,Fui enganada comprei gato por lebre detestei não recomendo,2017-04-04 00:00:00,2017-04-06 02:29:42
6f28490842d1cee592ee8c8a0c4e961d,bf5d8018171eeb0788be7f1c871eb981,5,,,2017-08-05 00:00:00,2017-08-11 01:03:26
073be628aec114e755a3d50890cd95ec,f35e931a720c89ba31489a6f86fbf985,4,,,2018-05-22 00:00:00,2018-05-23 21:49:25
badaaf7f251c43b1463a825c6d46ca84,a33709a7ca5c9d407f00018a7ea3a533,5,,,2018-01-27 00:00:00,2018-01-30 09:51:54
e71a72bcfcdb675001de2017908c3824,371a5e62da258e95c3cf015f28350f06,5,,"Demora muito a entrega, e vc paga o frete é muitas vezes tem que retirar nos correios.",2018-05-27 00:00:00,2018-05-31 01:52:26
61c382d33ead4560e772c646f9f6e90d,86757b84a26b96e53be8c8090ae9f96b,2,,"Veio apenas um produto, porém foi cobrado 2 produtos, já fiz a reclamação e até o momento não obtive resposta.",2017-12-20 00:00:00,2017-12-20 23:06:57
38f50d50cdfd732be83ca8d41716b9f2,5639e62ac4812b66eefbb05288c44eef,3,,,2017-09-14 00:00:00,2017-09-19 03:04:38
091f45bdff81a286e780d91ee89df85f,26a6d863d24d0d5bc79e4cfa85ebf566,4,Bom produto,"O produto foi entregue antes do prazo, era encomenda para um amigo, que gostou bastante.",2018-08-28 00:00:00,2018-08-29 10:38:36
4dbb1d5935ede9ea0ef8c4eeb208240f,3afcb1b9c83fabca41c1668a879550a4,4,,Produto entregue antes da data prevista.,2017-12-02 00:00:00,2017-12-04 12:24:09
35aa85d1e1828f66768422dce588ee58,296a93c03580ee2cd6d1c20346191d6b,3,,,2018-02-28 00:00:00,2018-03-02 15:30:15
dfb1b7ce95d31287238ca301de1d3f5e,78f48d9a0bb09969516a9fb25e05311e,1,,"a pulseira é muito dificil de abrir!
",2017-07-26 00:00:00,2017-07-27 12:29:38
f51c9e02992e0769176df80c50d9549e,1354bddf21d7082f73e70872571f55ed,5,,,2018-02-15 00:00:00,2018-02-19 13:15:14
f09e4cb1fea6fe8c318b27aad3c05c48,27cd425460b501230b37206f151711a6,5,,Adorei entrega rápida e eficiente ,2017-10-05 00:00:00,2017-10-05 13:21:52
696ca0f591d002ce090566efeaf05e34,d5b01c154bfa35f8f18cf115336714f4,5,Super recomendo,,2018-06-26 00:00:00,2018-06-28 14:41:52
4b98df43a0ec459260816c2fa54a1432,0927272c1caea73a32570e9de18c2bb7,4,,,2018-06-16 00:00:00,2018-06-28 17:24:33
341c2b22760bb16b2c920b6a8885f0f5,e2df04c1573f061467ee1af3cc6e26bd,5,,Podem confiar. Muito boa. ,2018-04-24 00:00:00,2018-04-24 23:01:55
e5a60771691199f87db7dacf2b43a4c4,2a706489eee816fe6f5bfe2298c51840,3,,"Brincos de qualidade, bonito...entrega rápida...tudo Ok...",2017-09-06 00:00:00,2017-09-06 23:50:30
6a6d47eaea5802fde29dad23aca026b0,3c3ca08854ca922fe8e9cedfd6841c8a,1,,a empresa deixou disponível a venda como se tivesse em estoque depois de 25 dias me falaram que não tinha a camisa.,2016-12-02 00:00:00,2017-08-09 20:38:05
c2e3286ad4c44a47f83dbf1c5555a90c,b7592da1b6c34d2b2404a7b6e8639376,5,,,2018-08-15 00:00:00,2018-08-17 09:58:05
8df6861c8b841f2d99e74bd92a142e63,379a935fe436be68e1c1e76ef0fa2c48,5,,Ótimo!!,2018-02-10 00:00:00,2018-02-15 11:05:57
05d6734f15d261e9852b6166c197df36,bd772d39b54bb1d71b63a7e1c1c8304b,5,,,2018-02-23 00:00:00,2018-03-11 22:55:35
0c47f865e4f6a6f7437a2b41219262ce,7900ff338051fc207475b59ae5465060,3,,,2017-09-06 00:00:00,2017-09-07 04:39:44
e7ce77d1a2c941c7f9923729a3437fc9,19f7f56c6be510246f52557f78c2d0d0,4,,Capacidade da bateria do carrinho poderia ser maior e a carga poderia ser feita sem a necessidade de retirar a bateria do lugar. ,2017-12-02 00:00:00,2017-12-03 09:17:06
2430589991bc2b9543cc6b0c904c975a,7a47100118f6775bec039a3b87ddedf5,4,,O produto chegou muito mal embalado. S mochila não cabia na caixa que foi entregue. Mas de toda forma a mochila chegou sem nenhum defeito,2017-04-18 00:00:00,2017-04-19 01:09:00
577d4e68daeaa5c35ea3b59d96a67e50,415b2e06cc983409682f271b0e908117,2,,"O compra veio pela metade não recebi meu cobertor microfribra de berço rosa. 
A bolça vermelha veio. ",2017-12-28 00:00:00,2017-12-28 12:03:53
2c92f770cadb6d43e5ff428e80e2624e,7401e9523d2377080c54f7ac11967b95,1,,Não recebi a mercadoria correta.Comprei 2(duas ) UNIDADES e SÓ CHEGOU 1(uma) unidade.,2018-01-18 00:00:00,2018-01-22 18:04:18
a19debc1c895ed0758420ce5657a9785,0b2942062fff77e603cf4837c421e9a5,5,,VOU SEMPRE COMPRAR NA baratheon,2017-02-15 00:00:00,2017-02-16 18:10:13
f9b033183b57c8905ec86dc4c8eb1aa5,a71c265fe6df02962e2af3df997db3f7,4,,,2017-07-11 00:00:00,2017-07-11 19:21:12
8600c6c8b100296750e056f4d4f04f08,f77dc5ef53142abf2e1734622d81f664,5,,,2017-01-29 00:00:00,2017-01-29 23:23:17
000cf1cb9e32563359c8a3aff9b6f675,6d24d19f8842be0e8e1064fb0709528b,5,,,2018-04-14 00:00:00,2018-04-16 23:11:12
09ca36c88825e10044af95b8537f39f6,40153acbaa4888eff1e5e778798f30c4,5,,,2017-10-11 00:00:00,2017-10-12 12:53:06
ffd35d89c7e1829b1e00d7aba4f09f46,10c2b05e3b425d09cb2a1fa7f08d701f,5,,,2018-03-16 00:00:00,2018-03-19 14:38:27
0a3cc3ae2e7ded023e02efaf4f648e6e,6ae192daf1b6e9b99225e7300b79df48,5,,,2017-09-13 00:00:00,2017-09-16 00:40:28
4d94b7d369fb3795744b81e60b56d644,b7c31842ba974282794a900f7913fab2,5,,otima maquina,2017-07-19 00:00:00,2017-07-21 23:33:05
615dec777ac482eca887e55083e81f8d,b26aeba3d93317ee71f2902c276eb992,5,,Chegou antes do prazo de entrega ,2017-09-19 00:00:00,2017-09-22 10:38:41
89143c34c9f9ca9f37aa7a0bfd871893,234c056c50619f48da64f731c48242b4,1,Atraso na entrega ,"O produto está com a entrega em atraso.
Até o momento não obtive nenhum retorno do meu chamado que está em aberto! ",2018-08-26 00:00:00,2018-08-26 17:08:49
b299ab9836097a0c9969e95db654b42a,cf2b932d25c7f902faa52f469b89c1c2,5,LINDO!!,"Super leve, porem nas fotos aparenta ser um pouco maior. Pequeno e lindo!",2018-08-16 00:00:00,2018-08-18 19:48:59
620813b7473dcf0591a94b796dbcb24a,dabb5a87a6d9cc1388abf76cdcf76e5b,5,,,2017-09-03 00:00:00,2017-09-06 13:12:27
c7da923b7f744faa87356e7cb7a1126c,fddb99cde66af279ab48d2dd5d987dd9,5,,,2018-02-21 00:00:00,2018-02-25 17:38:50
764f8795f7d8b5515de8459c20cf35b4,d94486278633cac5f50e370851d24de6,4,,,2018-03-20 00:00:00,2018-03-20 20:38:15
f17b0c72f3ef2b81e5588a61b6d225fd,bb27293f7b2e1c705bf345fd57ecd0dd,3,,,2018-04-27 00:00:00,2018-04-28 04:19:41
69ecc8ba0cd7385c39dce0ded27e4031,9423ec5aa2843d66ab1e34407ecb9b74,5,,Entrega rapida. Produto lindo. Mal vejo a hora de instalar. ,2017-09-06 00:00:00,2017-09-07 17:44:33
c1dea1a26d6788a8920ad71c4160e443,d30523a4766e8ea7e59ce35203bb73e4,5,,,2018-06-22 00:00:00,2018-06-24 22:35:06
1ae18fbab2ce7a7631d5f5b450974a79,200e0548bbc2cbdcafa92e6c5ab73fb6,5,,"Apesar da demora, valeu a pena esperar!😍
",2017-08-25 00:00:00,2017-08-28 00:56:35
297c5dc16498e6492bc40768083227cd,09c103240d66c0e0d945071a9518d6ee,5,,,2017-02-16 00:00:00,2017-02-17 11:31:06
166857069cdb34787c10440f13d06c5c,40db7d3bf12d45bd93dc3548101e8909,4,,produto entregue dentro do prazo,2018-03-30 00:00:00,2018-03-31 16:34:25
33762e6a6fe3aeb2546053abc05584b3,938cf86c22cfbcdef5e04f4038fad081,5,,,2018-01-30 00:00:00,2018-01-31 14:46:15
6a176f8ff83630ee23b33c80673fc888,2c84b2577e246ed9aa8ad68b0dee5be6,5,,,2017-12-14 00:00:00,2017-12-15 00:21:13
6677c2b1bbad2381fa3537c4031cc9e0,6c8157ae5ddc36aa59aa6f0afa0ef5de,5,,,2018-03-16 00:00:00,2018-03-17 09:32:12
64714a365adf57301118a852cce1d109,f5c779fe97ca0728706f50c0de89a2d6,4,Entrega ,"Realizada com sucesso, achei os botões duros mas tudo bem.",2018-05-04 00:00:00,2018-05-06 14:18:20
5719f52d522d41c82b207f0b120c35ef,ad0e80cb90ad456f01f1533e4cdc1f0d,5,,,2018-03-02 00:00:00,2018-03-03 10:43:38
751e792c7bdbd2a46bf31be1c5143c3d,c10b534f7703a278c245f38852273dd5,5,,,2017-12-12 00:00:00,2017-12-12 17:38:41
ddc1648da3bc039b56d42a9f08cbb1d2,13b1d703b453fd67b66850bd2846e13b,5,,,2017-10-06 00:00:00,2017-10-09 11:10:34
678c6342ece58b435ddfb1d7f320258e,aab6724caaf81418088249e2a0ea5d17,5,,,2018-01-24 00:00:00,2018-01-28 17:16:17
fc6104039cabbe7decfec2d9f6e8a76a,92719473371fb9439b386d53d12470a8,1,,,2017-11-08 00:00:00,2017-11-08 10:44:21
2bf2913f793ffd3739c41cccfc43c8c5,cd3558a10d854487b4f907e9b326a4fc,1,,Produto não tem clareza na informação. ,2017-04-21 00:00:00,2017-04-22 13:34:04
e0c4b71fd8e3568771dfdc8f15cb92fd,e33f532fabfd63c8b0e637d99e3dfdbc,5,,Produto chegou antes do prazo ,2017-12-29 00:00:00,2017-12-30 16:46:47
93aac2324dbb1b7ebf66f76faa695f79,47cdb12caf2067098633bc9a0d3679f7,5,,,2018-06-29 00:00:00,2018-06-30 01:23:27
579cad72457cdb3df15a0b58121023a5,37d089b7d517ada3881ba31935310e4f,5,,,2017-08-18 00:00:00,2017-09-04 16:28:35
5ff2600946bc0693e4d87f27a2f73f85,1c03b97f7acb4f04662663e0d1b58e17,2,,recebi corretamente.,2017-06-15 00:00:00,2017-07-04 19:22:26
505c7edbec091d4ffc6642381ea79e30,ab001f825765f185062e85eaebc010b5,5,Recomendo,,2018-06-23 00:00:00,2018-06-25 14:09:40
80562d94e7f7e765c7f624f58e68a054,776cdb75db89297ce0fd26c15adac1a4,5,Muito bom ,"Muito boa, chegou antes do previsto,superou minha expectativa. Muito obrigada .",2018-07-21 00:00:00,2018-07-24 19:59:57
1a537e8ab21d2f8ae482b1c597bec7b2,23668eb221a7b13ecb9e591f262e977b,5,,,2017-07-21 00:00:00,2017-07-22 11:22:56
4f42921c05e9df2722d89f4dc312e4a1,0c2cbbfae44e4f2bd7c747a2c2b05bbe,4,recomendo,produto de boa qualidade,2018-07-27 00:00:00,2018-07-29 21:01:55
e3ff38cd6fcb99a830eaaddce0761edd,b11ef0887d152f735e9b39864eae2ad3,5,,,2017-05-24 00:00:00,2017-05-25 17:15:06
ed4ee845cfd1f93906fd4ae0bfef9a30,3171f1efdad00e249ba4ba19af1726eb,1,Ruim pecimo ,"Só chegou metade do que comprei fiquei tentando entrar em contato com a loja ou com quem 
Quer qui seja e não obtive resposta ",2018-06-29 00:00:00,2018-06-30 00:28:16
7a7edb4d464f61401138e6b955b2e72e,d630523e4ead4d29e7dd497f1a47b90e,3,,Produto nao foi entregue ainda. Por isso nao é possivel fazer uma avaliaçao adequada,2017-03-16 00:00:00,2017-03-17 22:51:48
5dbcac7e25e538545a3d4a154afdf764,9a0fd0d61c564bcbdfcfa980c35f3f91,1,zero,"Comprei lustres que estão ilustrados na foto, preto e dourado,não foi o que recebi, recebi preto e bege. LAMENTÁVEL!! isso e enganar o consumidor.",2018-05-06 00:00:00,2018-05-07 15:06:03
69f14201124ad50af47d3d2c33c091c7,b8d8e7c7fe850dd45f9e3762c8b4b940,5,,,2018-07-03 00:00:00,2018-07-04 00:33:22
745178405c3949874b7d2dfd8fab7652,c7575bc6637b30826bd659a47a475a03,5,,Ótima ,2018-01-03 00:00:00,2018-01-04 01:28:45
670c1a2b752d88344d11f642389cc007,013aa6ba5077072401773f83f1ee6408,2,,,2018-08-16 00:00:00,2018-08-25 11:03:50
07362c4122ba406937921a1b1756df56,41b64ffb924858fb0d246c1065fa426b,5,,Recebi o produto em perfeitas condições e dentro do prazo estipulado.Grata.,2018-03-27 00:00:00,2018-03-27 23:22:55
2a479f80fa8f5d970a8934b4713be6f3,0c94cc21548a77ceded09a70fdecc700,5,,Recebi o produto dentro do prazo em perfeitas condições!,2017-04-13 00:00:00,2017-04-15 17:24:02
3fd41116df95d1c63b414923e25602c2,3830b3dc35d6b2cb26c3cbeb0eafd799,4,,"Recebi dentro do prazo. Mas, achei o prazo muito longo",2017-06-29 00:00:00,2017-07-02 16:05:34
8860753c70efd3e555ba5987dee351c7,330534a2e7ad98d0c76ee20bfa001c50,3,,,2018-01-31 00:00:00,2018-02-03 16:05:37
40948f7f28945e16a89a912386666c7c,94b860984e79a390fa2d4793ddd46404,1,,Produto não entregue,2017-12-29 00:00:00,2018-01-01 01:09:35
7fe73ce30c264d0f20841ba0394b2867,e2210e9067554988ff724209b5b7a474,5,,,2017-08-29 00:00:00,2017-08-31 19:30:54
25d62c5a3630507b827c093a5eb4a2e3,c0b6d4c66078f849fe7e8baf7276888d,4,,,2018-08-30 00:00:00,2018-09-02 01:47:15
83963224a4ebff3af10c5f9d094cd3e6,028e8f5a96db8d372890e03d22829e9b,2,,Comprei para adaptar um aspirador de pó veicular 12v em uma tomada elétrica 110v mas o aspirador não funciona.,2018-04-22 00:00:00,2018-04-24 04:39:07
aa08f7a9eafd520abb7bb16ec4d458b9,f4501c0e013275ff49c4a0c3d16c50ee,3,,,2017-05-04 00:00:00,2017-05-07 23:54:13
b056784b5c277cdf40cf7ce31a46a74b,84992c4145bf78ab42c0e997506e8ecf,5,,,2018-03-29 00:00:00,2018-03-30 09:22:32
bbcb79c4f684edfe7fb963583d9e3ca7,c5b1a5d21958f98a0c66114d622bc0ed,5,,,2017-02-03 00:00:00,2017-02-05 01:08:10
ee77e5823c8a85f2e87fbc8adf3a27b0,e23115216f6b79bda05036f94744a2dd,4,,,2017-10-26 00:00:00,2017-10-27 09:40:01
41deb370e6fee4a4d4c31ee67d9f95f7,7ecb65884485f612cd43998556999634,5,,"Entrega correta e antes do prazo combinado. 
Recomendo. ",2018-04-07 00:00:00,2018-04-07 18:50:10
c942a52e0249bc4fd03ff82bdbc7f538,66cb680674721f9816e366a15a93633f,1,,,2017-04-19 00:00:00,2017-04-19 10:07:18
8aa52fdf8b2ebc5f5d5e09fcac3225e9,f2371429f5b226299bc9410009b465b2,2,,O produto que comprei chegou quebrado e as pilhas totalmente amassadas,2018-05-09 00:00:00,2018-05-10 00:41:10
c89ff3d2173ad839e3ccc03f4ee958af,9e4cbed5d166b9e8857de3150c2af79f,5,,,2018-06-29 00:00:00,2018-06-29 23:20:34
cfe9761130dea1028c2afca6d81cc479,6f433e1b5764eb255869aedbee1b9d72,5,,gostei,2018-01-30 00:00:00,2018-01-31 01:23:09
4f0d76cb96f4858a8151f7d903b4011e,6c9841106812441f8d244c22b9d07ba3,5,,Gostei muito do produto,2018-03-24 00:00:00,2018-03-26 15:00:53
aa8f97387bd3bc56dcab7283fa70ea7c,4ed2338dc000b3d9acaf348a1fc6a395,1,,"Entrega super rápida , os produtos são bons porém vem todos iguais achei disnecessario vou ficar com muitos pincéis sem usar pelo fato de serem iguais.",2017-08-03 00:00:00,2017-08-04 00:31:42
dc2f9df92ad9ca2f3c1c10c5438ff772,70b125b1e127de57a1145f484705786c,4,,,2017-08-05 00:00:00,2017-08-07 12:37:54
fd5915f8cf20574d588b73c541283591,bbb2d49836a81a36102519667b44416b,2,,,2017-12-29 00:00:00,2017-12-29 14:02:53
05db2726854cec181b7b963510e9bf2c,b83f87939464fd2df0c244550e184e5a,5,,,2017-07-04 00:00:00,2017-07-05 14:58:05
23dee7cdb2ff75132278445c1e3b8dfa,b07bf2d32756618446d0cc1896d2eedb,5,,,2018-04-12 00:00:00,2018-04-13 01:58:28
2dd3c718f2b9bb0a30f430eb3b4d7182,03fe9fc6d464322a67f3a221777a82d3,5,,,2017-05-03 00:00:00,2017-05-07 23:34:43
79835ae74678ca163ab1f9bad3890e18,30e608f69bcd3b2758cc9f28c8af087f,5,,,2018-02-27 00:00:00,2018-03-02 00:57:39
72ca41a05c3c09ad689f5b1777f4965a,3783e0b4f1ef0985e0d9aca4629f756b,5,,,2018-04-24 00:00:00,2018-04-26 19:41:34
9f921dcb27af0b9395d5095d0ce53ef9,5d0db9d992f9f02d3bdca8a7e64c2c27,5,Muito bom ,serviço rápido e eficiente.,2018-06-16 00:00:00,2018-06-18 11:53:52
1141a3bd3af73ef3a4368d68cbae04f0,a7dde6878527f0d1731d370978ba2849,5,,Ótimo produto,2017-09-20 00:00:00,2017-09-22 00:12:45
edf7c1b0b84477127f972d5ce038d134,4699ddfefc61852827c3bc751aff6873,5,,,2018-02-21 00:00:00,2018-02-22 03:45:59
fe350f8fbd5db7dc72ea097b04684528,b37d46f83322f86eae75b766a515cffe,5,,,2018-04-01 00:00:00,2018-04-02 00:41:54
a536eb70d3e2cd1edbda89045b757ccf,71fb5cbef1b7743f40cfc5ba116ee448,5,,,2018-06-06 00:00:00,2018-06-06 22:32:35
7f4ca11d8240a8c13aa7cf78fdac2f50,5e7d51bfc94acb16cfcc272c581f85cc,5,,,2017-11-04 00:00:00,2017-11-08 11:26:28
786982525b0632c435d1d09403093164,98e94d121fb6444de93e426ceeb1e0e0,1,,,2018-02-07 00:00:00,2018-02-10 16:01:28
a3514eec5665ce5883e481f917aed6cc,12c624f532907ae11e5db7518dc6c917,5,,atingiu minha espectativa,2018-01-27 00:00:00,2018-01-29 14:08:33
f60c876ffb7cfb5e1bf4edeadaa86898,e821c71ba6efed0813bbc0a01a95f24d,5,,,2018-01-09 00:00:00,2018-01-09 19:00:14
ba5d0ef7dd3c0bbd86929519cfd1cba7,f08964bf6d23a9bb805d8fb23de64a87,5,,,2018-04-27 00:00:00,2018-04-30 02:39:40
2816250b5a3ff07220f4ca7cc652e5fb,ea7835f19dc6af291955d6e270d443f4,4,,"A stark mais uma vez está de parabéns pela rapidez na entrega do produto.
A Central Multimídia é a mesma usada no novo Corolla, na compra teve a câmera de ré de brinde, até o presente não instale",2017-11-10 00:00:00,2017-11-10 22:55:08
b1ebfea52576707c9822a9b4215e129c,3f113daaf8b405bcc4349a2812061fa4,4,,Satisfeita,2017-11-02 00:00:00,2017-11-03 12:25:35
5a8c1c3d8fca76b08430a1a3747c3fdd,eae46740151daff6420b7acc4a9348f9,4,,Produto entregue antes da data e em perfeito estado.,2018-01-25 00:00:00,2018-01-28 23:34:09
7bf3efcf2c85b3d56496806b13e7faa5,55a54184af6cdb5cbd95d124883c2dbb,5,produto maravilhoso ,"Otimo material, muito bonita e chegou bem antes do prazo",2018-07-06 00:00:00,2018-07-06 22:34:53
8d1f3fba16abb3311e66734bd98761fc,191bb83e4a502bb51e6dd4d229082939,5,,,2017-08-10 00:00:00,2017-08-12 12:23:10
db75c8f85cd36ebb0ceed3831b132a67,1c0eb7262ceb60db69b3825f1fb1deb8,5,,,2018-01-13 00:00:00,2018-01-13 23:41:57
a37b21d8af109dc99e25def462ab4142,35b2be75ac71d838d1743e201de6bcaa,3,,,2018-08-28 00:00:00,2018-08-30 22:29:41
8ca896ab3b965045111f38fb026cf35a,7c5cfb19cd59e93d54d251302ac8268c,4,,,2018-07-17 00:00:00,2018-07-17 18:25:10
2b46e299a1baccdf4795e4415ff29238,bb18e3fd27d453f8966cc3b57c5b75f6,5,,,2018-06-21 00:00:00,2018-06-21 17:59:43
0856a38c685f62c3bded246f2afc0c8a,ddc6faf8f6c347a8c369d7c2b7cc6989,4,,,2018-06-16 00:00:00,2018-06-16 21:21:21
9c08b531f699dcddf759aa3ae6737037,aceb0ac9c2d49926c0eadc1510a3ff53,5,,,2018-08-03 00:00:00,2018-08-06 15:37:35
66232d4149a25e4347f9a24de48192ae,7beb8dfe9d03e7b0b7d7b811842a0fc0,5,,,2017-05-16 00:00:00,2017-05-17 02:03:28
df99aafd45e84b6f1e1af43b31c4aad0,5f517c344edea684043f8c69608b7f47,1,,Vcs não entregaram a quantidade de produtos pedidos quero que enviem o produto que está faltando. Se não vou entrar com recursos legais ,2018-02-26 00:00:00,2018-02-26 16:09:46
7fe0c5be84083b9bb204f335d625bfa4,21357c1f6313b781c9807522f57746cd,5,,,2017-02-08 00:00:00,2017-02-12 19:00:41
725208dac7a4ccb0c3aebc3efd2ac4d3,aeeb0a68040240daa8065187ca9d0770,1,,,2017-07-09 00:00:00,2017-07-20 01:08:44
7b85348b947de85dd9257393df4758db,5b3e6244d63f344c1ec9663776e1ca97,5,,,2018-01-28 00:00:00,2018-02-03 04:14:17
1aef510c9f0d9ca10edc6cc051dfd844,5a4c4faee643fc4fdbe78f3aa2bf4ae3,5,,Entrega super rápida!,2018-03-06 00:00:00,2018-03-09 02:46:16
8c85a04bd80df8266e282177be58f67c,f96fa82074a906a2d44dababc061999c,5,,,2018-05-23 00:00:00,2018-05-23 21:32:50
128a34d2b4a1f91915e0683092ed29d1,f406a7c4fc4512aa60c7240e3973597e,5,,"Entrega bem antes do prazo, recomendo!",2017-07-15 00:00:00,2017-07-17 12:13:19
8fe39975147568405e6ec1d26c724cd2,4c907885e2378d72e669a15367eddd7e,3,,,2017-05-20 00:00:00,2017-05-21 20:55:57
6233404cea96e0dbac0ad26716f025cb,a8509dc24b521846439b3c61f221af06,4,,Só não foi perfeito pq tive q buscar no correio,2018-04-04 00:00:00,2018-04-06 20:01:14
5afc8377259bbb4aa951f698edce300f,ded320f8039d7a35a324cf22f83fdf67,5,,Pode comprar é garantindo,2018-02-20 00:00:00,2018-02-23 01:27:20
f3481ea23755d5e28e51c825da9098c8,c33c0a34aa2beb75f41a04d1b3905d92,5,10,Muito bom,2018-05-23 00:00:00,2018-05-23 19:39:44
8c0bddca3720ed05ccc76ba560894556,e0fd296b15be54dfdffe8accfcd8620e,4,,,2017-07-27 00:00:00,2017-07-27 09:31:05
90c4524024adf1ba0c8e654fc971f939,cebfb93d43892425be3fe47edbb54347,5,,Amei recebi antes da data marcada linda a bolsa !!!!,2017-08-29 00:00:00,2017-08-31 12:08:50
cb786081145ded2ec104714e38385361,330f4c4ce3d46e9f892b06e6f0bc9aad,4,,"Com exceção do preço do produto e do frete, foi satisfatório o atendimento.",2017-02-10 00:00:00,2017-02-11 11:40:53
da1800a3e9bb401425d16b3503baea12,88d9499b5882f39b760f29c92acd6f2f,5,,,2018-02-20 00:00:00,2018-02-21 01:50:10
9efef4d70190c1bdb9b12872cc8144fc,4637ca194b6387e2d538dc89b124b0ee,3,Produto Avariado,Recebi o Diario do Bebê c um pequeno rasgo na contra capa e varias paginas amassadas. Gostaria de troca-lo. Obrigada. Andreia,2018-08-17 00:00:00,2018-08-18 15:32:40
dde5dcd88c0d85c3aed37bf7f30ea65f,9a72b635fdd4396e5656a6028d13d09a,5,,,2018-02-24 00:00:00,2018-02-26 16:43:55
2518ac1e2962f0f7df21e07966423779,7b2224d2541bc6874a3767724399a203,1,,Mercadoria já passou o prazo de entrega.,2018-01-10 00:00:00,2018-01-10 11:16:48
dcc0adabfa1160e75505bf7dde1106a0,564cf6104644e5122d47adf8bf6276c5,5,,,2017-12-30 00:00:00,2017-12-31 00:47:57
47d4f740179690b3bb126b702592fff1,45287af4d4d9504d6569383cbf95c764,4,,,2018-06-15 00:00:00,2018-06-16 19:29:22
18674ed94b0d0f2fef391144f6b36c76,06eda05597492635e3b91e00aa434332,5,,Comora segura e agil,2017-06-02 00:00:00,2017-06-02 23:26:19
9ff9964818655701561e43a40288dae7,1149d72adba9246665c80103bd7011c5,4,,"O produto chegou no prazo, e tem boa qualidade. O único problema foi nos correios.",2017-08-24 00:00:00,2017-08-25 11:17:14
34c81abdfca54d3f5c1a525840e9ae66,935cbf337f50d03fc7ecfb5a601dc7fc,5,,Entrega rápida...,2018-08-02 00:00:00,2018-08-03 01:21:23
aed28228cab25f2cbc325e1d755155a3,3602a80b09d914236f74c733631f3b8b,1,,"Muito atraso na entrega, sem Feedback com cliente. Espero nunca mais precisar comprar algo nesta loja. Não recomendaria nunca está loja! Estou até com medo de não receber o produto !
Indignado!!!",2018-03-23 00:00:00,2018-03-24 00:29:50
e397ecd25114f69d921620914d99b44a,47a4127cb0dbefba62b1f27417f295e5,5,,,2018-03-10 00:00:00,2018-03-12 18:04:11
dc40db0d0dab1cfb433109c923384840,b5781a5976dad5a78067d528713ef47e,5,,Extremamente satisfeita! Recebi meu pedido duas semanas antes do prazo previsto !!! ,2017-11-01 00:00:00,2017-11-02 11:44:03
818df98aaf082e51f516034805c85fbb,caa7dcd7507e6cdcd45f7ba5d29383a9,4,,,2017-11-07 00:00:00,2017-11-09 08:06:19
70c715bfdbd6f788b2be479c36dbc1d9,9ee8c4e95442d267ec52b5c452928131,4,,,2017-05-23 00:00:00,2017-05-24 12:03:05
f30babc02fad9f21733893bf26bd417a,968ce3e13bbc09dc91d26a2f0208d99d,1,,,2018-03-24 00:00:00,2018-03-26 10:13:58
7e6fd0f7346c7d4b1985fc2130db0330,fd74ee83ca49ea03ce7b1e8d8aceba3f,4,,,2017-06-14 00:00:00,2017-06-15 13:34:39
cad6aee4a2bb4bd1fec7cdbf3aa52233,acb2afbcbcc3be10924f75fd3b6c98d8,5,,,2018-08-02 00:00:00,2018-08-02 12:35:29
aba9303f23790078f9857fb55d47b7d0,7f1308d4daa38317363931054a0358f3,2,,,2018-03-16 00:00:00,2018-03-16 12:39:08
c346e8e4471911f15d9a1635a5417214,093cbde1b401404fd6dffc827e4b86e8,5,,,2017-10-21 00:00:00,2017-10-23 14:08:28
e5e283bb8e647472360e067c29279d9b,2a1826a678534f6229f4d60aedbdbb94,1,,Só ficou a deseja pelo fato de pagar pelo frete é ter que ir pega nos Correios.,2018-05-23 00:00:00,2018-05-23 20:07:51
0a860d2e569d8010aab70b78b61669be,844cf907092829d721bd444fc47377b5,5,,,2018-06-13 00:00:00,2018-06-13 22:19:38
b0c678d9f28c1207e602edb07323a486,da0831d4484d6bb80afb9ddc8c12068c,1,,Não deu dois dias a pelicula solto. Qualidade muito ruim ,2017-05-17 00:00:00,2017-05-18 10:46:11
54101cfc52c4d2adfae7b84e72c73271,a663eb567d6e0db6362cc10977fef5a2,5,,Entrega rápida. Produto de qualidade,2017-10-25 00:00:00,2017-10-28 02:20:34
a333052053e3221196f8b94f1689c84b,c882b9080c3622f37c41a25458378b69,5,Excelente,Ótimo,2018-04-24 00:00:00,2018-04-27 00:10:54
b924b4fa4075963f1549dc77d6acbc27,bc2bdb398f6c17b554ffcd37aa1c1e03,5,,,2018-07-13 00:00:00,2018-07-21 00:28:28
78482aef21a433e85c995b102c42f5f4,c8097c4a079d36884044cd13c0df3452,5,,,2018-08-10 00:00:00,2018-08-12 16:46:34
caf3346205255a0b7b98cff7e15153af,34fdc362961364d3ff08986ccff2212d,4,Super recomendo,"Recebi incompleto, faltou um produto",2018-05-15 00:00:00,2018-05-16 17:08:58
e20044cd7966c29db8a4f4e0272a40d5,7c7fe53f2fdb00627f75d98690d753bf,2,,"não vou confirmar uma entrega como essa
onde de dois produtos comprado
so chegou um
so que que o codigo de da compra e rastreamento diz que foi entregue as duas mercadorias
complicado isso",2018-04-09 00:00:00,2018-04-13 18:13:57
be9051cb1695f81c26a7ae23d87c328d,a9f75df1cef311cb1a83706ed6992b41,5,,,2018-01-27 00:00:00,2018-01-28 06:55:30
47510322d02f12c518b7f2d5f059ba5f,25e4af6ebff2dfb6213c8cc7e36ecbed,5,,,2017-03-04 00:00:00,2017-03-05 13:02:29
423331678ccf2a2ebf7e84d788b5e842,3137ad5aa5e36a39d95147f1e5678290,5,,,2017-04-28 00:00:00,2017-04-29 11:26:34
53905b3a0865698eef4d83049daa5f0e,31ea9af161fd3c77c3c621aa178bcb34,5,,Produto bom. Chegou antes do prazo. Super recomendo. Atendeu minhas expectativas!!!,2018-02-17 00:00:00,2018-02-19 18:21:40
bd9dce51421ef25eae61f855f64b92aa,402e0a2ad64d2f2b8f0d06d436789aca,2,,Não recebi o produto mas foi foi rebolsado o valor do produto...,2017-11-11 00:00:00,2017-11-11 10:36:53
38aa6cbbae91a2fc782eca72c12af556,11f10acabb1552521a9a7ca484aabd64,4,,,2018-08-03 00:00:00,2018-08-03 17:56:47
df5d9862c13fe60a51d084d708e55662,bd385d0011b10c0d7aefa73aae6ef935,4,,,2017-11-28 00:00:00,2017-11-28 21:54:03
416611b0c38d77883b50b95219297ef6,2261ff9e6868359245db75320f7e768c,4,,,2017-12-05 00:00:00,2017-12-05 20:39:19
dc6f7cebf880d2888367d6b3945c0948,73cb429669ebb88bba7787201730c88e,4,,Até agora não recebi,2018-01-05 00:00:00,2018-01-06 00:16:59
9f297fe53d3103ded24db8f3748ebced,6b51ade033ffeef603f6ee951ce831cd,5,,,2017-12-07 00:00:00,2017-12-08 09:32:25
784fcba302447d6fcb46bb3a10cf9eab,6e4aa96643864493bb291057da474fbc,4,,Otima a cadeira.. o problema foi que veio muito suja!,2017-05-21 00:00:00,2017-05-21 19:22:52
7749f901d06b4c7f48fa101f597c22f2,ba3ebf2b1c96c432cfc82801c4515ea6,5,,entrega rapida atendimento maravilhoso ,2017-06-29 00:00:00,2017-06-29 19:06:51
9e097108f65eb99b7bdc8ba10186bdae,df54015966b3fa00a42222b5a0e21348,5,,,2017-09-19 00:00:00,2017-09-20 22:34:25
7786076bf3e684a6ff340631e42ae055,ac9a25281ccc31b31fc2e9cdac94d9f2,1,,"Produto de péssima qualidade, não recomendo há ninguém, Estou revoltando com o produto que recebi.",2018-01-27 00:00:00,2018-01-29 11:36:45
0d429a74885e1504eb865c9ff1d7458d,e885d4ac4244bd62acf41453b5684377,5,,amei o produto ja estou usando,2018-02-09 00:00:00,2018-02-10 12:35:39
90814682de7806cbb2133c31bb4d63c1,b4e47a448289bb284758470f606229c4,5,,,2018-06-02 00:00:00,2018-06-03 10:27:23
abac151c6adde26fafa9a943d397903a,504b7c1b22122e429928dcd1ecab50c2,4,,,2017-09-23 00:00:00,2017-09-24 20:23:09
af51d1a5a115c24ef4773af428169a58,f14edad9e9d494755c49b2e0897de3b9,4,,,2018-03-17 00:00:00,2018-03-17 22:05:03
dad0644f4d331583de886cb95b1af37a,9f6e9882bfa36a4ef98e3016c5e59f9f,4,,,2018-04-11 00:00:00,2018-04-12 09:28:12
32c95dd79dc3f07e1015093f35817de8,777b4b0b8467866361a717d277ef1b1f,5,,,2018-04-17 00:00:00,2018-04-18 00:12:20
a8a0d98cc7b20ed46a3b4eb0795234c2,c8086b4492f0deb3456e98d734f85d5d,5,Super recomendo,"Produto entregue sem atraso e foi como esperado, produto de qualidade.",2018-04-24 00:00:00,2018-04-27 14:01:47
5f4f74077ea308686f233b3a3c34ace6,288b02fbf09f1c9f2ad1e4ef18124c1e,5,otimo,"recomendo, e produto muito bom",2018-03-21 00:00:00,2018-06-15 22:09:32
b17d763324cb1927a21f1318b93c42f0,e1247131e29e9f01c5ba3db262a4cd25,5,,,2017-06-22 00:00:00,2017-06-22 23:12:25
8d01803a363ae2d18a63c6a4b316ac05,86f9158c646801ca3b16b26373ba78da,5,,,2017-05-25 00:00:00,2017-05-26 11:33:09
d2300600b6ec8a85e98cb9ffef2bc5ac,e5d931ebd7214cd492fff71fb6a2aeff,5,,,2018-05-24 00:00:00,2018-05-25 14:34:05
a124ad86a152ffdb1f8ab540d1425593,faacd0beba2277101f227f7968ddbc57,4,,,2017-11-25 00:00:00,2017-12-13 22:43:31
18452826be9321262be0ede3337a4a4b,f47a74b9a5df7793d947d2dce26234f9,5,,,2017-11-02 00:00:00,2017-11-04 14:34:01
88268f51c33a6ee065bc1037fc0405a2,701ddcb0eab1d32958b3638a5e8c4e97,4,,,2018-02-03 00:00:00,2018-02-05 22:48:47
c5aa6dc16d55a61e9659070a36a31f24,79aee5d2f7328b2d701eb4e87f54ce47,5,Avaliação de entrega,Produto entregue até antes do prazo. Em prefeitas condições. Super recomendo.,2018-08-16 00:00:00,2018-08-17 12:47:19
aabddba67bee4c3dcc3b876919a908fb,3859aef969659dcc5439967f8ffbbc07,1,,"MEU PEDIDO FOI CANCELADO POR FALTA DE ESTOQUE. NÃO RECEBI O PRODUTO E A COBRANÇA AINDA ESTÁ NA MINHA FATURA. NÃO HOUVE ESTORNO!!!
QUERO UMA SOLUÇÃO!!!",2017-08-06 00:00:00,2017-08-07 11:06:11
8f2abbf8009d0ba08e15d31631c10246,03ba8f07686d0661b011f3701eab3edd,5,,,2017-06-24 00:00:00,2017-06-26 12:02:41
447e8f1c1d1f5c33b686abaaef12f1bf,e317f41180b8a6fa3ce86b6fba6ac3fa,5,,,2018-07-06 00:00:00,2018-07-09 16:14:56
e809f12fc29a508675a59aeb6dd62a2f,7af8cc0ff9ec1dcbdf0880dac7cba603,5,,bom,2018-04-06 00:00:00,2018-04-09 10:28:42
05e86aaec8be9b6fe865b6a297488f46,c5b8a34f0c16a7c4ca64e57aa15462db,5,,,2018-01-31 00:00:00,2018-02-02 23:19:16
7a3873bf3652e3c21068f96af8b4d550,4a8b56b6641818f8cf2457dedd663bcf,5,,,2018-06-02 00:00:00,2018-06-02 21:18:16
f7f01b1998ac93882fc4d819870ac2a0,799bc9658260598f040a6a7943b73415,5,,,2017-10-04 00:00:00,2017-10-05 01:30:22
40a26c052b2df490c2e75d1478c552a3,fc395bfc7bc0ca54d0fa3e4cc90d055f,1,,,2018-05-11 00:00:00,2018-05-16 16:06:13
aef781f1cdf68558187a2d2b042179cd,7dc2cd8c070cb20ae535d75d107741de,5,,Lindo e de qualidade. O tamanho é excelente e a cama ficou muito nobre. Recomendo.,2017-06-08 00:00:00,2017-06-23 14:48:37
3c71c82835382e0cdc228e1226b26c31,5dff8347ba30bf1b9e5d1a1ce778702a,5,,,2017-10-05 00:00:00,2017-10-06 00:54:35
aff738864b109a4f8b21a31ecc64b61b,bc0ccb298ff96bfc777b62cfe75899c1,5,,,2018-04-12 00:00:00,2018-04-13 13:07:45
692cbf724b58d7294d2172ae5bf13e4c,bbc13e09a09a77b4f6ea6a981a399473,5,"ok, muito profissional",,2018-06-06 00:00:00,2018-06-06 19:59:22
8c46cb6609ec2ffd67012f5167c960a5,92ecc22dcdb92188d9866d8b120c5428,1,,"ENTREGARAM O PRODUTO ERRADO (DIFERENTE DO ANUNCIADO) E COM DEFEITO!!!

NÃO CONSIGO CONTATO COM A lannister POIS A VENDA FOI FEITA ""POR UM PARCEIRO""...

JÁ ENVIEI MENSAGENS E NADA!!!!

E AGORA??",2017-11-19 00:00:00,2017-11-22 18:24:44
2357b092f106c724dd1586039574e596,7f40788714e03b8dda5b7ced37a77e37,1,,"O anúncio da a entender que se trata de um produto original da xerox. No entanto, o cartucho toner parece ser produto reciclado de fornecedor pararelo.",2017-08-05 00:00:00,2017-08-07 13:22:47
08552b9a59e2871a92648e434f5420d9,64c61c97b53cc497fd3bf4887d7bbf8c,5,,,2017-06-27 00:00:00,2017-06-28 01:13:19
e984c213383a57ed4be6f3d8f34e9d0a,40753325f836f577dd8bab3f0e5807e6,2,,,2018-08-24 00:00:00,2018-08-26 20:51:53
e23827c46b97818041bbac85e5c09c0a,bea39233e56405aa80613120fa0faae9,1,,A COMPRA FOI CANCELADA PELA lannister PELO FATO DO PARCEIRO NÃO TER ENTREGUE,2017-07-30 00:00:00,2017-07-30 13:13:03
a0849645a25d7dc93558d3365e018b38,8faff12af96ce78eba0d5b1597d5baa9,5,Muito Bom...Ótimo....,"Gostei muito , entregaram rápido , antes até do combinado muito bom ....",2018-08-17 00:00:00,2018-08-20 14:03:52
d358a294c8ebbb7d639261105dbb5e2a,932c319ee28911384cce008c02f0b448,5,,,2018-08-28 00:00:00,2018-08-31 09:58:11
6754ebbf69978ff10c66d2767cf83400,4b50fac9970bd5d46f41eab7855101a8,5,SUPER RECOMENDADO,ótimo,2018-07-31 00:00:00,2018-08-01 13:31:02
142d75bf4e51375f51adca9413d3cdd0,a5f52ebb3569cc7357f500d755314c0d,5,,,2018-04-20 00:00:00,2018-04-22 22:38:43
b9978c166b963f8d7942ecb407c4e93b,b43a195dd28616394e0209e0499adcb9,3,,,2018-07-25 00:00:00,2018-07-30 13:43:59
1170d4de3de7082c01684e8db27fda20,908f072f2390700728e47735f17c16ee,5,,a loja esta de parabens recomendo,2017-06-14 00:00:00,2017-06-14 17:51:08
8b75de18ed448667f641952c95686ac3,c9f06c1229ec7cd4ec9aed55d434b499,1,,Faz um mês que comprei o produto é não foi entregue vou reclamar no reclame aqui é pedir reembolso já vai pra segunda parcela e não recebi.,2018-03-03 00:00:00,2018-03-06 02:11:20
cdc44e00232042dd60ff2c5600d2bc09,2bd2198690a2c150fe5fdc4e064ba521,3,,,2018-03-21 00:00:00,2018-03-21 05:38:25
64ffc5f4bca28fd449a8e167ae937968,d858d63e625f2b1e5273f8e9312802a4,5,,,2018-03-28 00:00:00,2018-03-28 10:23:25
f526f4495e6b5a8513f176cfff2330a2,e28f56dc0353b7bf8f78f05ac639ba21,5,,👍🏻,2017-12-14 00:00:00,2017-12-14 10:15:31
f03e74567c5aeaf1579a57f043898bc8,f98ae4bbfd1a32ea2104c8cf1f64dabf,4,,,2018-03-28 00:00:00,2018-03-29 14:11:49
fe981145988443b02cfe046cccd43829,e66871adf6309bd5dfab0e92fc591487,5,,,2018-01-30 00:00:00,2018-01-31 14:32:44
f06adf06584a5d7625d102b15d290064,7d52b962726f481292e1faae3fcb31d6,5,,,2018-01-06 00:00:00,2018-01-09 00:27:20
0c22e4e1a64d69c6f3a1b2294807f6d9,2d5179fa58ed22b21f86902df78f8584,5,,O produto envio muito bem embalado. ,2017-10-28 00:00:00,2017-10-28 17:12:14
43f34b56801fd3f3ca879b2cef35f66d,c4bb1fcbb98d9733607ea0c7ab067e11,5,,,2017-07-26 00:00:00,2017-07-27 00:27:08
304c29a4065cfff839fa360a60b81584,33baefa752f2d98a008d4330d306d3db,5,,,2017-05-06 00:00:00,2017-05-07 14:48:24
debacc32ea0ee21dbc6dbc3dd5b1fc32,8798b3a8e3d4a597bcde0dab8ad1de17,5,,"Chegou antes do esperado, produto correto ",2018-04-14 00:00:00,2018-04-14 18:36:33
fd25669d085dfdeb82b0acbb3c194e4f,0953ccb40a8fb30d5fd5ce0c06bbf4ad,5,,Excelente compra,2017-11-30 00:00:00,2017-12-01 18:23:07
1ee821d1c05b943f3e7dc87b19d41345,d65f26752fd6834bfb0a567b581dde3b,5,,,2017-07-28 00:00:00,2017-07-29 00:37:56
3e6184968c0c5abd122dd9445e2aa5a7,fe2eef3b23570cf0d77e3bfd237aed93,5,,"Produto lindo...pequeno, serve uma pessoa mas é um charme, para agradar o namorado(a) e levar um café na cama cheio de estilo!!! Ameiiiii",2017-02-23 00:00:00,2017-03-03 16:08:40
7316fc4002647b36dd5612760682316c,b6d6730512437da0a234e99ea7885212,1,,loja ruim,2017-09-24 00:00:00,2017-09-25 21:22:25
d81e9c2ab315bc3b80789004d1d108d1,c2ec5dfbcdd442236f5aa871c8da0593,5,,comprei pra minha filha ela gostou muito e lindo de jeitinho que ta na foto,2018-04-13 00:00:00,2018-04-15 12:01:18
08280834423a02688acb124325ed648f,d4a3bd4ef8590f7923183b70e32326d8,5,,,2017-04-11 00:00:00,2017-04-11 23:04:19
4f9d10c885e21d2bbdc4fbf1013b000d,a7e6fba3426b2524d4ae03c6bcd147ee,5,,,2017-11-30 00:00:00,2017-12-02 12:07:59
4a695248a59c5f911a78bc96d8d93c0b,188804952924592ac0678c7ab1b42860,5,Muito bom ,Otimo,2018-08-31 00:00:00,2018-08-31 16:05:05
15535e178ceb96d3666be8796427ab52,91cad3260fc3d7cb677fe27010618ab1,5,,,2018-08-18 00:00:00,2018-08-19 18:38:29
b43ee333d372ad63f7a689590a440f1c,ec7fe8ab2dc8752a229cd9a28a91bc57,3,,,2017-05-26 00:00:00,2017-05-27 23:32:13
c9b6c973bc9ef811705b5cd28d08888f,efa4b51113fdedfdef6dee22876271ca,3,,,2018-02-07 00:00:00,2018-02-08 11:22:06
47e5ace6680434fb94edb4301f72fee1,03053b1cb20006c7f8160754d56f4f6f,1,,Achei que demora muita pra entregar,2018-02-24 00:00:00,2018-02-27 13:49:01
93c3d7962a62146c707235f549369715,0a42de5dfb223e924d95bccacc00fc78,4,,,2017-07-29 00:00:00,2017-07-29 20:42:36
f2568f3a35a02e20dab9df59ffe9c623,bf3c691a76e2c8733340a8f7e251a0f1,1,,"Mandei várias dúvidas por email, não recebi respostas.",2018-02-23 00:00:00,2018-02-23 10:59:21
af4d85d42aa059ee1a8e73096b6dceb6,c2fc568bac1a8c9f99c41a918cfbc6b0,1,,,2017-12-19 00:00:00,2017-12-20 12:27:28
4d673959ed00ee553d6d299ecc41b1c2,774bdf79f367d25dd36a9e0a8c739423,5,,Ótimo produto superou as expectativas. ,2018-08-30 00:00:00,2018-08-31 22:44:12
cef79b418f23a17594ff7f5f7d1f53a7,a2a7a8c26f134471a22568ddf011e175,3,,So tenho uma coisas a fala sobre o produto.fui enganado pq falaram que o carro tinha 7 funções e so tem quatro eo brinquedo não vale um real pq não durou uma hora e já quebro.....ver se não engane mai,2017-08-26 00:00:00,2017-08-28 21:50:45
b17649cbf298eb4ab05eecba79babe3b,6ef946c23a02ae5e2cfe4779ad34d805,1,,"apos esperar por 40 dias, o produto chega errado. solicito urgencia na entega do item que foi comprado.",2018-02-15 00:00:00,2018-02-17 15:20:31
60ed2e5880ba7fb753247316994245b5,f29b2ca058a4371e9c8baaae26e7e1a3,5,,,2017-05-25 00:00:00,2017-05-27 23:15:11
1c2a44ce37f4d20ef66a3c4a1b6f974f,b2a7488d3bfedd8a8abd53fff6127807,5,,"muito bom atendimento, como sempre",2017-12-02 00:00:00,2017-12-07 12:23:19
0fea16a3e9dbd08033661dbd9dde73d3,68129c60d17ca69bb5fb45039751eb42,3,,,2017-10-25 00:00:00,2017-10-28 22:43:24
4c429c089d6c5d78a2b8496084e1aa17,71a911a3509a408b60846ed2e5f91e70,5,,,2017-04-12 00:00:00,2017-04-13 17:01:46
f847bf15972d1c5eccd86d11cb2f527b,4379c802ba499c2c871ee501a835c33c,4,,,2017-11-07 00:00:00,2017-11-07 15:16:53
269f4cae052589fade64e79cbe82c60b,9181dcfd06aa134cf10d0dc56abcf07a,2,,,2017-12-13 00:00:00,2017-12-20 13:45:34
b6fedbc674be1c03a432e5605869799a,110e1980401cf18f27590b4023ff5e32,4,Excelente ,"Boa noite! Muito obrigada, recebi no antes do prazo, estou muito satisfeita. 
",2018-06-05 00:00:00,2018-06-06 03:21:18
cc1462425d226f674bc0d080d07cdf0f,6ee722cd81ebe249b83c6351f725bbb5,5,,Gostei do produto. Veio certinho e bem embalado. Até vieram alguns a mais. Recomendo! ,2018-03-27 00:00:00,2018-03-30 09:39:18
f53c0e4d444c1d1566710059dadb3b53,7fa26263c600a79bed73952426428e65,5,,produto muito bom mas pensei que fosse um pouquinho maior e a entrega beeem antes do prazo. Recomendo o site e o produto.,2018-05-15 00:00:00,2018-05-17 13:13:46
ad6c601ccca54aa6a36c3fd2d0a42aab,27320261393ac78cc0a9624a92da02c9,4,,,2017-06-19 00:00:00,2017-06-20 19:44:28
8d9e9d54d74da0aac8ea7bceb754dd97,fff3983dfa3c5a0d752d8d17baa406a0,5,,,2018-07-28 00:00:00,2018-07-30 16:20:24
6ca47645b37a83e0191c07cd1a7ce4d6,f9ec88f49637ef75f91d3b52f89b2809,5,,,2018-05-01 00:00:00,2018-05-02 17:29:25
2d6794111b77c4ba9fc0de698818a1d4,c1b86a370f491b37cc3adb8ef0a21fe5,5,,,2017-04-21 00:00:00,2017-04-24 10:43:05
4c4a6df6e9cd3af4a68ede61ce75bba3,1e34943faee67957ebdc93ece5a8f906,4,,,2018-04-04 00:00:00,2018-04-05 02:07:52
3778962b2816a38baeb3ac58ae9765eb,1e65b448bd96abe8434d64bc0ae4d609,5,,,2017-09-16 00:00:00,2017-09-18 17:30:23
d04ee3fbd4d019d9a116c111de74e524,f1ffa84db833c490ced2c3bc52b1b833,5,"Boa compra, recomendo!",,2018-08-10 00:00:00,2018-08-13 12:29:28
da24723d934b4ba218ff0102450ebc88,b23014161ca1bc596a96e77112ee5360,3,,,2017-06-28 00:00:00,2017-07-01 14:05:51
54ba50c41ac9eb552df8d450d29c900c,0c956783114b7ac9633e16c494c191ce,4,,,2018-02-06 00:00:00,2018-02-06 21:24:07
1b2e149ff0aab40dcf9efb19633c545b,d524e77bf9d7d01dec8ba849212ee527,5,Ótimo,Ótima vendedor,2018-08-11 00:00:00,2018-08-11 21:58:26
e06a4c1173b7923d58db19ceb8764f1b,96a2b5167187b3cfde60cd245d421132,4,Loja pontual,Superrecomendo. Ótimo atendimento e bons produtos.,2018-05-15 00:00:00,2018-05-20 20:27:19
9ecb5d8b10ae7c42fbe261a78ddef36e,e929082d2d58e7c69ca9d06715ef551f,5,,,2017-09-30 00:00:00,2017-10-02 22:10:41
56d3fcc7b5397434b52fdad3ed1a32ff,79db7436f36c45d0ec5cd158424d7ce4,5,,,2018-03-29 00:00:00,2018-03-30 04:29:20
c7609bb592bb1e2df76649cf5f0d8843,07172761566bda50929a3b449eae02ee,4,,,2018-03-30 00:00:00,2018-03-31 14:58:39
0733bb0c1edb87d11f9e55f9117bd58a,4b7f3bc13a8180b1cb4de82745278846,5,,,2017-12-31 00:00:00,2018-01-01 04:28:05
ed669ac369df19e801d7e68e59de99ef,32a36b92faf67aebedb4eea534a49c4b,4,,,2017-09-05 00:00:00,2017-09-05 19:31:37
b79b2fba84eee97377518e3808a8285a,2c476f0148a99ce31bffe7659e5aaf4d,4,,,2017-05-12 00:00:00,2017-05-18 16:54:11
b504b79219f4272d0ba1a0ad070ff1a4,a12de642288c88d6a5aec20f46a12fa6,5,,,2018-07-13 00:00:00,2018-07-31 15:18:29
fac073871253f255b8dde914c3372684,ea5b2c0d002d415e1c5e7d7f39c831f5,2,,Falta o protetor impermeavel,2018-01-04 00:00:00,2018-01-07 01:57:08
0c2915e69ee09c18b9c15b8035bdc5ff,7433b1786e1af2042c2c4c76d3e4b750,4,,"Manta bonita e grande, exatamente como estava no site. Gostei!!!
",2017-06-20 00:00:00,2017-06-21 00:14:13
630646be7c90f7e60947952add30985a,d28f2bc60aaf4da8d97ff1319fdffab4,4,,,2018-03-21 00:00:00,2018-03-21 23:48:17
f5a58e586fe11bf794be374a08a874c9,5e444d1399cf9f3de87152edcb0ff8d6,4,,,2017-04-19 00:00:00,2017-04-22 14:33:05
12c8f88b2e74128f1e01bae706bcf1a9,c41d2dd15394d41590232a9cc491319c,5,,"Tudo dentro do prazo, muito bem embalado e delicado... Ótimo.",2018-03-04 00:00:00,2018-03-06 18:50:12
1cbf31388d460b660277a9b79fc9a836,03f4f8149c605fb477250ac94f70c0cc,5,,,2017-12-20 00:00:00,2017-12-21 12:45:56
a8b3d68b0bfacbe17712f8ceec401d19,e271e657e4d6b7cd8627e5ba90ad3929,5,,,2017-03-23 00:00:00,2017-04-16 23:34:11
20bf865e0ff05ae821a56cef47c9aec2,a54dd045e3be5b2d21b3065c2b6f0131,5,,,2018-07-28 00:00:00,2018-07-28 23:37:17
ef3d88469f0167af3ed0b2c5eb509637,d0917c0a88a601949cde7cec1331de4e,4,,,2018-08-07 00:00:00,2018-08-10 14:45:19
e506a89bbee348d1a65f71ddd5ae77c8,a475f984a1a51c9e1f8a76e8a8e8b955,1,,,2018-01-06 00:00:00,2018-01-09 00:11:44
6263ae5887af9d775bd501239dcaf667,9b441adcb57c2e78cb12352908df3ea8,4,,,2018-02-24 00:00:00,2018-02-26 18:00:45
47a78e0d729e87b656bebf9175b3558d,70c06583df3a26d0a632b3205baee66a,5,,,2017-08-31 00:00:00,2017-09-02 05:08:07
70b921b5545ee120f0f5dd86988f736a,8f49d00fac6d25b1dbdb0685ef43af10,5,,,2017-02-22 00:00:00,2017-03-02 13:37:15
256c3b94baa9bb43f0c5a2b08b7be2e6,ed290fabcd8f57622249dcd888cb4ba5,5,,,2017-03-28 00:00:00,2017-04-04 12:23:00
f0733ebeb51b637dfdc953983c867b89,000576fe39319847cbb9d288c5617fa6,5,,,2018-07-10 00:00:00,2018-07-11 20:14:25
ea1cc0ff71eadacfaa5543f08b70e075,ab377121ab607d829a167d9796781f67,4,,.,2017-06-22 00:00:00,2017-06-23 19:14:15
8b2e38ce873a2fc0b896d9d420b9f22d,a92cfc44e62b26e5bda2aeb39b0e0217,5,,"A entrega ocorreu dentro do previsto e o produto veio correto e sem defeitos, recomendo",2018-04-19 00:00:00,2018-04-20 03:13:09
c2698526eaca53883d3b574792949bb3,861c1e37638360f0b8662592bc56f3e5,5,,"Muito bem embalado,com muito cuidado
,material de boa qualidade.Agora é amarelo mesmo,pensei que era mais fosco,mas e muito bonito.eu recomendo",2018-01-06 00:00:00,2018-01-08 14:20:31
aa6acc6f81d9091fcc3bfd95998084b1,cdb1faa859205ebd457e594dfab53801,3,,"Produto entregue antes do prazo estabelecido, deixou apenas a desejar em relação as características do produto, espera uma cortina mais espessa, não voltaria a comprar este item.",2017-12-23 00:00:00,2017-12-27 19:47:20
c68ab10732712c84ea727750535b2596,7b4fb0197b18a0fd0e75f9e44b3fc757,1,,A cinta térmica quando ligou na tomada começou a derreter e começou a queimar a pessoa que usou ,2017-01-31 00:00:00,2017-01-31 22:28:58
b0deafe1a321e867c6b7379e091b0976,45f3c6b73e741b9f127da84371a0cd90,4,,,2017-10-20 00:00:00,2017-10-22 19:14:16
4f0be22825a1eb5c917ee4beabfe8c83,5970ae5c335f20241fd65ed1379fe3a1,5,,"Muito bom, entregue no prazo ",2017-11-29 00:00:00,2017-11-30 14:22:42
daf51cff75800bead5bf87141a645f19,56142b6c34c40cccb3e3ee8308a4ae76,5,,,2018-01-17 00:00:00,2018-01-17 22:46:13
490645bf29ac371cf5b53137538039db,f56432d05172df07d256233e2b1f36dc,5,,,2017-12-13 00:00:00,2017-12-14 11:50:11
ff436d3d547f8a4ed6cbde97544f72f0,0e2fe4a9435f66fade2904a904a0adaa,4,,,2017-03-11 00:00:00,2017-03-12 14:39:38
7bbc72246e0986d1e4cb731ba10c1ac9,1c7a2b989035d96cd218d9b9f352c098,3,Produto diferente da foto,"Infelizmente o produto da foto é diferente do que eu recebi. Como a burocracia é muito grande para trocar, vou ficar com ele mesmo.",2018-07-26 00:00:00,2018-07-27 18:51:59
5bec0620e043423a063641e9a2900028,1cb796218c383fc54a6a4541420201d8,1,,"Recebi uma nota fiscal com valor totalmente divergente. Me causou um enorme problema na empresa onde trabalho e até agora não foi resolvido. 
Eu não compro mais nada no stark!",2017-02-01 00:00:00,2017-02-13 11:43:59
a3a9b725d4025db7912f3a5a072c5c67,4273eb19832c1ba5b1d96ec21fcc2d1a,5,,,2017-08-19 00:00:00,2017-08-19 23:58:19
67ba2c39747a4fb170e9bec7a4dc1e1b,26526add9da95bea7b977eff1d40d11b,5,,,2017-05-25 00:00:00,2017-05-28 05:19:23
f77adad150d3fe97377001e0a2755aba,f640183c8895bffdd9fbe37601bcdfdc,3,,"O termômetro foi entregue como eu pedi, mas não veio rosca para fixar o termômetro no fogão ! Deveria ser entregue completo e com as instruções para fixar no fogão !",2017-12-19 00:00:00,2017-12-20 12:43:23
6ebdfa41e3d680c8d855b8b224745dd6,3f6efc4ada967d7b5ad1b6c30ca43b96,5,,Produto bom e de qualidade,2018-01-23 00:00:00,2018-01-23 23:17:19
4920789b5eed4298d3899a22de90171b,0b573ab05f5976a357a60e0d981b4327,1,,"Pedi no site o produto no cor preta e veio na cor prata , vou pedir a troca e espero que não tenha dor de cabeça.",2018-03-28 00:00:00,2018-03-28 23:38:26
ec1eb37d31e3c454d3a2660f2b44e1ad,8fbf896e2592896433876e70d88863aa,1,,Achei o tapete muito fino...não gostei ,2017-07-21 00:00:00,2017-07-21 21:14:09
b1f535ff6be46db30d5b616514d6918c,4c1eb4e6d52d42048614e4c46f3c5f9e,1,Entrega ,Infelizmente n fiquei feliz passou o prazo ainda não recebi a mercadoria ,2018-08-25 00:00:00,2018-08-27 11:03:21
adb69037c0f5aac607f6ffa0709b63de,dda7cf31684a98205550865020745d09,3,,,2018-05-22 00:00:00,2018-05-23 01:22:50
630129e1da1ffda1d8a5f1c98ffa45b5,e6a8d767ed8be35e855fb51421587360,5,Ótimo,"Gostei muito
",2018-07-31 00:00:00,2018-08-01 03:15:15
fa850d7d4900295e06798e51379b0a2c,020347f6d056bb4209b3ee4711d25f1a,5,.,recomendo o produto.,2018-08-07 00:00:00,2018-08-21 14:21:07
894a62acf98f84a0c3aaa21feee78122,911432777099c4ba4711a18faed3f4c0,5,,,2018-04-24 00:00:00,2018-04-27 01:24:10
b03d0ad73f52544ae01da066d5315e91,701ed63cdee1bf7a8aeb7f690acb04a2,4,ótimo ,,2018-08-22 00:00:00,2018-08-23 11:37:51
86912bf3b6f4d0b192929975d0133b19,16ee19fe4df0a090015e2fa16f3bf3e0,5,,,2018-05-03 00:00:00,2018-05-04 14:18:20
530780aff6e6e975b7d27dbeb9364edf,7a309e99001d2a284a1747c7cc4186bc,5,PERFEITO OTIMA QUALIDADE ,"Adorei , entrega super rapida produto de otima qualidade. Parabéns a loja ",2018-05-09 00:00:00,2018-05-10 02:17:23
5d1d3b2faa9a0d398d190bc3758939ca,c62dc502431fbf54699cf00a9e938688,4,,,2018-07-14 00:00:00,2018-07-14 20:30:19
88c2ca4a145483d52752ab4aede53585,5c2049caca936695cfa43805ebe7d8e3,2,,Estou sem trabalha por que o meu kit de tesouras fio de navalha não chego e eu quero receber sou cliente a tanto tempo e acontece isso comigo como vai ficar minha cituaçao ,2018-03-17 00:00:00,2018-03-17 09:17:56
08196fa1e7fe623b67086fa9027eab9e,29d81f9fcfa8f77ad68afa83d9fbf83b,5,,Entrega antes do prazo,2017-07-19 00:00:00,2017-07-20 03:22:32
4b517f170c3798c3b3600eaf2aacefd7,1ac347121eefa52ab9ed2cb87693afb0,5,,Estou super confuso sobre outra compra que fiz q aparece cancelada sendo que nunca cancelei. Por telefone diz que a entrega será até o dia 06/06. Super fora do prazo. Atendimento pelo telefone pessímo,2017-06-06 00:00:00,2017-06-06 23:56:54
7da870bd5a586411b041897193349382,d50719e017b64d66a6e1a52e765ecfca,5,, Loja honrou seu compromisso com o cliente de maneira muito satisfatória. Portanto a recomendo.,2018-01-16 00:00:00,2018-01-16 20:50:42
d8e81d2d8e90807e6578dfd05c33942e,3e92e84e557bec2d9fa0d853b3e855e1,1,,"Somente não gostei do tamanho das velas.
As fotos mostravam uma coisa e na verdade eram bem diferentes.",2018-08-28 00:00:00,2018-08-29 15:51:54
af4aad344c83c3dcfdca461960367df5,1ff2b191106588727c913321d52db56f,1,,,2018-01-23 00:00:00,2018-01-23 22:37:35
7d07ce598534872496075f5669a7afd0,b6424e8ce7a66029b94b1221473c995c,5,,,2018-06-09 00:00:00,2018-06-11 01:32:35
a0dc21340a35865388254075707117c5,52f308ce830731bfdfea4539e140073f,1,,"Estou super insatisfeita, estava precisando do material urgente e so comprei pq As Lojas lannister nunca tive algum problema, já o fornecedor não digo o mesmo. Não teve comprometimento.
",2017-08-26 00:00:00,2017-08-28 11:26:58
4e5bc9fe6c9cac5b8184c3747f915263,cd5e56b5a3ac9bab0513602f1feb6d08,5,,,2017-10-24 00:00:00,2017-10-24 23:36:19
072e84590b3117d09fde1c59b41f8d12,f5eb2c9c8751b09f7637a10a9c40aef2,5,,,2017-12-23 00:00:00,2017-12-26 14:33:53
ffa456f88f518a771fd25e2f12412bcb,2f1a5157e323f52d58fca608db06ac82,4,,,2017-12-28 00:00:00,2017-12-29 01:38:09
150d2c6db8c82f43b332bccde80ec5d2,a769cc9f5becd92358f5d4604e17e806,5,,Material de boa qualidade! Chegou antes do prezo,2017-11-23 00:00:00,2017-11-23 21:43:04
3a7700926a2d92b48ccd1e3ecf593132,34385ebc27efd3685674932151f86368,2,,O produto veio com a tela do vidro lascada. Tentei entrar em contato mas ninguém respondeu. O produto vem solto enrolado em um plástico. Não recomendo. ,2017-12-16 00:00:00,2017-12-19 11:40:57
d53c47f8d721515f64a767b49158c927,8057ce8ffded1481446ada68f97941d6,3,,"Cadeira pelo preço que ela custa vale a pena comprar .
Foi entregue bem antes do prazo, nota 10 para este quesito.",2017-07-20 00:00:00,2017-07-21 00:20:36
a347829ddd41c3ce237ce94a990e4d05,29368d8ce1c627a562377e763eee8a3b,5,SUPEROU MINHAS EXPECTATIV,,2018-08-25 00:00:00,2018-08-27 13:03:13
6008a25773de8be1d63b35d56314be96,90c4f854c8aa741f36043f09790eb18f,5,,,2018-06-14 00:00:00,2018-06-15 20:37:19
d1a866def2e13be173fd873a83c3f370,916fdcba975b61d1b124bc2e79b2bf87,4,,Rapido a entrega ,2018-06-21 00:00:00,2018-06-22 11:34:02
8bc0f3baf5f87048f347ad0587ff650c,dee8d1d83278b2ec6e50c6472cd24c81,3,,,2018-04-18 00:00:00,2018-04-19 15:44:51
68f7ab6b441e02be45eb8ba56476655a,79ce3a0a9eba49ff442b392ab05349a4,5,,,2017-12-28 00:00:00,2017-12-28 20:15:25
a3c72be6881c7e1217c501e0ef272a32,abf60bca751436919479c6ad94cf5c0b,4,,,2017-09-07 00:00:00,2017-09-10 03:20:23
f89a3ef4753a2c23b51caf8b419cf588,beea8116a9908f0390812fd77d9b1f2e,5,,"Recebi o produto corretamente e no prazo estipulado, sem atrasos.",2017-05-30 00:00:00,2017-05-31 00:14:26
82eeabd319c03e31c099851936fbb633,9b8759d21a6df9bc2d6f451c972674c4,3,,,2017-12-30 00:00:00,2017-12-30 21:37:54
e3d89ef4b32a528cb9f2970dcfcf063c,11d6810af0b0d8982e3d67b4dae4374a,5,,,2017-04-11 00:00:00,2017-04-17 19:36:57
20ecfaea83db7450fe6401fce59ccf34,867c38cfbcd204534450b238734e4bbc,5,,"Recebi o produto antes do prazo de entrega, produto entregue com segurança, bem embalado e em perfeito estado. ",2017-09-28 00:00:00,2017-10-05 16:44:33
705a9acd751358b0fc6b1936cccca780,60022778f5467e9ba090ac42f6739e90,5,,Entrega antes do prazo indicado ,2018-02-27 00:00:00,2018-02-28 00:36:18
ce263c48a3ab62504bfaea21480f670b,e0f04a1acc50a7daf0cbb0654d438725,5,,,2017-09-12 00:00:00,2017-09-19 20:18:20
8e7fd3a46e075612e299871838e15195,6ddda171d214be5f13055479d8b41364,5,,,2017-10-18 00:00:00,2017-10-19 11:32:52
1a70bd05fc377131415ba1b853b1b774,a911df1b9a76faaf67ece263358e285d,5,,,2018-01-17 00:00:00,2018-01-18 23:25:56
cf156fdb81fe14b13dc1a59d2eec9866,24ee049b7819170224ee7e5eca0494e9,5,,,2017-04-04 00:00:00,2017-04-05 11:38:37
96c73b4dd713c8787d7996fc194aad4a,fc698f330ec7fb74859071cc6cb29772,5,Ótimo,Loja confiável e o produto chegou como eu esperava,2018-05-10 00:00:00,2018-05-10 22:18:38
6fda8978599edf0f42e3f19e90c51d79,84aaa1a774e37a0a7c1a5413dc49e168,5,,,2017-07-27 00:00:00,2017-07-28 14:11:10
39e15a39e19c10efc0a9b1327db5cee9,38edd38dc17b36d7fd7554100453f1bd,1,,não tem como avaliar o produto se ainda nao recebi,2018-03-17 00:00:00,2018-03-19 12:14:40
8db0c437cc66cfe838eb5831ae47567c,6dc67cb39f917644a71c8f9410d6505a,5,,"Tudo deu certo, chegou na data certa e conforme o anúncio.",2017-12-08 00:00:00,2017-12-09 15:03:11
6dcd0b452b30412dd26d2c54ce8e80f7,01bae920aea13b891b50bc1543634a65,4,,,2017-12-27 00:00:00,2017-12-30 14:51:38
3f6c78c9914db5dd448cfc5579701121,cdf5bd758b0b7d00fc23b2cd6c92f974,5,,Tudo ok!!,2018-04-25 00:00:00,2018-04-25 22:20:39
57de9123c1ba0ec74314f92f8bc7c6b0,dd1eff57387644bafd3823d2d49560b7,5,,"Comprei o testomaster mas na embalagem veio super slim...estou aguardando a entiqueta de devolucao.
",2017-11-27 00:00:00,2017-11-28 16:00:25
22fbccbf90ae01cf12eeedfadc0f4c8c,94f1c6e75d7f8c25a1094c0f45ac1a07,5,,,2018-05-15 00:00:00,2018-05-25 12:03:26
d492150ce1b1565e83947069e3280837,90c9aa0e4721db1de14e8528707b21a2,5,,"Entrega super rápido,superou expectativa, produto de qualidade! recomendo.",2017-05-25 00:00:00,2017-05-26 06:21:32
e9651b370d483da0e3997896680ac286,95d31d53ccc53bca2c13fcd535d67526,5,,Veio antes do prazo que era de 38 dias veio em 7 dias e eu to amando ,2016-10-18 00:00:00,2016-10-21 05:00:10
3e02d3b002b9f82c8ea31970bc13c41b,acf46500e7a3027d1314833501c92fe1,1,,,2018-03-10 00:00:00,2018-03-10 20:01:20
d8791b10926ff942fa585aad2d1df39a,317bfcd79627d89d54a917da6e066beb,5,,A entrega foi rápida e o produto estava correto e dentro do prazo de validade.,2018-03-18 00:00:00,2018-03-19 12:47:16
72ff080926228072cea7f4ab8e57c2c7,8ce6770545bab77f107a0b67da55fe7f,5,,,2018-01-20 00:00:00,2018-01-21 02:02:28
b64505224f9f0c27326efc0c4b6257f0,309d9fa2b3c76ea52c4ab89132f38adb,4,,,2018-05-21 00:00:00,2018-05-27 21:33:19
5cb1357a4afe571b0ad97cde218dc08f,aba3d283b846a03d398d549db17b649a,1,,o produto não tem efeito como descrito .. vem num recipiente de acrilico então não da pra saber se é original.. não gostei,2018-04-11 00:00:00,2018-04-12 11:55:27
194cfd5a24391b306dcc1a4177c7793f,51712e0d3d1de647e512d95dccbe5a93,4,,"Cortina, ok
Tecido muito fino, fica muito n transparência.",2018-02-15 00:00:00,2018-02-16 00:41:25
28e20f3ef22e8795ea14e65f54e087a3,00169e31ef4b29deaae414f9a5e95929,1,,Entrega muito demorada. Ainda não recebi o produto,2018-01-24 00:00:00,2018-01-24 23:36:29
afcd6f7bcf425a6d5e4c42ef080c72e6,46e0dd5cd4dd2530f0e9563886d82e09,3,,"O produto foi entregue, porém a pelicula do celular veio no tamanho incorreto, impedindo o uso.
Ou seja, usei apenas a capinha, paguei total de 100% para usar 50%.",2017-12-21 00:00:00,2017-12-22 14:29:10
263efd4ad1d021150d162960ab2af414,c0d2a0a9c8dd829896b7a78d33456674,5,,Entrega 1 semana antes da data prevista,2018-03-27 00:00:00,2018-03-29 22:02:26
f007151ef727898f4b7e29bc964b23fe,a3397fe4e0daa3278bc7de9c39a5e601,5,,,2018-03-16 00:00:00,2018-04-03 12:31:41
8cf3734fee72cbaa9e9424d141218d38,e4b86afb67e591d71050d108a2672dbb,3,,Demorou muito,2017-10-20 00:00:00,2017-10-22 18:57:49
46e63cad7593814a2891085e28d49060,1166012db74ae7b2b443c002e1c0c019,4,,,2018-05-16 00:00:00,2018-05-16 11:49:27
e59058d8c262f237e3330651ef3c7aab,62c2d78676c10f5c78087b70543d2b16,5,Excelente ,"Muito rápido, chegou bem antes da data prevista, só comprarei das lannister agora. ",2018-07-05 00:00:00,2018-07-08 01:21:33
3da4008101767323a4ed75e1ce68d51e,15513623d17d4fbfb1fc871c176e9f75,1,Insatisfeiro,"Estou aguardando e-mail para devolução, produto enviado de.plastico sendo que comprei de inox.",2018-07-06 00:00:00,2018-07-07 04:03:17
61c5518cacae99fc690d9733ca87e6e7,cef32f42c7dcdc8bcf919ba74f04da78,5,,Super recomendo.,2017-09-19 00:00:00,2017-09-20 00:28:55
2a4ad64954b685ddfb743c6da98c23be,817f6bab5398dc6c74b74ac820418d16,3,,,2018-04-06 00:00:00,2018-04-06 19:56:45
33da129492f37be2389835daecba5ac6,b7a126656513ca4a59462228783ea29f,5,,,2018-04-28 00:00:00,2018-04-28 22:05:47
21bf8a339a4927fe819a2b772667d832,81c79eab1c92dee31a9a5194bf6098a4,5,,,2018-06-29 00:00:00,2018-06-29 21:22:42
4355dc063f7cd967028fbead056bff1c,7eff82e591eb71184b50c3dfbfc7fd45,5,,,2018-05-09 00:00:00,2018-05-10 03:34:13
f498b9e4608343a1bc2023720b2eec51,efb4de6556b343a36237a04683bbbb06,5,,,2018-04-06 00:00:00,2018-04-09 13:35:48
7abf63edf8390dcc47898f769df70803,81923dfc527e6776a83b7e7d7b2c8dc4,5,Ótimo ,Parabéns a lannister.com,2018-05-17 00:00:00,2018-05-20 12:28:26
0c46553f3579cfe4b546f6010bb487ee,7b103f0841bda2b0b9e208b7840a762c,1,Não foi entregue no prazo,Até o momento não foi entregue ,2018-05-05 00:00:00,2018-05-07 13:01:24
af4b23d164f5b42416f62fc430d56061,d0c5da1cf512738b0f7bef215b1e12c2,5,,,2018-01-06 00:00:00,2018-01-07 01:31:20
af677b2464c026e6ab8ff0d69cc88692,9d0ead55b274d0c21fe95108b4b3ffe8,1,Troca de mercadoria,"Recebi uma mercadoria que não pedi, comprei slim life , com as seguintes composição, camu-camu, açaí e guaraná, veio turbo slim Life com picolinato de cromo, gengibre e guaraná, chegou no dia 4 errado",2018-08-05 00:00:00,2018-08-06 13:31:39
4dc17bb162851af409788da88c2aae62,6b82527b954e1c022661d8827cd5ff2f,4,,A nota fiscal veio lacrada com durex e rasgou toda na hora de retirar.,2018-01-12 00:00:00,2018-01-12 23:23:26
455ffdfd247b41dbc59be518236f1838,175825d48ba5a2082a843888ac1b08fb,3,,O Produto demorou muito para ser entregue!! So esse detalhe .,2018-02-17 00:00:00,2018-02-23 17:52:57
26d1d643bcb0590a7eb9ca8424eba623,18bb4acb90913593d37049c601660009,5,Bom,"Entregou antes do prazo 
Excelente ",2018-05-19 00:00:00,2018-05-20 11:42:52
39fb8a02382cd41f1d751006d3195725,bd5a9582291175251c3dee0c4a87761a,5,,Bom,2017-08-10 00:00:00,2017-08-13 14:53:54
873df6a6a6b4a54123fb51cd51495d56,e6af9b3f52266ed3aee09ff6bb028afc,5,,,2018-04-27 00:00:00,2018-04-29 10:51:42
71b317b5f13496fe277e680e115a93f1,b63188e48794609460e6d33e5cb7b480,2,,O número veio menor eu pedi 44 veio 42 o que faço,2017-07-04 00:00:00,2017-07-06 18:15:19
c6b03b888b3cd7b697a12ee3d9fcd595,0a45b0373a9b1178357bb9d93243ed18,4,,,2017-12-04 00:00:00,2017-12-05 16:59:09
ca1d18a9154d3c6cbc94502c9e3b66ba,df09698fab7f356cb66e565dbcc436b6,5,otimo produto,"muito satisfeito otima qualidade
",2018-04-28 00:00:00,2018-04-29 01:59:28
e4aa4f42aa5ec7719063c3c8ebe792ce,96500f175401baa18ab94e059e3c7ab8,5,,Tudo conforme combinado!! Exelente negócio!! recomendo!!!,2017-05-25 00:00:00,2017-05-30 17:35:49
5fdcdbff710a7f4220c937e5c2c36336,503f675df334896d388f06d20d5dc540,4,,,2018-07-29 00:00:00,2018-07-30 10:22:46
43f760a169b4f495be54b016ef7e26ba,eb504f547e9f4d8c739ddcf0d8efc9a7,4,,,2017-07-22 00:00:00,2017-07-23 15:56:14
930fa910077b33a9f539b117c67a8ba5,a322a4aa3b0a9b47a6760a03ee17ffe8,3,,,2018-01-23 00:00:00,2018-01-29 00:47:51
d09a7d7d1c9f23faf58810de27a5b5e1,f131e172fef158275f49417eabdda10d,5,,,2018-04-14 00:00:00,2018-04-14 14:44:59
42b64ea4d79158f1ea895af0eee753a1,bc6c23697db04d6dad824fad9a547d7a,5,,,2017-12-27 00:00:00,2017-12-28 10:44:17
c59af9cb9f61b48fcfb1f1b0ae6df143,60721992ef4cec39824837f08c79afec,5,,,2017-10-03 00:00:00,2017-10-04 10:40:35
327a61975b61936e9db1cba281e4e83d,5e7f9ee66e56d354635709fe765e845c,5,,"Eu já fui cliente há muitos anos atrás, e agora comprei novamente. Confiabilidade e pontualidade são as marcas da empresa",2017-10-03 00:00:00,2017-10-04 08:47:50
ddf48243f577e238172f767f988dac61,ca5fde2f82e0bb2a7e7727f165b28abe,5,,,2018-04-21 00:00:00,2018-04-22 20:30:08
ab06c6521376c4a405a8b5001bfbf49f,779e0845b9e541376ce3e8120c548cb7,5,,,2017-10-17 00:00:00,2017-10-20 05:41:38
59ebdf3d10635fa4732daa42399afbe8,e40632c1a86bf79342051a1ed16149c3,5,,,2018-05-04 00:00:00,2018-05-08 01:29:09
4f46631cf33bce1c28e5c4ba51bc36b3,f7667bdd9bdb0953511db7d56f25865c,1,,"Toalha de péssima qualidade, prefiro as dá marca casa e conforto.",2017-03-28 00:00:00,2017-03-29 10:33:08
1b61dddec23df36fe515caf13c9f9f22,59db0cf65fd439e6e76ec105e3aa421c,4,,Ol,2017-02-21 00:00:00,2017-02-23 23:50:05
cb07e655ddb72fb3de1f2bb5fe4cabc4,46a82de7cb247602021cb71731323fd4,4,,"foi tranquilo, ate agora tudo foi cumprido.",2017-10-04 00:00:00,2017-10-06 02:00:29
39f22b5cd12278b66890c790a7acf18b,8ab0c0ecda227b5dbcee5c23f28f0ef4,5,,,2018-02-24 00:00:00,2018-02-25 13:10:23
a1faee692039d22aa2302442e127836f,55a4f9b50beced29f599c03bf4df76e0,5,,Legal,2018-08-19 00:00:00,2018-08-20 15:03:52
441e079057d19aa62a9e6cfe38c2b4c1,3f3e73711d749f4c39da2d5e55927d84,1,,"Até o momento não recebe o produto e quando ligo no numero de telefone que tem na NF ninguém atende, já mandei email para o atendimento das lannister e também ninguém responde.",2017-05-25 00:00:00,2017-05-25 11:28:37
375d31b9ac6a84a63f31c16b28430bc2,dc15c503e5d31267bef467c8c63476c4,5,Toop,Ok,2018-08-29 00:00:00,2018-09-01 14:50:52
1e46466b590cf5386c0716a35d28f5bb,63d38b040204b98309d72e69123de250,1,,"Ainda não recebi o produto por conta dos correios que ""perderam"" minha encomenda...",2018-04-14 00:00:00,2018-04-17 00:14:44
f531c16fc118687b34266f2dba215f1b,7182a10886eba11ded33e2656379e6d1,5,,,2018-04-11 00:00:00,2018-04-11 20:14:55
1675a2ca92fbe9f187b37e5c61d5c36c,8ec0671b1fcacf329783aefb39813a64,5,Excelente,"Super satisfeita com o produto, o atendimento e a logística. Nota 1000! Super recomendo. O produto, a loja e a logística. Parabéns!!!1",2018-08-02 00:00:00,2018-08-03 19:22:44
79219c3c01d27409540747977a18d5a9,932917bf5776b6b41c8184cde607a9bd,5,,,2018-03-24 00:00:00,2018-03-25 23:47:08
c1b984637182727734bb8919301856e4,fbd05af8c1751b972fc6e19b1190990e,5,,Comprei pq confio no site do stark,2017-02-22 00:00:00,2017-02-28 03:33:37
0b9af3c12843b743f612ca8abbc33e83,37732eb932f8b2b2b3d7cef77833eec1,5,,,2017-11-02 00:00:00,2017-11-02 22:36:20
081cbe23975a04b1fa88b000a26463db,0683ead91c16a3b8964141bd93ec4edd,4,,,2018-04-05 00:00:00,2018-04-06 14:14:02
38fded392a19cae1bdd19147b6962e12,bc4df405798e78b26965a4b62efdebb7,3,,,2018-04-04 00:00:00,2018-04-05 10:46:26
c8fa7c451d4813431bbafaeed1ca574b,8f4ffb225a704e25511f490b651b6f2e,5,,,2018-04-11 00:00:00,2018-04-11 21:48:55
abe7c004e37c10ea32f05e96552b05d4,6ef8f6ed00303d5d81cdab508d586dcb,5,,Recebi antes do prazo...,2017-10-20 00:00:00,2017-10-21 00:03:20
a643e685fe63385d22723653f138b44a,57e27e0f4ce02fc858627e4c46e51e9d,3,,,2018-04-13 00:00:00,2018-04-14 20:34:57
d6da7d430bd3347c688951e43016063e,17335ccb96b98156a4fd1b635e11e107,5,,O esperado. Obrigado!,2018-03-24 00:00:00,2018-03-27 16:49:36
a659f4e32c26350d40ebe62a7aa90d75,64c4f910545582c5d0fa5bed30292b4c,1,Não recebi o produto,Até a presente data não recebi o produto e nem nenhuma informação quanto o envio.,2018-06-30 00:00:00,2018-07-02 11:05:43
f9df80e5999842de43fc5df4906308c4,b3718f28653857ba876b640844d45d9b,5,,,2018-03-21 00:00:00,2018-03-21 19:55:43
9d1109e7a9399d31797d9cdc29398bca,e9d424615d8805614e254bf5c170bef8,4,,,2017-07-16 00:00:00,2017-07-17 10:30:52
a62b9f252a0f5eb665e3e3f6ff1022c8,7aa23447e2b8d82e2355605aeac705b4,1,,Demorou para fazer a confirmação e o pedido,2017-12-09 00:00:00,2017-12-11 16:15:20
78cb166f3f247fb096b936fc53b8f6b4,c283d7942d2bbca2c27a9c15ee2a390e,4,,foi entregue no prazo ,2017-12-22 00:00:00,2017-12-22 22:57:41
aa17c4e9a3c293d0e6de82d712eff2c6,40f22b552ee940dd1c4c37d90ff60808,5,,,2017-07-06 00:00:00,2017-07-06 19:43:00
a62c0333f22c55bf073ab8f1e0ab9afc,d774dda8acab57dc1f473be2a975cdf5,5,,,2018-03-07 00:00:00,2018-03-08 03:20:07
3ca527fed5caddb402cdc1011fc6561c,40b0e6507607e122ac052bf9426dba12,5,,,2018-01-26 00:00:00,2018-01-29 09:20:44
b542eace371584a0ff04289f0be9d9f8,56c68bdc0271f13c3037a5bb26d520ad,5,,"EU DE COMPRAR NA baratheon, AINDA NAO TIVE QUE RECLAMAR ESPERO QUE CONTINUA ASSIM OBRIGADA. ",2017-07-13 00:00:00,2017-07-16 13:57:25
f728a2143c8c782ffa155371f1545204,9039dad04728fa0f311e4fe99c906ccd,5,,,2018-03-06 00:00:00,2018-03-09 01:54:53
6402febf5fd0aadff3e7323ae2c9b4a1,315ab79b5d15b5e9304d729579d36a42,5,,,2017-03-16 00:00:00,2017-03-17 06:00:18
8bf7cc7a0163730a93e3db8fef141347,e762633655ca1d869d2036864e96fb6f,5,,,2018-08-14 00:00:00,2018-08-15 10:20:46
5c2610b389381e5396a5468395b8aa51,ed9e33c926c94cc5cc50a68696119dea,4,,ainda não recebi o kit veio somento um item do pedido,2018-01-20 00:00:00,2018-01-22 12:52:59
18028ce047f0ab0e30369e1dca5e893d,4a2415018bd75fb37bb24471baa6364a,4,,,2017-09-23 00:00:00,2017-09-24 18:01:49
8bbcc29967c921b34d88e84b2e58da42,6be2c0f364bfae8f84f696a114aab022,5,,Entrega em tempo hábil,2017-09-16 00:00:00,2017-09-19 14:29:12
0c2fe609b2876204b49b19e7f1dabed0,3611ece86e8e8c233f0700db66adf592,4,,"Excelente produto e atendimento, chegou antes do prazo.",2017-07-11 00:00:00,2017-07-15 00:11:00
cd25eb60507fed74e6cf48cbecd9f020,852e2ae704b2196f904561391b2b6bd2,5,,Goste e comprei mais duas pra organizar meus Vinhos.,2017-09-13 00:00:00,2017-09-13 21:02:45
b18007563e44f7b80b1d0051c806ebee,d487b6355486e731b46ab592494f65e9,4,,,2018-04-21 00:00:00,2018-04-23 14:34:40
58aeb654f6aaf054d6c5a001a1eda128,b02fefc3800702d58c988da39c132902,5,,Muito satisfeito com a entrega. ,2017-03-30 00:00:00,2017-03-30 21:33:35
9dfd8134219e24fab3beb0c39d98eeff,e357bd17c927530e59b1740987b906d9,5,,,2018-05-11 00:00:00,2018-05-11 16:23:05
b110baf4b3d9730dbea9835149384fa9,cbe4899758da52362c07db6f9b3f9f33,4,,,2018-02-01 00:00:00,2018-02-06 18:38:19
cba5ec72c5789cf82414d09692084935,2caedb75be9b0acd4a4aa3562e5f898f,5,,,2017-08-01 00:00:00,2017-08-02 12:02:01
aabe4b99c4639a7aa42bef1038577396,b9a9373fc111512d93f74cbafd0d15e5,5,,,2018-02-10 00:00:00,2018-02-12 00:39:24
ce00347f7e99b986f7b0d71a3fa839d2,6f838eed4f03f8be45723049df0a91a3,4,,,2017-05-26 00:00:00,2017-05-29 11:20:52
193cfd784bf0a178f11c9ef7f3a6173b,27898da84be67ffaac7dfd170663529f,4,,,2017-11-04 00:00:00,2017-11-07 10:49:31
36609dd55b56914e401bb6c7f6342aef,8c7304b887c62d8b229df046f90e44f4,3,,,2017-12-30 00:00:00,2018-01-05 20:58:48
41f9e1785dd8ea3b6777220901df3c8e,bee4fbc438d2d48527e812cb6a1c8166,4,,,2017-12-16 00:00:00,2017-12-19 17:23:51
ee4464b9b3aaa29f42193d0d4507299a,11746f9dc3d55313aadc6e6bf8464595,3,,,2018-05-03 00:00:00,2018-06-14 14:45:14
5f65ad4b5147b940da2da6802f18bbf7,b545ba7b0bd67a3128185c7214704319,4,,,2018-06-19 00:00:00,2018-06-19 20:20:45
149625d8068d75db67ad844c16202815,d86e34fb55dbe6507acb469ef5d50906,1,,O tom da cor recebida não esta de acordo com o tom exibido no site. recebi um rosa escuro enquanto quando comprei no site a cor era um rosa claro.,2018-02-15 00:00:00,2018-02-27 18:58:19
86fc49fa65a9e395b90a11af58d93f6f,195194e3dbfe59a81261af1a6ffe7c47,5,,,2018-01-04 00:00:00,2018-01-04 18:50:13
a358eccb12e843196e2e0064c5e7f886,ed0094f95927e35ebb97a275ed02d046,4,,,2017-09-29 00:00:00,2017-10-01 00:54:23
a0714ed43e87e92075ad03bf896c3d36,7cba130d7fd9cbf1fa889eaaf7c89d29,5,,"Os 4 rolos chegaram juntos e 12 dias antes do prazo, numa compra anterior targaryen entregou 3 rolos em datas diferentes. O adesivo é de boa qualidade mas a colocação exige muita habilidade e paciência! ",2017-12-02 00:00:00,2017-12-02 18:09:25
b1765ee8877dd8df50e05b7063b793aa,9d9b9f1853aa3afd7906d3c011c49775,5,,foi perfeito,2017-08-26 00:00:00,2017-08-28 20:03:19
cd563814439b152aa7083f876b1dfa48,81db4954527dbb6dbda29235cf4bf043,5,,"ÓTIMO PRODUTO.
CHEGOU NO PRAZO.",2018-01-20 00:00:00,2018-01-29 15:57:28
501cd483ac5bcd1e418dbc12dcb48b14,7529dd1778a9d75bcd367a8ddc1e9d14,5,,,2017-10-21 00:00:00,2017-10-23 23:23:54
0d1c221cf7706b285b357502ce5002f1,4a36f21a19a956cd848e968d56be9b58,5,,Só poderia entregue os 2produto junto.fora isto muito bom chegou antes do prazo .agora vou espera meu outro pedido chegar vou compra mais gostei muito. ,2017-09-01 00:00:00,2017-09-02 11:55:07
880814050d03f00b83374055274a3f9d,1e0f40bbfe787796d0c56e3795dc94d8,2,Relogio de pulso,"Prazo de 3 dias úteis para entrega. Foi Comprado para presente do dia dos pais 06/08, 4 dias para entregar e não foi entregue!
Se não consegue entregar no prazo aumente os dias !!!",2018-08-11 00:00:00,2018-08-11 19:41:17
aaefacbd15305de33be523b046c649da,acba89405234491dd6704dbf3fd8f653,4,,,2018-05-19 00:00:00,2018-05-21 08:38:21
92a978b11f13eb2bde4326abfe4ecd8a,37a9cd356ab386c137066c705c927937,5,,,2018-03-07 00:00:00,2018-03-10 01:23:48
447f31d9623e891064586c415a9d4687,fd6a51f9eb40dd4bca270db2bd18aae4,5,,,2018-03-21 00:00:00,2018-03-22 15:50:31
e1de31bcbc313d0b1dba9475e5f413c7,c69f0380799b51f882ec31e9761cd497,5,,,2018-06-09 00:00:00,2018-06-09 17:24:05
23506ca3b3049e21ef0c4a91646b94d8,d5d415a80776eabc101e98603d000455,5,super recomendo,"otimo produto , ",2018-06-05 00:00:00,2018-06-05 18:20:01
3243b28368e300faac5aa4ce1c1efc20,2db72c1513eb12a34d183d40a7291014,5,,Bom dia. Apesar da greve do correio o produto chegou certo. Obrigado,2018-03-13 00:00:00,2018-03-14 11:33:40
0be6b492b5ba7889a9e5fadcbbb5e159,61224c4690fa8613b56e0469cea9415c,5,,,2017-09-26 00:00:00,2017-09-26 21:49:31
5a639e6a8139095bbc3ce2b63b349f8c,8734071c7bfc4d453e59546b22c5ce0e,1,,O prazo estava para o dia 10.11.2017 e até o momento eu não tive nenhum retorno da loja para dizer qual foi o problema com a entrega. Ainda aguardo o produto que eu paguei.,2017-11-12 00:00:00,2017-11-12 18:33:23
c221f46902c8e878ee4a17a2089b168e,12d9b7528c95b9b6d2f087195ba47d60,5,,,2018-02-16 00:00:00,2018-02-16 18:12:18
d5425f09f2fcfa47278f7b5a453f3aae,b9b7f9bddf7affffff1c6da14e8144b0,3,,,2018-02-04 00:00:00,2018-02-05 11:25:15
096b42b14747d0f6dbed00d66eadeb46,3efb84891f27efd4a1ad0e11ca4fb36b,5,Super recomendado,,2018-08-25 00:00:00,2018-08-27 11:35:51
9aff7a31c267ef6d97b359a795c14b9a,742bb86f369fadd10d68946fd903aaed,1,,,2017-09-15 00:00:00,2017-09-18 20:54:53
2e529607d55e09c4af33111be779af3c,b1b6f4555a67701822ee36e2d35d7043,5,,,2018-07-07 00:00:00,2018-07-11 14:38:21
68b1b8994b7057957569d418cbf46445,44ddda99ffdd779ef6dddc13ed804971,4,,,2017-08-23 00:00:00,2017-09-30 01:08:46
3fd1498ce4d59c09033d0b16ea52664d,0e8bbbedc5dffd859a8386d68d138c10,5,,,2017-10-24 00:00:00,2017-10-25 00:39:58
042b7c995635364a03c5bb79e994f513,19e31a421ef559a7772d01fc5074ee14,4,,o filho gostou,2017-04-20 00:00:00,2017-04-24 13:02:02
fe5c3973a1a555f5029109e6299a89bf,31ff2ab0bf20340ff13605c65e38387f,5,,,2017-11-15 00:00:00,2017-11-17 20:03:42
96fde3c6f38c2a1be15b599d2df50c25,da274e08fb80aeff81a543aae3cf9784,4,,,2017-05-06 00:00:00,2017-05-07 18:32:31
994fb2e27ca0653f8f003546e2a0e497,85df9618973ec5807b30a864e352599f,5,Ótimo,"Produto foi entregue em tempo ágil, super recomendo ....",2018-08-10 00:00:00,2018-08-10 17:47:37
566b3594b298222541c90778fc011add,ae8978d20234f0da191a909faba05574,5,,axo que o produto é muito fragil ...... nao compraria ,2017-07-28 00:00:00,2017-07-31 11:48:36
107fb39001ec82a9265b73d65e5ce47f,795b0bc608229d7cb45e79030bfa7d4b,5,,,2018-01-24 00:00:00,2018-01-24 11:27:03
6fe44912d02a5ba9bef2fe4bdb186ae6,37cc3389217eea1a2c533e2314052c32,5,,,2018-04-06 00:00:00,2018-04-06 23:34:36
1b7b7d85adc75c17438100f3d718882c,19421091ea8830b487a1aa4c43e074b6,4,,,2017-04-07 00:00:00,2017-04-08 01:40:47
1ad185675c91be6e3ad3c3f7eb27346c,c7c3a00f3958f5ce595a95a1a98672fa,5,,,2017-08-12 00:00:00,2017-08-19 20:19:34
477629c611367caed885f92e1703ce84,39a2c5163845188e0148f36a05ff7ac7,5,,Amei o produto é toda a atenção dada durante o processo!! Parabéns a toda equipe.,2017-08-31 00:00:00,2017-09-03 01:36:23
f452b8965f603cc0ce4b9a8de0654c7c,9cea6943c0d2ab67dc7bde8ab9b03f32,1,,,2018-08-30 00:00:00,2018-08-30 16:21:52
e8ae7ef5b9a6931a082607b921c0ee56,ee9ca989fc93ba09a6eddc250ce01742,1,,,2017-05-25 00:00:00,2017-05-26 14:48:04
862324f9389340127caee01ac58c2103,c108072ab31ec90a754129c171577f5f,1,,Recebi uma ligação do vendedor falando que o produto estava em falta e que devia cancelar a compra mas não estou conseguindo cancelar,2017-10-28 00:00:00,2017-10-28 10:27:46
f89aa0dd2711a44be8939b544da9df5a,037f4f91c8f5cd2a6ddd52a63d97fdcc,5,Excelente,"Ainda não instalei, vamos ver o acabamento é muito bom!",2018-07-24 00:00:00,2018-07-26 16:51:14
5e98aace7b73cd3375c5946203e8a805,452659f1bbc22357a8b75386eb2beb34,5,Recomendo,,2018-05-05 00:00:00,2018-05-07 21:38:34
40058cd454774f1db16b137ba2947b85,c1efd8321b84f3cfd0a4b41c0fd60026,3,,,2017-05-26 00:00:00,2017-06-13 14:50:29
5c7c027c7ea48cdeb7bcfa2e62343f28,f162c6cbd93bb5eebd520d6f654cf7cb,5,,,2017-09-22 00:00:00,2017-09-23 13:22:48
74491e3bf3de4b6abbd6ff6bc19bd4f3,2e167a5acbb1c31fd50faac2ac3986d4,3,entregaram metade,comprei 2 e ainda estou aguardando 1 pote. Responderam com código de rastreio e dizendo que enviam separado por segurança. Quando receber confirmarei por aqui,2018-07-24 00:00:00,2018-07-27 18:08:54
f3c1cabf61dfd3b032c8ec9cec2f3525,b842a958b4bdb5de1b88ff1795c361b3,3,,,2017-05-25 00:00:00,2017-05-26 21:02:44
fae699e88e25ea0d53af63d589e1659f,eb4b336bd21e49c74c82949c6cc43ec6,5,,,2018-04-11 00:00:00,2018-04-11 23:55:28
ee89c6930b9206fba911cf6645cecfac,f503bf4df121d79cc4907029e84dc441,5,,nice,2017-07-19 00:00:00,2017-07-20 21:02:54
36d227d242f82a14adf4a1b368198c35,eddcd0974bcd773f5734decebf0225a4,4,,,2018-08-03 00:00:00,2018-08-08 15:27:27
40071ffb972597b47ca18b467fc04093,13d45a0fb42d1b8691a1824859519e4e,5,,ótimo,2017-10-18 00:00:00,2017-10-19 09:56:07
989a309abca51ad9052fb645cc89fa02,0fa05bb83efc10205ac8f4224f10c336,5,Excelente,Excelente alívio imediato para minha coluna após dois dias de uso,2018-05-15 00:00:00,2018-05-15 21:52:31
37999a2dc24225c073eb7ec5a7c80093,e15b4d4792319e939f82008479734433,5,,,2017-12-16 00:00:00,2017-12-19 10:49:32
316015e24cd4e23a65300a7706b5dc6b,c5f9f79b60cb1ddfec0fc9556781952e,5,Tudo certo!,Pedi e chegou no tempo e o produto certo!,2018-08-08 00:00:00,2018-08-09 00:42:33
711a447b4f9e4d27823949fc21275606,8aa40dadd2c1f011024a9f8656853103,5,,,2017-03-14 00:00:00,2017-03-15 09:53:02
24e9d0479424c21f1f6e57a48b3664fd,d52ec59371d4477349b3a26e9607dc2c,5,,,2018-05-11 00:00:00,2018-05-14 11:16:55
dcb7795bbab5b0438f1f05d2ef615ae0,e28fb6cbf050a8cde2b9af4ae94f3241,1,,"e não recebi o ressarcimento do valor, um absurdo.",2017-08-02 00:00:00,2017-08-02 17:43:21
30fd72c78f2215b64b11d79c64201736,6a45bd0eaa9f36460b442d6c149fb97e,5,,,2017-08-03 00:00:00,2017-08-04 13:17:12
7d9b01bd9b552658945a37f30f0822ce,ac28921ef185c0a4f81b4fbbdf4d645e,4,,,2017-12-06 00:00:00,2017-12-12 17:01:09
96ccb4014c164574c8077246fbbc860e,ae022df91338bf0b68f5d5f179ad8492,5,,,2018-08-14 00:00:00,2018-08-14 22:37:00
abd22a6fb5487457e334d57a386a3ad9,8e287e7d7db7206c7a9d0184e97014ad,5,,"Produto chegou antes do prazo previsto para entrega e em perfeito estado, com as características iguais as da imagem. Recomendo!",2018-01-24 00:00:00,2018-01-24 22:37:21
e48331bceccd23aba197964ee77d4fbb,4da9b175d4de58460535384da0f32f05,5,,,2018-05-05 00:00:00,2018-05-07 20:58:07
53f09fd39dfa1e64989cec4090e51faf,f5967f0a9a614d8ccb6b2c1c16bde5ed,5,Muito bom,Muito bom.,2018-07-31 00:00:00,2018-08-02 13:56:01
f0797ab1b53feea89f2bb993625f62cb,c9229f668c1028a77a433afa8b93f122,3,,"Tudo certo, produto recebido e nota fiscal enviada com o mesmo.",2017-05-20 00:00:00,2017-05-23 14:13:41
912f8deec77abb0322d24e980006f20e,646a1b93987d2552d842a2f34db266fd,2,,,2017-12-31 00:00:00,2018-01-02 10:54:07
a40a0e99764674bc313061cec03c801c,d7b749382b06fe2551235b118a962dfa,5,,,2017-03-24 00:00:00,2017-03-26 03:43:15
b6d8546f6788bc93f9f1ed33d4a4b51f,36ebb4199031e72a1fa964549b88c377,5,,Ótimo!!!,2018-04-17 00:00:00,2018-04-18 03:48:15
f43ae7961d461a53c64e7f4e59ed480a,853927b32b0ebc007ece729a314338cd,5,,Satisfeita! Tudo conforme o esperado.,2018-02-22 00:00:00,2018-02-22 19:56:28
c7ecd3d49473c11b9ba438f8937235b5,cfd2f4ec78bb56b1fa91abad6d3ee54e,1,,"SRS, O PRODUTO ENVIADO É FALSO, NÃO É ORIGINAL LG. TRATA-SE DE PRODUTO PIRATA / CHING LING. SOLICITO TROCA POR ORIGINAL.",2018-01-09 00:00:00,2018-01-10 00:48:49
e506ffd4baf43fb620898792836698d8,914e3f7135c8d9046278a046552ebb6e,4,,"O produto chegou dentro do prazo estimado, mas ainda assim é um prazo muito longo.",2017-05-03 00:00:00,2017-05-08 12:01:34
cfb9975f44b79548f09d5484fe022b51,126dbef0d053f55ed2e3b23e88efab4b,5,,fui bem atendido,2018-03-22 00:00:00,2018-04-04 17:23:45
44fb0f397c8b65ad41a72d9fd3488995,2e328ffa7af7bf06a2af0b74cfb14f64,5,,,2018-01-20 00:00:00,2018-01-22 20:57:40
3a9f71e5e757228317549f6eb982042d,849eace12a4c38cc5d4647af9f942eff,5,,,2017-02-20 00:00:00,2017-02-20 09:14:25
94676b92f38588d3dc03d6d1d6136238,7e52ab2aaf4fd6b758bf18e6295b2bbc,5,,,2018-08-23 00:00:00,2018-08-24 01:14:32
71bba941ad790b87b719abe9ba3249a7,89132053ebde68cc07de4c71adedb658,5,,,2018-02-21 00:00:00,2018-03-06 18:30:16
3db300ab1359746fc90020ef0b12c445,77ce4c372403e8665d37213cf52bda56,4,,,2017-12-08 00:00:00,2017-12-09 20:44:43
2775c0a680f1914d69eb2eb72ac8c03e,e0316057201638c364f3f54c86eebdcf,5,,,2018-04-19 00:00:00,2018-04-20 12:54:44
21407d0edfb750030004fea0acfc5141,b5874324518a48132da83d062f675fb3,5,,Gostei e recomendo.,2018-01-26 00:00:00,2018-01-26 21:37:12
711f62f20482b59fe5bd49b6f98bd9bc,aa1849549928a6c6d3f8b27f1bcf3a22,5,Otimo vendedor,,2018-08-23 00:00:00,2018-09-03 13:36:51
a911d2fc16bfe5da6a5a36c85f46f1db,950d953d1c32b47c840a17f3661427a4,5,,,2018-03-10 00:00:00,2018-03-13 14:29:41
749fcf0b5c8e2739ff224ba23d1b92a1,b8dabd1b3ebaab3808cbf73107a61a6b,5,,entra super rápida e ótimo atendimento!!,2017-04-21 00:00:00,2017-04-24 15:17:36
171bb8e4aa170494649c1366daa63e84,fd27a031c5f2efd93917e23822de573e,4,muito bom,ÓTIMO PRODUTO MUITO BOM....,2018-06-24 00:00:00,2018-06-24 23:07:53
c9836dcf4a41acbf0b7b7418e903a429,95a0819142cb868109a4b84a410098f8,5,,,2017-10-10 00:00:00,2017-10-11 12:48:11
9d93b9e7d1a258b55c7a33bdd369075e,d9494fe15b74723b8b3b97835ab05246,5,,,2018-08-18 00:00:00,2018-08-21 13:32:07
33f2067b4f9616d5a9ce9c54d28db321,32171e467d31a017b609c0cb44441ee3,4,,,2017-12-07 00:00:00,2017-12-09 22:42:05
def23945f7b56830fbb597f2d66c9ee8,b0824d7e22fb8f487be1f22753268ce2,5,,,2018-02-23 00:00:00,2018-02-26 00:31:32
0f6311502362c7b4e8cd0d53ac793128,806508916d09b540a66a7487473a6e7e,5,,lannister a melhor!,2017-11-04 00:00:00,2017-11-05 14:57:03
b798b660fbfa59b1d30150e3bc081071,67a3eb1dd398761dcbd4773e7d811cf6,5,,,2018-03-05 00:00:00,2018-03-07 16:11:10
5d0fd5deb7e6a4f952cf63cc52cc18e3,e04abd8149ef81b95221e88f6ed9ab6a,4,,"Muita demora, mas, tudo ok.
Terezinha",2017-03-21 00:00:00,2017-03-21 17:35:02
05fe191aa20ba99332d3b98679ccacc0,8dcd08ba1ddd245791d0fe2a764d7c0c,4,,,2018-08-25 00:00:00,2018-08-26 01:24:42
7dddf31b1cb89678f77e28d7c0ebdd48,0838c36e9894cf5d929f58210d5b5bb0,5,,,2017-06-28 00:00:00,2017-06-29 01:08:05
a8a05413eebc04bde96467216d768797,83b3ec68c2f23b553f392eab2bbcc07c,3,,bom.,2017-07-12 00:00:00,2017-07-13 12:50:53
22fef74f256389ce01a0886104f0c490,57d1548a5e964a5d6d303ff32de7859f,4,,,2018-03-11 00:00:00,2018-03-12 23:39:37
72b96a42174014fb2b2db17e389a99cd,2f90cbbae872c312d21619dbd02ab3a5,1,,"Realizei dois pedidos na mesma compra.
No site já consta como entregue mas ainda não foi recebi um dos produtos.",2018-01-19 00:00:00,2018-01-19 23:53:10
38ca7174c9bc8492a5e03e5a31d9b562,e86118c5fd6d905b7346a83baca017e2,1,,"Não entregam os produtos comprados!!!
Não tem respeito com o cliente.",2018-04-05 00:00:00,2018-04-05 12:27:04
18b66104ee9f590cc1d0e9ba29df5b3e,270f8f53a3e97cf69ab06a15d03105ab,5,,,2018-04-24 00:00:00,2018-04-25 12:31:50
48e436bb3aeb313f7cdfd6a8a68775d3,ed18204b2bef82c1eeb3f13852c9dbdf,4,,Gostei muito de comprar!,2017-11-26 00:00:00,2017-11-28 19:38:57
65ed9f6e90d11c833a04d9961e951e54,8bbc0e9b5ac010d6a9b8d76570cd20c4,4,,,2018-03-07 00:00:00,2018-03-20 20:06:04
61e41976b2efe4d2d06e39957ee85412,51879b7474407f56048b6c36cc3e263c,5,,,2018-08-10 00:00:00,2018-08-10 06:22:30
e5a03b7d0f0d1357e636ae6f2c21e4b0,635f576ffd2031b8aba271d85a739949,5,,,2018-07-07 00:00:00,2018-07-07 21:41:36
329f1379246049662d526ea576063916,8e66b37a5e6e28c5a8c59bc36989a673,5,,,2017-05-30 00:00:00,2017-05-30 23:09:50
d8f397f7493f52177aaeb0ce7cdd63e3,a4ba5f471acc707087cf478a5145f0e7,5,,,2018-02-24 00:00:00,2018-02-25 00:45:11
a2c57d1f628abc73f7fb3b12a48d81b2,146f83fbe74a8608adecd4b19c1597fb,5,,,2018-03-29 00:00:00,2018-04-02 18:15:51
197a3dac9318d6f23a5fb2ad23ea1efd,c23e171590482930d50c033857c85deb,4,,"ENTREGA BEM ANTES DO PRAZO, MATERIAL MUITO BOM , UNICA RESALVA É QUE A COR DO PATINS VEIO DIFERENTE, MAS A MINHA ADOROU A COR TBM, SATISFEITA COM O PRODUTO",2017-12-16 00:00:00,2017-12-18 10:42:43
f11f131d8d9b234bf7d280bb8213d406,a217507ac495620d9a403939c9604703,1,Não recebi o produto,,2018-08-11 00:00:00,2018-08-15 17:46:54
33c2c389804a6c84e4d870a769e9a929,13bad9a229ea7c04888ada5c6c971c28,1,Não recebi meu pedido,a greve é dos caminhoneiros e não do Correios odiei,2018-05-31 00:00:00,2018-05-31 03:42:03
c5ed131f111e20ed8aa742d077573655,247d40d57494c99a2d2112878041d45e,5,,,2017-11-26 00:00:00,2017-11-26 18:06:15
b9ad19049d1f31e350c4adfead70bb6a,9d532b51b8f3d1f0103c34fc72fe1816,3,,,2017-08-20 00:00:00,2017-08-22 16:59:59
eb756927796126d47d8f385f5c6cb0f6,c72c0ab643f76818c56b7c135e806360,4,,,2018-01-21 00:00:00,2018-01-22 01:44:28
c61f2ac12b81641d9fa640e2434202b2,ebfd84fa76eb56fdefe0b656500fac4d,5,,,2018-04-06 00:00:00,2018-04-12 12:45:49
04bb4510dfa4af74e357521612d82ae9,40ccb6520c6922d1712766b66922e72d,5,, ,2018-04-11 00:00:00,2018-04-12 02:28:17
671987419f34165718136d079480bff2,94534dca4b70b22116250b471102602e,5,,,2018-08-23 00:00:00,2018-08-23 20:31:01
79d03da5d9bd976baa654803596790b7,af3b41ce890eefbd6ee273bf7df396dc,3,,,2018-07-24 00:00:00,2018-07-24 15:04:17
22bd8cb3887405662e98af535eb72c16,7d593cfb475e1e80058d84bbba5aef55,1,,Produto não chegou ainda ,2017-12-21 00:00:00,2017-12-22 09:37:04
47d4ac1fac2ac2499ae03825d71bceaa,c8dd1cfd0c38b71aff04b1a4298b5b83,5,,,2017-10-14 00:00:00,2017-10-14 19:15:54
7ed9bab9de12a536b13a2d43e2750ed6,6f4a6eb3e4ef9a73f9b63fa7ee3ce425,5,,"Entrega no prazo, recomendo e compro sempre que precisar. ",2017-03-07 00:00:00,2017-03-10 15:10:29
919662608580040e712ca17e567c2afb,2bd14036d2219176010c4c89aa4c9a19,5,,,2018-05-15 00:00:00,2018-05-16 02:02:38
d4d5e7de775d6e7219601f8aace75740,67c4fb37550e156c42ebafde460fa354,5,,,2017-05-23 00:00:00,2017-05-26 20:46:10
de2b1f63cd51551fbd806743709a6f61,36dfa5ee84af8da4fc7f9af242219972,4,Satisfeito,"Gostei das fronhas, muito boas",2018-06-06 00:00:00,2018-06-06 19:49:04
74fe870615e45530c73f3a64318cbae6,b4a6ef27ed0f4d85919dee11bcff9b41,5,,,2018-07-31 00:00:00,2018-08-01 22:54:41
b840cd445f8a79bdf7fc23d5f4005435,5545b19e008b4a2989c495761e53456a,3,Aguardando a entrega,Aguardando a entrega,2018-06-30 00:00:00,2018-07-02 21:22:09
a3c014f1d49ebf8bf4e930fe71eefcef,f1c5e5967b0cd0144bd3b56958f7da43,5,,,2017-12-06 00:00:00,2017-12-07 08:40:11
79e789eab703fe9cb01856427eaadde5,c6701e6d9b17bfd2a252ecb5aa4c7949,5,,,2017-08-02 00:00:00,2017-08-05 00:55:15
a93e4afaa20595b5522fedbc58b3ea32,d310b57747a742fc3a54a009114a77db,5,,,2018-08-10 00:00:00,2018-08-12 19:08:30
f89b3f1efd5254d6359fb03b157eb185,a198770e8161a0593a4acdbd70b6681a,4,,,2017-12-22 00:00:00,2017-12-22 21:32:12
8b0c21dd8a1834d8afedd20c7e1ca9c6,55881111d8b37a0e45cf97b156ae1943,2,,O relógio chegou perfeito porém as faixas fiz a compra de dois kits é só veio um gostaria de saber oq vai ser feito porq estou com uma parede em branco comprei dois kits porq era oq eu precisava .,2018-08-09 00:00:00,2018-08-10 11:15:58
970b38ac016bd973fd3c44c69ce96e3b,02036bc298ab3c1efc98b116f420d646,5,,,2018-08-28 00:00:00,2018-08-29 09:18:28
dc69168231c00305c15044d195d09fde,7516210b50a463ba7955ad0d32b9f012,5,,,2018-01-26 00:00:00,2018-02-02 02:46:57
1d088b6ba50c1b4301f14727d5a3d4c3,512c6d2dd9904e8ce639b106a7689949,5,Colimador/ajustador de mi,Ok.,2018-05-16 00:00:00,2018-05-16 10:20:49
60126f0a7b2d5817e9ca99a6dd447ad2,287b0bab443f35ac8aaeef8efdbc3a74,5,,,2017-11-15 00:00:00,2017-11-16 12:54:47
a85c56f6ab5e0363138f2098cacc5bc7,338fbd3c36de682efeb03bf89d62ae95,5,,,2017-11-24 00:00:00,2017-11-24 19:18:58
b714aaf3035c22b55332a275e8a024a2,c64f99013aa55e3d950573bf1a8ede4e,5,,,2017-12-21 00:00:00,2017-12-22 10:07:44
bdbeb7aa467baa8903560a7466ce9554,61e7a0e72661ce2a29fef077d8007f27,5,,,2018-01-23 00:00:00,2018-01-24 03:06:44
17d7a86722bf05055243e1012c0e57d8,6feb1191d85c6196e2dde76966fdb45a,5,,super recomendo chegou direitinho,2018-02-01 00:00:00,2018-02-03 23:11:32
101961634ce646db26473fb9db0353e8,f7535290d652a7fbf7dc0c271209048a,3,,,2017-11-01 00:00:00,2017-11-02 11:48:08
81bb69ce87c40c7e6a52a97a7ceef176,0232512713ff84ce6ae5c96971894149,5,,,2018-04-12 00:00:00,2018-04-23 18:43:23
9092e2717d30b2cc14bc81ea15e4b9eb,3afc0f9406e119df79d4b5ea3b236712,1,,Preciso entrar em contato com vcs urgente.,2017-10-21 00:00:00,2017-10-22 21:57:27
57d94c6fe87c8a0cd93c7909879303bd,39dd6ee10ed18591bddeb83c8136dd52,5,,,2018-05-05 00:00:00,2018-05-05 23:59:42
b4d134b18f2e2d729ddaf9a8a9c40cfd,059f8a8f4a2c52a1969278f9f484fca6,5,,,2018-02-20 00:00:00,2018-02-23 23:35:16
51aa4e0c1f6a4eb71553084d5d9f299a,2c3ca3f1309ac4dc9e380810f4f65e46,4,,,2017-10-10 00:00:00,2017-10-10 19:37:34
807902b84f40199312356ed32e602f92,eddc2675550fd30e8c067b3fdd08ad60,5,,Otimo,2017-11-23 00:00:00,2017-11-24 08:35:46
27653a377d5279da3480d0b79db976e5,b757c5b68510d1d1390243961552792d,4,Recomendado,Gostei da eficiência da entrega.,2018-05-18 00:00:00,2018-05-21 10:05:30
598f4935f1b85a10555549747c64bf6e,aeaf2bf4d5560c9cb99fa0d61adc0ae0,3,,,2017-06-25 00:00:00,2017-06-27 19:37:13
2791e4b18f4ce4fadb7df6a72714e2ac,546b9703cec4a0b57e4573d7ded4ae12,5,,,2017-08-16 00:00:00,2017-08-19 01:32:50
4b5355dea320ad4af8e40cd30fb5edfb,320b4a5fa30f0d1eb0bb4c944d2205e1,5,,,2018-02-26 00:00:00,2018-02-27 17:08:26
06606a6595a76cc6860c1835cbcc1d12,34a9a98676d240a885b690f92ef1b430,5,,,2018-02-20 00:00:00,2018-02-21 04:02:24
bde9e9e9cad954868c7ab8bf56518889,296921db5b87a79a3cdfa1f0c2694e4f,5,,,2018-02-07 00:00:00,2018-02-10 01:20:56
e72458eb053b365fb6a3617b2d1a41dc,fe4275936c291c453f09fad434e6b3d2,4,,,2018-02-24 00:00:00,2018-03-06 13:13:21
4313f175a0b378018dbb164b49495efa,ed970e1789fefbbd3700b0c5e84b45f3,5,,Entregue rapidamente ,2017-08-23 00:00:00,2017-08-26 19:22:47
17c97e7604417bddbebea5ad1279c538,122a6d89b8a3ee8fe039b6990c1dc226,2,,,2017-11-25 00:00:00,2017-11-26 22:46:46
bf98cf5d21f8f1aa2fc38c376044b535,36870d717737ef5f4b201e7787c3ea6f,5,,,2018-07-12 00:00:00,2018-07-19 14:37:34
172431339c460f326bb836d44cd984c6,755eebcb667b0fc5148bdcee47fe9f28,5,,,2017-05-23 00:00:00,2017-05-25 18:16:12
49965d0ca692e9b66c715511ff521786,0d24d62857c1f2d00801a3512dce5d1f,5,super recomendado,muito bom,2018-07-27 00:00:00,2018-07-29 15:08:18
35e531071b3c980ff6dcf95b243fb009,8c0921d37402722b282083329db79f9b,2,,"não disponibiliza acesso para contato com o comprador. enviou apenas um dos produtos. Não houve movimentação, até o momento, para justificar a ocorrencia na entrega e a consequente devolução do valor ",2017-05-10 00:00:00,2017-05-10 21:29:27
b5c523f3b12ccb1e15aa3c8224014f3b,c75dfb74f7e634744d13799759233b78,1,,O modelo entregue não foi compatível ao Cruize LT,2018-03-06 00:00:00,2018-03-06 20:43:38
4b2eb5e9ba5bbad756768746ce334ea8,1d39bdda52c4e5dfe96ea227fc5420f9,1,,Não chegou oque comprei ainda estou esperando espero que não demore,2018-04-20 00:00:00,2018-04-24 14:40:24
d0ffbcf6f958506734c9a63e28d3d2ad,82b5afc1133f4b14abbcb31fd3a3fa5d,5,,Recomendo para quem deseja aprofundar no mundo de Tolkien e para quem já leu o Silmarillion e trilogia O Senhor dos Anéis. Para os fãs da terra-média é uma obra indispensável na coleção.,2018-01-11 00:00:00,2018-01-27 19:05:55
2ef0a97f7e3c2b0e7ec1f43b714ce52e,922acd93e452539fe6833fd485296ffe,3,,"Maior do que eu esperava! Gostei, porém não vai da para minha cozinha! Muito grande! ",2018-03-03 00:00:00,2018-03-06 00:16:16
152e21212ec666b0cab894c95658e86c,5c19e256f5972c1dc427a1a1f9940a3d,1,NÃO RECOMENTO,"Fiz o seguinte pedido: Carregador Qi Sem Fio Base Premium Samsung Stand Wireless

Chegou esse: Baseus Fino Qi Carregador Sem Fio
",2018-05-13 00:00:00,2018-05-14 12:50:57
06c65cceaa6e8d049c6e1b387a81046b,6d10445e2d4cfc53db33470b19b33ec8,3,,Bom,2017-12-08 00:00:00,2017-12-10 11:29:15
f5609acf30dd5d0d5a8b70feebe865ce,448a4837b41e7f24ad7dabafe574c842,3,,,2018-06-26 00:00:00,2018-06-26 20:22:12
133766f61a7faf7a527ab9ab43ab1aed,9c987217fb96ab86ca15a379d251595c,3,,,2017-10-09 00:00:00,2017-10-11 13:20:34
3812d143008eb87ebc650db0d3b56983,4477f0fa7855f6d43e17f4b8e6612898,5,,,2017-05-28 00:00:00,2017-06-03 17:35:12
097723befab656359201b27b99e044f4,9376d48a8f0dfe09122a2e197aee2436,4,,"chegou bem antes do prazo, direitinho.",2017-04-06 00:00:00,2017-04-07 18:08:16
b4428633e40efabf6d7406611c4e3664,ffc5d47e40567b5f153d5cd17138eb89,1,Demora entrega,Nunca fiz uma compra pela lannister que demorasse tanto a receber. Gostaria de saber o motivo! ,2018-06-10 00:00:00,2018-06-10 11:51:34
24ea2e65fa60235fdf763bcc62fbc4ab,7727f2b370c8c7e236872c980d69968f,5,,,2018-04-25 00:00:00,2018-04-25 21:14:20
01bf1d38e5032c73e86ec20395b14950,2a6ec88bef2eb4c5e4716b26406ead0b,1,,Produto do Paraguai,2017-12-13 00:00:00,2017-12-13 12:55:57
bcc1a766a3eeb36d5053acf45e14d7ea,36307ab4d5c4b59fbc4034d2adb2cb77,5,,,2018-05-16 00:00:00,2018-05-18 19:42:37
01adf3b6aa07a862a1afb625d202136e,58dfbee60e4d1073dcfe6f7a9d8f6043,5,,,2017-09-07 00:00:00,2017-09-08 19:56:02
9d784ef106f8a3f4795195a6c3433202,565a7bc14e1f825b163c6a51d74f4206,1,Regular,Bom dia. Por favor pode me informar se vcs já me enviaram meu pedido de volta? Estou no aguardo. To precisando dessa mercadoria!,2018-08-30 00:00:00,2018-09-18 12:59:43
980522763e8a12bbde9c7ac76fc4007e,4b4a19bd8b1065ce9a4f227eff142150,5,,,2018-03-15 00:00:00,2018-03-18 12:54:13
3913b4ada4dee85ada95d09e159209dc,cbc5205b9df432b848e1e8a2331ffeca,2,,,2018-05-18 00:00:00,2018-05-20 14:29:43
7e72e6dcaddc8224c669f4bc6893b2de,a0aef57f230423695817deb4c1b4fe7b,4,,,2018-04-06 00:00:00,2018-04-06 21:35:10
e8e27b8f8c5be30a0c6ada0ab1cb5094,9edc784457fc74368eeab9b7012495f0,5,,SITE SUPER SEGURO,2018-01-13 00:00:00,2018-01-18 00:18:37
357900c1c09c25b3899a8c80bfeca0fa,139602ce40c8f337484eec9b157ca80c,4,,,2017-04-19 00:00:00,2017-04-20 11:59:33
210723ea4324c2ab02f6df883efc396d,a9c12c3dbd383763a49141b30627fd5d,1,,"Adquiri no site lannister os Cartuchos 933XL Cian e 932XL Preto, ambos originais HP nos descritivos, 03 unidades de cada cor. Recebi 2 pacotes, contendo 01(um) cartucho cian em cada e não originais.",2018-03-22 00:00:00,2018-03-23 15:27:31
ff2c1473779e56c726546e09371ec3a3,841a78e6ae7179553c784f4a69955d5b,5,,Produto muito bom eu recomendo ,2018-03-15 00:00:00,2018-03-18 21:03:50
ecc25d0732ef1d21a72fe7ee6468699f,c033e99bf02e103535766475e490aa19,5,,Tudo ótimo.,2017-10-18 00:00:00,2017-10-19 19:22:45
d8f97e8f38f6e43d08f5466ba0871ff3,4610355b7b9a4c4d4c176acaf273b7e2,5,,,2017-05-25 00:00:00,2017-05-29 12:17:47
248316ad439dfb5a44a0a0cf5d52b34b,22ce839b4cf363dd05a5cde6a91e53de,1,Pedido veio quebrado,,2018-06-27 00:00:00,2018-06-29 23:00:00
3becffe61f4cd6cc20e5c75dbb9fc851,050c32bac1e923fa3406fdedf75feb89,4,,,2018-04-05 00:00:00,2018-04-09 18:21:22
02aa7f5f75e964e3c7efa59a1f515281,d8e17d5f7dacf0970d316e7c03e741e8,3,,,2017-07-27 00:00:00,2017-07-29 15:09:50
f61e546a537a99b43537dea97555ade7,4ef3c842b74a91b2524df4e621606c94,3,,,2017-06-14 00:00:00,2017-06-16 15:16:13
9166e47a32cd480f9e1d12117e2318cf,7277412b4dabb3b15f3511cc78e81125,4,,,2018-03-29 00:00:00,2018-03-29 23:29:24
bb6fafc3cf8122cb199fa0700a6deaff,4d9f7ee0798052190a19d19bb0f31a40,5,,Empresa com produtos de ótima qualidade. Tudo bem embalado para proteção no transporte. Recomendo,2018-08-24 00:00:00,2018-08-25 11:30:07
b9fcae40e402106f3334c5fae8bab9e2,6d8660f8e645acd678cc75068d4fbcf0,5,,,2018-02-21 00:00:00,2018-02-22 10:55:56
b5048272d5c213ad0b4c73165172bec5,7131224bb3afd2aa3e6b81ca40bd8e4a,5,,Gostei do produto e da agilidade da entrega,2017-12-18 00:00:00,2017-12-29 12:17:18
6407c9977a1aa50f46fb843cf1f99541,7fd1ad3183dcd535e1fbbd709f095a4a,5,,"Veio tudo certinho , irei comprar sempre daí, 
Super recomendo 👏👏👏👏👏👏",2017-11-02 00:00:00,2017-11-04 21:59:49
b2023ab37bc9de90e5e8824c4064b609,8d60c8a11e4eefd1b431f3c126e0b3c4,5,,,2017-08-04 00:00:00,2017-08-07 14:58:40
93b54efd274eb293b302a15665ff1f33,ec6c53fc2c05b76708b23286ba2d9357,4,Bom produto,"O produto chegou em perfeito estado, no momento está funcionando bem. A única observação é para a bateria que descarrega rápido. A entrega foi super rápida e me surpreendeu",2018-08-07 00:00:00,2018-08-07 18:54:09
e61a8dcd8e87cea39fc1282901d9977d,8cd5a51ae18b8bbcfd46882f77cc98c5,5,Ótimo,,2018-07-15 00:00:00,2018-07-17 17:55:30
1be9014dfccac211bcf4fb694d1c6e72,43c20095b0f5f569fe0d24426cf8a7d2,5,,,2018-07-22 00:00:00,2018-07-24 19:06:57
3ec3ee18a5b18d508eed27f10a863969,19642ea4acfa0cbb8b9a990449873396,5,,,2017-12-21 00:00:00,2017-12-23 21:23:07
af437ec83dafb6d9adc7954b9bebefbd,e4e7f051862316f8ef1e82166c55cdea,5,,,2018-03-11 00:00:00,2018-03-14 07:53:44
53dec6d85f38f3dd095bc6ce69dbc28c,8092a6dba7ee1ea9d61883db8a08fb14,5,,Entregou antes do prazo. Ótimo ,2018-01-23 00:00:00,2018-01-25 00:19:41
cc82d4701d9251dee2ba438a4510cc4e,7786642062339870927e5c0dd845985c,5,,muito boa,2018-03-24 00:00:00,2018-03-24 05:25:25
cfa917e403f737b9ea215d27eaf66dc0,6f3428447439d9e2de6274149281dae6,5,Ótimo site!!!,"Adorei comprar na baratheon, recebi o produto no prazo, bem embalado tudo certinho!",2018-05-05 00:00:00,2018-05-05 20:20:49
4788fb2ce82d0fb5ab15501418f09257,8c8ab4a6c61aaea6eccaed2958c36231,3,,,2018-08-26 00:00:00,2018-08-26 09:58:18
f20c84561879bdca856e8b12bf63c691,9da45042d8eb6c75611db8ff1a176f8f,5,,,2017-07-11 00:00:00,2017-07-12 10:29:01
d8dd4c9e516383836b7ab117b89dd266,0f286dcb49da58061b9ae488027e4033,5,,chegou em perfeito estado.,2018-01-30 00:00:00,2018-01-31 12:01:39
d00af08b60abbba71efca68dfd2929a5,9f34e578816993ab6665797c08919c90,5,,,2018-05-22 00:00:00,2018-05-23 14:42:09
16bc09f0b9060175d0d4351e170de7c8,c12bef4c2199585f7a1f2c92fdac3827,5,Bom,Produto bonito,2018-08-14 00:00:00,2018-08-14 22:06:31
53e48834556635921e2c2fdbe0567b2b,eb07db9884e44e51d9f3f7e6ef2715d9,5,,,2018-08-30 00:00:00,2018-08-31 16:00:12
d3d0e676eed3ed37653a3d49170f2939,7222c3a8696a84d8f538ee8db5832c67,4,,,2017-12-01 00:00:00,2017-12-04 08:50:17
9d16dfca3ffe15358990c81f882c6506,892e01736ad734f028d207bb6578ff85,5,,"Tudo que eu compro chega bem antes do prazo. Esse era pra chegar dia 05/02 e recebi dia 16/01.
Super recomendo!",2018-01-17 00:00:00,2018-01-18 13:08:57
5719635988c95388229cbd10e93ee048,2ed75ffbf396fcdc6341f17d1a16ef5d,5,,Produto entregue muito rápido. Fiquei muito satisfeita!Obrigada. ,2017-12-15 00:00:00,2017-12-16 09:03:16
7e85c76999314b86e07e8f4122254acf,8f41f6ee6b11dbc12bd14d1d0ce1641e,3,,,2017-04-18 00:00:00,2017-04-22 19:42:03
d7291ae01656385cfcaaac82181df23e,d54bea5ba90238aa83323565749538a1,1,Combo não entregue,"Comprei um combo composto por carrinho + Moisés + bebê conforto + adaptador. 
Somente foi entregue o carrinho. Os demais ítens não vieram.",2018-05-13 00:00:00,2018-05-17 02:05:52
ff43ec7854a895cb590a48ceffc87670,a247dd396d56ff49f7b4f4b8f9139f5c,3,,,2018-03-19 00:00:00,2018-03-21 23:55:19
44f461e28bc1f11cf2a298e9411a151d,9fbdb5da34e42e5603cd57ad18c79729,3,,Bom atendimento nas compras efetuadas.,2017-11-18 00:00:00,2017-11-19 18:27:22
a98ff8817a655e065a829fbd382fe097,78376bf275535930db73f00a985ef199,5,,,2017-06-15 00:00:00,2017-06-18 00:42:04
940821e19db15e05cfcc6466679bd7df,464dcde4a46d816f4943dd22ac477629,5,,,2017-08-29 00:00:00,2017-08-31 21:04:18
59ee39a775401eabf433776b7da30c2d,03672cdb5f2c133e401946a14a7dff3b,3,,,2018-04-12 00:00:00,2018-04-17 14:12:59
8caae8046b88732124028122e12d19f1,b9a703ce4f5ae752f1ea894775d250ff,1,Produto chegou quebrado,Produto chegou quebrado e não consigo realizar a troca pelo site da loja.,2018-08-21 00:00:00,2018-08-21 18:00:18
0995b2c5bc7512db28825e7a736a0101,493d1ad7e1ae4e8a6733d84bc34c6b0c,4,Prazo de entrega ,Comprei o quadro na loja targaryen a entrega era de 7 a 9 dias úteis e foi entregue no terceiro dia útil após confirmação de pagamento. Recomendo pela rapidez e produto. ,2018-05-05 00:00:00,2018-05-06 03:17:39
6c05e9a8437ceaf85a6da5f02729fecf,e55650ed198645300501994955043aef,2,REGULAR,DEMOROU MUITO A ENTREGA,2018-05-22 00:00:00,2018-05-29 23:34:44
9d4cc40eb1db740b15b53db3793d3bae,4d6de9e9aa5820e340e8438ed218931e,4,,,2017-04-05 00:00:00,2017-04-06 14:05:34
c9764bc70fe95bbb84e6b132fbb56344,e9dc230425f2e6480a1ff929cd2582d5,3,,,2018-03-24 00:00:00,2018-03-24 11:49:06
b628128ab3bf0f937ec36ddeb09698e6,a1119e009d1d91655405307f4c095818,1,,"O pedido seria entregue até 14/8 ,mas até o momento não recebi",2018-08-16 00:00:00,2018-08-16 12:16:53
3b923aa4f4c518d2058b6a68c51ec2fb,98509cb0716e6b8b252e0dcb05b2e481,5,,,2018-04-14 00:00:00,2018-04-15 00:08:39
8c0c7ffbd418c3aef4a75cf152b0e7c5,5460a05579eef48f6c8d54ca6c3f2249,5,Ótimo ,"Produto de boa qualidade, gostei muito! E a entrega a mais rápida, antes do prazo determinado! Recomendo .. 👏🏻👏🏻",2018-07-14 00:00:00,2018-07-14 21:56:36
977b81da184110f3bd1ec8aabcea5e7e,6acce0b54d9a0e8dab044bda974b383a,3,,,2017-10-20 00:00:00,2017-10-22 19:41:22
d6d6de3952753e989cb411de9386152a,b132ad2a1d3d44a9fe2fe6b63c406593,3,,A entrega dos produtos foi muito confusa e fora da data.,2017-09-01 00:00:00,2017-09-04 18:42:41
3fc812a05e29ccc83be5cd99538d6c07,6739ec850ef337d6dd99504b01b4574b,5,,,2017-11-01 00:00:00,2017-11-03 20:07:10
97caadd5e32f5f5eda5d0670b39d53dd,3f2d65e9302a444056b6b65922647a10,1,,Pago a 30 dias e o produto não foi entregue!,2017-09-03 00:00:00,2017-09-03 20:13:56
aaa5fba9e8840f7ea9a68f4e2c6efa0e,1afbdc6ed9143871e5b8be14ce2762e0,1,,Vou mandar o produto de volta. Estou esperando o andamento da solicitação de devolução que fiz à stark.,2018-02-02 00:00:00,2018-02-03 04:12:31
7661ab2dc54ad7cdbe8e591edaaa0723,93f02e3d7633cf1fa948b35b5003cb18,1,,Eu pedi 6 unidades me entregaram 1. ,2018-03-28 00:00:00,2018-03-28 12:29:11
42cd127c48cb5bed8e9d3c372f727729,50cb20f783b26639e858a27798b315b6,4,bom ,para minha surpresa chegou antes do tempo previsto que é o maior problema de comprar neste site,2018-08-22 00:00:00,2018-08-23 13:11:16
7164b35930092362fc881fd3653366b5,8743f50a1fe252ac48d22e41db971137,5,,Com certeza indicaria,2017-07-02 00:00:00,2017-07-05 00:10:36
b7113dd0e2d78074dd3d6db389d22ce3,483c22865f4aa9d0bd3cceb535b176ab,1,,O produto não foi entregue até o momento. Estou insegura quanto ao recebimento,2018-01-19 00:00:00,2018-01-19 21:54:33
9350df40eb42db29878f4f61dc703c98,a3f904ec7f40c56ce2987ccb9c73d4c3,4,,,2017-11-28 00:00:00,2017-11-28 14:55:00
06965d521c7d85806a611ee081d7e505,6c86cd28bc4a6ac0313b8d3e03131e9f,5,,"pedido chegou muito rápido, bem antes que a data prevista..",2018-01-10 00:00:00,2018-01-12 16:00:29
dbc720a4e199bae970466c45ba8bc209,0a2ea907b178650afcfcab07e55b70f6,5,,,2018-04-21 00:00:00,2018-04-22 14:49:47
a177fbfd75159c2d51ce4c83f5905c52,0e81d9aa94c69d14faa155f1a91ed4ff,1,,,2017-10-24 00:00:00,2017-10-25 01:26:42
092b58c112428ae2edd5386953ef586f,7e3fe9574a9ef4caef1b086d2abfd412,5,,Compraria novamente do vendedor. ,2018-01-31 00:00:00,2018-02-05 11:41:19
288dc8f85fe22f9a06ba5628e22679e8,0a814fddd9db7c515225361a87b607bb,5,,"Recebi o produto bem antes do prazo. Ainda não foi testado, pois, é presente e não foi entregue.",2018-04-27 00:00:00,2018-05-01 00:52:55
08c60666bbe1a60491e634958ba91182,35ef29f36793696d79c36f7780a40dab,3,,"Realizei a compra de duas unidades dessa luminária pendente, recebi somente uma unidade, na entrega recebi a nota fiscal com a quantidade de duas.",2018-01-13 00:00:00,2018-01-14 00:40:58
99e4b350851e9aef7281444a1c3aa8d3,59b67c775c6a905fc4faac69ca74b5cb,5,,,2017-12-14 00:00:00,2017-12-17 11:07:06
256e54a7e6c7d3e00be0b18b50ee7c62,8906f8628f9d017732e7c6f40fbc57a0,1,,"A mercadoria chegou errada, trocaram meu pedido e ainda não recebi . Muito ruim essa empresa de entregas a targaryen. Não aguarda vc ir receber não entra em condomínio não deixa vc verificar o produto. ",2017-08-30 00:00:00,2017-08-31 16:19:33
cf8b1d583ff8331ba7081950d34556c3,e3c654307c9b3b9988c35371c5bbf738,1,,"Comprei , paguei e não recebi nada",2017-05-11 00:00:00,2017-05-18 12:36:23
6d6107b823a3889a53248e128bc657c5,65b083a73802b06ce985dcc501f63181,5,,,2018-02-22 00:00:00,2018-02-25 01:58:45
8f680bc34a83951104e57d2060250afa,2eac75a073b158b0cc84863c566300b2,5,,Satisfeita!,2017-06-27 00:00:00,2017-06-28 14:10:18
2c4dc987289084432bac9e5d14f2e2ec,500ae586f3dab7aba8557a29f0073de4,5,Ótimo ,"Produto chegou antes do prazo previsto...
E em perfeitas condições!!!!",2018-04-26 00:00:00,2018-04-27 05:03:20
d45965fae57dea667e24fb16b45ba4d4,ecfdcaa1a2dacb4e5297d8251b115002,5,,,2017-01-28 00:00:00,2017-01-29 00:08:51
ad429b6e5d1af8446d183de9bca2d5a2,e2b7031b8151dd5de69d77a161b19c44,4,,,2018-02-28 00:00:00,2018-02-28 23:54:00
7be2f36d141f2dce51fff1f717b81008,5f0f8a9ceb96ceb90d49907d4c14ac7e,5,,,2018-02-07 00:00:00,2018-02-07 21:07:03
9fd431bef19bd6094a9ff568c0a2dcea,77af7c6e42549e58f42977d5be538d0d,5,,,2018-03-19 00:00:00,2018-03-20 00:59:15
d0141b8bd520b980c056530da7851424,518f635a71b22cd5e588f9ba98f6204a,1,,,2017-12-02 00:00:00,2017-12-04 02:59:57
1d03ecc43748eaf4bff26c182700311a,bdd829bf1090cb56da3e6106c1fd768f,5,Top,TD certo,2018-05-19 00:00:00,2018-05-20 10:59:25
7c6e90f111d12250d44251af1ffc7ebd,771d515757315655434c93d52615af6d,4,,"Tudo chegou certo.. só que a película veio com uma parte trincada
",2017-06-02 00:00:00,2017-06-03 00:29:23
7bb142a89d982be04b5f9888b900c3c3,70809734fe201ea6db6d4577b84a3022,3,,"Um pequeno atraso na entrega, mas valeu.",2018-03-31 00:00:00,2018-04-02 21:44:37
f072e22350da2546173546f65bbe3b7f,a7adf8d0ab081caab51b96af34523e00,5,,,2017-08-29 00:00:00,2017-08-30 15:25:40
f4c839d173e5d4eb2460aecd3a9f4686,451d82f07a1528cdce26398f1f04f8f7,5,,,2018-04-11 00:00:00,2018-04-11 23:07:35
8f786c5e816711c495257716f11fc361,20e7a6f048b842f51258e0b90b76339b,4,,,2018-02-03 00:00:00,2018-02-05 18:50:15
c1f06b06823929a1715230d0e58b248e,1032cdde705c24776a43441b77855fe6,1,,,2017-12-05 00:00:00,2017-12-13 06:33:55
9426e4ff4da5290995bae190be01dc7c,fb89dbec79bc8b1f0d12165058cb1cb3,5,,"Equipe está de parabéns,são pontuais,produto chegou com embalagem reforçada e exatamente o produto anunciado.",2018-03-09 00:00:00,2018-03-10 09:34:17
64debf5ae13d632d8f8f4475ef970533,dc74c9cdcf62efe4b49193373730111c,5,,,2017-12-06 00:00:00,2017-12-09 03:10:27
af01c4017c5ab46df6cc810e069e654a,532ed5e14e24ae1f0d735b91524b98b9,4,super recomendo,carrinho muito bonito,2018-06-05 00:00:00,2018-06-06 21:41:12
0d061e8b65c61987407e33de9cc076a5,366b94daa22781675a0ffffbcbd517a9,3,,Só entregaram metade do pedido por enquanto ,2018-03-07 00:00:00,2018-03-09 17:50:58
e880864e64f669aea8904ee3f201875c,00789ce015e7e5791c7914f32bb4fad4,5,,,2017-07-18 00:00:00,2017-07-19 16:57:30
66e993fb29cd3cd3914a7a2b9c366731,e4ccaabafa125b3b39a9331b0abced9d,5,,"Chegou bem antes do prazo, é o produto é de excelente qualidade! ",2016-11-01 00:00:00,2016-11-03 20:19:42
bd096a1ce79c0efc9042a202a3f85dfb,2f6c001bbacba3575b0852b17b0c3dd1,4,,Eu comprei a primeira Bota e veio a numeração certa. Ela é muito confortável. Valeu a pena.,2017-06-15 00:00:00,2017-06-18 02:58:05
3c260965ce42c18e6908b38c28e2cdd7,49f879aa078787ff9ca5e831515407b9,5,,,2017-09-12 00:00:00,2017-09-12 16:43:34
fdec6ed29eed013a8a4cb1842b6b8dac,18fa032cf65a1c5c2820d16276b4741a,4,,,2017-11-09 00:00:00,2017-11-10 07:29:37
c9f567c3b121df38dda13dd4fdc3929c,7b30aa29f313756594c6bfad78eea84a,3,,,2018-04-27 00:00:00,2018-04-29 20:28:53
641fead865c72f123ef3a92d3dabacd4,b6f5e3bc6360fbc485ff34695b7b3fdc,5,,,2017-09-10 00:00:00,2017-09-12 17:06:19
a3c94dfdc785b2cf54a24f088291b503,21986ad587b4a2c379e191e22a03deac,5,,,2017-07-29 00:00:00,2017-07-31 00:35:38
fd7d77e750bfd5261c9f19b73f1d7109,4feb155d6d4d8b2ba3191d90655f3b99,5,,,2018-03-02 00:00:00,2018-03-05 13:52:07
ff77e689593e261a118f2227b72976f3,8d1bc6d158769393c1ec54c05b734652,2,,Já sou cliente a um bom tempo e entendo o atraso mais esse deveria ser o diferencial os produtos já sabemos da qualidade exelente...,2017-12-21 00:00:00,2017-12-23 19:53:35
41953765faf12b7d9c60f62319437ab4,99044ef6d39a9053e6c8be072306da0e,5,,"Adorei o meu produto, vou aproveitar muito.",2017-08-17 00:00:00,2017-08-18 11:45:03
f7ed5deeec627bdb7fc98b3362c32bfb,ed8e9faf1b75f43ee027103957135663,4,,,2017-12-22 00:00:00,2017-12-28 10:58:03
a7ff73bc13eef2736b95d913a11b6f48,a29c25c2c9c3100daf48a25880312c23,1,Insatisfação ,Meu produto veio faltando com 5 quantidades e apenas recebi 4 e ninguém me atende no sac ou me da alguma satisfação ,2018-08-09 00:00:00,2018-08-09 23:08:15
ccc1070eceb73ca9e7bbca1a79832033,fe451ba1809fbc234c68216803496d39,5,,,2018-02-07 00:00:00,2018-02-08 23:36:03
d8715fe7c2c78e49cf28eaa08c861779,aa7e3a2bfaf2aa8869ba241172c7ee1a,4,,,2018-02-17 00:00:00,2018-02-18 10:06:41
9c750e5844b5234fa334c78475f77be6,531694ee49280f6c3d2febd2c0f5334d,1,,Um dos produtos comprados não foi entregue mas consta no site como se houvesse sido entregue há dois dias.,2017-05-11 00:00:00,2017-05-12 11:45:40
81ca3f962d65d7a4bea3c11293ffa6ce,8f3440c3e7e7b3e7162c1c7edbab894d,5,,,2018-04-04 00:00:00,2018-04-05 21:30:19
8d951732744826fba1a60a4aebea2e35,e368cd7fd76b9318bc4896345d71719a,2,,"Tudo correu bem. O produto chegou até antes do prazo, mas a bateria de celular que comprei veio simplesmente dentro de um envelope, nada protegido e ainda por cima não funciona. Já pedi cancelamento.",2017-11-29 00:00:00,2017-12-02 08:47:57
4c8f0bbaf744f77039828853c4e279b9,4b417a70a89a9c265f52c8279dd489d7,5,,,2017-02-14 00:00:00,2017-02-15 02:22:31
e4513f54dd4667cc8d3b9d3988f1ed57,5a13b2c8622862250d7b78581dfbb759,5,,,2017-12-02 00:00:00,2017-12-03 00:54:12
00416f56c25bff14d99acc7ab848828b,6d0f0280ebfb3b857b70731c9df2158c,5,,,2018-05-18 00:00:00,2018-05-20 16:15:11
c509f8b367ee5227700c29fcc76a097a,ea974c111a2a711f43305d2968ffa86e,5,,"Recebi dentro do prazo estabelecido, produtos entregues em perfeito estado",2018-03-04 00:00:00,2018-03-06 10:10:08
85c71d4d902c329b5b9c96692dc556bd,9ddba77d69c77e988ac02c012a59d058,4,,"O relógio é muito bonito e de boa qualidade...a entrega foi muito antes do esperado. O único problema é que na foto ele parece cinza, porém é preto.",2018-03-09 00:00:00,2018-03-12 10:50:31
36bb268397d3a167a539d732524378a1,bfcb171109072a41eb811fe6bda0c94d,2,,Os Correios não sabem onde está o produto é eu não consigo entrar em contato com a loja para ter uma satisfação sobre minha compra. ,2018-04-22 00:00:00,2018-04-22 11:46:08
aa21520cc1fed7fa11004f5df18cf70c,803f15601207b09e8cf7c80a4fdb1e30,5,,"Recomendo totalmente este site, produto entregue corretamente e antes do prazo estipulado. Parabéns!!!",2017-07-19 00:00:00,2017-07-20 12:16:34
7c18f90292ed7edfb9375374e5edc075,accf01093c34d22b41b9ac3fc0fa8894,5,,"Relógio belíssimo, muito elegante, inacreditável diante do valor de menos de R$ 150,00! Veio muito bem embrulhado e protegido, fora que tem também caixa muito chique, como se fosse jóia!!! Recomendo",2017-10-26 00:00:00,2017-10-26 23:44:14
37554fc8771cfbf2a6e626e935870325,294a004bc4c2a5e3d9404a213164afe1,4,,,2017-09-14 00:00:00,2017-09-15 12:14:29
75f16b2abe9b125fdeac7f7c075a3ef6,de8323147a3358b9c4720ae5e8ef668b,1,,,2018-08-07 00:00:00,2018-08-07 22:25:25
aa8ffcfe9840c83ae2ba0b96f2fc17d4,565ccfa6f9e28da74700c42da9deb949,5,,,2017-09-21 00:00:00,2017-09-22 11:28:26
62db97a46c640426905d92a32373fb96,bc6e05c3335f87caadbcd6c80de46ad2,5,SUPER RECOMENDO,Gostei bastante do produto e meu gatinho também gostou!! :D,2018-04-28 00:00:00,2018-04-29 03:30:09
22ae69973e7469060d1205f1471241ee,94aba2a37911fff127097b56d60fd1b5,5,,excelente...entrega rapida,2017-12-09 00:00:00,2017-12-11 11:17:31
e43c11dae02a9f570898c76469e7deef,d4b074982e39f354c254a6b1b4ffaf55,5,,,2018-06-09 00:00:00,2018-06-12 11:21:06
5d66ce2e0faa0b030d35640df5689711,8aad1f0c6ff336608e58eab9851f7ead,5,,o melhor site para comprar.,2018-04-24 00:00:00,2018-04-24 23:17:05
55a8a074078266a36c143a6c3a59de52,d3d00f8dbea1b9d5ef529fbf674c9a58,5,,,2018-05-08 00:00:00,2018-05-10 17:03:35
14c04e66fc101453a6c1eee493c9445a,27446e58f8fae19b8a6bcd15ca43f0ac,3,,,2017-10-26 00:00:00,2017-10-30 17:09:58
78e60c62cb231947dca17eb1f181711f,25ef8d6057a60c24d6ccd6fe6c5a8633,5,,,2018-04-24 00:00:00,2018-04-25 03:11:34
1506820580e7113274d85a8ecaa97242,7a9d100d2a88bd95c3f8acd4af29d3e8,4,otims,recomendo,2018-06-08 00:00:00,2018-06-09 15:22:43
4b9d46286f8df3f18c88fb20787e9a48,bda1d0a447e146223cefd1f3a4492701,5,top,Produto top,2018-05-16 00:00:00,2018-05-17 11:20:57
f570a7c432f0f9a8c81b515a8f903cb9,1762aa0ce22469c003348a42e46f5269,1,,"Não recebi o produto comprado, e nenhuma informação do mesmo, estou totalmente insatisfeita com essa loja.",2017-09-17 00:00:00,2017-09-18 18:48:35
d70db5d955d60020fdaec21f1df2db2f,f5d9f447bc24dbd0e76b74d0bbe0b4ed,5,,"Vcs são 11.
Obrigado. ",2017-09-27 00:00:00,2017-09-28 15:36:03
cffb4a6cce79f4c981ad68ee66a20fe6,ed6fa5e51bb096344440db276aedc37b,5,,,2017-12-20 00:00:00,2017-12-20 20:28:06
11581920198786bab5082fee56354b23,fb6d9f2b63d335de19b9df4b1c4a6f51,2,,"Já fiz outras compras e recebi no prazo
Mais a capa para colchão está demorando muinto
Posso saber o motivo da femora",2017-12-17 00:00:00,2017-12-17 10:11:07
626c57a81e6b5f7c9b81178abd637f9d,51624e6ae1a0491539baed0f69d34230,5,,,2018-04-04 00:00:00,2018-04-08 12:57:03
faf57a9057f8a222acf61f50e876f84d,0c73b283fdefcef04be55400a4f6ccd1,5,ÓTIMO,,2018-08-15 00:00:00,2018-08-17 13:08:06
84e6f2e9cee2227fc4955d26bf837f7c,2e571b4487c7119502acdb48043efcee,5,,,2017-12-16 00:00:00,2017-12-17 03:31:36
90cec37b862139664882b98b96312b85,d3f9898585d009b6f743c6c53739232d,5,,Entrega eficiente mais cuidado com a embalagem do produto a caixa onde fica o relógio venho riscada. Poderia vir em uma embalagem de presente só uma dica.,2018-01-27 00:00:00,2018-01-30 14:11:47
69a05a8f1ff565afa832fe1cbe3bd976,362cdbf5a3b5f297257f6e67be534a27,4,,,2017-09-22 00:00:00,2017-09-25 11:30:29
d43c9dcdb7c9e532f0d0e686a95d8734,454a297f19c15e3f7a16c16961029402,1,Resolva o problema ,O produto ou meu dinheiro de volta ... lannister avalie melhor as suas lojas parceiras .,2018-07-15 00:00:00,2018-07-16 01:48:39
568601fb70f9470d5daebb2c711e520d,4b918143b2bc5955cca83595afd57833,5,,,2018-01-18 00:00:00,2018-01-25 23:43:55
ecada8df725d0e24cada06f01139934b,bfd5957bdfbc86a1882ee0dfa7a36a47,5,,Produto entregue antes do prazo máximo. Bem embalado.,2018-02-08 00:00:00,2018-02-10 21:36:48
ec0085e1d1eaf3fc31ab14ab8c652cd1,57036fa92425953d26c370e6fd4b3943,4,,,2017-03-14 00:00:00,2017-03-15 18:58:49
38320251939be57c87237e3fe93a7552,2fa74b22c65ece27ba1edf1f40354e19,5,,Eu recomendo muito bom ,2017-12-20 00:00:00,2017-12-20 06:58:54
8212724229caea865a16272b9da29d71,db986cb6dd75db5b02034f98fd00cf7d,5,,entrega antes do previsto. muito bom. parabéns,2017-03-05 00:00:00,2017-03-07 21:36:22
adfa01cede125a9c90e9dcd63d71cbc5,3b5066af438aa1723c4e22290fe8dabd,1,,Comprei 02 rolos tecrbi 01.,2017-08-13 00:00:00,2017-08-17 08:06:35
7307c5cce032befdcd6eca8633b5b781,aa13f22ba1dbf5360989f7480c1e099c,5,,,2018-05-26 00:00:00,2018-05-27 01:10:53
ee5959858de85273cecebd943d5e3d81,8ee530ebcd1df2efa8f0f5b08ef3beb7,5,,RECOMENDO PRODUTO MUITO BOM ,2017-10-25 00:00:00,2017-10-25 23:08:31
7c1c5966a45085e0e06acfe1fcebc2ea,17b3a989f0a87769c633d0ed07ad1319,1,Não Recomendo,"A tinta não é de qualidade boa, entupiu a cabeça dos bocais de tintas da impressora.",2018-05-10 00:00:00,2018-05-13 01:46:05
71c6ace6cfa1b83b2c70224c8dd23ff6,d4126c989370101ec1b96733f4adfe79,3,,,2018-08-03 00:00:00,2018-08-03 23:11:22
b34a0e36d19f474b86b103b5ffa579e6,7643fb0ecfc2447d800aa40f62ef7fdf,5,,"O teclado é um pouco estranho, difícil de se acostumar, mas vale o investimento.",2018-01-31 00:00:00,2018-01-31 18:38:36
91cbb9230fcf5a8fadc3896ce593bb22,5ccb4a64fc9be1b3a80e261aef938115,3,,,2017-05-25 00:00:00,2017-05-25 23:10:10
25543bf200a1614ebde7441af2a323e3,78f62098f3fbba55d5a6fc9b2e072cc2,1,,Comprei o produto em dezembro e ate agora nao chegou.,2018-01-10 00:00:00,2018-01-10 11:40:01
b845c9f7a54308a34cd29ec31d0c6cf3,b884f6bb613dfe8c46e6dbc9285f3fc7,5,,,2018-05-12 00:00:00,2018-05-13 12:17:56
42cfeb438f848bb290997715b8196383,63770e5bb4dbde814360a6e2ac62caef,5,,A colcha é linda! Amei,2017-07-08 00:00:00,2017-07-12 13:36:54
08595dc654aca6b8ed8c71b22c3583a6,c347fb49d9d46619d71b2551fc83d6cf,4,,,2018-04-01 00:00:00,2018-04-01 13:58:26
5d923fccd4a4f742bab9b66e8a34c449,4ce8d6f2dbc2018073f91128c347de84,5,,,2018-03-08 00:00:00,2018-03-08 20:45:04
bd239770a13f7e3f00cea38a960b6d1f,2e120d53ec1baa3432c6af11aa2b930c,5,,,2018-05-10 00:00:00,2018-05-10 18:07:41
787743e8fba9d0e5678a06a36441ccd6,1d99187d9f0f50da550071fbba6d50c2,3,,entrega rápida e de boa qualidade ,2018-02-03 00:00:00,2018-02-03 21:25:55
2ead1f82f0f76f7d6fb0e25b9c6e3a5a,eba48e9c6c31015f8245d729d81b9f34,4,,,2018-08-28 00:00:00,2018-08-30 22:44:14
55a52ad861bf69d75ff4a55e998429a2,97a475450ceb764b03982eeb9bfc10a8,5,,,2017-12-08 00:00:00,2017-12-11 19:26:36
770314c971fe5c29d0a2b0a0a872d39b,cac28bfe44e2fc9411c4f61b768d0081,4,,Gostei,2018-03-24 00:00:00,2018-03-26 18:39:37
8dda0b425abc1dff16f4f1d295f80c3e,da309a63c2221b6b10cc09ee29c9a1c6,2,,"Tive problemas com a entrega, não recebi o produto ainda.",2018-04-06 00:00:00,2018-04-07 16:15:31
e33f5adbdb1c14ab0a277df9b0be3318,7de5a6bdd0de17b60a6ca664159c18ca,5,,,2018-03-20 00:00:00,2018-03-21 10:30:50
b82140b507a274935cacd94152d2d414,ae60b17185a7a0d74929448e21803329,4,,Chegou antes do prazo previsto. Estou muito satisfeita.,2017-11-23 00:00:00,2017-11-24 11:37:22
7303ef438babee21ae5325af2b054a06,53b28c9fd34d5fa0747bfc3032b0a8e7,5,,"A capa flexível é excelente, mas a película de vidro não é apropriada para o Zenfone 3 Zoom pois as bordas não cola, então ficou descolado e por então acho que vc vai proteger.",2017-06-13 00:00:00,2017-06-13 23:08:43
ecd982458c662b833a87672f7db73264,6a32c701681d4c31dac221f9a2848c80,5,,,2018-04-07 00:00:00,2018-04-09 11:52:32
3168980f6016be8ce12a206ca66a5b89,04ab36803e2945bace40db80eaa54bc4,5,,,2017-10-27 00:00:00,2017-11-02 11:27:32
43c2f13f09c638f739c79f0e75e7d751,ab39f24d0e515ab82f849a72b61597d3,5,,"CONFORME O ANUNCIO, RECOMENDO",2017-10-20 00:00:00,2017-10-21 11:06:11
b3049a09c2ac15b33e344c75ea6b36d2,aae50e3ecf0a52e135b59e3df0d18c84,5,,,2018-01-20 00:00:00,2018-01-23 00:33:53
898c87fc7abf4353b4c82e98fae8c449,ca7296a83aa279afb28c2388a4f48891,1,,Quero meu dinheiro de volta ,2018-03-09 00:00:00,2018-03-09 09:22:42
69937fcb554ba1572ad4b817f77e7cb5,f1beb4a73d643e796b824e6f680528f9,5,,,2017-10-03 00:00:00,2017-10-03 17:38:47
e29a382022d45619354a1183e1076793,62b7574be0b7a8465822312be8cb07b8,1,,,2017-09-01 00:00:00,2017-09-03 12:10:40
71d3388f71d75c44554318cfd5c4e34c,777f517b51cac586a9532d1d8b596c10,2,,"Apesar de estar dentro do prazo prometido, demorou quase 3 semanas para chegar. Prazo muito além do praticado no mercado.",2018-03-17 00:00:00,2018-03-18 01:06:17
85ae0b8ea17973709510df3602bc5e15,e6a667b8b4e8787c667b00724e884177,5,,,2017-05-17 00:00:00,2017-05-18 01:34:15
4c2157d28a41ea492c599d412c283db9,650db225e0b89075a07e6ca5e4c2d941,4,,,2017-10-26 00:00:00,2017-10-26 10:35:59
43ac65f3f8205ca792016f86f9b322cd,42ed2aeb956c92e3c3bb6933ecea1d89,5,,,2017-08-04 00:00:00,2017-08-07 10:27:41
a52b6248b690d929fcefeebdb68de9bc,2f4ed6d6a154e53f5593682472f8e6ea,4,,,2017-11-17 00:00:00,2017-11-17 14:15:14
abbe1a9790d103720d7022256a9e985c,cab82738404ec4bf9389ddd56a7aa784,5,,,2017-08-03 00:00:00,2017-08-04 01:29:38
6bf1d2ef762c3913edac21a34ec84fce,12af24617f25e0c8cd411544f704f2f7,2,,,2017-03-10 00:00:00,2017-03-11 01:28:48
456c1ec8e9e99fb8eba9c05ec832ef2b,79366f58da7efaf2b4717cb46d852fcd,4,Bom,Ótimo produto,2018-06-05 00:00:00,2018-06-08 02:13:11
50ed5ddf35bcde6b2537527799886b60,ce8002e30a866ae23c03293b8d2d14e6,4,,,2018-06-01 00:00:00,2018-06-05 11:40:20
9dec3d619634ffecaddf1fd69d262455,b45b66d3543568daaa1fe2290859d88a,1,não recomendo,"minha película de vidro chegou toda trincada! preciso de uma inteira, ",2018-07-11 00:00:00,2018-07-12 02:47:34
47dff886ea04a38b7dd98d02d82446a7,63566db60bbeb077e5d7c18411674b8b,4,,,2018-08-17 00:00:00,2018-08-20 11:24:43
1f2c0c4901c17820aedd5456853d5228,e6973efb7531da53045bc278f46665f8,5,,,2017-12-07 00:00:00,2017-12-07 23:14:13
cd34e9efb7c73b88a931d5d7b779c4bc,20cc195f7abe525abd0697163e2c8e0d,5,,,2018-02-27 00:00:00,2018-03-02 18:21:56
d3591c4c63cfc61c0928e4aa8eaaf34e,543dbae182bd4940d1db691141165e0a,4,,,2018-02-28 00:00:00,2018-03-02 23:03:27
95cfb15ad3477fec574b561d1daea972,fc24613395700f29adf22b2383c12bb0,1,,Produto veio com defeito,2017-08-09 00:00:00,2017-08-11 01:29:09
335f2943aafe7799a867d4046db11448,b9e6b3135dcdfc054568883b2bcf1e5e,5,,,2018-03-08 00:00:00,2018-03-10 22:31:58
3a444bf9ca3ab6b7d57c5dc6a8e4aa25,8dc880cb89385d6213c7ea6fb637b0d4,4,,,2018-02-15 00:00:00,2018-02-15 23:36:57
8ce806e78d070b55170b7c59eb47d7d6,aa1370235ef192d1702585435015b9b8,4,,,2018-03-10 00:00:00,2018-03-12 10:42:06
40c306bf6f6b0913b07a41254ccd4131,537be38441cb6b55c59979427abe99ef,5,,I love like to buy in this site.,2017-11-01 00:00:00,2017-11-01 20:28:18
3ed745db20266689a4f53ed1da6f8956,3eb0f85a2cf629b092487dbf1847ff9b,5,,,2017-09-21 00:00:00,2017-09-22 12:39:05
a8f9ee4117a3ad781539a116bc507f9d,9de38c42ea4d33af19aac6c4d6c4b146,5,Muito Bom,Excelente produto e entrega rápida,2018-06-20 00:00:00,2018-06-20 15:43:14
63488b28780afeefbe390a6d9c409220,9a838b8807fdd90c94d08ed164db0039,5,,,2018-07-14 00:00:00,2018-07-17 16:03:44
7c788ff72ed42f56481b6f6829226fb0,d459a5cd21218ae140bbdf31aea15fa0,5,,"Entrega super rapida , menos de 10 dias",2018-04-04 00:00:00,2018-04-04 10:07:17
cd5ff4bbe768cb16c4d4b27816068a51,881b1412b8cff1e5c88e905fdedd7605,5,,,2018-02-07 00:00:00,2018-02-09 19:24:34
83511c61279ecd840bf3e13fc0fbe186,c915c070ee2f91af30208cd30cd0dee0,5,,,2017-04-20 00:00:00,2017-04-20 21:09:15
6fb035e1040a8fda893c036f4a61ec57,85f64d0cfe65f28d287067a0032a3b4c,5,,,2017-11-16 00:00:00,2017-11-16 18:35:17
129879760b2a3eb9a190f869aa2ec269,d44cb52677c0960afb3e43a96d79a25b,2,,,2017-11-04 00:00:00,2017-11-05 20:27:22
136faff58fc4b0330a5c0b06eb95372d,73cfd52c2ab878481307dcd97df6155c,4,,Fiquei muito satisfeito com o produto e com o prazo de entrega.,2017-12-31 00:00:00,2018-01-02 15:47:59
9d4df583085fec1900dfac4efd0b085a,2e32dea8a4d1ae5499a67674b387bc6a,1,,"comprei duas cortinas a malha pessima,lamentavel, uma esta em fase de devoluçao ,mas nao recomendo esse vendedormas gostaria de fazer a devoluçao das duas sem mais.aparecida",2016-10-28 00:00:00,2016-10-31 05:02:55
1227d6b51e8b2fd6b01cd3d994d0cef6,0f0da37d4b99bfd602829ae5992b2d57,2,,"pedi o cancelamento da compra devido ao prazo de entrega, assim que foi feita. recebi o produto e está aqui ´rpno para devolvr. Como devolver?",2017-06-07 00:00:00,2017-06-11 01:53:12
3a5940370de5d5165fa0ef2f7fc3fb62,38ac0cc1879cabf9cb23a2e8f217acfe,5,,,2018-02-17 00:00:00,2018-02-17 21:36:09
b9cbb3007d5a5bf664da42487a4b9532,c4d7f25ccb1c6a9d798bcce9b814ab02,5,Muito bom,"Muito bonito e rápido, recomendo",2018-05-01 00:00:00,2018-05-04 00:32:34
196e76cb516e6971f44d568933014591,93ddc164704b957c3c891cc9d2c20b21,5,,,2018-05-18 00:00:00,2018-05-20 23:49:36
ba2714cf3fa3642959583d95dd658db1,1f06e0b20a4b5a839950bf1f9f779957,4,,,2018-08-10 00:00:00,2018-08-11 11:21:33
02d5ceeccb057144d1ecd749282f3475,09d3f9f1be63c067456cc619076685a1,4,,,2017-08-30 00:00:00,2017-08-31 22:04:29
897ede213e4359fdcadf43fa2413d1b2,22deaa695e6bee4bb06af5da6cdcdabe,3,,,2017-10-25 00:00:00,2017-10-25 22:34:57
359d40dffb0e0f17e472d3e4e70093c9,ffc184f2119c6fd4140dcfb518bf4734,5,,,2017-10-27 00:00:00,2017-10-29 10:54:32
99dc52b81ed63f92f5012d4c4659c682,fc187810529ecab8ec6fbf1b4b1d27ae,5,,"Muito bom o atendimento da lannister.com, recomendo. ",2018-02-07 00:00:00,2018-02-18 10:21:19
48e842fd2d333bf25db3a318410b7941,0c021596b865eb54c02ad64bf7d55aea,4,,Mosquitos frustrados pela boa qualidade do Mosquitero. Nunca mais acordar cantando.,2017-10-15 01:00:00,2017-10-15 20:01:52
eb8d43b4f99e45d3c7a08abd8ef1ff41,f014aa85d8f495d824d120e9035faacb,5,,,2018-04-12 00:00:00,2018-04-13 11:41:43
07a4c0fd1d3bc16284492825bdd62bff,7b78cc6982a3e84c736e54249ed7612c,5,Elogio,Entrega bem antes do prazo. Produto de excelente qualidade. Recomendo o produto e a loja. ,2018-08-05 00:00:00,2018-08-07 20:28:54
a52dbde8874887565abbc8bea30b4b3a,bbb0f163b011eec0c55e5b764f7811cf,5,,Entrega antes do prazo. Produto exatamente como na descrição. Recomendo.,2017-06-29 00:00:00,2017-06-29 23:16:33
fc4656ab1319645e71c60af37f3f7c85,8599e76adf580692cddfebfcea8042f0,1,,Já está no quinto dia de atraso com o prazo que me deram,2018-03-24 00:00:00,2018-03-27 12:52:51
79ca98ac209ee2a937573db3e73381a4,7dbdda97c8aa87c003f73602c45e4f90,5,,Antes do Prazo!,2018-04-14 00:00:00,2018-04-17 01:46:12
dcb890312c01a821f94b1aaf55a32bb8,71c04eba03595f13adc87878455ffa92,5,,estao todos de parabens ,2018-03-28 00:00:00,2018-03-31 20:46:45
3a76bdb3b01eca6666dc56b203afe3e4,913677abacbcdc2b2f18b3ec362a0cdd,1,,Produto não foi entregue.,2017-05-19 00:00:00,2017-05-21 12:35:19
d7831af39302a979829561d4fa6fdb31,e43a8e7bb3db31ab15c10dfc9ef4e419,5,,,2017-09-22 00:00:00,2017-09-23 02:20:05
fb9845a6c87b6603990b3d1ed077b3c7,c09b04d29fbb1982a8af49b8ada809e8,1,,Não chegou seu algum erro e agora Oq eu faço? ,2017-05-11 00:00:00,2017-05-11 13:38:03
052c64b6e57759156483ab85dfd7e0d1,ceb35b18f6b84c1c75f02859ce3160d9,5,,,2018-08-07 00:00:00,2018-08-09 21:01:46
754be977577e929fc2e2576a9ffa7a5e,cbad84cbc3469e39f8f765362e2a9ae4,4,,,2018-06-07 00:00:00,2018-06-08 15:32:34
2c58219fc3dbeb68b37d3b0f2fa21f98,fa44b98d202360f1246681a3e0405db4,1,,Ainda tenho esperança de receber o produto. Aparentemente o problema foi no Correio.,2018-03-08 00:00:00,2018-03-14 05:05:07
2857f758858ba75d551a9944f0ec01c9,bc0feb6a96ad7552648f4183cb6ecb63,4,,Produto de boa qualidade e chegou antes do prazo previsto.,2017-03-14 00:00:00,2017-03-16 22:57:07
71382387cc1e3a7d88a5047a4bf0fe63,fcdaba27fd62777362e818998aa76b94,5,,,2018-08-29 00:00:00,2018-08-31 17:06:19
096c4ff7b9ac1d2b97b3a0ef85fb2eb3,38930f76efb00b138f4d632e4d557341,5,,"Produto excelente, muito bem feito.
Entrega feita em uma semana, bem antes do previsto.
Estou muito satisfeita.
Muito obrigada ",2018-02-09 00:00:00,2018-02-10 00:50:02
cdb5f06105dc25f5c616de11ad9ac996,775dfb31da346e5cf77c2fda51ae7bd4,5,,,2017-11-08 00:00:00,2017-11-08 14:18:49
d8b2c3b8542b0fece888e2c6609c4098,8f3c52ba80c75571b11705b0405b8696,4,,,2018-04-18 00:00:00,2018-04-18 20:00:03
b0d321652e7fdb2e3c568d8206731439,48cf133bab6e70fec7896820b325dc9b,2,,Não cumpriu o prazo,2017-12-22 00:00:00,2017-12-22 09:56:03
4239194e7f49f30c939390d85d4db57c,53cc826fc95813b674969ef042406273,5,,,2018-02-22 00:00:00,2018-02-23 01:05:15
6ebca83fe69110bbc6dada8a9ecfc47d,3ac0f5a50ede5981b44f30306bb853fb,3,,Só recebi as sacolas,2018-02-02 00:00:00,2018-02-05 15:55:49
a5c9eb550238bccc78a107933a528344,bb04237dd8964e0983c1d0bc623dcfeb,5,,,2018-08-29 00:00:00,2018-08-29 19:10:35
292fd4d2a3e96f2dad0ba2c101a85986,9ba31b95aa2ad7ab24bcd9f64a89ea43,5,,Mt bom ,2017-10-12 00:00:00,2017-10-13 03:38:36
78b2795b1d9610564516dd8a94b239ff,2fab4de591dc7b69eeb8afb9a976ba91,5,,,2017-12-11 00:00:00,2017-12-11 21:40:29
c41f648dc5218a387a12e1d70ef68fe3,d856e505d0de5e968c3b1dffca9c8940,5,,Produto de excelente qualidade entrega antes do prazo.,2017-11-05 00:00:00,2017-11-08 22:33:59
b72b9ca42368b47db990e1d964b07c5e,c12a72f72509bcc1317ee119c5ade35b,1,,Compra efetuada em 28/11 e a nota fiscal ainda não foi emitida....,2017-12-20 00:00:00,2017-12-22 10:00:57
f8ac2ca757c6702a8f7b9f82a3361b54,b77e196ee314322dcec6124fa3e38b6b,1,A boneca,"A boneca não é igual a imagem que está no site, por isso fiquei bem desapontado, pois sempre que comprei algumas coisas por esse site eram bem atendidas ",2018-08-29 00:00:00,2018-09-02 16:27:56
59ff239b22edeb3622e709d8862ced2d,1e33dae93b2e09f84f40c00cc0f0a1af,4,,,2018-05-13 00:00:00,2018-05-13 12:22:54
ef753d7d44c4a4052a3489dc8bc2a1b6,e72511587872c5769d43aeda089b28ca,1,,Excelente,2017-12-15 00:00:00,2017-12-18 18:22:50
6b0ee404c3451680916ad2a38ec91522,18905a8655f8255bf50d2eeadce2641e,5,,,2018-02-08 00:00:00,2018-02-10 20:47:53
a550ead2930cb970de4eb083c98264ef,a445af0d83713885b6b576796191b1fa,4,Falta as almofadas ,Comprei a capa de sofá que já foi entregue ( que por sinal é muito bom ) porém ainda não recebi as almofadas .,2018-08-02 00:00:00,2018-08-04 12:30:16
c9248a13bed79e71788fe21c8bb0246e,c0c735876359d7431dbd45a8fb0e238b,5,,,2018-03-09 00:00:00,2018-03-10 21:16:10
4e9aab8fa5a172ea58b45c48754d46af,7e052adff60e437b0c8537498c146c84,5,,,2017-08-27 00:00:00,2017-08-29 17:45:16
b20a303085dfab353657d2b164216ee4,f498aab8c4d72194623c6dcdb2561b3c,5,,,2017-07-28 00:00:00,2017-08-31 02:43:06
d02dd9e22e862a5e0276c855ca89e505,f934b357bb58387aeb7f58a1b0100861,5,,A loja entregou o produto antes do prazo combinado. Fiquei muito satisfeito com o produto,2018-01-18 00:00:00,2018-01-18 22:57:44
29deb834fe85289f910e2ba77e588f0a,0aeb3ec8a78414261730773ddc9d2f7a,5,,"Produto de boa qualidade, muito bonito, muito bem acabado e com excelente preço.",2018-04-25 00:00:00,2018-04-26 11:27:21
e6c335b386106f840a52de1a8be7def5,6428d066760796cd8507fb537438172d,5,,,2018-04-11 00:00:00,2018-04-12 09:56:33
b196cf0de6f0dda858f153ea3c500539,364aedfbbc0fa797cdee61d4dc4d2dcb,5,,,2018-07-25 00:00:00,2018-07-26 00:33:22
927e0efe2d4394f85cba391e0abe30f2,5a8a7f4c51588126be426fa3d099b828,4,,,2018-06-05 00:00:00,2018-06-05 18:48:16
93c45d0839eec26fea2e9c6f4f06d3fc,5408eceab061ca3e67853759c88a5fb8,3,,"Bom atendimento
5
",2017-04-19 00:00:00,2017-04-21 04:28:51
7759ffa553d5a22db18dc55cd248e9e0,f8046b5049a674585e048bb954e3b494,5,,,2018-08-29 00:00:00,2018-08-31 01:51:19
e3bd6c69ad1f4e5f8ccf7931743468c5,e2b405a4cccf1e66eb8d2b73a4bba700,1,Outro modelo/original???,"Recebi um modelo de relógio diferente do que comprei. O modelo Casio que comprei é o A680, porém, para minha surpresa recebi o A168. Fora isso tenho lá minhas dúvidas sobre a originalidade do produto.",2018-07-10 00:00:00,2018-07-10 22:05:46
a2d545ca777c2f3d169d54ce5a5f3c8d,330a5c6006c3128d1a4345251ccd3ddf,5,,,2018-04-10 00:00:00,2018-04-13 01:07:34
f41cd76dbd3ac1931aa4106faf8f5459,406d7ae7632b47850ebdaaf719a4c715,5,,,2018-04-06 00:00:00,2018-04-08 15:08:10
9847ce63174143bf3a1ae38bfce940fb,b07d2a68cc3e97e707eb42d213983c66,5,,,2018-08-16 00:00:00,2018-08-16 14:59:37
3820724f79c7d3e53bdc60cad3a90f45,48d0129c92992c4ee4c6b7b034c63336,4,,"Pedido chegou no prazo, colar de acordo com site , super satisfeito. ",2017-12-13 00:00:00,2017-12-16 01:51:11
d5d2c4eeda06926554fe79f1ab904d54,917d66c0042ba4ce09a08ed7023da134,4,,Exatamente como especificado e ainda veio dentro do prazo.,2018-02-21 00:00:00,2018-02-21 16:49:51
048f378c279edaa2fd310c1e339e896c,fc5fbd714a68c4cb0a3a927b2525109b,5,Bom,,2018-05-01 00:00:00,2018-05-03 18:05:08
d75f79cfb2ba451e610ce47df71dfccb,dd103933801d1fccfa8cf84150eae10a,5,,"gostei chegou no prazo, preço bom",2018-01-17 00:00:00,2018-01-18 12:05:01
398d3b6f6e3df59e8380baea0fcda35c,5770d4a84c1a09336d4c93063323d21d,4,,Gostei bastante,2017-07-28 00:00:00,2017-07-29 00:26:51
542fb3faf9af4d46371cd12bdaf4eb5c,4d1f435f8c84cb13a87a5d79b5813566,5,,,2017-05-25 00:00:00,2017-05-26 09:52:54
3eb5efdcd5130b4f56130d313b9bbe58,ad761416833aee13e3c6c8b579d72f96,1,,"Não recebi o produto mas no rastreamento consta que foi entregue no dia 28/03.
Aguardo posicionamento quanto ao ocorrido.",2018-03-29 00:00:00,2018-04-04 00:41:03
33e53bc0402f112d5bcdca2453237809,15d19cc3fdb1b3bdea39f23b8f3a7a11,5,Como ser profissional ,,2018-07-28 00:00:00,2018-07-30 16:26:04
27a25100bb8531b5ba2df876ef9c2c32,fb4de3600d359f84927517e78ff9ba54,4,,,2018-05-05 00:00:00,2018-05-08 02:03:45
2de5166e48bbc2596dc7ea8ad98c36b8,d0836b3ff071bfc93b8a3c5acd8b63a6,4,,,2017-09-26 00:00:00,2017-09-27 12:53:01
6b520a4bdd6f6e04bed203fb43641269,c5ad7fdd6f4b3a546653f42ca0c64da3,4,,,2017-05-27 00:00:00,2017-05-29 12:14:59
e3415b62897e33081f6e2d5454c9ae68,1651e8159581ae560e31bcd322831f89,4,,,2017-05-31 00:00:00,2017-05-31 23:41:49
1a2c88e4992e1ade727fe9cd7f8719f6,7d68f1da2ad6d6fa877e000788daf541,4,recomendado,"gostei muito ,do produto e do atendimento",2018-07-14 00:00:00,2018-07-17 17:55:25
2cbe2bd80a3e8832eb6b8d50f1049ccd,a84a2c86f42a79c101ac5783d3881645,3,,,2018-02-15 00:00:00,2018-02-19 23:19:22
e614c0ea453df6767103289dcf1a6071,53f0bd64140840f70f00c89e7a19fdf2,5,,,2018-04-28 00:00:00,2018-04-30 10:58:28
838679cf3d2425f898644b368485de45,0f30693cac68f8597594c35a1dc38a8e,4,,"Nunca vi demorarem tanto para entregar um cartucho
Está vindo da China ? ",2018-03-22 00:00:00,2018-03-22 12:36:01
ffb77cf173d796daaac85e086feff6d0,8275d4aa466e4679ed369b23c8eda40a,5,,Achei lindo e recomendo.,2018-04-17 00:00:00,2018-04-17 23:49:33
f41bc64fe644ec1552913a8ec080e687,0e7a304b49a353318a2ea193bfb5523e,5,,Otima,2017-06-30 00:00:00,2017-07-03 03:36:12
c9a3798d0e918ffb4224a828afd2c6b0,1d50a1ce4cf6a22155891f66fb4117b0,5,,,2017-12-28 00:00:00,2017-12-28 12:55:23
4e28567d4231f927e636e112f1b6f820,6bf6d79b7a1a551ef6621a52c435ed1e,4,,,2017-12-15 00:00:00,2017-12-18 16:14:46
97b029ccf8aee8f2e57f46686a8e18fb,a96ff70398f289756fde50d1e0ed62bb,5,Entrega muito rápida!,"O relógio é lindo e a entrega foi muito rápida, ele foi postado dia 24 e chegou dia 30, sendo que era frete comum e para o nordeste. Comprarei mais vezes!",2018-08-01 00:00:00,2018-08-03 13:26:06
e5e130e83b3688f381929457c3798ead,7fb803b61e1301dc6887ef9d54cfcf26,5,surper recomendado,,2018-08-08 00:00:00,2018-08-09 01:12:01
efeccb75de3e9594af32083bbc3bc827,2a18b3d0f12775db98aeb028d0e388da,1,,O produto é maravilhoso mas pela quantidade não vale a pena,2017-09-23 00:00:00,2017-09-25 02:35:01
37e0e138dcb7a0f69b9fa8c5d41dba97,c057007d38fa1eb53e9eaf0602830467,5,,,2017-09-20 00:00:00,2017-09-21 04:04:30
3ddf7b6951d8af59b84951d00e25f049,8608b68211e2b6a120ff2e767285e069,5,,,2017-09-29 00:00:00,2017-10-01 23:14:01
fe580d9142b98ec8cb20cdec70992474,0d5d3777270af3ab88e1ad0e74c57e52,4,Ótima ,,2018-08-18 00:00:00,2018-08-24 15:48:44
9e231d230d9d574c9e1a7b1e0fb76d7a,237bc9f2aa86b56ab439b6a508832d88,5,,,2018-08-29 00:00:00,2018-08-30 04:45:34
66fb21cb4f7d9403de5efea31d448ba0,01cc71a8154340ae61126b5ee9b48fef,4,,,2018-06-12 00:00:00,2018-06-14 15:11:58
8929133881b59c9f8a20e7a1d53c9707,b5b79bbbc8693953906951dad6a55f07,5,Super recomendo 16/07/201,Muito bom,2018-07-10 00:00:00,2018-07-16 16:09:20
b189eed9dbfcac7862dd6a873dd72b8e,1539c0a503a87cb20a5d11a435149b2a,1,,Foi vendido um produto como sendo original e veio uma imitação.,2017-06-27 00:00:00,2017-06-29 20:16:13
635e8f3c82a004bc68dec80961507fd6,1a4dc88681af860f27b5e7af0cf35ecd,5,,"A loja é excelente, más o produto foi ruim. Pelicula de plástico. Não indico o produto para ninguém. Não vale apena.",2017-05-04 00:00:00,2017-05-05 13:10:15
7e0ece36ec1e9d4cf92aa6384c3251ba,5c9c7cfebd7a15f81479083d70636f51,5,,,2018-07-11 00:00:00,2018-07-16 12:10:09
bc168fafbec782f663a9616b32f29922,87a99c9be1a72ccd14a90ce72e2544c3,4,,Bom !,2017-03-31 00:00:00,2017-03-31 21:20:27
0c1d23b6a71dfbc102a2a13773b05063,a14a2e543b33add9891cabe38fd844c8,5,,,2018-05-11 00:00:00,2018-05-24 01:18:36
fa073bab7ac81517c4ff3a03ce017b23,275bdc3d32ed65dee689eecaa10e7a80,5,,,2018-07-04 00:00:00,2018-07-05 11:58:46
dbdcc491b2557c3441d71cddd1543e55,08cf63d17d15433573bf10ae778045ab,5,,,2018-02-24 00:00:00,2018-02-26 21:55:01
f2eaf5f8f4146af31469cc3e230822f9,afa17ebff8d7e00d7c9e04860c7ddcea,1,,,2017-02-23 00:00:00,2017-02-25 13:57:47
ac856f7beef2d24b61257d0c2ef26ae7,051fcda88d997d3ff86012da2a556342,1,Carteira ñ é de couro ,É couro sintético!!,2018-08-30 00:00:00,2018-08-30 22:53:02
62123069418486f9b844b814e8c19311,6e5fda4cd8dbfe3f9c8485b8d10d7503,5,,,2018-04-21 00:00:00,2018-04-22 02:24:11
a1f4aa512d4934c616b174ed6239dc61,3dcb62ed8e9e2d9909ba544c7d10195a,5,,Agilidade na entrega!,2017-08-25 00:00:00,2017-08-25 17:40:20
9ce6ef6c510dd6e9fe86ac71aa5802fb,44c652443459cd095f4298d1d1daa389,5,,Meu ponto de vista o produto é muito bom ele realmente faz o que diz ele retira todos os pelos do local aplicado não irrita a pele deixou a pele macia.. Recomendo o produto muito bom compensa comprar.,2018-04-19 00:00:00,2018-04-20 01:50:48
5b45af8df91cf3c0ea64b8effb223fe3,2d6c9f00e3d35a0f4e742fff1191d675,5,,"produto entregue muito antes do prazo
recomendo",2017-09-26 00:00:00,2017-09-27 13:13:10
cd21a93bfe0e439150e852e7975bebaa,a37bfcf3d20f35acbeb8802726c3fabd,5,,,2017-12-14 00:00:00,2017-12-14 23:44:40
3768e3b6ad09a31f70820f664487048e,756707b801841459446c7e0e8c0862bc,5,,,2017-10-27 00:00:00,2017-10-29 17:36:28
ec48acc47259ad6a4901fc70afed30a1,0eb7dc4e9168fd2e3bc791983492d99a,5,,Ótimo,2018-07-13 00:00:00,2018-07-14 14:11:50
bcd018394a26067bd3b6bd00b6be9b26,a4bebb3e6a897abebb5afdb45e4c710e,4,,,2018-05-03 00:00:00,2018-05-06 10:46:43
b764c2314b1745df4f59f3f279888f68,a3d715c13af177125a462b543a9a97f4,5,,,2017-10-20 00:00:00,2017-10-23 15:46:52
aa0abbf5da8c9f6056a4382b91b2144b,c87d7a80e2ec732b00980f3ea7961603,5,,,2018-01-04 00:00:00,2018-01-04 22:59:25
2e713b4dc87443e92e1afdd852832464,e1143a99ea4cc1bd3a625b3501484dce,1,,,2018-05-05 00:00:00,2018-05-06 06:12:58
b6080e709456327e9a8453fac712e9d4,f1b8509dee2f914e33ace8b9555a7e51,4,,,2018-01-26 00:00:00,2018-01-29 10:13:11
474cc694dd96b04851a20ef8d8c7cfc5,a10025dad19bcbddfb29902513f39ca3,5,,Recomendo pela pontualidade em todas as compras que já fiz.,2017-04-05 00:00:00,2017-04-06 10:49:55
f1c74a188f8a5cebe6d4a55cb9cf89f5,afb8e7d292d49589f6583efcdbda2058,3,,,2018-08-01 00:00:00,2018-08-02 17:31:12
dc2b7f3bd68000e02eb69372cce950d8,3eb6d6c16c2b144b83985bcacd6ed72a,5,,,2017-07-12 00:00:00,2017-07-12 23:12:04
0282bede3912e571c5730fe145935b1d,14130f70a2038f80f97d9fcc6e590ba8,1,,Demorou muito para ser entregue ,2018-04-25 00:00:00,2018-04-26 00:11:43
cf452d04ff16413d69236631f8b1d96f,64752052885225751d162ea92222d953,5,bom,Fiquei satisfeito,2018-06-23 00:00:00,2018-06-26 17:24:19
c9029329449332dfc179896f73a6d3b7,1e99772772632294dae0c56c2b83bb1f,3,,,2018-03-20 00:00:00,2018-03-21 01:17:13
6ebdc55d7dbb154e6a1c15f32f5b665c,488f659efac45e9067e284ded2bf7daa,4,,,2017-06-01 00:00:00,2017-06-02 11:57:13
942ce178b66e9c6bef6771051cea5678,3735a11cbccd8916dbc9ccf5f671cc2c,2,,"bom dia....ainda não recebi o carrinho ate a data presente..
estou no aguardo",2017-09-04 00:00:00,2017-09-04 10:36:50
dbf347b3a608b8550ee645b0f4e4dda9,f001655c8c646cd1b5185bbc2e7534f3,5,,"super recomendo, sempre uso esse perfume e gosto bastante.",2016-10-27 00:00:00,2016-10-28 01:19:59
583f4fe7db90cfac1257550dd50d60b9,f36d049775f796795ad32ae00310ee97,5,Comecei a usar agora,Ta em fase de teste,2018-06-09 00:00:00,2018-06-11 21:46:51
2f9a60a1ac69225bf840aec11ae5aec5,c81217ac6f729105708524c82fa37172,5,,,2018-08-09 00:00:00,2018-08-13 12:40:40
2ef88726c041ca3d6fc75265fe3df816,782280edec0182ee4b1e2cff514fc712,4,,,2017-09-24 00:00:00,2017-09-25 12:30:43
e43619c4794d682d33121adf5b1e7a1f,b3b4094d535004ba0ef19c96ba6dfd11,4,,,2018-04-11 00:00:00,2018-04-11 21:51:25
d7b1e076aa6af5c0e8a0490135079149,8e2f6e8aa36fa3770c9f33a7129e81a7,5,,,2018-01-24 00:00:00,2018-01-25 11:28:23
8015cdf9dcf9709612382debd673f882,b5ce2ab79c7923ac899f38c6f48ade42,4,,,2017-10-04 00:00:00,2017-10-18 00:10:44
bd7cdc92240adbc56d3c72d01467b829,234cbb8d0d6f7eeb4e98ec3b67e2b228,5,,,2018-04-28 00:00:00,2018-05-01 12:50:22
fd4ade0e4851bf98c2efe5422fd49f1d,99ea7908cd1e043462057874b180e3fe,4,,"Entrega rápida, produto bem embalado.",2017-08-11 00:00:00,2017-08-12 14:01:08
2857dda12e9a41caf56c5ce5fb4a7e76,cfd2fa043913decbf8554ea5ce59d723,5,Nota 10,"Encomenda entregue bem antes do prazo, recomendo a todos.",2018-05-30 00:00:00,2018-05-30 23:49:49
e0831c77a17251c727bcbe30fe1dce01,2f61fac6b8c3e6dc71dc0999144e6ffe,5,,,2017-09-12 00:00:00,2017-09-16 21:09:34
115bd0b5c303737b4f5d08ad6867a8bf,eeb17181fc1852d99c92171ac3efd4e6,4,,,2018-04-10 00:00:00,2018-04-11 00:32:44
9e6dadf94935f2d70e8e9c06296bb1db,16e192db098dd55c18aff27770402968,5,Entrega rápida,"Produto lindo, mas é um pouco frágil, na foto parecia mais resistente.
Entrega nota 10",2018-06-06 00:00:00,2018-06-06 22:49:23
b27be4137ba9e1c7aef7dfe5defb49b0,3c630824cefd356b7289838656c9cdbc,5,Adaptador USB 2.0 Wireles,Um ótimo produto!,2018-08-02 00:00:00,2018-08-02 21:10:01
6138b20e7fdc6943f00540d5761c0750,adc4e509a9b11c13575e75e6defef283,4,,Tudo ok.,2017-07-23 00:00:00,2017-07-27 19:55:10
6a791b84a6d06d67b409e7db495dec1b,13d5232bb40950f3caa1f771ec517044,5,,,2018-01-27 00:00:00,2018-01-28 21:35:59
d6e89fcb7ba41cac6f6b9c577e25ac34,023aa4b0585594124bc50e55e0e11a5f,5,,,2018-04-10 00:00:00,2018-04-10 19:20:08
4c8434aff96239d5e585f8e28e9d581d,ff834ecc7838d679d1cbd96ad32cee27,5,,,2017-07-07 00:00:00,2017-07-08 19:57:03
6fc543c3729729d556cef061ba8e557c,b29696b3c00ec6ac4adfa001a2c7cd3f,5,,,2017-09-12 00:00:00,2017-09-13 03:14:48
e747a5497ffa5bf0a2809773c82713cc,5809615d50c0de0f3750359fb6bb1df3,5,,,2017-06-09 00:00:00,2017-06-10 00:35:08
466e4bb0496ab856c8ec1753cfc87986,fd0342fda6ba083712b6ed0d4e6ac483,3,,,2018-08-02 00:00:00,2018-08-03 09:48:59
bab4dd9c44eb6d5982fb169ce975315f,a49ef06443dbe442d78f3fa3b26848d2,1,,Quero o cancelamento. ,2018-03-29 00:00:00,2018-03-31 04:34:30
ed5c454256c5082cc493e327c9d6dacc,da0571dd2e59b32cca46279a02bfb40e,5,,,2017-01-25 00:00:00,2017-01-26 21:42:05
8bf6572f23c7e2fc44828bebd7965051,62a303159c09b65c288433ea06a99600,5,Otimo produto,"Muito bom gostei muito ,veio td conforme a descrição .Super recomendo estou muito satisfeita com o produto .a entrega foi demorada mas foi os correios que demoraram na entrega como sempre. ",2018-05-06 00:00:00,2018-05-15 13:28:36
ca877add07b1d0c5a441e11fc368767c,aff838e0ae35f413200f05a7f9e42510,3,,,2017-08-01 00:00:00,2017-08-02 11:25:56
87b41b3e749a5d867306f7e481191e72,91866c79939321e63218d7b71b2b26f8,5,,"Amei a Loja e o produto, pois eles aumentaram minha expectativa enviando um recado escrito de próprio punho e alguns brindes que com certeza me agradaram e que comprarei novamente.",2017-03-09 00:00:00,2017-03-13 19:04:38
0d2d29fb1ef772a5e3cfe27465cd05c6,be86cd9f96e674ebdbb586454780a1ea,3,,"O produto não é igual ao mostrado na imagem anunciada. Estou esperando o tablet chegar, caso não caiba direitinho na capa, vou devolvê-la.",2018-01-23 00:00:00,2018-01-23 19:49:18
77a5cc6f88fe03e41a5783c975e7fcfb,6fed61864e73f5457549fa69ad7c88a2,5,,Corresponde as expectativas,2017-11-25 00:00:00,2017-11-26 21:28:28
f5d81537552bd6a0b61e936e73f5ba37,f7cc115bdf4af94acf9b6da346ee1c88,4,,,2018-06-07 00:00:00,2018-06-08 00:48:55
b6929f3083ba1e78b74b55b953084721,7aa518be998a5e4ae20ebc594ddc96e0,4,,,2017-10-22 00:00:00,2017-11-08 21:53:35
afcb715fea002f7c75ed92cd73d48bcf,cc0fd6c51b7543009e47b01e9d14b686,1,,Comprei o produto Cortina Decorativa Suellen Para Quarto Ou Sala Cinza 4m e Recebi Cortina Suellen para Sala Quarto 4 Metros Avelã/ Palha. Caso não resolverem ACIONAREI o PROCON-SP,2018-03-15 00:00:00,2018-03-19 13:44:58
f0fe5c1f30996a7fd54ebbed7d0c62bb,a6288025a106ed8a4db8010e42d44577,4,,,2018-08-17 00:00:00,2018-08-18 02:52:59
ec1788886b2f87ae29f8712b6e1b946d,cd02e1b6a025f2d7003c4c8b2ef28baf,5,,,2018-03-09 00:00:00,2018-03-10 02:32:09
e862011b3f28e3044f2845b339d911ae,07d08b17b3bcb01de09f8306ee0c32ca,1,,O produto está constando que foi entregue mas minha encomenda não chegou,2018-04-06 00:00:00,2018-04-09 10:25:38
422c40f65ff09420dd40d69209cee059,9711d75c7f14daa7b898759d42b9af64,4,,"A loja e seria e rápida, quanto ao produto não sei dizer porque vou dar de presente no dias das crianças.",2017-09-12 00:00:00,2017-09-13 11:07:01
490aa9b59205d7ad87df2c1b74c32a61,4973b3b81af1585534c0b3de209acec6,5,,,2018-08-30 00:00:00,2018-09-01 14:59:02
e85084a550df9e77ad47ac1f28ff9fdd,2ceb986b3043c2f73ab7577c6a41830e,5,,,2017-08-18 00:00:00,2017-08-18 21:26:24
1b47742b31111e8647c3d9c14bf15c2d,a5ec4b722860bf18fd1ff9fd35fbfff8,5,Boa noite bom produto ,Boa noite estou com dificuldade de arrumar o RELÓGIO da pulseira e nem conectar o bluetooth ,2018-05-24 00:00:00,2018-05-25 00:18:11
040b215421df5f98a8cd0b7b56da2cc3,c9fc6a8e6b1fe646f9358b9ea7b1a446,3,,Recebi a mercadoria com um pouco de atraso mas deve ser considerado os feriados e também os atrasos dos correios.,2018-02-22 00:00:00,2018-02-23 12:11:01
910f7b5723d6d4a19033c9af75e330f4,5bf1e013121cccb5a168c91859a243e7,4,,"gostaria de trocar por outro grau o que me enviaram está errado seria _2,75",2018-06-06 00:00:00,2018-06-07 00:56:33
6f66b7053250fc06791cffdf05d5a32d,177f8b6f0cfd6ef224d0caf1e59d89bd,5,super recomendo,Ótimo produto,2018-06-21 00:00:00,2018-06-22 19:36:04
83d029a86bd37cace752ffa3d63852ec,4123a46501472ba0fa021d7532462e27,5,,,2018-07-06 00:00:00,2018-07-08 10:19:40
321a99ce17abfc6d3f451a0e79ea2f36,4c43459211e81f383114dbcc328b7ac4,1,O cartucho não é original,O cartucho não é original fiz o cancelamento e estou aguardando a devolução do valor o cartucho não funciona.,2018-07-03 00:00:00,2018-07-09 14:31:02
62312ca72fbfc46b6533069edf9dec0c,a1cc6e60e142d31a699056328d83cf82,3,,Ainda está no prazo; porém não recebi ,2018-04-19 00:00:00,2018-04-19 19:41:09
5ae8070580b87fee24f3dfd7c14f96ac,be62a7e48d2d0a10e3ce4d03e737843c,5,,,2017-08-26 00:00:00,2017-08-29 09:19:15
b2bc7a66b6738d517f8489b98bbd672a,625b0b3fa9345b547eac735d4f4257e7,5,,,2017-08-30 00:00:00,2017-08-30 13:32:16
f472848ca0fdba585262a7122a9795e0,1f93b86e99f08972d9d0fe0757d8c6b3,4,,,2018-04-05 00:00:00,2018-04-07 12:18:47
641143b2f71990628caebf827187dfbf,3c1c18de3b4459c8116a23272c4599d1,5,,,2017-10-12 00:00:00,2017-10-14 23:21:00
4260ca0ec1ab646109fe1a1e879a35b6,8f0ef9fa114bf453c16ffc0350da8581,4,,Chegou no prazo e conforme anunciado!,2017-07-29 00:00:00,2017-07-31 19:26:07
bef8f895661652ee0f5dbc2626864df3,001c85b5f68d2be0cb0797afc9e8ce9a,2,,,2017-12-16 00:00:00,2017-12-20 21:03:14
b118cdef6c3c167e2c6b4db66a80c9f6,abef8b5d0f7fa066c7473db7d650c870,5,,,2017-01-26 00:00:00,2017-02-01 15:37:28
18825455b8639598b4511791079ee332,1d52ba7197c7acebbb4f826f6585536f,1,,Não recebi meu produto dentro do prazo e o atendimento foi péssimo,2017-04-06 00:00:00,2017-04-06 06:23:38
0add08eace731334fdcf0f12da7bb353,e37400ea2216206cb88f2d8c87b4aa35,5,,,2017-09-12 00:00:00,2017-09-13 00:23:15
29444ad0d742567872180774d4fc0f08,723fdebe8280ea74fca298382c4d7ac7,5,,,2018-08-18 00:00:00,2018-08-20 03:06:08
7811086ce39ce059db11bc3549a5ec63,244e91c4c416908e17829094e3eb7aa6,5,,,2017-04-06 00:00:00,2017-04-08 23:34:36
08bdff34c7de564b6fb2312252a71a8e,61dffbf220e7df65d65f1ea067fa0b1b,1,,desejo saber como vou fazer para receber o objeto??,2018-02-01 00:00:00,2018-02-01 23:04:48
94123414fd25bd96530e1847c67d1f9a,497557705ed42b9e7678b808d1f21dbb,5,,Frigideira top. Recomendo,2017-09-20 00:00:00,2017-09-21 21:11:01
dfbe6dea209abf3c61e979478e917a7c,03167be79e12e9d70dc67d864eea2300,5,,"Produto novo de excelente qualidade chegou tudo certinho, dentro do prazo",2017-12-14 00:00:00,2017-12-15 00:09:44
ed1492cf3da46344dd9f4878f08e33a0,3a8120ab24d55fb6df380a431836a916,5,,,2018-05-23 00:00:00,2018-05-23 22:13:38
3effc12f415364dab63960a95fdd77af,683f04dde2c04fd7b5a1a520a4abe379,5,,Muito bom ,2018-03-30 00:00:00,2018-03-31 01:00:41
fb7821a2726aa68b3961479a7504cf8c,06c1184eaca6e3877347f38cfe926100,1,,,2017-12-14 00:00:00,2017-12-14 12:47:12
5e3d47c3831035a159beb6207412933f,e8253edb8afd8c06fed540435eac942d,5,,Só nao entendi porque a caixa veio aberta. Mais fora isso tá perfeito veio tudo certinho.,2018-07-28 00:00:00,2018-07-30 16:20:50
6169d2e5ae9dc644bed322b567944245,894f91c1c79ed1df3d678edb9970e88a,3,," Eu não gostei pós ela é bem menor do que na foto, e a partir superior da mesa é solta, não tem como prender.",2018-03-02 00:00:00,2018-03-03 09:46:52
6470b0a847a33f0784c1c73d2679fca4,3c4f4a215516b1f6013a569c7013f45d,5,,,2018-02-23 00:00:00,2018-02-26 11:07:04
e995d2badd799736fa089551eaa17db2,594ad966cb8b56ec21f4b3c9b7048505,5,,"TODOS DEVIAM COMPRAR AQUI NO baratheon,AMEI....PARABÉNS!",2017-07-08 00:00:00,2017-07-09 19:55:42
97e9e63944cdc31e384a3a52969f7bba,039681a3b797611f717a3232e87f60ef,5,,,2017-12-14 00:00:00,2017-12-16 20:09:20
e81264340c05fc585ef73cd396d0424d,48c0a263a6f5c112effbec24abbd468b,1,,,2017-07-13 00:00:00,2017-07-20 22:58:01
8939454851433cbc9c7434cd874baff3,59ac3c3ef46e5a6355dde8dd64a4ca4f,3,,,2017-07-08 00:00:00,2017-07-09 00:02:09
98f761b114c7ea7af6c90965cee21f45,0267556bb9e07f6184470cf755f5b5da,5,,Chegou no prazo ok,2017-05-31 00:00:00,2017-06-01 03:37:01
64229b4cd9dd5d3e8a2d51be69642f34,7d7db898e5eaa10aac6c7fb616d9d7dc,1,,,2018-03-24 00:00:00,2018-03-26 10:01:31
63990662b93562d430a6dc51dc85728a,9fff263519b16922d71e07a6706a0ef8,5,,Tenho ótimas experiências com a loja. ,2017-03-15 00:00:00,2017-03-17 02:17:37
299f17112a8f1e7f670a7feb86c97f98,ed618f64e1dcd86615595645269fc0f2,3,,,2017-02-17 00:00:00,2017-02-20 16:30:50
48c1c7966339b7b6e9a7fd5c91639be6,73b6ddc94c65c2002e53a5cb71257232,5,Muito bom o atendimento,,2018-08-12 00:00:00,2018-08-13 13:14:35
d506006e5b86e5f81f2b1a9126255eb9,d03428478ca1e760e9c5898acc54665f,3,Casio feminino ,Esse veio correto. O primeiro não ,2018-08-25 00:00:00,2018-08-26 09:57:51
1a92049a52b183a1cd6a799fb2d41ae0,b6a2d13e218643aa2ad2fb10a8cf567a,4,,"No tempo certo! 
",2017-05-23 00:00:00,2017-05-24 02:53:19
3b1de1bc082d413c0583014bd2e4782a,c2d61723f3e69b1e2bb9cc9c638c0b5e,2,ruim,"Cobre-leito sem forro, ficando com um pouco de transparência, pintura com aspecto desbotado. Porta-travesseiros sem costura, totalmente lisos. Muito abaixo da expectativa. Não vale a compra. ",2018-07-03 00:00:00,2018-07-11 19:04:51
e7b322f782465c2850235d59657a32eb,7b8cdadf6b13903fc09049ba85f5ecb3,5,Ok,,2018-06-06 00:00:00,2018-06-07 19:50:56
863ce63522c2803dc97404cd3dc6fb26,ef782bb4dc72950173bc2fd3dd651433,5,,Otimo ,2018-01-27 00:00:00,2018-02-02 14:07:19
01365287c23e42f553fdd37afef2d3e1,ce2d0e7e8a249b93d3cfadb57113023f,5,,"Produto de alta qualidade, recomendo. Entregue super rapida!",2018-08-24 00:00:00,2018-08-27 11:09:47
4c95fed259b7632ca3ce38c5d0d5cbea,1d6a2a632c284f1c4fd53baf9e705693,5,,,2018-04-10 00:00:00,2018-04-11 14:04:21
aaef8dd9f7c57966c047de45125c7c7f,ce6773b2916ebbc43dcaa762c0c6f9b2,5,Ótimo,Entrega super rápida em perfeito estado. ,2018-08-03 00:00:00,2018-08-06 01:33:55
4568f118440695f47224733f82eb4481,e3ecf67f9ab4a010b9ca17cc8df843bf,5,,,2017-12-21 00:00:00,2017-12-24 19:14:58
06e7fb4d839b8c6095726d74e4bed91c,540c5ef7f6c23f2547a73029172643da,2,,,2018-02-15 00:00:00,2018-02-16 11:36:29
9debc36e70fc9735514a3499317759e8,513b6592fe9a0b61ad5be337680b84d0,5,,7 dias antes do prazo recebido ,2017-07-20 00:00:00,2017-07-24 14:06:08
8ec4365c8f2745121a48bd93f33174d0,67009d1f213f762960c97b4f8629159c,4,,,2018-02-02 00:00:00,2018-02-03 01:48:36
041b13664f2dde4bc61fbc4de34a6398,2e9ac33fbda5666e258ed040a2def5d6,3,,"Bonito, mas o som da voz não é muito bom, tem duas músicas apenas é uma q nao é de criança ",2018-07-25 00:00:00,2018-07-26 12:49:49
8fd66f9b1d4d569ff7cae712d3eddfb8,616349dfee9e27679881b25bfc3af335,3,,,2018-03-17 00:00:00,2018-03-17 14:25:45
43b8483310d4409ff79faa4e8203f2af,9ca6d17660064ab8bbc4a8089397afb1,4,,,2017-11-17 00:00:00,2017-11-17 20:24:22
49dfaafa449f38f6259a1c25c57f24e9,8ffefeda31ab0d9c7c8b732ea9e1330e,5,,,2018-01-12 00:00:00,2018-01-12 19:03:00
70bccab53f79dea5f4f338b6b879640f,33719438c660a7964c608082a59a58c6,1,,"Como pode um relógio vim com os números errados, exijo a devolução do meu dinheiro! ",2018-01-06 00:00:00,2018-01-09 00:31:06
76bea5e3b73c175d7567c5a7bd7e2610,44a69f8dbbaad732136d9575edb10295,4,,,2017-03-11 00:00:00,2017-03-14 15:34:58
f2621e379dea4fd993a35a69fbbc8a72,ee24dc874cf2cb44acd098173b7ff240,2,Fraca,"Nem uma satisfação ou justificativa do porque da demora, ainda sem receber o produto.
já é a terceira vez que tento comprar o mesmo produto e não recebo.",2018-07-29 00:00:00,2018-07-29 14:25:12
d54895c1adaaf1465b615ead374078f2,1d95cfa17a6ea1b7908c0d284f9ee2c8,2,,Comprei o produto no fim de novembro e o prazo de entrega já passou. ,2017-12-14 00:00:00,2017-12-14 12:25:27
4e6e4fdbc34f24b21f2b66025ee7af71,4dd4745f66dc08de8b825edf6155ce4b,4,SIM,satisfeita,2018-04-24 00:00:00,2018-04-27 11:18:07
52a4ee405f323d648fdf7a25e0e23cce,6ec753cc542c4392eb956290ddf47369,4,,,2018-01-31 00:00:00,2018-02-01 10:58:57
4ab0036cc708c627f64802c879394c44,a10231eb95955f12c2bbc1e34e25c950,5,,,2017-02-16 00:00:00,2017-02-18 11:45:06
0d8ac12dc2ab753dc90b5ca00c3d6b86,8c3ef96e828b5894ec632ba10985867d,1,Cancelamento,"Eu solicitei o cancelamento da compra e não obtive retorno , o produto chegou não e o q eu gostaria , foi uma compra frustrada para mim",2018-08-28 00:00:00,2018-08-29 13:45:32
7f7fd1611e68f83e523586bda3d0a613,191fb3bcee4d4df8099e3f29d9ff8197,1,,O termômetro veio com a pilha vazando e não ligou. ,2017-06-18 00:00:00,2017-06-19 17:12:11
7b0ab803f42560f3112a733e5d1fb993,f8fe2e394d3641489e6a2ca1cc40651e,1,,,2018-04-21 00:00:00,2018-04-22 23:31:41
49310d61e774bc2a50dd5dd4dc6dea64,7cd9f4c5a26e353b50e10cc165ef40d2,4,,,2018-07-03 00:00:00,2018-07-19 00:08:34
c9fd7708afe47b930f5fd33f52b06efc,0bcde0684eba5746bbb90d6d9089570a,5,,"A embalagem do produto é um pouco diferente mas faz parte da mesma marca e o valor nutricional é o mesmo, no começo fiquei na dúvida por causa disso, mas não tem problema gostei também. Site ótimo.",2017-11-14 00:00:00,2017-11-14 21:50:10
b9f1f89a968225a1a61488287dbd1e9e,6561b237241a2fbd514d45440cd1b349,4,,Muito bom recomendo,2017-02-22 00:00:00,2017-02-25 10:12:12
673dcc0c0316625aaa2e5bfcd2bf4d96,de273694b3cd5827467dbc63a115382b,5,,,2017-08-02 00:00:00,2017-08-03 23:04:12
af2632237a9471c37e29725b970dc85c,b82c76472b3bc51acb8f5db576ec974f,5,,,2018-05-09 00:00:00,2018-05-10 04:47:53
4e0198d4488feb5e179fc7296ea0bedf,e4612c20fad84db70d164d5278c01d4d,5,,,2017-05-24 00:00:00,2017-05-27 11:47:26
a2549d44f8839ddfd60525e9c1c8b6ad,2c9d0e7a53245b11b39d47e84b3d7ac9,4,7,"Infelizmente o produto não era o q eu queria, as dimensões nao e informada do produto . ",2018-07-22 00:00:00,2018-07-24 20:34:09
b33bc203500f1cfab317cdc8bdbd97dc,8caf289ab5d7e3ec7b4522aa22dabbec,4,,,2018-03-09 00:00:00,2018-03-09 13:33:11
80586be1f1cc871fc51a021f415316c6,20ce857482318a94142a0276fc72b4ad,5,,,2017-03-23 00:00:00,2017-03-26 11:04:35
b32e5d462794e70a6e61ed17f6c51609,cc008d324278200689ee451a547b97c3,4,,,2017-02-09 00:00:00,2017-02-10 13:20:20
e18443b78ee9f058912366f8a01c397a,7911b64405b6667c48cb3f1334f85432,5,,,2018-02-07 00:00:00,2018-02-07 20:52:41
dd8b69476a8f6f8f3d177819a320d120,e214dd6d50b1fe9b3d0570441893f807,5,,,2017-12-24 00:00:00,2017-12-26 18:04:50
585a0799719ece8e51ad17304ea580fc,a8f7a1d76c02dc4a7c5177aee8c2b02c,5,,"Recomendo a loja lannister ,desde o atendimento até a entrega.grata.",2017-03-02 00:00:00,2017-03-02 23:51:29
b6a880dd106835871142c11c07ea4c9e,0e6f08a9522bf9b1287fb24ab250dd81,5,Ótimo produto ,,2018-08-17 00:00:00,2018-08-20 20:19:08
58367fabcc90c26d63fac9583b47112a,9abb2627b40ff1591e62553894e6b312,5,,,2017-02-08 00:00:00,2017-02-09 19:36:06
181eb8a6fcac0bea3ffe022f21df67df,6c7378154382f7378b82fa860f68c758,1,,,2017-12-19 00:00:00,2017-12-19 19:36:13
8076b9618ddb90bee801fe136ffb4390,98b736865640a09748dfa712c907b68d,1,,"Produto não entregue, entrarei na justiça.Pois sei que voces irão me cobrar.Super decpcionada.",2017-05-06 00:00:00,2017-05-08 13:41:25
12ed1509c294cf3a8d6cba8a524dd167,32e761ce606f7a8625682e65990b94ed,5,,,2018-03-28 00:00:00,2018-03-29 12:22:42
2d01e2b683df13324dcb369a35b8100f,cc85b0be56a5a15d2146816d54ee0eff,4,,,2018-01-31 00:00:00,2018-02-05 15:37:51
d9bf64a44bf9946b373055d6c0a25db4,3927ccce3a002f3ee410b40acac817b4,5,,,2018-06-19 00:00:00,2018-06-22 18:16:20
43856aef2638c52d3479d75c16becac8,26884dfc89f32e105d001c993035c55d,5,frete,"no geral, acredito que deverão ver esse lance de frete, é muito caro.",2018-07-06 00:00:00,2018-07-09 10:36:56
57e26a64e1845a7c0474ac90d379a14f,ec1ecce6ed2f4a351a045a8de255e3af,5,,,2017-09-22 00:00:00,2017-09-25 00:06:33
e144681952b0736e09fc0643ffb909ce,ea3da9210148306e5b1bbb843c19e65f,2,,Só achei que o perfume não fixa bem sai logo o cheiro.,2018-03-07 00:00:00,2018-03-08 05:34:45
c2e2f19ce8e4366537fcce7df2fdce4e,cbdf436a9a9c8213157a125b91ef27b9,5,,,2017-09-27 00:00:00,2017-09-29 22:10:48
7c52e7038fc53ee2b386762145e666e9,6f0a798b4aff8cc383e1dcafa67f857f,5,,Amei o produto e o processo da entrega .Minha filha amou e ficou surpresa com o prazo pois chegou antes,2018-04-03 00:00:00,2018-04-04 23:31:35
f63e78260e0aab7045ed91641d37bfb4,f2360b8c94f4bc5d80a4010d680ff61d,5,,Produto entregue antes do combinado.,2018-04-24 00:00:00,2018-04-24 22:28:40
07d74068b22311efab32f86a06d595bd,25af0443015b8d200489039a00361f2e,5,,,2017-08-30 00:00:00,2017-08-30 17:03:25
fb576c3799b8877480415f9b72d9c2ca,dc8a41c3b06bd915d57fcd0e89973744,4,,"Entregue antes do previsto, produto conforme o anuncio, a unica coisa que deixou a desejar foi a forma de embalagem para envio. Pois veio dentro de um envelope, sem nenhuma proteção. ",2017-10-11 00:00:00,2017-10-13 20:00:23
181e8cd0fb88fdf37460730b78bc1319,51ffb9765ad7cfe091821ebd4751dc05,5,,,2017-10-05 00:00:00,2017-10-06 14:10:28
84f574543532edb894e7048d99a91e69,084ba8afde2ae7dcc7610239f97b7d43,5,,,2018-03-20 00:00:00,2018-03-21 11:18:14
b5719fb4bbba337c5863416fbada9f68,123bea8dab4550ec2592468bff3e0866,5,,,2018-04-07 00:00:00,2018-04-08 11:30:32
40962dfb4a3f2fd452f20f5fb1e91b11,e21a100114f52ef8f28601cf741b3ca4,2,,Fiz um pedido com dois perfumes mas so foi entregue um produto,2017-07-05 00:00:00,2017-07-06 14:33:59
730f5a89394eae8affa3717ff4e78b11,47c1a8c65d33d1a87433294bea40a81b,5,,,2017-06-02 00:00:00,2017-06-02 23:44:01
10a9d9865f91e5ac421f08d6054a873c,4911bfcdd33739f5324b35e82e0104de,4,,,2018-05-22 00:00:00,2018-05-24 01:14:28
8df60d42c02c6f693479557aa233cbca,d14704bf551588cc4acea3368cafe62b,2,,"Pedi o produto no sabor baunilha veio chocolate, fora que não veio o bcaa.",2018-03-21 00:00:00,2018-03-21 16:22:08
bdd2176b8d0ed0d5414dc07547720dd2,a182c021b0561e70031de925b3991fb3,5,,,2018-04-12 00:00:00,2018-04-16 12:09:10
0c0e9f76c391339b00a5ef0b05b1ff58,73eb70779d3a8a4647f8ccf9c43d2623,5,,,2017-05-17 00:00:00,2017-05-21 20:19:54
3e5d8eac3ce1dfae0d635b28c624d7ef,7e033da6e10e6a9866ae65fb7e9bc379,3,,,2017-04-12 00:00:00,2017-04-29 12:45:16
ec00026866e845380c4063c4d3cb24a8,8867156d46ee1ee4342aac2b072b300f,4,ok,"ok 
",2018-04-27 00:00:00,2018-04-30 16:01:22
f9b5a71007790e7fc630b1f11cb1de73,24759f3ad867f833fc09e69987719d52,4,,,2017-03-22 00:00:00,2017-03-25 00:15:12
ea364d60768ccb19faf26e7ab16f8a11,26bcf76706fd675a268ba2cf63119270,5,,,2018-04-03 00:00:00,2018-04-03 16:40:58
02e23ed335737d49c0474beae4f3bb64,0678d595b99f7162722e241ea36f7512,1,,,2018-03-21 00:00:00,2018-03-21 12:09:24
4ab91549ef999439da6f4060bee6e545,ea2d31e30ceb1d603ab8db32ab4404dc,5,,o produto é de otima qualidae e chegou antes do prazo de entrega.,2017-03-10 00:00:00,2017-03-10 12:28:21
9cd9ea4da0efb784c98d25128d44c75e,38812ede52a6842d03eb017fc2c9d92c,1,,Desde janeiro tento comprar essa caixa e ela sempre volta. Eu já comprei uma vez pelo site lannister e o produto chegou na minha casa e bem rápido. Pq agora não estão conseguindo encontrar?,2018-04-14 00:00:00,2018-04-15 15:22:53
622e0bf6b76eeb390824ffeabad8b679,aa8349da5e4a45c547cfac79368e930d,5,,,2018-06-21 00:00:00,2018-06-21 19:34:22
278762174a5e1487726430ad8dd416b4,7991b363c057a520b3ffa9dd2919cff5,5,,Os pincéis são lindos e de muita qualidade.,2018-02-08 00:00:00,2018-02-10 19:10:11
cf29e481f7c7eb282a830aaad4170568,b9e186a6d042725eb24122a767ea7063,3,,Tô aguardando pra poder avaliar melhor,2018-04-19 00:00:00,2018-04-19 15:33:19
d64300a5fe5d674828b4454c8a779e44,77d599900cf351da04c8d0f7b5ade74d,5,,,2018-01-29 00:00:00,2018-01-30 12:00:49
cc2f1d19c028e91b4d03ca6e918ecd7f,9783e4b24e95c1e243512f67f6e2a97e,5,,,2018-01-31 00:00:00,2018-02-01 00:39:58
d3f8b0e0ec3aaae69e1c365dc4fde203,90a854ca6f1238059e7d45e6805c8c32,5,,,2017-08-23 00:00:00,2017-09-01 17:27:46
2903047b8ca2371583ca17593bc9f98a,5a583547086c7958be6668ef932708cd,5,,,2017-06-20 00:00:00,2017-06-21 00:43:45
db975fb95f381add778615337dffcfe7,9fe33416283b9bfb49fcdea66c415777,4,,,2018-02-09 00:00:00,2018-02-09 21:10:10
fb107e440941b6378db96db3d15e1a73,9ffdb44f6b79111e57d86b61146fba23,5,,,2018-06-22 00:00:00,2018-06-22 10:04:15
39e12fcb2db44cf772b02090401d24ca,36cd1ce42b6013f372ceb0a80b2a1b7c,4,,,2018-08-29 00:00:00,2018-08-30 03:19:58
7acb6477e7025fa71787fb54e99a4609,b9e6b3135dcdfc054568883b2bcf1e5e,5,,,2018-03-20 00:00:00,2018-03-21 12:57:54
dbb52adff5270b88dd736a6f6a663c8c,ea2f9e46eaf5311b2a097a65699bac5c,2,,,2017-12-12 00:00:00,2017-12-13 01:36:10
055e9fe7def99945aa39364e3d17c6f6,25ab32ec1b293e1889e29cce8820832f,5,,,2017-06-17 00:00:00,2017-06-24 23:28:09
deb8884b1be5d8113cd57327888d925a,df147d110784e81110ece3cae5fafee2,5,,,2018-01-18 00:00:00,2018-01-19 11:13:08
b5425a02e3804ec8cb2ef00f95cc501c,a63144d37a00c28ef382668a5d5ece8b,5,,,2018-02-22 00:00:00,2018-04-28 21:25:23
fdc32c657b1f1527d57305a5f0b64ff8,6416f07d133c720705c402021f612b58,3,,,2017-12-17 00:00:00,2017-12-19 08:52:33
41e3ca1002299cb1d169975d3e9a9347,955c8fbc85ca2cbd9a0cfe283624c915,5,,,2017-12-22 00:00:00,2017-12-22 11:02:52
f192db9661879b61fd3c5a2170af1694,df172721d81e6135d97fc547f2bf7666,5,,Parabéns!,2017-06-27 00:00:00,2017-06-28 00:03:09
a5e94b4fe334ef26682c15d24c847ccf,82ffe097d8ddbf319a523b9bbe7725d5,5,,,2018-04-25 00:00:00,2018-04-29 03:05:56
ca8a56e472f6e42c67ce27c9ba9ae89c,a3309e7ee5cbc991563c83bc0c41d694,4,,,2018-06-08 00:00:00,2018-06-11 10:46:43
13164750b8bec6e6951470afd250cb48,ae8423bae5771609a19bafe9b114a60e,1,Recomendo a loja,"Produto de boa qualidade, entrega dentro do prazo",2018-08-04 00:00:00,2018-08-07 10:28:54
252cd175751f759f92fb41c70f426b6b,5ad674ed6e835a39a6a7d73bc989ce57,5,,,2017-08-05 00:00:00,2017-08-05 23:50:16
418fea12a599d32148d7f9d2eca311d7,4d5f4d9f45924156c57a69d5ef886822,4,,,2018-04-24 00:00:00,2018-04-25 00:02:02
744fb2d7a137f7fe810bf8e210b64cb4,d1ed1dbbec11c2374190e2365d37d2b9,4,,,2018-08-14 00:00:00,2018-09-14 17:55:38
5ca61605d399d54b45da3f3b2b6fd8bc,c0b30438008f3085a4b78b9cd36ade63,5,,Produto bom entrega rápida ,2017-09-14 00:00:00,2017-09-19 16:24:12
e34ea7f78d6f3ab0e05d7889e512af98,1b48e0e9948536f454c10a2a97426f11,5,,,2018-05-24 00:00:00,2018-05-25 13:00:42
39915cffda23988e6a082fb82f897ea4,9f495a88e6454713d2963970d7a119ed,4,,,2017-04-04 00:00:00,2017-04-05 03:09:02
f9f3684248f9d0e8353ec77dbb60ced1,33c1911ef3652a03c6cb098b9399b1d3,5,,,2018-07-10 00:00:00,2018-07-13 00:05:47
36d9a708859425cf2ede9d3e3e587540,59e965eb9a8f7f341a003466fbe14229,5,,,2018-01-12 00:00:00,2018-01-15 10:13:15
8559d19fbca09ea12e92983337817b56,721cdd34c6ff27fe0fb9f2c21f27d444,4,,,2018-07-24 00:00:00,2018-07-26 22:37:21
09e5b033bfaabc0faaaa35501e94dcc3,5552927954803697ef5ebf1431693061,5,,,2018-07-21 00:00:00,2018-07-25 10:49:30
678767deca2a1a5d1cd90ca3d6b9b5e2,9d241238f3827aced623154ace551dd9,5,,Excelente na compra no pagamento do boleto bancario e na entrega obrigada,2018-03-16 00:00:00,2018-03-18 22:21:50
e3c31f40447500fa06ac6b7a4ab62e38,3c7a723fc09b996f715cfddba2377163,5,,"Produto chegou em uma semana, embalagem bem protegida e tudo de ótima qualidade.",2017-06-06 00:00:00,2017-06-07 14:01:12
acf3f5b4d93975335ee6a76654cd495b,056bfadd41b8600ad5ecfef2ac132188,4,,,2017-12-05 00:00:00,2017-12-09 13:53:28
a19ccf1babcca728f6bac2cb3cdad6e3,f4c004e98b41b61d8b656fed541bbd99,4,,,2018-08-02 00:00:00,2018-08-02 17:10:26
1186cf04008e6bf2338686879d9b2be5,88b67ddbb7527017f796c80b3bb38051,1,,"Estou responsabilizando as Lojas lannister pelo atraso, porque não comprei da targaryen, e sim das Lojas lannister. Aguardo providências das Lojas lannister para resolver o problema. do atraso.",2018-03-24 00:00:00,2018-03-26 13:05:50
0b3faf2217ea5e498edf6a94a963f0da,4877379c51fc3c3826e6a62427675966,4,,,2018-03-24 00:00:00,2018-03-26 19:55:29
1b94396a7654b7a31621ad3cf7873d9c,973f596fdd2295f00754dd37ab7eb684,5,,,2017-02-16 00:00:00,2017-02-17 00:05:56
7c2a963e97e7451990a71fcb4126e940,cf396e4f907df065cc3d876bff73266a,3,,,2017-10-14 00:00:00,2017-10-14 20:33:01
d3221cc1c9ad3cbd8063567a1e20d23b,13ba09b4ffd7128425cc35a9c382245f,5,,,2017-05-30 00:00:00,2017-05-31 10:10:05
3c8359378a4b078660f5345d8a543c9b,7c59d327d267a2ce386f84038c0035c5,1,não recomendo,"Sempre comprei nas Lojas lannister pela entrega ser rápida e desta vez nem recebi a mercadoria. Gostaria que tomassem uma atitude a respeito deste parceiro, para não denegrir a imagem das Lojas Ameri",2018-05-17 00:00:00,2018-05-17 15:51:43
b983079b8107c89a10f9a7c373d24c73,4d5cefeb0501de96acd522c3742d3d04,5,Òtimo,"Sempre compro nas lannister e não tenho nada a reclamar,tudo perfeito.",2018-08-30 00:00:00,2018-08-31 11:45:34
d1c3e1e31cb97dfba118b0f3e84cc63c,d73f657ce49ec301ac81116e74bd0571,5,,,2017-11-15 00:00:00,2017-11-20 18:37:32
61038835a65b5ed9890251ae1990dc46,72c6b387a8a7211c63a087c477cc8458,4,,,2017-11-05 00:00:00,2017-11-05 21:24:48
88eb425afd7bdefa497d6c536f26e964,b6238a76012ed88aec12a5a12f9f5795,5,Recomendo,"Entrega antes da data prevista, adorei o produto.",2018-07-12 00:00:00,2018-07-16 14:08:13
b0209f6cf984e03209cf5dc4d17ab4a8,356f68057b81e3a00ee64a8e16051517,1,,,2017-10-08 00:00:00,2017-10-09 12:19:42
1371bf848d90071cd980d6deaa86965d,9372c16a75d7ff9110358389ccaa0566,1,,Não chegou nada do meu produto.,2018-03-28 00:00:00,2018-03-28 13:31:00
8246c3060f3ed114c400ca398c2fcd78,68a001baa8dbd45ba5096b470f57a498,5,,"Amei o produto, do jeito que eu esperava e imaginava! Já usei muito ",2017-10-28 00:00:00,2017-10-31 02:37:08
33343c0b3c72c5265697ede5c1ca5d59,ad703ca6534f1d88a4b1f42a63b44413,5,,,2018-02-27 00:00:00,2018-02-27 19:24:34
a183a68b4c4fa3df2e107be10c94b7bd,504ec2b6f69e898c557955750272d563,5,,,2018-05-19 00:00:00,2018-05-20 12:27:29
25232d327f2bc27599325f051b514407,3b97562c3aee8bdedcb5c2e45a50d5e1,3,,,2017-05-18 00:00:00,2017-05-19 09:52:02
538cb5e6d0ffa67a8d7d856f860b4513,c5f43352377291361dad9a7366ae1c89,5,,,2017-12-19 00:00:00,2017-12-21 03:16:07
fd8a287b8c67608add180aeb8a11aa3d,f62e6208120b502c087a5bbd9b2567e4,5,,,2017-08-25 00:00:00,2017-08-26 03:25:54
0859dd3743001f5cb83b5f749c1d4bc1,edcfddeb9be8cad09b23188aec1f3fc0,5,,,2018-04-06 00:00:00,2018-04-06 19:11:11
1fa1848b05262bb4bb325c12af436d0d,8192ab7fdf1ebdc4ed10c42d0e211ba6,4,,,2018-02-17 00:00:00,2018-02-21 13:09:28
75538694db1f1734454b7c3a86da3d22,4892ff734d87bb926bd317ebafca95d1,5,,Produto ótimo e entregue beem antes do prazo .,2017-06-07 00:00:00,2017-06-08 17:02:10
4ab2cb767a8ea73b576aa645df758688,2f987d84716580b1465f39247276a59c,5,,,2018-01-20 00:00:00,2018-01-26 12:14:10
7fd1d938c72221ec6a079af82927346b,80028e205983856e71a9cc12fe99d17a,4,,,2018-06-17 00:00:00,2018-06-17 18:28:06
06e522aaa2fd8db30daeec942a49a0fb,ac8a7a5a2eb68fd70147207a05c5e9d9,5,,Ótimo muito obrigado ,2018-01-27 00:00:00,2018-01-27 20:36:54
2a214fe1071ca6fa92f3fc39d377f683,16f77b7311d2685235f9c8936da1480f,3,,Muita demora para a entrega.,2018-03-06 00:00:00,2018-03-07 11:50:26
6e7eccb916c28debbb09f5549cab837a,cb578e3b649e02ffe6afd3eb778d6370,4,,,2017-09-27 00:00:00,2017-09-28 15:07:14
a5c1f7f3a1e5db293b872b335b58b877,ad289a7aeb017887d348b0e026d8d521,1,Tecido muito fraco; ,"Comprei jogo cama casal em seda prata. A cor veio correta, contudo a confecção é de baixa categoria. Costuras soltas e esgaçadas; feito sem qualidade. Não recomendo ! Não compraria de novo. Péssima !",2018-07-13 00:00:00,2018-07-13 16:33:01
f9090d20c3ab814d65ca10422555428d,f30d4b0d595c335bb07075291527f56a,5,,,2018-06-14 00:00:00,2018-06-15 01:35:21
2631c80139142b5cdc216306cce42aa9,07e481567db300783aa22d7cd202f1b8,5,,,2017-05-30 00:00:00,2017-05-31 12:34:35
f9d191b94233fcce48e1ad52ee195041,8be26417e499e19c531a3ebfd1b14c20,5,Tudo ok,Chegou tudo certinho e antes do prazo!!,2018-08-15 00:00:00,2018-08-17 13:41:24
69c52f518baeea5c5463f25c254b341b,26d5146a6a102a692d0b159821a3d520,5,,,2017-07-27 00:00:00,2017-07-30 16:31:24
97539735aa24c72aa2b5a129c08b6532,12158685d93b3a6dcb6efad25cd8e056,3,,,2017-11-02 00:00:00,2017-11-05 09:18:42
b54891ab7e167ec3dbe9b4d7446f1645,f9343125e70ddf02e5f091885f0d7920,5,,Gostei muito.,2018-04-24 00:00:00,2018-04-26 22:23:27
4cc44fa9fdb15342868b4f4321833600,980bc014d29830d87b56bbc7720a6b6b,3,,Estou no aguardo a entrega deste produto,2018-03-30 00:00:00,2018-03-30 14:13:31
18c93bc442a8d18abaaff4b7effd5f48,f597f78ae625c3e106ebe17e6e0cdeff,5,,,2017-12-07 00:00:00,2017-12-10 00:41:01
059e208a96fa5455222acca617b94482,100db0fb5000a9f02f0d3ee2470c85c1,1,,entao segundo produto que atrasa pra chegar esse ia chegar 5/04 ainda nada de chegar,2018-04-07 00:00:00,2018-04-08 15:05:49
a072203a5df2e2392c074c1a3e579b5e,c756513ece003700723bfa5e6f8abc65,5,,,2018-03-20 00:00:00,2018-03-21 11:46:02
4b01fb5f37c6d5fc4bf47b0735b07142,ddbbf91a5dc91f4757ad2ed77ab9616b,1,Material faltando,"Bom dia
Comprei 2 controles e chegou apenas 1",2018-07-04 00:00:00,2018-07-05 10:38:54
0eaf416c3d881b455373d0790da04ff4,0d758f79408829d623e331723ac19569,4,,,2018-05-15 00:00:00,2018-05-21 00:43:03
e920e9af7567a07d62dbe7ff5f3903f3,3972df2fee6713723d3c001075f1a039,4,,,2017-09-20 00:00:00,2017-09-20 21:43:05
a5058af34c933689efe2e7096e8daa8f,c5fd5386640ddd76adc482b72d24a02b,5,Gostei,Entrega no prazo gostei muito do produto muito bom,2018-08-09 00:00:00,2018-08-09 17:18:52
a3d381d3eda876648779c56027c12156,802a4ce6a0333eb94effff686abc8f27,5,,Produto muito legal. Veio bem embalado e antes do prazo estipulado ,2017-06-22 00:00:00,2017-06-26 10:22:12
36e85c1c48e5dc716a739e035f7d442e,e1f37ead3c565a7f54eead433530c790,5,perfeito,Parabéns pela agilidade,2018-06-08 00:00:00,2018-06-08 21:12:42
8721f0629397766c7fce4393e4613bcf,514290e30cb76393d6623ca6d7d79ee0,5,,,2017-03-22 00:00:00,2017-03-23 01:02:29
ec956b9e7c1705e0be6e96e85972454f,c96496058fe55b7e844cd5e3a2562f85,1,,,2018-08-25 00:00:00,2018-08-28 13:58:12
6885d3e9ec46301ad45c76e2506f5401,c5e06e750cf18e0c0a71e1d5ae97f749,5,Excelente,Foi td muito rapido fiquei ate surpreso!,2018-05-04 00:00:00,2018-05-04 22:47:33
b31b20d1366006aa90bcc8086f6bd7b9,82e4f033f60598903866557d89c9c042,4,,,2016-10-29 00:00:00,2016-11-01 14:24:38
dfde11af7b1aee3af7dbee5321d2fc50,76947ee86f94611940effa93c62ccdc0,1,,A caixa do produto veio violada e não descrição da compra não informa que o cabo usb não vem junto.,2018-02-17 00:00:00,2018-02-19 18:51:30
60868709461f63e89315cf0687dcd809,204b7236f949dcd799519c1e74136821,5,,otima,2017-11-17 00:00:00,2017-11-18 13:57:20
fbfbcd936489f2fcf57ee5680a0c8c01,fca2aaefc989d1a8eddc4cb03b160eca,5,,,2018-03-30 00:00:00,2018-04-02 22:18:14
56e803bbc376ae5fa6edb69876741787,45e199ea5adfa906eccd69a47b50e870,5,,,2018-02-17 00:00:00,2018-02-17 19:25:31
2bc636e1ddfde92c08748d4175854656,349419805b6735ed9a2cf737205fae53,1,,"A capa vendida não é igual à apresentada na foto... Tudo diferente... Furação, textura, acabamento, forma/design...
É lamentável como a turma aqui nesse país gosta de passar a perna...",2018-02-24 00:00:00,2018-02-24 04:57:25
dbe3e9e153d5f12a0255eaec5504b687,5a81cdb2dca863c852fc8e4f82f38f2e,5,,,2017-04-19 00:00:00,2017-04-20 01:11:17
d3d412135ac4803744106256b25e6850,3a168e53eaf8e5ae8414ebfa6ae255fa,5,,,2018-04-26 00:00:00,2018-04-26 18:24:42
63caadb2dbbd0471d5f5c638a7988e7a,0380d4bc2621c9c80b674b729d4c6c02,5,,,2018-02-21 00:00:00,2018-02-22 01:45:33
0929f97a40d3b67e4ec8782678683de0,8c29553a081ec9b93f3a0407e902822a,5,,,2017-12-09 00:00:00,2017-12-10 16:23:21
d87d5e887aadc35ba3d9b19c09f47ffc,4297d3541d2675524ab8f092919f44b4,4,,Produto de qualidade e entrega rápida ,2018-03-01 00:00:00,2018-03-04 12:03:43
78f190da06de5531dac000415232fb25,dabbf294451b5516e2249d502af6a45d,5,,,2018-03-08 00:00:00,2018-03-11 05:19:31
f7e98d594080f9b3df3b2003a73286c4,3558178e8d339107c501b79be5836b47,5,,Tudo ok ,2017-11-04 00:00:00,2017-11-04 22:55:07
4507f468c30a26901fdf6de2f611d96c,6cd1a4eb4b9a14b5a991a897f096d443,5,,"Achei o produto excelente, porem nas fotos do site não informa que é produto Chinês, que aparentemente parece ser bom.",2017-06-07 00:00:00,2017-06-08 01:02:22
9199827f59a0158b7c0cf89ad7239b28,b2a5b4b96f199f352ee45d82ac6dfd24,5,,,2018-03-16 00:00:00,2018-03-17 03:10:21
154073a27ed4fc007c9b8c4439ae83f5,3c116d50bb76160ee1d7a2e8f5791427,1,,,2017-02-24 00:00:00,2017-02-26 16:39:00
3053bc60f94c341751bd3e44551594a9,276d7fb126a7eebc4a3e660c4775e081,4,,,2018-02-06 00:00:00,2018-02-07 00:58:56
16d5716c759b29e253ae4232252d171a,d9d133e8194b34d22ce9157f4f2ab959,5,,,2017-07-23 00:00:00,2017-07-25 19:31:45
f52d099c05b108d6d11aaaef41e4be38,1d01166814be7e95f72a3c85357fca45,5,,,2018-03-08 00:00:00,2018-03-12 12:17:23
baaa3083c06bd80ccb8c7fadd6f23fb2,66e5fb8842964acac96f3e4afd13b27d,1,,"Foi anunciado um produto e veio outro, totalmente inferior ao que eu comprei, enviei um e-mail para lannister e até agora não se resolveu nada !!!!!",2018-02-28 00:00:00,2018-02-28 14:35:03
ca8f878b4bd938be546071cdd76044c4,f4fdb235ce7c1f7d3eb1b2fdd3a4f610,5,,,2017-11-08 00:00:00,2017-11-08 22:47:19
8af3bbca529461225450b7d51357ba9c,633500d08d4de68291b91ac828ef3961,5,,,2018-08-07 00:00:00,2018-08-10 14:21:50
5218148393b5bf46286a750a1f1e2964,c530daceee851aa18846a89c050d4dfe,5,,,2017-07-06 00:00:00,2017-07-07 14:06:41
09e0917c5d8c4f751f2b36b80d0b07cc,c378d1766ed412f14e38a4fd8547f9e9,3,,,2017-10-10 00:00:00,2017-10-10 21:16:20
f8f8ad261da1f683b93490de6709a34c,3a09813d447f4054ac696debe1e6220d,4,,,2018-03-24 00:00:00,2018-03-25 02:56:14
46667e6f5c3949f1854dc00d1edbc969,8c695ffcf56400764176fd1789ec7fa2,1,,GOSTARIA DE SABER O QUE HOUVE. COMPRO HA ANOS NA lannister E É A 1ª VEZ QUE ISSO OCORRE. ESTOU NO AGUARDO.,2017-09-13 00:00:00,2017-09-13 09:52:40
64501abda3f658f417f89871e48a11bc,09ce422617b0ec4c246ceb2922ea1ea1,5,Entregue antes do prazo.,Linda peça em ferro. Compra tranquila e entregue antes do prazo.,2018-08-31 00:00:00,2018-09-01 01:01:28
ba8613c32248356cf9d15540e0b590c6,1cd6dbd1ca9fa0233fdae069c422f48f,5,,Entregue antes do prazo. Excelente loja.,2017-10-11 00:00:00,2017-10-14 15:08:25
4de93dac8f790551d2d807e487032572,0d66368d8615f7b306db970f3ba475ee,4,,,2017-09-13 00:00:00,2017-09-14 10:32:16
57b385b0ed969cd7d38628aa02507630,0ff01ca1108c8fea3d74a51ee283841e,4,,,2018-04-03 00:00:00,2018-04-03 22:04:00
940c8f01d6c6b46a353b74bf9f7da8a4,3578f604ba267d1491f68d8f929dbf28,5,,,2017-02-22 00:00:00,2017-02-23 18:59:50
efe487e352f74393b6fd512bc496965b,c8659bbe606f2b5c31cc02f58fce4b5c,5,,"Parabéns!Amei as cortinas, são lindas.A entrega foi rápida e veio tudo certinho.
Super recomendo.

Obrigada",2017-10-07 00:00:00,2017-10-13 18:39:01
44e1517af654ffff4920683b1f6cbec7,ee74d6d02ebb3a2ec7b9038dbb0748e8,4,,,2017-09-05 00:00:00,2017-09-21 17:59:39
5eb72755b68e8611fe72bd9a66bf61f3,d6199904747af716384a5ddfde0e4b9f,5,,Entrega na prazo. Produto de acordo com o anúncio.,2018-03-21 00:00:00,2018-03-22 11:23:37
e79cb32fcd4452c2c88b3435297e01b3,f400b5ccbb7d891e27f429355562d529,5,,Parabéns a loja lannister pela confiança e qualidade nas entregas!,2017-07-26 00:00:00,2017-07-27 12:16:33
3e4b425907e46dbc164e37e43b346365,8748f09f5b3de56a89acecb0b56618ae,4,,,2017-09-22 00:00:00,2017-09-24 21:59:03
268b5da29f19dc7d79ea8f4c33d4772b,e938a90514cd29b81f7e88eb8c918d12,5,,Produto chegou antes e de excelente qualidade. Recomendo😍,2017-12-15 00:00:00,2017-12-16 02:59:00
65aa0469e987469d6d21e85b3a9aa1bf,b1fcaac6e8a89bb18db51bcb62c4a4e6,4,Muito bom ,Muito bom ,2018-06-02 00:00:00,2018-06-08 06:32:43
4cea1c741ec6f07ca752baeb01116dea,d83e73ca49e7e9ec7ba0154139858fc8,1,Não recebi o produto,A previsão de entrega era para o dia 22/08 mas até agora não chegou.,2018-08-24 00:00:00,2018-08-24 10:07:22
56b7452646cbff8a680c948b7fcceb9c,3fdebcfe1a2cdcd4ee2770a2e28b2af4,5,,bom produto,2018-01-09 00:00:00,2018-01-11 23:17:18
1cc18a5f2030f153543cdf34060be65b,933cae52f81a96867c679e5251c0a7c5,5,,,2018-03-04 00:00:00,2018-03-05 18:17:30
053202adeac6b58667fa55e069b16f8a,b539f51f7cf6a9c1a871d2bb898cdd27,4,,,2018-08-23 00:00:00,2018-08-27 20:54:03
086a5712a0544c30267f96cbc1d72e94,9cd4acec394235fdf417882afb629ae6,5,,Muito bom!!! Chegou bem antes do tempo previsto!!!,2017-07-11 00:00:00,2017-07-12 02:17:01
6e75e28f7fe13251ec3d39bf3a25f022,5dbd736e8af7fa0c1c7528c53b2d2f5c,5,,,2018-07-04 00:00:00,2018-07-04 23:14:29
8bd1df38ad38caebac177e86864275af,5708ae647d7017fafc39273981150d84,3,,,2018-02-06 00:00:00,2018-02-06 18:01:05
d5e6ac7c422f3a6d4c874626e6290708,1b3cd8f4c4ebba4139eb750ccf233e63,5,,,2018-04-06 00:00:00,2018-04-13 18:40:49
19026ecd3f22e7083a3073454ab4ee29,f0a82a328fd64b2796242bbfddb7e1d4,5,,,2017-10-31 00:00:00,2017-11-03 12:41:20
34729adda5b471d137834cd4e9b605c8,4c5277b8c416e92df5b5b5b3882b4d58,5,,Entregou antes do prazo.,2017-05-17 00:00:00,2017-05-18 10:45:26
038fc130838dc1f3221efcf4d83504a3,14e29f83cf6fcd5fcca40380a248eea1,5,,,2018-02-19 00:00:00,2018-02-21 18:38:18
fa4cee0c488a3a6f84cb0aa42d82ef03,6a1ef716317c7b4817987c723669c2a6,5,,,2017-09-09 00:00:00,2017-09-10 03:59:44
d1cd8048e1ea888f9eb9eeed852abb3e,def59cab0d40fb6e73cf4a05911344df,5,,,2018-06-27 00:00:00,2018-06-30 14:36:47
29ecb96656b0db4b4f0c429ff89e6809,91d87f183dde318c03f68e1b1eab1314,5,,Chego muito rápido perfeito eu recomendo,2017-05-20 00:00:00,2017-05-21 19:48:41
dbe8862b40d03554bdeda03972cbbe72,f03bbe221b9e5bae09eccab6a0c4120e,4,,Recebi os produtos,2017-11-21 00:00:00,2017-11-23 22:42:07
43f9774005eb639de840464c83e3cfe4,302e27012670f8e2db4418e6c619f54c,4,,,2018-02-28 00:00:00,2018-02-28 23:59:14
53a67cbcf26a60c36aad0fed80cb0e80,90747e77f1f92c16ef47b7e5aa910e0d,4,Entrega rapida,,2018-08-29 00:00:00,2018-08-29 23:57:51
fc86d57e2ab86efa9ed3f4a10b67bcf4,f154c7c62bc53e3c7ed82713abb2c96c,4,,,2018-05-18 00:00:00,2018-05-20 16:31:08
e0c5afbe18cdc44f9b65cf9cbd8305fc,9aea5beb82a36ec0003d98ea8d832e2a,5,,,2018-07-04 00:00:00,2018-07-07 13:55:57
21d1d51a53c3dfb03ddd72eda6b6aafa,12905797f6a5f67c41d036a0ea9a40be,5,,"Comprei uma mochila para adulto, mandaram a mesma para juvenil, muito pequena, gostaria de trocar por uma maior.",2017-09-23 00:00:00,2017-09-24 01:38:27
ef9ba46ec63a6c980d046d0e18b1db43,0176e50f3853fa068127afa3daff6402,2,,"Tapete Infantil Formato Margarida Dupla Para Quarto
Conteúdo da Embalagem:
01 Margarida Dupla 1,30m x 1,18m
No site constava o tamanho acima o recebido é de 0.77x 0.60cm super pequeno não gostei",2017-12-30 00:00:00,2017-12-31 11:43:30
f1f9860e77fbdbd7cfcfd9a94e0cf2ef,e9e64a17afa9653aacf2616d94c005b8,1,,"Atendimento horrível, fiquei esperando o produto por mais de um mês, não recomendo pra ninguém ",2018-02-10 00:00:00,2018-02-10 03:17:25
b7c10770de450dfeced8d58550b0cf74,2285e0e0eee1ab7c740986a3ca10031a,5,,,2018-05-16 00:00:00,2018-05-16 21:07:42
d8c949ef3b6e69313a8ccf1c8cde7db6,add940502d0460714892c63cc13c07eb,1,,,2017-12-24 00:00:00,2017-12-28 22:09:28
76307890caf9a38ff607f0d34162b780,1256a493fbf2d6047d845aaac3ddec81,5,Bem embalado. No prazo,"Gostei. Aplicação delicada pelos detalhes e porque comprei o menorzinho, mas deu certo.",2018-07-06 00:00:00,2018-07-08 21:55:22
0fb840cb14a4f4706265ecc90a3b1fed,1166ac5af4262300b61e079c496223c6,4,,,2018-08-23 00:00:00,2018-08-26 10:55:33
f092c9c1838dc277654e2cb24136ef0b,b1c87cf3c9ac90d18dbf33b6a5c32d83,5,,,2018-05-09 00:00:00,2018-05-16 11:52:40
3028e14eb1f4fadd4bc8661959631056,69727f8e9f934f9177e36f31d1865c2a,5,,,2018-04-14 00:00:00,2018-04-16 17:34:44
c4027b1416d84583bef2cf005f8d34f6,cb6a022cd5d0c3242f698327ac4bcd97,5,,,2017-12-15 00:00:00,2017-12-15 18:39:07
6dd5f3daee067faf238a31f69bae2990,b523567b39b4a0bd6dad69bff2e7004c,5,,"Achei muito bonita
",2018-01-07 00:00:00,2018-01-07 14:52:17
48625edf6669a88563f5bff5158bbbf1,08504a0dce0a3cd13b3f7971d29fb991,4,,"O produto não veio com qualquer manual, mesmo que em inglês explicando seu funcionamento. No mais o produto é satisfatório.
",2017-11-09 00:00:00,2017-11-10 02:13:55
bf2a6ad82c141f739eab20263ab41b32,9b0159dd88a0319b71984d8d973472c2,5,Bom,"Recomendo, veio como na descrição, perfeitas condições, mto bonito o produto.",2018-08-21 00:00:00,2018-08-22 00:26:38
4251bcdbfe1c2b461e04df903e3d5436,0396488303af9f0a78feb9ffa7e48949,5,,,2018-08-02 00:00:00,2018-08-04 21:44:50
3bcd98ea571c3dbc7d5bdbde07cf3883,4bc45b40b7495543f90c2cfb8c409035,5,,,2017-12-08 00:00:00,2017-12-09 12:43:27
4798f318af1d5a6c689b52ed318f415b,e264592bd65236932df8193bed000e39,5,,,2018-03-13 00:00:00,2018-03-14 00:45:44
05e53fd498542acef8dcd7f552147020,48e715c549b6c9eb4ac2c75f6df8b01e,2,,"Me deslocar para retirar o produto nos correios . Não consegui rastrear o produto é isso gerou desconfiança qdo e se receberia. Um email se referiu a problemas na entrega, sem explicaçoes claras.",2017-05-16 00:00:00,2017-05-16 22:18:33
fd4367b6307aee2ee45de7276e45993a,4f586e2756d31db4f5d770d170dd51ae,4,,,2018-05-12 00:00:00,2018-05-12 15:17:18
1198a99034be2e4896e2241e3c6f526e,931e76c33f2109e760025ef697884eed,5,,,2018-06-19 00:00:00,2018-06-21 20:51:07
2d52541042f716378f73f4e0ac685e6c,0681ba84087325819dc1f41d4f79701d,4,,,2018-04-11 00:00:00,2018-04-11 19:12:08
f54b5fcd39c2618cd50d156ec1e40973,3675f490195ac2070f7f45581da241c9,4,,,2017-12-06 00:00:00,2017-12-07 10:29:58
7f02afb0742a2db54aa20999744bb935,0b50495c5cfeda8c9d7abfe80aea74e4,4,,,2018-02-07 00:00:00,2018-02-08 00:39:52
45a568e686d4b6fa6e22ba9ff6a0e8dc,4c5c035bb0cad9e1d11415f3d74d6751,5,,chegou tudo ok e ficou bom o capacete.,2018-02-15 00:00:00,2018-02-16 04:46:38
d9aa82933456aa731d15e044d84fc90a,d1d598b9c6fa6d135849e528650082c0,5,,,2017-08-12 00:00:00,2017-08-14 03:17:49
aa63090ff42fcf2f9a27655d0d017a2c,856810a950aa2ddd3f8e1016428132df,5,,,2018-04-10 00:00:00,2018-04-11 14:04:22
d074a768baed680d8990f738894084c8,6f6471df0c58534cf3912656d77d46dd,4,,,2018-06-23 00:00:00,2018-06-24 18:29:35
21c0dcb224762aa2f20637dad3737340,d671370d11048a2dab56335d3d91823e,1,,Estou aguardando o correios e nada do produto queria dar para minha sobrinha no natal pois foi o que ela pediu de presente para o papai noel.,2017-12-20 00:00:00,2017-12-21 18:53:22
b1655c0fb1f071b3064bf0bf14b01f22,93801ff5a04f6b018564f462ea790c0f,5,,,2018-03-01 00:00:00,2018-03-02 13:35:16
0192fd0440f0ba2d289d2157b0f8dabf,7e28a3542ea8306e42298ea3718222ee,5,,,2017-12-27 00:00:00,2017-12-27 18:38:42
93856c89f1d52ed3d850a184e72c1cd1,f2f276797fe0c5bb220e8fceefd0220b,4,,"Os produtos são ainda mais bonitos ao vivo, ambos chegaram funcionando, porém, um deles, solicitei LED vermelho e chegou azul e com uma lasca na pulseira, mesmo assim, ficarei com ele. ",2017-06-02 00:00:00,2017-06-02 12:43:23
d7ca499f65d90db3125d1bd6c88cff56,ee2bcc3fca40f8992903209e91a6e19d,3,,,2018-04-06 00:00:00,2018-04-06 16:50:16
930ecbdb1a76f5fe92d6a896d1f2e301,8b5be28b78c96b28adca40358eed3d7b,5,"super recomendo , ","produto entregue antes do prazo , em otimas condiçoes amei agora tenho duas araras",2018-06-08 00:00:00,2018-06-09 00:17:51
d7c398e5fac50678952aa011a472f4f9,7aa4279cc25c67bbcf033b0ffa8e5587,1,Entrega,"A empresa levou 5 dias para emitir a nota fiscal e enviar o produto, desde a confirmação do pagamento.É muito tempo. Pelo rastreio do produto, está próximo e deverá ser entregue em breve. ",2018-08-26 00:00:00,2018-08-26 19:16:41
4c19060a68f1e2c4678d8856fe3d3c50,fc118fb67a906addaa99d4d64598038b,5,,"Adorei o ptobuto, espero que não fique preto com o uso. ",2018-04-10 00:00:00,2018-04-11 00:53:36
85f24b2b2245e90c04bc3b5a47326ced,cb2957ca3cf764ff3a56c6f07e724f72,5,,,2018-08-22 00:00:00,2018-08-22 04:13:44
3d066116181a8e5514c22819830741ef,0e83ca298ee53c0b92b5d46350262470,2,,,2017-05-27 00:00:00,2017-05-27 19:36:48
e12a2646489aa984ea1d32b744e79434,deea84bd5e80bec98688cce040163d4e,4,,,2018-05-10 00:00:00,2018-05-10 21:14:21
8299a3659a83638e851e14a2c359c468,6076a8694fc911c2ed0a2bac1c30a9c5,4,,Não sei 5 estrelas pq não testei ainda. Mas me parece tudo certo,2018-04-03 00:00:00,2018-04-06 05:00:18
6412d7716d3656bf45aac168fddd0906,b843f3e786e91ebc527779dc682f5487,5,,"Loja rápida no envio. Sugiro que troque a transportadora, pois os Correios são péssimos. Tive problema e tive de retirar. Sugiro contratar transportadora igual ao stark.",2017-02-18 00:00:00,2017-02-21 12:46:09
312a8e7f42a0c232cef194d35b7715f2,9b75fa68354ea9cd02695d002b82b109,2,,"Infelizmente o baratheon teria que ter melhores parceiros, recebi o saca rolha arranhado porque veio pessimamente embalado. Não valeu a pena.",2018-01-19 00:00:00,2018-01-20 13:35:06
b482cd2d64d4772b210e0b50717bbafd,47e7aec6b627052a790799a108676129,5,Muito bom,,2018-05-11 00:00:00,2018-05-11 20:30:44
8ddff7b790fbde17391a9bea9830e3f3,e4e95d2b1c7eb000eefef2efea68ef15,1,,Comprei o produto no inicio de fevereiro e ainda não recebi e não houve posicionamento da loja ,2018-03-08 00:00:00,2018-03-08 13:06:30
24ad731e86c392b2148b67150bac71ad,738580878981997bfadf04c4c2fbd013,5,,,2018-08-04 00:00:00,2018-08-07 17:55:04
4ab54d004225265b8f967d3f51a6ad8b,0ef549b2d7f694d7da546831e4003906,5,recomendado,Parabéns pelo comprometimento e entrega rápida!,2018-06-26 00:00:00,2018-06-29 04:31:43
4b1e27553e341ee2ff2bebaf5e550996,31c2a1051b9b9899d82d9b980ec8775d,1,,"Fiquei acompanhado o produto é ele estálava parado em Ribeirão Preto desdo dia 27 de fevereiro. Só agora, depois da data que está vindo pra São Paulo.",2018-03-18 00:00:00,2018-03-18 14:10:42
ac1001352ad3b724e3db6ff2a8cb896f,8b54ad5dd057cd34a1308553e2bba5dd,5,,,2017-10-26 00:00:00,2017-10-27 17:44:39
f7acda5e012ee792cffce91c083f656f,214cc0f5b3a0461874dbbc915258bb54,5,,,2018-06-23 00:00:00,2018-06-25 21:17:35
9e51d3dcb9189e57ff2025c80d830a91,58fa3cd471625c6384fc92e41508b3a6,4,,Produto excelente,2018-02-03 00:00:00,2018-02-05 20:32:15
953ed1571a10cd3835a0a09d83a4fa5d,73befa10ba4ce911961d44fc641180e6,1,,"Conforme já informado faltam 2 produtos que não foram entregues. Não recebi os produtos, de 3 veio somente 1.",2018-02-06 00:00:00,2018-02-08 22:07:25
9e11dc479cfd91a76bbfedf4d0a3252b,5588518c1109461f52350bb98249b9f6,3,,,2018-05-04 00:00:00,2018-05-07 13:02:21
957dd5010a6d550ea9e14a8a30726bea,89faa15dbbd13f5a340deeddd4f7f721,5,,,2018-04-03 00:00:00,2018-04-09 16:14:09
61488f8dda835bf9e867fc68c587ef42,19ff76df4c7c512642f1b4793fda7ed6,3,,,2017-07-04 00:00:00,2017-07-06 23:09:39
c08d73c4fb3bf4d95151de96b4fbd0e2,f5086e98ae53a54d0c55845e227d7db6,2,,,2017-05-03 00:00:00,2017-05-04 01:00:49
e9d6f6e5f41ca819d7dbeb756effb634,8453dac90d79a1163ca3cc4399801d62,1,,Demorou pra vim e ainda veio errado o pedido Nice ,2017-08-30 00:00:00,2017-08-31 01:01:55
c4071ea9c7a7d79ebf6d3ac5a67e56d8,9e079abd2ca9af66e7584c00d6551890,5,,,2017-03-04 00:00:00,2017-03-06 11:14:00
9de912a58611cc80dede5fec5fee736a,688c85d1e56b382a67c05b5807521e92,5,Lindíssimo,O quadro mais bonito que já vi! Entrega ágil e tudo muito bem embalado...,2018-05-22 00:00:00,2018-05-22 17:02:24
912e8941d90f944ccf69a7f194fcf1b7,05457977f35122e71095989d738e4a37,5,,,2018-06-05 00:00:00,2018-06-08 08:38:36
11521eba322e41880e39bb72797a6906,1ecad0e8ea57760ebd5ea7863ec48b06,1,,"Recomendaria a lojas americas, mas não os terceiros.",2017-08-05 00:00:00,2017-08-05 23:58:38
5362cd28ccd9e1dc96e1dc16e8bece72,fc9cfa2de496ffeee8c591c87070664f,5,,produto chegou no prazo e de acordo com a descrição!,2017-09-16 00:00:00,2017-09-18 18:18:01
a47b3dbe9b18a2c3c7cc5b86fb5ea1db,4bf603cde1e3f217c4f534a43c79f36a,5,,gostei,2018-02-07 00:00:00,2018-02-08 10:16:37
4443d44062ea2112790ed6d6e7339a50,3788099435cbdafabe329e9228e70588,3,,Uma das prateleiras estava torta,2017-09-22 00:00:00,2017-09-25 01:27:47
8ae749f7759f7e40b2113cca796433bf,72fcaaf6f276ca11244c4a82bb009eaf,5,,entregou bem antes da data prevista..,2017-10-20 00:00:00,2017-10-21 20:13:46
b8824be12e438736be497729f12a10e3,d10e0c39bed8e7a489486b5d621830c7,5,,,2017-12-05 00:00:00,2017-12-05 18:08:35
3588d2588f4a2b45d9ffe04b38b86315,3312588178a16638759fca54495ef50d,5,,"Chegou antes do prazo, mas o site do stark não atualiza a movimentação da mercadoria. Somente quando recebi é que informaram... Não é culpa do vendedor, eu acho.",2017-01-28 00:00:00,2017-01-29 19:27:04
136f5b9ffb8520fe704db101eba838e8,4f851e6056e99764b563bff8fa90cd99,5,,Eu gostei de compra na lannister chegou até antes do prazo eu recomendaria amigos e familiares comprar nesta site pq eles mim até o dia entregaram muito rápido né esperava só no dia vinte e sete obri,2018-04-14 00:00:00,2018-04-16 23:21:35
d90a7093dc2852eb7b03d2891b16abbc,15565710182cd35455ee0abf4b701ea9,3,,,2018-03-03 00:00:00,2018-03-09 19:56:32
58d1094fb858873c097050e2b9d8e604,5aa65dc27dd9c4e4d81ec84ead95feb2,1,,,2018-08-11 00:00:00,2018-08-11 03:34:57
7c930a463c2e48d1a4ebb8386aa3dd12,48d545666a0d9303e1ef851ae9465976,5,,,2018-01-16 00:00:00,2018-01-16 19:29:57
699616d67e48e682ae53a56ca57b058d,cf6af03cfe2aa7ce2b23c2b77c1ff722,5,bom,,2018-07-06 00:00:00,2018-07-08 21:53:24
eec969c4611d750ff696a726f3640530,0cabda713646db439e030172e3feea6d,5,,ótimo produto e entregue dentro do prazo estabelecido.,2017-03-22 00:00:00,2017-03-23 12:27:32
154d6eca5fac9eb0f06b31d8035583ad,ee583b507900d107ab6b06567c758504,5,,,2018-06-17 00:00:00,2018-06-20 01:26:05
e1ab6dc35ba2d1c45acf9ef726e09ba9,9399731dd679003e21c7f24ad39ffa32,4,,O prazo de entrega poderia ter sido um pouco menor.,2017-09-22 00:00:00,2017-09-23 14:39:18
360a1e5aad702ed976352462c4d1dfa6,2bfe52167cb0f38cfbbdca7154dc3da4,5,Excelente compra.,"Vendedor ótimo em honestidade e dignidade, atendimento impecável, voltarei a comprar grato.",2018-07-13 00:00:00,2018-07-13 21:48:00
d41f539f0409497c3ff6724c75a5d9cc,01c1644529b18608f086d2ff0f3b8181,4,Bom,"Ótimo, entregar no prazo.",2018-07-06 00:00:00,2018-07-09 11:46:28
af1a5cd1028abd0a85a5886009c056c2,4bcd0329b76295d8f76bf2c18e12f6e7,4,,,2017-03-10 00:00:00,2017-03-12 23:09:23
260ee32afa3b7b9ed9bc283449dfab75,f8e76bb341db0c60411beac8a83f312a,1,,"nao posso avaliar, sem ter recebido ",2017-12-01 00:00:00,2017-12-05 23:18:43
7c29a319bdb42b5ea6b419d3b6c27577,e3ece21d7c72cb7ccac97cf62de62891,5,,,2017-10-27 00:00:00,2017-10-28 23:33:31
4617fa06aff4c809d0dea30c71f43d95,9f353d55cebbc63a3eb1bf5d53774ab5,5,,Entregue no prazo.,2018-02-10 00:00:00,2018-02-13 21:13:30
96127721fabf76b2ad78872d59c51650,b7aeacfc25789063ab26dcbed69401a3,5,,,2018-01-30 00:00:00,2018-01-30 23:57:53
1239d3ee6edc5832d394d8aac7edfc40,9be33ce4878405dfc4be325fe756b73b,5,,,2018-04-27 00:00:00,2018-04-27 22:00:13
dcbe40bb9e43b6412c637c118ead78b1,3810ddb734405f64afc7638fd96c9cb5,4,,,2017-04-07 00:00:00,2017-04-09 22:01:06
06d079b65e01de5990364b5773907f66,202b0e2a72ae812b73b645d02a6b1bc0,5,,,2017-10-04 00:00:00,2017-10-22 17:37:34
de23c38fb03573b2fd75e8099d50fa06,0136390286be8a34efdc801ed150568f,5,,Recomendo ,2017-07-25 00:00:00,2017-07-25 15:27:14
6eaeb744d2c537a8523835ec668b8d8e,ac9ec0af6e2e654e5b2b88f0ee326b4c,5,,,2017-08-18 00:00:00,2017-08-20 17:13:36
7681930484944bd9371d6cc27f4d6ea5,de290900c1991d72fda0212682ecf3e2,5,,"as correntes são boas, e o material também.
a corrente é grossa, servindo para masculino e feminino",2017-12-01 00:00:00,2017-12-01 18:40:54
91082f636de1ba151b8fe24114eb1dd0,7b07a49f82fe58fb4d678aabda69b963,5,,"Produto chegou antes do prazo, bem emabalado e tem ótima qualidade.",2017-11-17 00:00:00,2017-11-17 15:47:38
3512ff1323c91ab59f353443105d7cf8,3426a8ff7d6108c541c7edd4ede5cf18,1,,Produto de péssima qualidade,2017-04-13 00:00:00,2017-04-14 12:46:40
449a58bf335b2d69226f1df75ccd4577,b1e83743987d023e63838e2fe9149231,3,,Produto não chegou mas bem provável que é por causa da deficiência dos correios,2018-03-31 00:00:00,2018-04-02 10:20:54
1e3d7dbc5450c38d7129eb35b65c729f,71b74d0e5cfa77c4b848bf0dbd8f7117,5,,,2018-05-08 00:00:00,2018-05-11 04:22:52
95f8ae4fb65d62bb40ef1297bea97ae1,68b3b77e74b7ad7bb9d25331580ddcdf,5,,Só tenho que agradecer. Obrigado!!!,2017-07-22 00:00:00,2017-07-25 12:41:19
2a04234959ec69a5070f6c13555b0da5,6d238ce1fb32d1ef6e4422764a7f76cc,5,,"Muito satisfeita, obrigado",2017-09-02 00:00:00,2017-09-06 19:46:59
5073abd0a35317203121e5c5992098a4,4ff360dbfc89fdc00cd35d99cb3efef6,5,,,2017-05-12 00:00:00,2017-05-13 15:11:31
b0c60b2984d84e9d6f0c106b4da86a0e,9c8b1a249b8f2acf28a69ae5526256c5,4,,Produto entregue no prazo e em perfeitas condiçôes.,2017-09-21 00:00:00,2017-09-22 11:32:44
6acda355e87dd40003b93d423e9febf0,deb8ce115f74e504ae38e7db9bdd42e6,4,recomendo,"O prazo de entrega é um pouco extenso, porém foi entregue dentro do prazo acordado",2018-07-11 00:00:00,2018-07-12 14:48:36
c66fedf2ea73118ed8b837c6a043d90d,47e1801bc1f8eddb9969bf5fd8563712,5,,,2018-04-08 00:00:00,2018-04-09 00:20:48
3206cc67c755213d277649b81e00973b,8a5fc33c79bf3f4d9bbcc3dceb6b67c4,5,Boa,tava uma cor no site e o produto veio outra . Mas ele veio em perfeito estado,2018-08-19 00:00:00,2018-08-21 17:35:10
14b13dae5b13a5e64aa90f29a72def7f,0115f8bb1dc16d3fac863ce1deb037b6,2,,,2017-07-08 00:00:00,2017-07-09 02:20:19
1ddb3f74c150e60aae8849561dbae4ac,93c4655e5be1df1a5fad75de93847cd4,3,,,2017-03-22 00:00:00,2017-03-23 10:28:22
0ec2b033ecf89d5944f7910ee2840697,d2b0a763647d885d0d3db2ee534ec02a,5,,,2018-07-10 00:00:00,2018-07-11 00:54:33
ccdc4b990979b5261da246dca7cbe910,6a3bbd282ed61602136e45cb799f5e80,5,,Gostei ,2018-02-09 00:00:00,2018-02-12 10:14:41
b72bbdcbf8f07d18666f94080330b4d0,9980064d9817bacc9e261e7f5fcf3fe5,5,,,2017-07-18 00:00:00,2017-07-19 10:01:08
f592cda1f31fab0e13e67cbd638944d0,ebb2e4c3a4ed0d36a88cb8656e6a113d,2,,,2017-12-06 00:00:00,2017-12-07 18:11:37
446a6460155dd44d2a21ea0627d2a3da,9144181fd06902570ce9c34860652f55,4,,,2018-08-31 00:00:00,2018-09-02 22:06:11
59be6dc0919987c1cdcd630622d08f15,a4e716425319a6fefa5bf8c58eeccfcd,5,,,2017-06-07 00:00:00,2017-06-19 21:00:28
ca2c14a40a11db34e0030e22b9770319,bc7de38480db075d6d2688333888e8f5,5,,,2018-06-14 00:00:00,2018-06-14 20:48:41
498bf7c71b8f82e69a7c28c92ac9a915,c39256279451486ab6eed803a7c5b094,4,,o produto veio com a tabua quebrada,2018-03-29 00:00:00,2018-03-30 22:19:40
12833392c4967ef074c159c5a681513d,793fe057b09c8c2bebdd48451e985432,4,ALMOFADAS,As almofadas são de excelente qualidade e foi entregue antes do prazo!,2018-04-26 00:00:00,2018-04-30 12:17:56
84598a6f292a29ef6f3f237b71eae204,4418075144d646b6ecb7228571cec59e,5,,,2017-02-17 00:00:00,2017-02-20 12:37:41
9197a56cc2b11d297d09c80ea92854a1,aeb42a43f79770a6814d16704d4e1f58,5,,"Minha primeira compra na stark, adorei, recebi exatamente o que havia idealizado e antes do prazo previsto. Recomendo!!!",2018-05-24 00:00:00,2018-05-28 11:53:00
9c4f3815e0937eb30881a983c59b3f49,61417f74f6caf083ff60fa4dc315f050,5,,,2018-01-25 00:00:00,2018-01-27 22:14:07
cedaa544c02177d542776d45bdccd9eb,8a667bf7baec5286ad76d81facdc85e5,5,,,2017-09-06 00:00:00,2017-09-08 17:00:43
71a2d608e4913b1bc2db0faf607babe8,67f2c83aa137c06c89e1dc2a057d0140,5,,"Entrega antes do previsto.
Uma semana após a compra!
Muito bom!",2017-11-15 00:00:00,2017-11-16 14:29:08
a0f55e6d7e6c0d5348273850ff1f0756,3c8d31d8f2771d0a5bc2c936d5a1440b,5,,Ótimo produto! Resistente e a pegada é confortável ,2018-04-18 00:00:00,2018-04-18 22:59:22
54b3705926ba676311e958f1ed976f97,d9626ceed1048372a97bb68643b58410,5,,,2018-05-25 00:00:00,2018-05-28 10:42:23
7e87b68478da8eb17cd4f29acba1a098,1a9b9f5f7c4ed24f0e1e7c19cc9510a5,5,,Chegou de boa.,2017-04-01 00:00:00,2017-04-04 04:38:28
b580da4dbcee1f0cf204cfe13079395b,c7a7c97d430f40628efc0f1e41f723b1,5,SUPER RECOMENDO,"Chegou rapidíssimo. Adorei o produto. A única coisa que achei ruim, porém sem um conceito totalmente formado, é sobre a duração da bateria. Fora isso perfeito. A imagem super nítida.",2018-07-12 00:00:00,2018-07-12 22:49:06
e576f9b5db941102fdef8bb847f43f82,2ac8de6b0905ecba2257dd9c59282d0a,4,,"Tudo certo, produto muito bom ",2017-05-20 00:00:00,2017-05-21 12:12:36
cd1592062f4abad73cc30f3258bb9c82,2abed06af11ab7e3bc833f1b1535ba25,5,,Entregaram somente a lancheira ,2017-08-22 00:00:00,2017-08-25 02:03:10
58fb35fa5841be454ce7d3b96914e39c,c6d7cba27932e1d0cc2d052db5a2dce6,5,Muito bom!!!,Entrega super rápida e produto conforme a descrição.,2018-08-24 00:00:00,2018-08-25 18:28:19
c51d8650a75efac534622ae387dfa67b,be7ef653148b80c79b5d9b8500c47949,5,,,2017-10-24 00:00:00,2017-10-25 00:06:00
4ce45d5c203668b1ebbea788abb64f88,f9989a770fe566738df2291e09cddee0,4,,Demorou um pouco mais chegou.,2017-07-01 00:00:00,2017-07-02 11:17:39
ba972ed7366f8de792b006867f6809ef,337d06bdab986563a27e4f5c1885e887,4,,,2018-06-26 00:00:00,2018-07-02 23:44:02
4394473bea2bff9f0cb4bef98893c00d,01d0cbd002be92b5a970cb8f233349c2,5,,,2017-08-12 00:00:00,2017-08-13 10:53:35
2a9c363cf0b037b3f4f5f52a9f5e95a8,0e54e7e8b39dfc550dfab97b23c7b582,3,,,2018-05-18 00:00:00,2018-05-21 01:39:52
e6172e53c80e07db5e8faa0e9e905c14,38cafbf33f703cea7d7266c456a3fdf3,5,,adorei os pratinhos são lindos,2018-03-10 00:00:00,2018-03-12 13:22:09
c5cce3fe2dfb9c36b84a5267af6ca6e8,8d3cd96a636e59a3a47b52cedd6e9bbd,5,,,2018-06-27 00:00:00,2018-06-30 09:01:06
0ebe6511758bae28e8cef7541987edc5,e6ababa4e7ccd58b8bc7282d6bbd66e0,5,,,2018-06-21 00:00:00,2018-06-21 23:42:02
c5557ef43e7b1ec8e1926654f089848f,315da0cfbc485bb00c12a581077cf7b2,1,,O produto não foi entregue. Aguardo providências urgente.,2017-03-16 00:00:00,2017-03-22 00:20:22
02d7d280dafb4b78a49f368b9f7c4454,3971a8d658593643c85790cb67105832,1,,"Produto oferecido no site não tinha em estoque. Só fui avisado dias depois. Paguei o produto.
",2018-01-12 00:00:00,2018-01-12 05:27:27
18a73e67ccfd7c8c328db6bf5f5b06b6,389d774b02ed5ffc37b29fc4c81d3039,5,,,2018-04-03 00:00:00,2018-04-04 00:53:51
bc29c791f28f979543e53b613207015a,c4da6253784e49138f9ead8b46280c0c,4,,"Produto correto! É uma graça.. pequeno, veio com capa e bem embalado!",2017-06-20 00:00:00,2017-06-22 14:30:09
114d53ad0a1f186cab2e1e6d03552cb4,b15a1712256b8250cd6f952c85e4c65a,3,Produto não entregue,,2018-08-29 00:00:00,2018-08-29 11:06:14
3fcda76eff000f9dad6764ed6a9a243c,996936689b68af80b51ef3c429a4f386,3,,,2017-03-14 00:00:00,2017-03-15 10:16:24
cc555a26a116720827ff2e45a818d348,a4d7c8bca45b56444e3c59ddcca7d7c9,5,,,2017-09-09 00:00:00,2017-09-10 16:30:10
8e5cc237a254a1a50f8fed7d8185a49f,dcbb8d460d1c315bd4cdd96a4aaaf258,5,Nota 1000,,2018-06-08 00:00:00,2018-06-10 03:08:29
c0b831d6baa6bfdee5756feb69ba8792,911caddee9193485ecfacba64e139beb,4,Recomendo ,Muito bom,2018-08-24 00:00:00,2018-08-24 23:34:08
2ebf706ad73c1611e8a9301fda498f2b,27ad3cde457631774a337c7d7bad4285,5,...,grata por tudo,2018-05-20 00:00:00,2018-05-23 19:54:09
a79fdca7e38da0c0e19c19a070d84dfc,52f166ce5fa053bbb27d317e4fd231b7,5,,,2018-04-27 00:00:00,2018-04-29 14:39:11
1ba7c0961365836212c44b9d6e84c785,dbac9bca550d09c1e25a38dc0086d448,5,,,2018-08-25 00:00:00,2018-08-25 23:27:16
b08ba3751b75580d2441b573f88def85,4fb04008f96cb74d5bd6bbc8600cb3fa,3,DIFERENTE DO ANUNCIADO,"NO ANUNCIO DIZIA SER AMBOS OS LADOS IGUAIS POREM O MATERIAL TEM LADOS DIFERENTES, OU SEJA, UM LADO MAIOR E O OUTRO LADO MENOR.",2018-06-30 00:00:00,2018-07-02 11:15:26
699214a1b68285eb2448c41d2f9a38a7,fd5f4a26279e437735f4d5da152f5295,5,,,2018-01-04 00:00:00,2018-01-08 14:22:36
a2d46a62cc597f951d0c813327d92cbf,16f0fa8aecf907e4fe3768af883f0def,5,,Entrega rápida gostei muito ,2018-07-03 00:00:00,2018-07-03 19:40:34
49478943bfa2f9242c0d54d1fc33ddc2,a8d69f3045be9fa0ea3aac3971741980,1,,"Chegou com defeito,não liga ",2018-01-23 00:00:00,2018-01-24 10:55:04
40cf7f1fc4924576468c9ded8f07e445,1d090f0194c35ed8b589f82f102bd758,5,Gratidão,Ótimo floral OXYFLOWER comprado. Altos benefícios. Não acreditem em mim. COMPROVEM por si mesmos. ***Deus abençoe***,2018-05-10 00:00:00,2018-05-13 21:15:31
caef06c0306ccde83cc9b63f280284a7,f0296e2322376fd2e7922b8deca72695,5,,,2018-02-06 00:00:00,2018-02-07 13:20:11
72ec95ae339a2e4b0d98d5129832b2c3,5b35972421686a8a4758f542bf3fce74,5,,,2017-08-09 00:00:00,2017-08-10 10:21:40
53351deb1aff1fbd9238e5923175ac4a,68fed8c67c135afe92f670687163fafb,5,seja senmpre asim,muito bem foi entregue antes da data estão de parabens,2018-06-02 00:00:00,2018-06-03 14:29:15
4ff37fd46a72ed809911b83a4185092e,f0d233590ac45e46128b3300aee30db9,4,,,2017-11-28 00:00:00,2017-12-07 20:36:19
d74a3e9051a4b45b5ddd563d55e27bda,bc7378e3329da5c228531efaaabb18ae,1,Entrega pela metade,"Só foi entregue pelo correio o kit com as 3 mamadeiras, a saia do berço realeza não foi entregue até o momento. Já tive problema com este parceiro targaryen, nas compras que fiz pelas lojas lannister. ",2018-05-19 00:00:00,2018-05-20 16:07:31
2ec1410b425480c27ab0d4c5774145f9,4dac5a355ca2b9da23d60ed243be5673,1,Estou aguardando.,"Comprei 5 cadeiras e recebi 3. 
Estou aguardando as 2 cadeiras restantes do pedido. ",2018-05-08 00:00:00,2018-05-10 14:10:55
070b7a160179451a326f017a2c7866f8,f16010e0add047ba483e2b3eefa7c60e,1,,"Não foi colocado meu nome como destinatário e sim ?casa da mãe? os correios não quiseram me entregar. Foram varias tentativas, frustradas. ",2018-02-17 00:00:00,2018-02-17 13:06:42
76b6638337d73bf92e5936c1a69769c9,6814e5323f3559890d60955f42d2c8d7,5,,Problemas com os Correios,2017-04-14 00:00:00,2017-04-15 20:35:13
a7608c1be068be5632ef67238b31baad,4b73c0e7ff2959acc87faf89631f9943,5,,Lindoooi,2018-08-23 00:00:00,2018-08-24 19:58:39
f6b801f0d52a98a3f6bfa6a28d0a57a0,5e29bb4d91686c8d61f87779502db614,5,,,2018-01-31 00:00:00,2018-01-31 23:26:49
e6ee2a4e30c018bcf8115d178a1e6b1d,f845f1fe6a0c9e32eb740bdcc4da2aac,5,,Eu aprovo..,2017-08-18 00:00:00,2017-08-20 23:55:41
398995c20783f91f6657ab5c9f14c262,84d6d9710c8af32b5e88f2d1c14ab871,5,,"tive que escolher outro modelo, pois esse nao havia mais",2018-02-07 00:00:00,2018-02-17 01:25:49
aed2f2c4ee32cedcdd61c8a6ca58a4b7,556a840ca8df33d08ff39fed4a28792b,1,Pedido incompleto,Recebi o produto incompleto!! Realizei a compra de.2 portas-retratos e no entanto só veio 1 porta retrato no pacote. Estou tentando entrar em contato com lannister . com e não consigo resolver.,2018-08-16 00:00:00,2018-08-16 18:43:04
3a3f57bc36e3b0b24a905abaa47076c7,1a182abfca408087bb3d24dd41101c96,5,,,2017-12-22 00:00:00,2017-12-23 21:21:07
7b2aad69c051cb1e2bdfe8c1a5548eec,e9ff655634db2dac0d2c18cd8fc57869,5,,,2018-08-11 00:00:00,2018-08-13 20:38:09
ce75be78d01b9e57b42feb0c18899b2b,e2a6b0a5726eb784ad4d8281e02ff025,5,,,2017-06-30 00:00:00,2017-07-03 11:36:06
cb212ba7585bed4acedfabb69c684c1e,477140a02351a2a01918ec67d2d68ac2,5,,"Entrega rápida, produto corresponde conforme a foto.",2017-04-22 00:00:00,2017-04-25 16:50:04
f5bafefb9b5c5f0a85d23300e5975524,85b65cf0a36d51265b279d78117ea65e,1,,não recebi o produto ,2017-11-18 00:00:00,2017-11-20 10:54:54
ee7d666e771d1cb1e856158dc74e38c8,b6c8a981ff2379f36a347ec8c9e2ae56,5,,,2018-01-11 00:00:00,2018-01-11 16:22:26
6250600042bd8a143f989915a70de5a2,d99ec4acbeb86fccf934f257ebd6baa3,3,,,2018-02-24 00:00:00,2018-02-24 11:59:10
a3c6479f0bbfaeb66a1916bfc063dd89,b2d779a12592e693ae93fcba3b3969be,5,,,2018-03-15 00:00:00,2018-03-28 22:09:26
2d8b83f5db81a54ef475d8d7aa78204b,1973095f2596945f9dcc773608d8cad2,5,,super recomendo ,2017-02-14 00:00:00,2017-02-14 22:53:55
c31d2a1977ba75212939633be98916cf,e1c161cec46262db2bdd7b36d9ee2450,5,Recebi produto .,Estou muito satisfeita. Recebi o produto antes do prazo previsto.,2018-06-19 00:00:00,2018-06-20 11:31:05
58a0ebb97f093912f9e62e1aa2ce7d12,1f790c9e3bb6e08d226245a5d1d781fa,5,,Ótimo produto!,2018-02-01 00:00:00,2018-02-01 20:30:50
4fd460d3dfc9cf6abd89a6dbbb100d1f,4144366812f72111c1f9d2c065e3e374,5,,"Compra correta, como sempre.",2017-05-21 00:00:00,2017-05-22 12:55:33
06e2ebda5ac58ba74212166228723d81,1c0e2a041cbb546001e7259526d26e67,5,,Muito bom entregue bem antes do prazo pefeiro recomendo ,2017-05-12 00:00:00,2017-05-26 19:34:15
6d6ac8624b8453e299e97f2a1e813995,0a8c95289dc386957c00a84dcc054d5e,5,,Adorei chegou na data certa! Vou continuar comprando ,2018-01-26 00:00:00,2018-01-29 10:35:10
508e9672e1c858d68fddc40e8aa9f63b,cd6abb02d781babd935ee80555d3972e,5,,,2018-03-10 00:00:00,2018-03-13 02:59:24
95e88f02a69c50b2141483c5416bff46,6a13517381ec12deba06f6a117428702,1,,Comprei a mais de um mês e não chegou até hoje!,2018-02-09 00:00:00,2018-02-16 15:16:54
71c2fbbcef8a8172367c811fbcb7f53b,846e3d199aae8a67c1d6a2ca48889bdf,5,Excelente,Recebi bem antes do prazo!! Recomendo 100%,2018-08-29 00:00:00,2018-08-30 00:44:33
912a7c11cc111eb067f9e4e3fcd6b1bf,7d892708f2153d1763c61337cf6ba495,4,,"Bom atendimento, mercadoria recebida dentro do prazo",2017-07-05 00:00:00,2017-07-07 16:37:33
4a3349a0e2067b2e1e722597b226a853,b922c642dfb5ebad3b03394bd2ac0b61,5,,Compro na lannister.com com segurança!!!,2017-11-07 00:00:00,2017-11-07 20:23:15
75277910f5250f2d6b851d61581fd70d,f91dcb4d9c1f886ee0e187dba0de6828,5,,,2018-06-09 00:00:00,2018-06-10 03:16:40
f0827274b699264b12e03d53383d42dc,5154e5ccfca219d687ea397ab3b64f34,5,,,2017-10-27 00:00:00,2017-10-29 01:44:10
ef19dfea0a308ad73b673cdb69771805,947b612f269cbbdaa438d55bb70f1baf,5,,,2018-08-16 00:00:00,2018-08-20 11:36:55
9172d5432a4f3a7f469e353059de2506,0e05c0027e31a0a9cf1074ec1b95c8da,1,,"PEDI UMA CHALEIRA DE 3 LITROS, ME ENVIARAM CHALEIRA DE 2 LITROS, E ESTÃO SE RECUSANDO A TROCAR, ",2018-04-12 00:00:00,2018-04-17 15:41:43
a926be8d458e23a21b1baf7b123a0207,664fffdda32d46c6b21de73112d0a468,4,,,2018-06-20 00:00:00,2018-06-28 22:35:49
2aae6aa6dd84780f8af3d7c6bceca0b3,0997090fe6882d45c6a71660aaffaba2,5,,Excelente. Entrega antes do prazo.,2018-03-13 00:00:00,2018-03-13 19:38:15
fc9c4e60c17f341a9e5af9cc14ddaed5,83359e7a49758eeed73d55e437b87341,1,,Meu produto ainda não foi entregue e os correios notificaram que não chegou lá ainda,2018-03-22 00:00:00,2018-03-22 20:11:39
d38d6a06606de3760b52a857f18b3b92,d75453a8573dc79bc97ce070166e34ac,5,,,2018-05-25 00:00:00,2018-05-27 19:29:12
0de94cd542e44bed56989cc839d7150e,a46dac4a7a15e660ad481ebac20f3d3b,5,,,2018-04-20 00:00:00,2018-04-27 03:15:19
4035501ed0c902e91e5a0cefe0bd521c,6dce05516fc9a1e16b7a70e49ab656c2,5,,,2017-05-26 00:00:00,2017-05-29 10:55:39
edf7d5643e0c32d6481a6e23238a626e,a87d8e4358ec8697c2eb5dbcc42f8330,5,,,2018-08-08 00:00:00,2018-08-10 17:12:08
fe1fc40948c98d635692c48e7f029684,067f4abd68a2b1e0b8b158945a91680b,3,,"A invictus tem tanto potencial pra desenvolver bons canivetes... mas achei eles mto, não sei, ele n da mta segurança pro o que queria tentar.",2018-02-28 00:00:00,2018-02-28 05:06:27
99638ae9efd24486612318e798b43b94,441e40901e547f63c81abdd91e7a2d8c,5,,,2017-12-28 00:00:00,2017-12-31 02:07:49
e210f1810855cde7ca2709915d766d08,b14149872b01643d235710d4a84d55da,5,,"Produto não foi entregue no prazo, mas isso aconteceu por causa do atraso do correios.",2018-03-21 00:00:00,2018-03-28 23:13:06
b773c15050d407da5bae0cebcce425a7,6d0f82a01588821c295aabc53d05a552,5,,Chegou em bom estado o prazo era dr 20 dias e chegou em 11... recomendo essa loja... continuarei comprando mais!,2017-06-17 00:00:00,2017-06-17 16:57:49
2adc5de040758b0169238cbc1854a1c0,1cb0438d7946ea7aa92ad2ef1904822e,4,,,2018-03-01 00:00:00,2018-03-02 10:33:02
7fa42a257fe4e87f08d10267e50ef299,143c703ed417ebaa64077dcdc2c820a9,5,,"Gostei da rapidez na entrega da mercadoria, bem embalado e bem antes do prazo, estão de parabéns",2017-04-01 00:00:00,2017-04-03 03:52:49
82b5138b179fb9617ef2a306c17e2156,3186e75cf9e4a13149e5729f23cebf06,1,,O produto que recebi é totalmente diferente do que é divulgado nas fotos do anúncio! Produto de qualidade baixa. Dá pra perceber que as etiquetas são diferentes. Estou muito insatisfeito!,2017-08-25 00:00:00,2017-08-25 22:39:13
5369e3876d996bab1e9ef4e721fbe282,980b9aef670d4659912793b2fffdea29,5,,Pulseira superou as expectativas. E ainda veio com silicone e bolinhas extras. Chegou antes do prazo.,2017-11-11 00:00:00,2017-11-11 22:45:45
338da4502576dd041e0f398a6eaa3879,c66e710fc8f55a69556bf33b68b19843,5,,,2018-07-31 00:00:00,2018-08-03 02:13:35
7c358a2e42590988167db1d69b3721fb,076a94fba0a6b3a82345423e9f1bd3dc,4,,,2018-02-28 00:00:00,2018-03-03 18:09:50
69a1068c3128a14994e3e422e4539e04,175e7244409a1c34674cdd3407e25808,5,,,2017-09-06 00:00:00,2017-09-08 00:24:52
a3fc7d262f80791536d22a8a91575d55,70042449ba33e3a52dc0e16654257234,3,,,2018-03-07 00:00:00,2018-03-08 18:23:04
f917792f6d927b5623602bb4aba8216e,5b5b301c2306435fbdcd698f1c3a5ab0,5,,"Muito bom, entregou bem antes do prazo!",2018-05-03 00:00:00,2018-05-04 09:32:38
fcd578cb9661b14f62e266d302c6ae65,4c30ca1b003a7fb3999df965167d492d,5,EXCELENTE,"Amo comprar no site das lannister. Ja teve compra que me arrependi e obtive o vale para outras compras, resolução rapida do problema. Rastreamento de entrega, tudo certo, em todos pedidos feitos.",2018-05-19 00:00:00,2018-05-21 00:33:27
7c6390e8fd0f6edfbedabbd31481b62f,8cbc1df0d0a62f36bd6de6496435e51c,4,,,2018-05-10 00:00:00,2018-05-11 02:25:18
2cd01941906475454ff014d9e577dfc4,d75779e6c1a84594d2f0721948133e6e,5,,,2018-08-29 00:00:00,2018-09-01 01:39:26
bb37473de3b4904c640b8250549b55c7,9f978ecad138d859f6e9e08ed6b7cbda,2,,"Só um problema!!!# comprei com selo prime e estão me cobrando frete",2018-07-27 00:00:00,2018-07-27 21:23:05
609247eab4c9d85ccb991aa7420bc32b,3122051cc85fb10cbfcd789c0f8afa3b,4,,,2017-10-18 00:00:00,2017-10-20 22:06:35
6eeb4522598ffe41b543ed50b81ca8e9,f0c5bf0424d3e7459403f791bf76f03d,5,,,2017-04-28 00:00:00,2017-04-29 00:05:42
fae76806cdb052d20c72da714ae8d89c,b44d71edad65f41824d2e177470ef8f6,4,,"Muito satisfeito com a compra que fiz neste site, tudo ocorreu como combinado. Recomendo.",2016-10-26 00:00:00,2016-10-26 20:43:03
470966d9029adfbed704b1ce5ef08ac6,d97670cc7c039da62e3bf444647fb307,5,,Muito bom a entrega foi rapida e eficiente recomendo parabens que continue sempre assim,2017-04-08 00:00:00,2017-04-09 22:57:27
b9e63bee318128950eb50d7b82b8e76d,961e941567157246b67c0c448fb7252e,5,Excelente,"Muito lindo e combina perfeito com meu sofá,Adorei,eu recomendo esse produto porque a calidade é perfeita e ademais e muito bonito,com combinações de cores muito lindas,fico lindo em mi sala,eu amei..",2018-06-12 00:00:00,2018-06-14 09:34:50
1aa17f1b2c11a3d309cbf243c3bb07c3,1af4acf47f9833b90e3b7cb326ed85f9,5,Muito bom,,2018-06-08 00:00:00,2018-06-11 08:57:23
c14f546f70d138da7c6d3636e134758e,73f41c25f81a3fc68fefa0cdb0c73d97,1,,Aviso que comprei nas Américas e se não receber vou divulgar na internet e entrar no procon. Quero o meu produto 😡estou furiosa ,2018-04-12 00:00:00,2018-04-12 13:48:53
69e83077226502b0de451c4e7ab042c8,bf1bd9414a575d2bfa50f8d5c66fd161,1,,,2018-08-21 00:00:00,2018-08-23 13:07:43
272fe1688ca80843e9aba960d86bf7f2,7f685e08cef9cb9c0d7dfff90ece93d9,1,Entrega parcial,"Recebi apenas um item do pedido. Entregaram o relógio, mas o porta cápsulas ainda não foi entregue.",2018-05-16 00:00:00,2018-05-16 22:17:35
9b08f82c2e9992400312e021cd4fd29d,43f1e09fdc2d9408219725438e09622f,5,,O produto chegou no prazo combinado. Recomendo a loja,2017-08-19 00:00:00,2017-08-20 13:00:02
5cb95ea7c96009f2ff5c75f28b672785,bbb39449a277499952671cc64cbd7232,4,,,2018-04-24 00:00:00,2018-04-25 14:32:54
d28d679d1c57ef5e01455d287846065e,c820d5fbb72e2b0a48074c0f7f08a295,5,,,2017-05-25 00:00:00,2017-05-26 00:49:12
2cc217a3ff9b3e7eb8496239c90e4dfe,0542a77eb7f00f9ed2f08c1dba22a43c,3,,,2017-05-26 00:00:00,2017-05-30 19:36:52
5584fa47a42110d951b21bd19c49afb7,606a4d197c2fcc7ea1b91a89c0843f1e,3,,Ainda não recebi pois de férias. ,2017-12-17 00:00:00,2017-12-17 04:59:51
2a917b4710712ca2c876ff1c2df80df3,dc8a9d1dc88367aef471e8e810c16ec9,3,,,2017-12-07 00:00:00,2017-12-08 02:16:05
3c989bdc0f91277d216c057240121be5,cca0f2f13b67b19407e3300a249bd506,4,Recomendo,Entrega rápida.,2018-07-25 00:00:00,2018-07-25 21:25:45
34a43f2a18ac5cbbe295e3a895b7c163,7b9a4ccb84bc90aa35e862facecfda80,5,,,2017-12-07 00:00:00,2017-12-11 01:24:48
226b2c38f190d80fbd4163b02d919f1b,a84565af4cdf9483cc1cf6b94686a95f,5,,"prateleira de tamanho ideal ao que eu esperava,",2017-09-21 00:00:00,2017-09-22 11:11:50
211da9cb73a69449b8371f64b2e7eb77,dda00bd9d2607be3fdb9db2abe33b9b7,5,,,2018-05-23 00:00:00,2018-05-24 00:13:23
3b290ac1177f31c3814f6c6a5d77918a,5d2d954e72e7ec31baa0a784aa82a1d6,5,,,2017-08-02 00:00:00,2017-08-03 09:38:56
1f4689a34296a4e33159b69ea27e2a4e,393e604943de623d0c4d474259214378,1,,"Não recebi meu produto.
Vou atrás dos meus direitos.",2018-04-05 00:00:00,2018-04-05 12:44:13
e02a258ad0f2ddb4bd365d3e36e8ab16,a799d21b017742b6c8cac13998fd6ee2,2,,"Não gostei da entrega, pois paguei o frete que não foi barato e os correios não entregou na minha casa tive que ir buscar no correios do centro da minha cidade, serviço de entrega muito Ruin!",2018-02-23 00:00:00,2018-02-24 03:49:40
a698396d7402fa1fb424a563df4c4ca5,55ea12225a84c0269c9ae6604e6f9141,5,,"Produto Entregue no prazo,Loja super prestativa. Recomendo a todos que comprem seus produtos. Preço , prazo , 
confiabilidade acima de tudo..
Obrigado",2017-03-26 00:00:00,2017-04-03 15:07:15
273b1f0d4e4cd3400e90d3d426f33b35,4ecdafc07882d357b5607a05e3a1a46f,1,,"O produto veio diferente do pedido original,comprei um modelo e me enviaram outro,não fiquei satisfeita com a compra.Já fiz a reclamação com a lojas lannister.",2017-08-05 00:00:00,2017-08-07 13:50:26
e2fbd9f0ef7b724c7ecb351601a857e7,0812eb902a67711a1cb742b3cdaa65ae,5,,"Mesmo a máquina ter vindo errada, já se prontificaram e estão me dando assistência para vim a máquina correta.",2017-03-04 00:00:00,2017-03-04 21:40:41
ddda84674812416f0f99794ab94404df,d44d3aabe5fd82754ca3b4696cdc90e7,3," BOM , MENOS LOGISTICA",comprei um relogio de 730e paguei 25 de frete e a loja envia PELO CORREIO E AINDA VIA PAC.,2018-04-28 00:00:00,2018-05-01 02:52:23
576af6ae7206d4eb4ae8582395c21477,790a2b1cebf279ed28bf91f4fe91478c,1,qualidade duvidosa,"O produto na parte de cima pareceu bom, mas a parte de baixo, de borracha sai um cheiro extremamente forte. Não consegui usar no carro, fiquei sufocado. Quimica da borracha é muito forte.",2018-06-08 00:00:00,2018-06-11 13:56:59
c7b4ad99640faaf1bebe7f0230d621d6,31328a81d4ea41d47dc777dcbd88f222,2,,"Demorou de entregar geralmente chega bem antes do prazo teve algo que atrapalhou a entrega!
",2017-07-05 00:00:00,2017-07-06 11:02:23
32c4a269079211ca93dc6bfd0dff84a5,24fc7677f0087a35a7640dd917bab8e8,1,cancelamento,"recebi o produto no dia 09 de maio diferente do que tinha pedido e fiz o pedido de cancelamento no dia 11 de maio e até o momento não obtive retorno algum, alias não sei mais o que faço, só PROCON
",2018-05-10 00:00:00,2018-05-28 22:16:38
47581c0859ee6686c6a1aa71c2b9bd11,6fe4c985918734d29a35419f12b76570,5,,Produto excelente e entrega super rápida. ,2017-05-27 00:00:00,2017-05-28 09:44:18
84bdcad438878c92edaa7108886955a8,982727416ef47cb3095b02dfccb621bf,5,,,2018-07-14 00:00:00,2018-08-01 12:05:43
7cdc18197031ff0c220cc702066647fd,6666c6388feee9456acf73eb0c0b2e6e,5,,,2017-08-02 00:00:00,2017-08-03 03:42:14
ca2d288a19db0ff14a69437aa4ece7fe,283bf1118a872ce76471f83be536cdc8,5,,,2017-12-01 00:00:00,2017-12-02 00:50:51
03e92b8ed3bab621f1ea09f68d9f800d,d7f4c7c033cbbcef2916aaf7b594becf,5,,,2018-01-26 00:00:00,2018-01-29 07:33:27
c0bb5ed823c1a7fcbc0af6ba3b8266ea,0de9e77cb8416394c1d74300fd08213f,4,,,2017-08-31 00:00:00,2017-08-31 21:32:48
43a1e3af9a7a93d2948cb084a5f725bd,23b757203bd90a6deafcd069bdcb1fde,5,,,2017-10-14 00:00:00,2017-10-16 12:43:22
a1dae4732d7c20a3378411f23b9dbf6e,088858a852d62de0c175c9cc4bc0ddb6,3,,Entrega muito eficiente ,2018-05-18 00:00:00,2018-05-21 01:30:19
efe3995dffcc5f3ec9f70b9d1ca7f3eb,7a977daeefe13a57132b21579049d020,5,,,2017-08-20 00:00:00,2017-08-21 12:32:19
58580178bff69440df7ff8f6eaab3269,2af4817f66a5aeb427fc06e41204bc7b,5,,,2017-07-01 00:00:00,2017-07-06 11:55:35
c880d338c975388732c92e09f55b08bb,180d9087d153ffddea224f2996463f46,5,,"Feliz com produto com a loja com entrega obrigado e um feliz Natal!!!
",2017-12-15 00:00:00,2017-12-15 23:30:59
1b32abb2ee25955f99795cfe00a566a8,b242b34edbc41ec738a3ff3cc4c0ae89,5,,,2018-02-27 00:00:00,2018-03-01 20:35:19
ee5368fc01ff9b41bf2a34ab6b0d80ff,f34c3736b33b7d0c9eaaac33ac7b1ba5,5,10,"Eu pensei q a cor azul,era mais intenso.
Bem rápida a entrega.Obrigada!",2018-06-07 00:00:00,2018-06-08 16:10:32
a43f91f7368031022a46dd220d5ecfc5,70aefd12bdd5391f02011072c16e6801,5,Ótima,,2018-06-22 00:00:00,2018-06-22 22:01:49
755de14c47749c8244b6337be51f9062,dc1818ff094219ac82bf4d84fb6c6540,2,,Comprei dois produtos e só recebi um!,2018-04-07 00:00:00,2018-04-08 02:01:27
0c91d67dd339677690466c85554829ac,ef1cba939b3e4639c534c42c2617fa9c,4,,,2017-02-14 00:00:00,2017-02-14 23:34:32
ce9001fe6368b1875838bb21cce2e8c9,be4c0eb384232a183463d7d7604842d3,4,,,2017-09-12 00:00:00,2017-09-13 00:24:33
b362747bf47bed6a26fd75526b2d98c3,cede6783681ee6ca1c00eb85d602ead4,5,,,2018-08-25 00:00:00,2018-08-28 21:50:12
4dbc2eb4d867bf794e05e22363d906dc,0e784a85d6f7aa0ffe9a41d81f5a4ecf,3,recomendo,disket veio quebrado preciso manual instalacao,2018-08-04 00:00:00,2018-08-06 11:20:01
3166e193312a951423f7679ed9d51227,fdff9465ac9ce1a793bb30fa94c6f241,4,,,2018-08-08 00:00:00,2018-08-10 21:43:32
b6bddc2e0825752505b2d905552ac41d,2788c37316cfd96e71107c07b22454c5,1,,"Nao recebi o produto conforme anunciado,",2018-03-31 00:00:00,2018-04-01 12:50:37
0edfb0521df3052e72f9dc6f4244e7fe,cd0c854775bce057e6a7e27c79a58f00,5,,Entrego antes do prazo.Produto correto e recebido sem avarias.. Embalagem devidamente correta. Obrigado. ,2018-01-10 00:00:00,2018-01-11 13:38:24
561d8ba0d49c93e2aeccdd78ae5b1add,b8e8aa8bd53c50e5be82ea6f6a04e417,5,,,2017-08-18 00:00:00,2017-08-19 03:58:03
48d25780115e38ce46cfe7d76002d38c,198078b833ce5c6249ea278d2bb3e220,5,,Satisfeita com o produto é loja,2017-07-27 00:00:00,2017-07-27 11:55:40
bf8efdc32571f119b9e62aaea08e2d0a,4b776c02a3be0e30b22a7e5ff6a72136,3,5,obg a todos ,2018-04-14 00:00:00,2018-04-26 13:11:04
4871768a7423c20fbeaf742d89713d13,341db9fcd72b3de80c6d9ee4309abacd,5,,Atendeu no prazo,2018-01-31 00:00:00,2018-02-01 12:25:13
f77aaa981164122e616629eecab18504,09f86b7099faeb6a9d85623c5dba9665,4,,,2017-03-09 00:00:00,2017-03-11 18:38:47
4b675d3d69f085afc359032a9d36f688,ace32c3a7cdce2ac7c62d0ca6c39b0bb,5,,,2017-11-22 00:00:00,2017-11-24 14:20:51
ca9a658e7e888a28e708b06e6c7ff81e,a11f0312591acf976fd9bf40d6b539db,5,,,2018-04-10 00:00:00,2018-04-11 14:38:30
a9e04e1cec778e9c1b98b1030bea4374,f45d4bc023494c0c4d9c67630a9d52fc,5,,,2018-08-01 00:00:00,2018-08-02 01:59:36
2c41cb1a215577bf169960531fa11b7e,2aa34343b80af35eb485d6511edf7a1d,4,,,2018-07-21 00:00:00,2018-07-24 01:28:12
b3e8a8994b7344298034ee3d8f992a11,4897e89eeabd9f378a6c3fb314f441f2,5,,,2017-03-11 00:00:00,2017-03-12 00:05:05
651af7d2040d3faa889a767dae4a9992,dced68d765c92476f957de16fe116ecc,4,Alerta,A embalagem veio violada,2018-08-26 00:00:00,2018-08-27 11:01:34
53e8219710cd3651829d3fedc480864e,1a44130317893c48ad015ed3ce2017e0,5,Bom.,Foi entregue antes do prazo.😊,2018-05-12 00:00:00,2018-05-18 12:46:45
1bda9a7017e002a3219616f235ce9c88,3fffdbcdd7ed6b3acdb0bdbc5c96df52,1,,Vendeu um produto que não tinha e além disso cobrou e depois de um mês não entregou e nem deu satisfação ,2017-11-30 00:00:00,2017-11-30 03:31:07
390edf1c1292072d9a5bc27551fd50fc,c0e9dcdcd3862119d8650ae98410faff,4,,,2017-09-02 00:00:00,2017-09-05 15:48:39
42d124092c36f058764d99ab8283d26c,707b1eade17fb8a0c67c686946879f54,5,,,2018-06-08 00:00:00,2018-06-09 18:29:12
25a0725c3334c71a9b1ad31094947d13,fa79b2c18a8bd1dd7fe6c20ea3986434,5,,,2017-08-12 00:00:00,2017-08-13 11:06:47
7e7a35821013735db8dbc91358d5a228,8ae758e9dfba42257dd89e48380b3d1e,1,Péssima compra ,O produto ainda não foi entregue e já passou do prazo.,2018-05-18 00:00:00,2018-05-20 10:39:27
38c788f0d0a55cd0b322e530f0940526,f8348a1010449c16817a418fbb9e3620,5,recomendo,pedido entregue corretamente e antes do prazo previsto,2018-06-22 00:00:00,2018-06-23 18:27:11
412a3d2521b88d3abc5316051ea988ce,9ad64fee55d24429134f71a2955bc677,4,,,2017-12-02 00:00:00,2017-12-02 21:17:02
54cbe65fefcfac7641985ca64322aa0b,9b816053262f4741f9d0d314dff0a41a,4,,,2018-07-12 00:00:00,2018-07-12 21:28:33
78fec6121d6f0d54bcbb5369004a09ab,033a79557b0d234035b38da3be948574,5,,,2017-02-19 00:00:00,2017-02-20 22:28:38
10ca8ec74984d254c6ca69219b58a874,ef813fad9b922ac63fe19839a24d9aa0,5,,,2017-05-20 00:00:00,2017-05-23 17:31:43
b817ef48a9b0bf043bd5bb6bf41106f1,e3618dffd8f8f787a12ad38ce9b342b3,3,,,2018-06-20 00:00:00,2018-06-22 04:33:47
dfaf49a4644a9b5afcc050667c3d2255,afef48d3c8a0b1b7c9b7f8f922fb5674,1,,,2017-12-08 00:00:00,2017-12-12 01:50:24
386710188727553caa23f1edcb48eab1,4b3a605942f29d490cb74bd6ace6b9f0,5,,,2017-10-01 00:00:00,2017-10-03 20:30:28
81f32ecf23d8a7ac6d0f0426c39552e6,92460f9c0d34e466aef5b66f5c2ab91a,5,,produto chegou dentro do prazo e veio como descrito no site. E por enquanto está funcionando conforme o esperado,2017-04-18 00:00:00,2017-04-19 19:11:47
24fca39028bd6bbbcf4c0d9929b75f30,bee4fbc438d2d48527e812cb6a1c8166,1,,"embora tenha comprado o produto durante a Black Friday para presentear uma criança da família, o presente não chegou a tempo do Natal. Fui obrigada a comprar às pressas um presente substituto",2017-12-21 00:00:00,2017-12-25 21:30:26
259b60c74ab97e35524a05d4bad8e9e9,cfe5649887c20d8a27d7a9a2302a9d9b,4,,"Comprei pela 2 vez com vcs. Da 1 vez deu tudo certo com êxito, mais dessa vez não estou satisfeita pois o produto chegou incompleto comprei 2 unid onde chegou 1 unid e ainda divergente. ",2017-12-27 00:00:00,2017-12-28 13:10:25
9741f2adb48eddf0523cdb1631e2993b,133b607354fbff7447ce545c8a0fa407,5,Bom,Bom,2018-08-30 00:00:00,2018-08-30 23:17:42
8852f22ef5ef657ca61c032f0d177a78,42d79478d8d834670fe17dfe07f5b581,4,Recomendo.,Produto entregue antes do prezo dado e em perfeitas condições de embalagem.,2018-07-10 00:00:00,2018-07-14 13:20:07
848a49264b28f6e67f3b7f01f6268c15,fdcb642c8ac047b33f64d32c79a62833,3,,"Anida não montei o produto, mas parece tudo bem.",2018-01-05 00:00:00,2018-01-05 18:01:59
25766dbcf21d72eaa9300e8d0d49cde8,bf88003f2580db7589007ec44bc85695,5,,,2017-02-07 00:00:00,2017-02-10 11:07:12
2c378ec30360005f6258931af852595f,efe5bb701ff507ffa4736a7c07be50d2,5,,,2017-04-08 00:00:00,2017-05-27 01:53:14
1a369aa9fa3de2ecbcdf4725603921e0,79b690847d556fdcccfe7dfdd9d77dd4,3,,,2018-05-12 00:00:00,2018-05-14 20:14:56
2d5f45068d4eb8c87f3d9bfa87311a5c,07fcf4ec8cadbea34c5b508e35e716c0,5,,"Não instalei o pneu ainda, mas parece ser de otima qualidade, super recomendo esta loja",2018-04-24 00:00:00,2018-04-24 22:33:07
5e46ffd28e5bdb67c2c8cf8ba6623590,08d19d4c103470970b2f830e48e2d3a2,4,,,2017-12-20 00:00:00,2017-12-26 14:27:25
31efb18c09e41bfffa353ed47f997dc5,935e2b59d8831e7e158e0a2bbf8f91c3,4,,,2017-11-18 00:00:00,2017-11-18 20:31:10
91d15cccc6c184952fca1e838d5cf326,2e2b499ad1ed9178bdd1cdb83f3f6000,3,,,2017-09-13 00:00:00,2017-09-15 10:54:18
86867d1dd5dbfe95804b2b6574989fa1,0e4160cbbf3110c620fe17602e306360,4,,,2017-05-26 00:00:00,2017-05-27 11:49:53
a86d339900344b36a370122067fa29cd,482c3ed0fe2eb68b316507e78faa6783,4,,,2018-01-26 00:00:00,2018-01-27 12:22:21
2eb57705ecf9d997c8f1d2d2646b9e24,fdf53b9c9096b37ec391987b1b5c21a3,5,,,2018-02-22 00:00:00,2018-02-23 09:19:57
9dad94dce5cce19925015c19ac361551,618f64df06c611bd4ea802bafba3e20c,5,,,2018-08-14 00:00:00,2018-08-17 00:00:13
812aa980df69f023caeeccdb1ba8e847,24496db5f9de478a647819c7eb075504,5,,,2017-05-10 00:00:00,2017-05-11 17:27:58
467d52219f8d4072bea6b780473c5b8f,6f07b0ce1812870cb9c820fc295144e3,5,Super recomendo,Entrega antes do prazo. Excelente.,2018-05-08 00:00:00,2018-05-11 21:16:11
64acedab7bd3d69f34d81e2bc9e236ab,427ab04bb9a88ee00929a510651d77c2,1,,Recebi só o colorido.,2018-04-26 00:00:00,2018-04-26 09:37:09
0a294a81b7c6835acbe7ffb85f223231,78b5b205705f30bb989c4a6c7f8822e4,3,,entrega muito demorada e ainda mandaram na cor errada,2017-12-20 00:00:00,2018-02-18 18:04:21
bb8aa38cb2e86fcaefd7290477da7fdc,d8198b1933966d7baf7a7d758bdde142,2,,"Em 24/8 recebi email do marketplace stark informando que ""o lojista não poderá atender ao pedido pois não há estoque disponível e realizariam o cancelamento e reembolso"", o que ainda não ocorreu.",2017-09-02 00:00:00,2017-09-02 13:29:17
924dc256092fdf81257724d99e5780d9,fa7809f6cdf09dfab24cfc2669964ecb,1,Bom,"O produto é bom,só a entrega que demorou",2018-06-22 00:00:00,2018-06-22 19:04:34
c4bfac96c88f60dfd093fa4abc9ad0aa,c5f9505b4bf9db0433b371002f7be6ff,3,,,2017-04-28 00:00:00,2017-05-02 16:58:56
c3c6562c1281f5c8953aee4fa142c67c,29500656822f8cf6e25315bba794b4e8,5,,,2018-05-16 00:00:00,2018-05-21 12:37:04
0713fba14cfc82940a4b3cdf38327e43,27bbbf29930f786db682f681aa56219e,3,,,2017-08-29 00:00:00,2017-09-01 00:54:18
d1b2891a169660817e3abd64fdca9ab5,9ecc5c5e57de488331667fb8c3d5f689,5,,,2018-06-23 00:00:00,2018-06-25 19:02:04
809b04dc6bc18a0b452402cf37345180,d821c07a40e746ac3f4ae3799b19ddee,5,,,2018-03-15 00:00:00,2018-03-15 21:54:44
cffeefe0fefc7db78ccde04d208a1c97,a66719a9e64cf864937c6c2a598d048d,1,,,2018-04-19 00:00:00,2018-04-19 21:06:48
c2add8f9248c4e41173febcb1de371f8,f002422b59aa21ebc2c12136d1ab4019,4,,,2017-11-07 00:00:00,2017-12-04 11:19:36
69c477f2e8537944c000b07d08d9ff96,d90f36f9fe6a2fda4bbc5498a14b81d6,5,,,2018-04-19 00:00:00,2018-04-23 17:18:44
8df1ae9a5e319d96deb4429edbffaeac,a11a425bf8a1d74271b19f31a3cbe76a,5,,,2018-08-04 00:00:00,2018-08-04 23:10:12
0f6a0487a080490108870490ff7431fe,0d3528428e45b7c383b746222c715332,5,,,2018-01-14 00:00:00,2018-01-15 14:15:47
498d474d4e5016e125a9c444c5d132a2,f36e6ba50146eb8900cad146dd95e9e8,1,,Veio procuro diferente por isso estou cancelando e pedindo devolução do dinheiro ,2017-04-21 00:00:00,2017-04-22 12:44:36
4066092276c3d33c7404c57290444e17,bba6bf145227da52495f05a3623a5e20,4,,,2017-12-15 00:00:00,2017-12-26 14:17:14
471d68ae53a3f7eb3d1a3470ca90be71,1a78996243d1d136ceede8be7f031356,5,,,2018-02-16 00:00:00,2018-02-17 00:37:48
f7c4c5f08fec1d225e177fef18b7ffac,08796d7a1fa345c5bce8f3f53435e21c,5,,,2018-08-21 00:00:00,2018-08-24 14:38:20
eade9034437b6986904e7f5ed42f2db7,5b16a76486ec63a9f3e0460bebc4f63e,1,,"Produto ainda nao foi entregue e consta para retirada nos correios, no Paraná. Uma vez que moro em São Paulo, capital, fico me perguntando como farei essa proeza! 
Preciso duma posição urgente!",2018-04-22 00:00:00,2018-04-23 09:49:56
fa55dbba488ad86537427ce5d98c5838,31c421113f181dadede6afbef5d48075,5,,,2017-03-29 00:00:00,2017-04-03 01:28:42
d0c3e5d3f45b9d6b799b438705783c7a,5d963a08322bbf0e9d783716d6e9c1a0,5,,,2017-10-05 00:00:00,2017-10-05 21:20:15
ead412ec77f5fadf2239380f47ddef9b,5a87e8c67abd6328a86c6165a91a547d,5,,,2018-05-17 00:00:00,2018-05-20 18:40:31
167b96273778e40b2d3fb303b6d2475a,66a7368cc39c6a3e93415aaf9e9b863a,5,,,2017-05-31 00:00:00,2017-05-31 16:45:19
c149a744370cea3b5eb21e60fff14a73,2c810e97c1d3956172e1830863e6a133,4,,,2018-08-21 00:00:00,2018-08-22 02:48:51
a44acf223e58ab562c8b328873229823,f244841f5a461472de8de82f023b1371,5,,,2017-07-07 00:00:00,2017-07-08 21:31:41
426a25708285fc45a94bd6f4064c463c,4b161afded0b38a94b63850c4bb48f91,2,,,2018-06-23 00:00:00,2018-06-24 14:46:02
3dd3680cc5533abec155f2245d765bb8,a958c924f6b23ca49ded10f6f5aa862a,5,,"Essa máquina é maravilhosa Ela é silenciosa, completa demais (vem com 4 bobininhas, um kit de agulha, entre outros). Muito fácil de mexer e é linda! O pessoal da Janome está de parabéns! Obrigada!!!",2017-03-11 00:00:00,2017-03-11 23:48:01
79d72132163a3447176d7731bd57e1b6,72af7514238e36c16453f0a9146ecb52,4,,,2017-12-12 00:00:00,2017-12-12 20:30:01
a84239310d257e46f1bf9f55124e457c,b1dacd22636963809c005e934e4f382f,1,,"não recebi a encomenda descrita, encomendei a esquerda e veio a direita, sendo que estava descrito no titulo ""Esquerda""",2018-02-28 00:00:00,2018-02-28 21:55:44
29a1a26705579756c9133f36ee7eeaea,b33fb23930b882d67b4b114c33f2e6df,4,,,2017-08-30 00:00:00,2017-08-31 01:29:01
bf9627d7ba5828210df3b4975e1612b3,8c22d7e0d7c5b5642258a6da3a5458c5,4,,,2017-03-10 00:00:00,2017-03-13 13:26:20
93d2bb035b71dd99d67e6aa0b22fee90,db26bf0c66e8320dd106b9b39ca56fec,4,,"produto como no anuncio, bom vendedor
",2018-05-03 00:00:00,2018-05-06 17:51:09
61e43b0741677377b66a4ae02881e05e,7a189472050d185af07c5550a7dfc5ad,5,,,2017-12-22 00:00:00,2018-01-03 18:10:37
ea18499b2b2e87e3d5e3eaa2c383e3f9,a2b4be96b53022618030c17ed437604d,1,Produto não entregue,Pensei que seria entregue antes do prazo mas nenhuma coisa nenhuma outra,2018-08-19 00:00:00,2018-08-19 10:57:55
7f194a0e525262ce25f0a4bacafb90e0,248b0e94f86d91bf3538c663bb08846c,1,,Pedi um OBD2 v1.5 bluetooth e veio wifi,2018-03-24 00:00:00,2018-03-25 12:04:58
49bc8177a8efb37167f54c8ca539942e,49c8d7acf28d999e86d3cf817d9793e0,5,,Sempre pontuais.,2017-05-27 00:00:00,2017-05-29 12:24:47
7ae7e94eb8c5ccb5f9bd8b0e4303696a,583ad689dbd7bd2d996f11aa82865ae5,2,O produto que recebi é di,"Comprei um celular CAT S30 e recebi um aparelho inferior no preço e na qualidade, recebi um CAT B30.",2018-05-08 00:00:00,2018-05-10 16:09:16
fe9e14fab58d761d371e3e994a52b523,383730d8be253fb34891920a417f2861,3,,"As duas capas que comprei são boas, mas não são bem o que é anunciado. Valem pelo custo beneficio do preço. mas não espere um produto mega top. ",2017-08-09 00:00:00,2017-08-16 13:19:58
f6f2a12a4438c7e8b77cd2e0699306ae,95f552c5bebbb2d3c6ff73da9ff5e2ad,5,,,2017-05-25 00:00:00,2017-05-30 11:13:39
501bd8632ac45c8431e702da040a64fa,219011b6543055a960c7dd94cc5e0770,4,,satisfeito,2017-04-23 00:00:00,2017-04-26 15:24:33
93728cfc7715e367fedd269759f92005,ba7517020cc8cdda51bffbd30bb1b781,5,,"Entregue bem antes da previsão.
Chegou tudo certinho.",2018-07-08 00:00:00,2018-07-09 03:16:33
739240d843eba37b675f2fe6ebbe2874,6fbc5b66b494906692191a0673edc28c,4,,,2018-04-14 00:00:00,2018-04-15 11:28:54
5e76628e62cc4cf41a3b8332a151622e,011405ae7b89def8ffb3468eb29c299d,4,,,2018-05-10 00:00:00,2018-05-12 17:04:05
27022008d0ed8dcec23995d356971638,358a4d03ca7ff11e1005742a0fac54bf,4,,,2017-06-29 00:00:00,2017-07-04 11:22:01
bf00a1dcca28deaf2af50d38153e6918,2c316630a424abef517f1f8d7295d666,4,,,2018-08-30 00:00:00,2018-09-02 15:08:19
a6d0cc0527406c7a7aa82acd4c81e81d,67acbda15487a0495068196ebdfbbcf7,1,,"Faltam as instruções, nem em inglês tem. Não consigo nem colocar as baterias, o plug de energia na lanterna não deixa entrar",2017-04-11 00:00:00,2017-04-12 02:50:43
34c90451496537cf04f5f6cb7c1f9335,f9b79ac2c05f12bab607bfe35b4a2ad2,1,,O produto veio sem nenhum lugar para pôr o sinto de segurança. Na hora da compra não dizia que viria fechado e o consumidor deveria abrir em casa (perigando danificar o produto).,2018-03-21 00:00:00,2018-03-22 02:04:46
4eef9b7b4b6ab2a9d70149096723ad9b,dca3b709f4c0389495cb4fa1a063440c,5,,,2017-08-03 00:00:00,2017-08-04 00:07:02
8993a8457bcd714862015dcf02818cd5,e4dedbcf41b39d53b8ac735d22ce670c,5,,"Muito bom? entregar antes do prazo, ",2017-10-26 00:00:00,2017-10-29 00:44:32
237ec2d8031fa4fc3d6eb3c1825273ed,fc74153e0ac39bb68c8f8f9e4758f001,1,Entrega e Atendimento,Péssimo atendimento!,2018-05-16 00:00:00,2018-05-23 11:51:24
1810b125fb57149a9eba2256c47101df,0cee95c34f2cd6a8e38d9b170b9a468e,1,,Recebi o produto errado e já faz dois dias que tento falar com o fornecedor e não tenho retorno nem mesmo das Lojas lannister.,2018-04-24 00:00:00,2018-04-26 00:55:54
933c189256531234be12f922c4f9d1ad,87db440948f84c0c68a2311dba047650,4,,,2018-02-28 00:00:00,2018-03-04 06:09:27
e3fe57d3b2a0bf0e0a2da6948de2d94f,c3bfb5dc8642d9d1df58c355dbb9f1a7,5,,,2017-12-07 00:00:00,2017-12-17 12:06:25
9abae9e9fa5a70ae8dac76d69eb30c7e,f9fcece01e53f6127dfe56deebac3329,3,Não era o que esperava,Achei a capa muito fina e com caimento simples. Pela foto achei que fosse mais acolchoada a capa e não é.,2018-06-15 00:00:00,2018-06-18 18:48:26
e3fd6d071b7e34fff52be003c22f56cc,64a2b20e6611bf80d933549f4c45ad84,5,,,2018-01-10 00:00:00,2018-01-15 13:37:33
1e4309ceb6f99eefb1bf14a352995ec4,556d7ec009cdd5ae19dad069c808ad9c,5,,Recebi o produto no prazo... Obrigado,2017-08-31 00:00:00,2017-09-02 22:26:55
0608339a6799710d6c3001d582726fc2,0633c2f778161bd80bf27cb619d6437c,5,,Parabéns ,2017-02-22 00:00:00,2017-02-28 07:25:12
f16c56fc189cbfc13955753f1e135ae1,0f7f3fcd5523d759e8e17084e45439d5,1,,,2017-08-27 00:00:00,2017-08-31 11:27:19
981290e12579d10fcfffb15a51bacd69,d1ccec3180d63d8bfd37f65d34f07da5,5,,,2017-02-21 00:00:00,2017-02-22 10:28:47
969a09e54bff83c87e85cead99690959,235120dba37dd89b962dea1d7a2cb3bc,5,,Mto bom e bonito gostei ,2018-01-27 00:00:00,2018-01-27 19:21:53
5858be766a592ec7bebad665ca6043da,031e976ccc4a1678f5485552ed1ae778,5,Ótimo,"Ótimo produto, recomendo, chegou antes do prazo",2018-08-15 00:00:00,2018-08-18 09:27:22
6b9521841b6035ac57b969b73acaaef9,85a0f4063a60774bca35eb38ffccd86c,1,,"A falta de responsabilidade e compromisso com o consumidor, deixa a desejar, eu já não confio muito fazer compras online agora depois desse ocorrido fortalece mais ainda minha insegurança.",2017-09-16 00:00:00,2017-09-17 00:03:08
bb06eb002cdcba62f2bac1dfacf363d0,e5bc6c7594c02f53761ea092c5c9af1d,5,,,2018-07-26 00:00:00,2018-07-27 00:37:18
b90f757ee14d3bf0dcb9138ecb205909,a5b275ada51fc66b482047f159e215a4,3,,"Comprei 2 unidades, cada uma com 4 peças. Porém só recebi uma unidade. Veio faltando uma unidade.",2017-04-07 00:00:00,2017-04-10 01:46:39
d0091d3de5fb21fd21b421f2309e265f,9a50b650295303f506477ad430996e9d,5,,"Adorei a loja
",2018-03-14 00:00:00,2018-03-15 00:38:56
d108b0b1eb80fd6dc32c96f611eb9793,5433a0ef395e151f154279cd3fcde661,3,,MERCADORIA NÂO CHEGOU,2017-07-09 00:00:00,2017-07-17 18:21:23
a8356bf01ae6be19d520be1aba4df944,390f7b0eca6e233bfe1584c54f97c39e,5,,"adorei a minha adquisição,recomento a loja.",2017-05-30 00:00:00,2017-06-08 10:37:59
bcaf28507807776c0c007a54bceda1ec,b741e2d273ca3f09c024fb1cbefb8182,2,,,2018-05-08 00:00:00,2018-05-10 23:34:17
613e46c726191d59533085b22940fcd5,f2125ad278ab03d4779ded7001337ee1,1,,Pedi a devolução do dinheiro e mesmo assim enviaram o produto. abri reclamação e estou aguardando próximos passos.,2017-12-20 00:00:00,2017-12-23 00:50:18
7378fbbf7e71c44e11c97285c9010944,9f35328dc92b28c67517b812818dc6a8,1,,,2018-03-04 00:00:00,2018-03-10 22:33:42
1dc8a1c141881de61d9322cba4caecb4,65efd756608003e865eb8d80f66a3ebb,5,,Ótimo produto e entrega rápida. ,2017-03-17 00:00:00,2017-03-18 05:35:55
d40bb5679c09a44ff846890ff8069a65,9c916cda025ac7a244116346b9e82344,5,,indico e super recomendo td perfeito desde o produto ate a entrega.,2017-06-24 00:00:00,2017-06-27 09:28:38
5b2285880c0de918570812f1601fb234,4ba45e01cf325c8c853971e79c9cf7bd,4,,,2017-06-24 00:00:00,2017-06-25 20:05:29
4832fe80a976af2bb0655ca220a4f1d8,bc21fd56e19626007f06da1b7f7b6c39,5,,,2017-11-21 00:00:00,2017-11-21 19:59:44
327dd7532064a959eaf7d8d4ac565b0b,3d237fd98f6bc4d3fd3a0eadda50b2a6,1,,,2018-03-18 00:00:00,2018-03-21 12:27:21
9b3b1b6cbb74ac35614c4c44e4a7e1c0,bc878545684a3c5063d67725f1113ad5,5,,Foi enviado corretamente e chegou bem rápido 👍,2017-08-26 00:00:00,2017-08-29 03:36:00
b937f9f2c645942e72596f9d7b0c9a22,0ace5fbf6db2942061542a808558b9f7,5,,,2017-07-13 00:00:00,2017-07-14 23:27:12
71e996dbe4e458c0d48c6c67e23522d3,13834646826ae873256bfc9e6d22a019,5,,,2018-03-29 00:00:00,2018-03-29 21:09:50
042e7423077b3c5fb84b3c538bea47e0,00c8be06a8029e300dabd52c7d4c6ad2,5,,Produto cfe o anunciado! Entregue no prazo...,2018-02-28 00:00:00,2018-03-01 00:49:31
d7b8a6b7f6b8bff63a3983f1d4175ee1,27fee5c620c806ed4f239ed553fca699,5,OTIMO,"COMPREI PELA PRIMEIRA VEZ E TUDO VEIO EM PERFEITA ORDEM E DENTRO DO PRAZO, ATÉ CHEGOU BEM ANTECIPADO APESAR DA GREVE DE CAMINHONEIROS.",2018-06-04 00:00:00,2018-06-08 11:39:49
6a4fb5246e3bdbf94f74be79d07f8641,8339f788dad4ceb81447efc8dc3ee269,3,,Nesta compra aconteceu que o produto veio errado mas o problema já foi solucionado,2018-04-05 00:00:00,2018-04-09 20:18:29
610d689648c010fdd9e5c10f09828b64,032b42b17fe9daa676ba9447f3dbbd0a,3,,,2018-08-15 00:00:00,2018-08-15 11:00:46
bcdaab8d590e861c7787446759726eba,866968d6a38b907a312ffddbe6287d8e,5,,"entrega no prazo, bem embalado, vlw obrigado a equipe ",2017-04-21 00:00:00,2017-04-22 15:52:21
4afd6805cfca7135266b90ffb8ff6abb,4eaf389d62c4c959f4657e40550fb531,5,,"Estou muito satisfeita com o atendimento . 
Maravilhoso trabalho .",2017-03-10 00:00:00,2017-03-13 11:38:53
7d0b3cf7c1112ffb5aa75000c1fc0067,6dcf0aeb8b1eb4021c26e1d0e9394979,1,,"Na descrição do produto no site da lannister havia informação que Painel tamanho 3,05 metros de largura x 2,40 metros de altura.
Na embalagem contem 03 rolos de 102 cm de largura , foi o que comprei",2018-08-16 00:00:00,2018-08-17 12:35:53
b29b9d1b203073db7b877c13c3226211,8998e5470215f07da1f2529b486d0416,4,,,2018-03-01 00:00:00,2018-03-01 19:48:31
09481b038846cd866ea71915f662969f,0a53c1150d1019fb4e5e6224e887011f,1,,,2018-05-04 00:00:00,2018-05-04 09:08:33
843c2e1362b9d93dfb58de1f98ae1559,421bc5d68665463cbb939db50847894d,5,,,2018-07-15 00:00:00,2018-07-16 19:59:06
99bf3a929f25e2312dddc1a5152f648a,aac567189889ebd3f40e46a0f8a5a63c,4,,,2018-03-30 00:00:00,2018-03-31 15:57:52
dbcb19a94a0b2328cefca2c9c3ff4f20,7faf49d330e4e0fca17c5a17b339bd4b,5,otimo,"muito bom obrigado pelo atendimento, eu recomendo",2018-06-30 00:00:00,2018-07-05 14:25:21
6f27507c02f73f5dbe7fbb41f0905d77,2459807af0cad1161d053ae93c170398,1,,,2017-11-30 00:00:00,2017-12-15 13:32:21
ef314fd77a8a9545a146a7bbec2d61f2,b2d12a4a4d83760c773b813c1c6b335c,5,,,2017-05-30 00:00:00,2017-06-02 01:00:45
215d97e077e81ed99bf4e5e95cbcc187,e05b2ef0e6f68745846dba198590cb80,4,,,2017-12-19 00:00:00,2017-12-29 13:50:37
26c719077e1816b9168f5a0c644dd58e,9cd5810e0e93f3aa22403b2a7371d1a2,5,,,2018-03-17 00:00:00,2018-03-20 11:22:25
b50b1289b6b19c958edbedef9a60c1ff,8aa41a2ff86625ff13d88f289b48714c,5,,,2017-07-15 00:00:00,2017-07-16 16:14:20
f3d5cd3d15fdb36ad18885777671981e,afd45bab98f18c383881df9850a519fc,5,otima,recomendo esse fornecedor a qulquer momento,2018-07-07 00:00:00,2018-07-12 14:43:33
47ab4c1eccf5f46925bab594f39382c5,333fd556e66dcdb07b2081f258f42ece,5,,,2017-12-06 00:00:00,2017-12-09 10:36:39
cb022e538a5fa0582df086feabc70249,443bc8cc2feef50a6b416a0645dbf7b5,5,,,2017-03-28 00:00:00,2017-03-30 15:40:09
f442b412f8ba9b4d0159d306d0792526,0ef7129ab98149bcbd4aadde9ba093d9,3,,,2018-07-17 00:00:00,2018-07-18 12:36:53
4f224f6675cdf8c9bb07d4d6d6927e24,57d1548a5e964a5d6d303ff32de7859f,4,,,2018-03-08 00:00:00,2018-03-10 14:41:17
9c315dac96dd6548bef2ac736e3c6a14,c3d439f902dde69ae8f1c314189adcc3,5,,,2018-03-20 00:00:00,2018-03-23 15:02:33
