order_id,customer_id,order_status,order_purchase_timestamp,order_approved_at,order_delivered_carrier_date,order_delivered_customer_date,order_estimated_delivery_date
2c810e97c1d3956172e1830863e6a133,ba2ad8b23fe2a0a45cdb33ae2cc42b98,delivered,2018-08-15 11:30:33,2018-08-15 11:44:11,2018-08-15 12:44:00,2018-08-20 15:15:42,2018-08-27 00:00:00
9ca6d17660064ab8bbc4a8089397afb1,581092512111b45075e21541e61092f8,delivered,2017-11-10 12:22:11,2017-11-10 12:36:04,2017-11-14 19:44:52,2017-11-16 16:55:49,2017-11-24 00:00:00
ef8ad84adcf1d4c437f165f437e238f6,b043505be4918bfce20906a28b3216ab,delivered,2018-08-05 22:17:22,2018-08-05 22:25:12,2018-08-08 15:00:00,2018-08-17 14:41:17,2018-08-29 00:00:00
4c907885e2378d72e669a15367eddd7e,f4e93290ffb2b56c8820d4fcc4cfd00b,delivered,2017-05-18 02:11:37,2017-05-18 02:22:55,2017-05-18 13:02:27,2017-05-19 15:47:34,2017-05-31 00:00:00
406d7ae7632b47850ebdaaf719a4c715,f0fabede5d24a0b694cf9d8ba4627ec0,delivered,2018-03-23 13:04:15,2018-03-23 13:28:22,2018-03-27 01:11:28,2018-04-05 00:12:03,2018-04-18 00:00:00
be62a7e48d2d0a10e3ce4d03e737843c,cd3ad76eca9e738a7529dfeb077d5a7a,delivered,2017-08-18 15:25:53,2017-08-18 15:45:13,2017-08-22 00:53:53,2017-08-25 22:07:53,2017-09-12 00:00:00
69df6146503dba833ea2ae56237acd97,3a04eb9c6f03e8bff298d4172dc8ae5f,delivered,2018-02-17 23:33:56,2018-02-17 23:46:46,2018-02-27 22:06:52,2018-03-19 13:16:43,2018-03-20 00:00:00
eed6f74a190f23b5a8ac54a8b86aa79d,1c9d47c53485b0745f9b85d21a13581d,delivered,2017-10-12 12:08:21,2017-10-12 12:26:33,2017-10-17 19:37:52,2017-10-27 18:53:47,2017-10-31 00:00:00
913677abacbcdc2b2f18b3ec362a0cdd,621c4375f33e843ba4111a6fc493fd0d,canceled,2017-04-09 11:42:18,2017-04-11 03:45:22,,,2017-05-16 00:00:00
94078496f9b59a9d885f033870393097,cfb4f71a58ff571d9ba472b8c13da4bc,delivered,2018-05-01 21:34:52,2018-05-01 21:51:40,2018-05-03 16:51:00,2018-05-25 17:26:33,2018-05-29 00:00:00
b56bcbb57a9be94114e2dfb18399193e,2a386023b961e318e81ea3712f84e95f,delivered,2018-07-16 16:17:50,2018-07-16 16:25:25,2018-07-27 14:57:00,2018-08-03 15:43:54,2018-08-20 00:00:00
8f06cc6465925031568537b815f1198d,9916715c2ab6ee1710c9c32f0a534ad2,delivered,2017-11-15 11:31:41,2017-11-15 11:46:42,2017-11-16 22:03:00,2017-11-22 22:41:07,2017-12-05 00:00:00
8e66b37a5e6e28c5a8c59bc36989a673,edb6cd94abbf0498720c0d11e5da17c1,delivered,2017-05-25 21:49:38,2017-05-25 22:02:39,2017-05-26 10:54:18,2017-05-29 14:58:06,2017-06-07 00:00:00
19421091ea8830b487a1aa4c43e074b6,5b444fe93863147c86213fe089495d05,delivered,2017-03-23 22:36:21,2017-03-23 22:50:19,2017-03-27 14:48:50,2017-04-06 15:45:57,2017-04-18 00:00:00
74c7a458cadc2f76c4ec8354d32d0d9d,d0e9af3f0e38afd1371f0066fb9857f9,delivered,2017-11-01 11:48:48,2017-11-01 13:15:20,2017-11-06 19:17:31,2017-11-14 20:23:06,2017-11-27 00:00:00
b746658c30926e5a7987154c9a981552,f6861794342e5bafbf41a0dee21d3258,delivered,2017-08-16 17:40:32,2017-08-16 19:05:12,2017-08-18 17:43:41,2017-08-24 20:40:16,2017-09-15 00:00:00
44a3722417745e1a99c297ced13c7b85,eb1485636d09be205400230836ca6391,delivered,2017-11-11 22:15:28,2017-11-11 22:30:21,2017-11-14 21:58:39,2017-11-25 01:12:44,2017-12-11 00:00:00
133b607354fbff7447ce545c8a0fa407,9e1cf20c1585106f749e4e257194a11a,delivered,2018-08-21 21:18:33,2018-08-25 02:44:24,2018-08-27 13:34:00,2018-08-29 19:48:43,2018-09-05 00:00:00
ae922ba97feaac137766d9d00cc1ec0c,aeb07999154eeee6ed241aa2b3137c99,delivered,2018-02-04 09:26:07,2018-02-04 09:35:30,2018-02-06 19:38:33,2018-02-09 00:06:39,2018-02-21 00:00:00
31a6cbe67abc9e5414688f0f59681ec0,6cacf8729fd44aeebced2d7663c0190f,delivered,2017-06-23 17:27:42,2017-06-24 17:43:11,2017-06-26 09:17:19,2017-07-07 16:06:47,2017-07-19 00:00:00
932c319ee28911384cce008c02f0b448,f0ae81a403ac013c63bbea4035de8083,delivered,2018-08-11 16:52:23,2018-08-11 17:04:24,2018-08-13 15:26:00,2018-08-27 15:24:41,2018-09-13 00:00:00
e573bcbd71e063eb151e44500cd89360,9b6d99e4fad63c0af01caa003bf8227b,delivered,2018-03-07 13:46:57,2018-03-07 14:09:09,2018-03-08 19:04:37,2018-03-26 17:45:40,2018-03-23 00:00:00
9b75fa68354ea9cd02695d002b82b109,047294a4de92e622ab7aa66d6efc9efe,delivered,2017-12-29 18:28:25,2017-12-29 18:37:32,2018-01-05 00:52:46,2018-01-18 15:48:51,2018-01-31 00:00:00
296a93c03580ee2cd6d1c20346191d6b,598f6ea65e0d55d010f88b0093381db5,delivered,2018-02-14 11:37:43,2018-02-14 11:50:30,2018-02-14 22:33:20,2018-02-27 11:22:54,2018-03-13 00:00:00
204b7236f949dcd799519c1e74136821,b169e5830ded0026725b45900f8662bb,delivered,2017-10-30 12:09:05,2017-10-30 12:28:12,2017-11-01 17:22:28,2017-11-16 15:26:51,2017-11-17 00:00:00
ec91a58a83b62633311320a62097c129,6d3df1ec250077e1044d6aa6ce83abe2,delivered,2018-08-16 18:20:48,2018-08-16 18:35:24,2018-08-17 15:17:00,2018-08-22 17:30:02,2018-08-31 00:00:00
3dcb62ed8e9e2d9909ba544c7d10195a,f71306b04e49155a6c1511e4b01b6b23,delivered,2017-08-21 15:49:41,2017-08-21 17:33:03,2017-08-22 19:14:25,2017-08-24 12:30:22,2017-09-14 00:00:00
3fd0aee5e461a0922a15e3747a042332,077de06f3b141d3ea9d6be46b409262e,delivered,2018-08-05 19:22:48,2018-08-07 04:44:36,2018-08-07 12:30:00,2018-08-16 18:28:48,2018-09-03 00:00:00
fe393d2abc096e78011cdc0bb5b3e776,9bbb164bce1773571bde10037092bc42,delivered,2018-02-17 16:59:08,2018-02-17 17:10:24,2018-02-19 20:43:46,2018-03-02 01:15:05,2018-03-09 00:00:00
036d29511908c7b10872e1e72fd0681b,cbe4c947b4d90a9081fc935dc7a9bec6,delivered,2017-05-29 21:18:24,2017-05-29 21:30:14,2017-06-02 10:29:15,2017-06-11 12:12:41,2017-06-23 00:00:00
96500f175401baa18ab94e059e3c7ab8,85a9defbcbb5d1fd61c959e35d48fe5c,delivered,2017-05-16 16:27:41,2017-05-16 16:35:20,2017-05-18 06:11:40,2017-05-24 12:18:12,2017-06-05 00:00:00
a96d80130c5b0907958c4cfeadb4bb8e,d8cd2bbaa62274c5cd6a6c9900e82957,delivered,2017-08-18 11:33:11,2017-08-18 11:50:18,2017-08-18 19:08:06,2017-08-22 18:53:55,2017-09-08 00:00:00
6fbc5b66b494906692191a0673edc28c,d53f4ec69c4531ee2230c7a754c7191f,delivered,2018-04-02 20:08:24,2018-04-02 20:29:47,2018-04-03 20:07:38,2018-04-13 14:32:34,2018-04-30 00:00:00
0633c2f778161bd80bf27cb619d6437c,693b3b377e3e7a9475f585d765329230,delivered,2017-02-08 12:31:33,2017-02-09 06:50:11,2017-02-10 14:04:02,2017-02-21 13:42:43,2017-03-21 00:00:00
d31df581f4efcfd5c6f523bb0fed1bc7,64c3b046e53fead1e450ccccfbe966a6,delivered,2017-11-27 11:43:42,2017-11-27 11:55:10,2017-12-01 19:27:03,2017-12-04 19:12:10,2017-12-13 00:00:00
7d2fd74a17ae87c4bf3f882f55b81515,372922185b99948dd405acc9e0d55828,delivered,2018-08-10 20:43:30,2018-08-10 20:55:24,2018-08-13 06:48:00,2018-08-16 18:28:41,2018-08-30 00:00:00
18fa032cf65a1c5c2820d16276b4741a,54c5c9dcdc6cca32b4fb425a215d39f5,delivered,2017-10-29 12:13:26,2017-10-31 19:34:36,2017-11-01 20:33:34,2017-11-08 22:52:38,2017-11-22 00:00:00
73cb429669ebb88bba7787201730c88e,17ace424038c433ea0cbcb88de1eaeb9,delivered,2017-12-06 12:38:42,2017-12-06 12:51:31,2017-12-08 00:54:50,2018-01-04 19:43:47,2018-01-04 00:00:00
341db9fcd72b3de80c6d9ee4309abacd,ddd244b741e13635a466619ab4805015,delivered,2018-01-22 21:41:47,2018-01-22 21:53:16,2018-01-24 01:28:44,2018-01-30 19:58:23,2018-03-01 00:00:00
4f1a1c6f6fbca0d084e77e3f74b37cf6,086f2e7a1b67f590d6440b35b2e7246e,delivered,2018-07-31 14:08:48,2018-08-01 02:35:12,2018-08-09 15:40:00,2018-08-17 21:18:44,2018-09-12 00:00:00
9864e42f543cd23bd3854610732d94b4,68d7fa1466056bfa867ade66120b4042,delivered,2018-01-09 11:21:46,2018-01-09 11:32:43,2018-01-22 21:13:18,2018-02-10 03:42:30,2018-02-15 00:00:00
f55dcacbda42aa97458735683d9fbb76,3d49b9dfdeac4e852719df5c71618426,delivered,2018-08-07 14:59:42,2018-08-07 15:10:23,2018-08-08 14:20:00,2018-08-17 18:28:44,2018-08-21 00:00:00
63d1268ad5a270923a280206fb76bc55,b125274701a8b2d9023dc70c2ba88b9f,delivered,2017-04-19 17:19:08,2017-04-20 17:30:20,2017-04-24 09:24:25,2017-04-27 09:52:42,2017-05-22 00:00:00
8273fd6bf6d04443265e6f244f8a6fe9,8860612bf15c90f98db7e4721101f944,delivered,2018-06-20 00:45:58,2018-06-20 01:18:51,2018-06-20 15:24:00,2018-06-27 16:58:54,2018-07-17 00:00:00
b6238a76012ed88aec12a5a12f9f5795,4c1a17f87a4dca933ba6ea42d1cd5aba,delivered,2018-07-09 16:08:36,2018-07-09 16:25:13,2018-07-10 14:09:00,2018-07-11 19:37:43,2018-07-23 00:00:00
579f768480c282c494d203cc27acc9ba,7613fffbcc653b261d2689ad77741789,delivered,2017-12-07 23:50:01,2017-12-08 00:09:38,2017-12-08 23:27:03,2017-12-13 19:58:42,2018-01-02 00:00:00
fa200e49cb5e3ae19cde414d9d9161d4,8c249a8270e7388f730eba7a657c2318,delivered,2018-08-18 15:35:12,2018-08-18 15:50:08,2018-08-20 15:29:00,2018-08-23 16:35:34,2018-09-11 00:00:00
684c3c1d1b032d52568994de2b76945c,871b9c40a3cf08219e272fe43666f18e,delivered,2017-08-20 12:01:03,2017-08-20 12:25:16,2017-08-23 20:56:04,2017-08-28 15:32:53,2017-09-22 00:00:00
74b688473b5a7667bdef6423f7508177,7a64b719c194a2438f57a7b650ce371d,delivered,2017-05-04 11:11:00,2017-05-05 02:15:37,2017-05-10 11:28:41,2017-05-19 10:18:37,2017-05-26 00:00:00
0583f502e04564cfe79eb0e4f5939729,eac5c7df93a1df2256f7b1ef0e5b9e71,delivered,2018-02-11 12:51:07,2018-02-11 13:08:46,2018-02-14 11:42:58,2018-02-28 23:17:50,2018-03-09 00:00:00
96a8d065c3f2dbde8c6ff7fae00a2f35,42808481d800a84a8cf647ef8838c6cb,delivered,2018-05-28 11:02:23,2018-05-28 11:15:21,2018-05-28 13:57:00,2018-05-29 18:08:52,2018-06-13 00:00:00
8c7304b887c62d8b229df046f90e44f4,0519861eea334b9c63211d1a02c1a484,delivered,2017-12-05 13:59:56,2017-12-05 14:31:04,2017-12-06 03:51:56,2018-01-05 13:22:39,2017-12-28 00:00:00
9b2d3a2e24dbac479d430298eb8905a6,e3ba5dc186f78dc33ea7d927d8005119,delivered,2018-04-08 17:34:27,2018-04-08 17:49:46,2018-04-09 19:09:21,2018-04-12 16:33:16,2018-05-03 00:00:00
41b64ffb924858fb0d246c1065fa426b,ad842d5f00835e547a2cc4c3867b7ebb,delivered,2018-03-18 16:35:44,2018-03-18 16:45:32,2018-03-19 17:43:23,2018-03-26 17:02:21,2018-04-12 00:00:00
ea7835f19dc6af291955d6e270d443f4,d5c70e33b26d11965027895a8e8cb748,delivered,2017-10-26 09:49:40,2017-10-26 10:07:43,2017-10-27 20:13:57,2017-11-09 15:14:49,2017-11-30 00:00:00
749238696f501c747fe013b2a5fa014c,5298ba692006f23c6eb25232fe9b2cfd,delivered,2018-02-23 11:40:03,2018-02-26 16:32:39,2018-03-01 14:39:04,2018-03-27 23:52:46,2018-03-23 00:00:00
fe9a0726757d598dc0a613f04d33cf03,a94c3c62bf1716a24b78c55c48ee1198,delivered,2018-08-18 19:39:10,2018-08-18 19:50:11,2018-08-20 14:11:00,2018-08-23 13:48:54,2018-09-14 00:00:00
90674f59a21207f91a7387785c66f340,7dcff1457b8b742e76bd5eec155d2ba9,delivered,2018-08-14 22:31:52,2018-08-15 22:44:06,2018-08-16 15:03:00,2018-08-25 19:34:48,2018-08-24 00:00:00
5f0f8a9ceb96ceb90d49907d4c14ac7e,3b9f3bfff76dedf30b3c78c732fe7a0b,delivered,2018-01-19 12:24:00,2018-01-20 12:19:13,2018-01-23 13:09:00,2018-02-06 18:32:49,2018-02-19 00:00:00
d54bea5ba90238aa83323565749538a1,10e925f935d8bfe0a9edf39378996fd7,delivered,2018-04-22 17:45:57,2018-04-24 18:33:58,2018-04-24 17:16:31,2018-05-12 18:20:56,2018-05-23 00:00:00
1d01166814be7e95f72a3c85357fca45,ffbd25299d045182eee34c9493b5adec,delivered,2018-03-05 08:53:57,2018-03-05 09:47:57,2018-03-05 18:17:30,2018-03-07 22:17:41,2018-03-21 00:00:00
f4cb34ec54f101a3e81f542b1a81eb00,ff50bfb526a535449073de25d8703718,delivered,2018-04-14 15:32:03,2018-04-17 05:35:18,2018-04-20 02:37:38,2018-05-04 16:38:31,2018-05-16 00:00:00
82d3f649aa623394cf7ad9432dd748d4,2ad4d7bf0d9891d02025ef4c28bc0cfd,delivered,2018-01-11 11:17:37,2018-01-13 02:28:25,2018-01-15 22:22:41,2018-01-18 17:45:00,2018-02-01 00:00:00
58297f23eadfb90b3aab1977f2ac8207,7ac498b03559cc1715172e77d7041bd7,delivered,2017-12-14 23:17:36,2017-12-14 23:32:52,2017-12-20 17:57:19,2018-01-08 16:48:37,2018-01-16 00:00:00
0573bd213dab1f238af912e296c83944,48a8e08cbe87ac7b90b76ff80d3df46b,delivered,2017-06-18 08:47:53,2017-06-18 08:55:17,2017-06-19 20:04:19,2017-06-28 08:56:41,2017-07-13 00:00:00
39dd6ee10ed18591bddeb83c8136dd52,fd679638cf2e396b35e20a5ed75316e1,delivered,2018-04-23 17:55:26,2018-04-24 18:47:36,2018-04-27 09:47:00,2018-05-04 20:04:59,2018-05-10 00:00:00
e661124f7936eccc5d961f2dd754f865,cd7d8f09e2df0831f3af452c2b2bfd1b,delivered,2018-08-07 14:00:01,2018-08-07 14:15:08,2018-08-08 14:59:00,2018-08-09 15:40:38,2018-08-10 00:00:00
621f567448cbf2281b22381247c491ca,7a4e8b61d5570efb155ab9bf4a0659c3,delivered,2018-02-05 21:58:08,2018-02-07 02:55:43,2018-02-07 23:04:37,2018-04-18 21:16:43,2018-03-13 00:00:00
03f4f8149c605fb477250ac94f70c0cc,966912f20c8442f872cefe072d749ce6,delivered,2017-11-24 16:33:34,2017-11-24 20:32:40,2017-11-29 18:38:02,2017-12-19 16:48:34,2017-12-21 00:00:00
968ce3e13bbc09dc91d26a2f0208d99d,4889663f71ee9ec7d63cc79b7fe776f6,shipped,2018-03-04 14:24:23,2018-03-04 14:35:33,2018-03-07 02:07:10,,2018-03-22 00:00:00
45f3c6b73e741b9f127da84371a0cd90,c6d27a74743430e10b396edcb26d7e38,delivered,2017-10-02 09:55:36,2017-10-03 04:28:24,2017-10-06 18:39:11,2017-10-19 16:36:39,2017-10-26 00:00:00
8a667bf7baec5286ad76d81facdc85e5,3c20d3e3823ba488501529f45d51b02d,delivered,2017-08-29 14:39:21,2017-08-29 14:50:16,2017-08-29 20:17:36,2017-09-05 21:47:56,2017-09-18 00:00:00
68cb8888858976265e5e4110f76574b3,9ef0e2824a0d3b6637b6f13b5485abd5,delivered,2018-04-17 15:19:13,2018-04-17 15:31:52,2018-04-18 21:40:34,2018-04-20 22:21:56,2018-05-04 00:00:00
4f851e6056e99764b563bff8fa90cd99,971c855da055149bf4a129ed983de936,delivered,2018-04-10 07:36:20,2018-04-11 14:31:24,2018-04-12 18:19:03,2018-04-13 19:01:20,2018-04-26 00:00:00
997cd0cc21c4cc23cf4b07c4f53834db,037f0855b92185d84c858adce4e714dd,delivered,2018-02-11 12:49:34,2018-02-15 03:51:36,2018-02-15 21:09:00,2018-02-23 19:29:48,2018-03-13 00:00:00
b9834f31cd639800af7f7186144695e9,5891a669860ff528415efe6678c95f53,delivered,2017-12-30 23:53:28,2017-12-31 00:31:26,2018-01-05 19:13:08,2018-01-08 16:23:04,2018-01-18 00:00:00
7516210b50a463ba7955ad0d32b9f012,cb075f8f1f97f6c54d2c2ea85336e815,delivered,2018-01-10 18:06:40,2018-01-12 02:48:19,2018-01-15 19:04:10,2018-01-26 00:18:58,2018-02-05 00:00:00
02346fd715e28d8e4fdb6893cd121f71,ccd330b2a68b43ccc7456bd7b62e679f,delivered,2017-11-08 21:08:02,2017-11-08 21:26:31,2017-11-09 23:07:47,2017-11-22 20:11:44,2017-11-28 00:00:00
d368ca1b5f6b46bdaf14b7c0cb5e40a1,2579e4414593b70a9859c330657e6120,delivered,2017-08-20 19:32:32,2017-08-21 19:35:35,2017-08-25 19:47:42,2017-09-02 15:29:02,2017-09-21 00:00:00
2788c37316cfd96e71107c07b22454c5,2992d82866eeba001e7a1099e552ce53,delivered,2018-03-08 16:46:29,2018-03-08 17:40:29,2018-03-10 00:04:14,2018-04-03 20:14:41,2018-03-29 00:00:00
1f9dfc58c0cc9cd0436629cbcd7fb639,2c197bd27c38b48fe0dc6951d7c48f96,delivered,2017-05-13 11:19:20,2017-05-13 11:30:17,2017-05-15 09:17:23,2017-05-19 11:26:07,2017-06-02 00:00:00
98509cb0716e6b8b252e0dcb05b2e481,14f19cd312c81ec701cd8952871b02af,delivered,2018-04-11 16:55:26,2018-04-11 17:10:59,2018-04-12 18:23:42,2018-04-13 18:38:23,2018-04-27 00:00:00
214cc0f5b3a0461874dbbc915258bb54,bb0a7e8931e8e578f7bee85722bf921f,delivered,2018-06-16 17:02:59,2018-06-17 17:12:31,2018-06-19 12:28:00,2018-06-22 14:11:41,2018-07-12 00:00:00
1313a242a48f98101da4d48b310bf517,37779cec31bdca64306eafe2b5aa7e28,delivered,2017-10-16 15:39:02,2017-10-16 16:20:41,2017-10-17 19:25:34,2017-10-25 11:09:28,2017-11-08 00:00:00
47252c5b9ec88c714460e3e34fb08d5d,e8f957324bc3abb0d6af1642f06d3476,delivered,2018-06-11 12:48:52,2018-06-12 09:37:25,2018-06-11 14:49:00,2018-06-22 19:48:30,2018-06-28 00:00:00
38edd38dc17b36d7fd7554100453f1bd,44e09b2bffa224531befe9482a608f58,delivered,2018-02-16 10:35:05,2018-02-16 11:20:28,2018-02-16 22:55:56,2018-03-27 02:48:34,2018-03-15 00:00:00
0a53c1150d1019fb4e5e6224e887011f,26fc7e710ec9bba533f8967e60f2cc5d,delivered,2018-04-18 21:22:49,2018-04-18 21:50:50,2018-05-02 15:43:00,2018-05-04 15:22:06,2018-05-02 00:00:00
a2f4de10fceff6c008efd19d2b99725f,b66217448555073a1804c56d701fa4e1,delivered,2018-08-11 11:48:41,2018-08-11 12:04:28,2018-08-13 15:09:00,2018-08-15 17:48:37,2018-08-20 00:00:00
f2371429f5b226299bc9410009b465b2,0ab856797ba53f52538307a0b746c1cd,delivered,2018-04-30 10:12:26,2018-05-01 05:54:52,2018-05-02 15:15:00,2018-05-08 21:18:46,2018-05-25 00:00:00
26bcf76706fd675a268ba2cf63119270,1137d475838377849d917c784c1f21ad,delivered,2018-03-21 13:33:51,2018-03-21 13:48:12,2018-03-22 21:22:50,2018-04-02 13:05:35,2018-04-09 00:00:00
6dddec4ff6cf5567af3fe54023e28500,fc9338669f6991ca326f7b892001d021,delivered,2017-05-30 23:27:47,2017-05-30 23:35:18,2017-05-31 10:46:53,2017-06-05 15:22:08,2017-06-22 00:00:00
f014aa85d8f495d824d120e9035faacb,045b31c2888ad0ee254e1387e410ee89,delivered,2018-04-07 12:07:04,2018-04-07 12:28:17,2018-04-09 23:08:47,2018-04-11 16:26:31,2018-04-19 00:00:00
09f86b7099faeb6a9d85623c5dba9665,54da6f5f969bb4601f0d78611694232e,delivered,2017-02-08 22:12:14,2017-02-08 22:23:27,2017-02-09 15:34:20,2017-03-08 13:56:01,2017-03-13 00:00:00
31ea9af161fd3c77c3c621aa178bcb34,9381a17913f55392171d9e4604289cf0,delivered,2018-02-03 02:53:02,2018-02-03 03:10:35,2018-02-05 19:48:29,2018-02-16 19:58:44,2018-03-05 00:00:00
6561b237241a2fbd514d45440cd1b349,7b63a8b875b1f72f1a796fca5dc7be1b,delivered,2017-02-05 13:00:58,2017-02-07 03:55:28,2017-02-07 15:22:14,2017-02-21 13:04:06,2017-03-03 00:00:00
40bf8d4d61d22711253ecc21d0a2e442,a45aea2d812b88b18d3b5a84fae5a3a9,delivered,2017-03-06 12:47:59,2017-03-06 13:15:14,2017-03-07 11:36:13,2017-03-13 08:32:20,2017-03-29 00:00:00
6192bdc9139ad21eb4e63055f1a7c8ce,aefdc01b9a9038b0a534f5442de46956,delivered,2017-07-16 21:22:36,2017-07-16 21:30:14,2017-07-17 22:05:33,2017-07-24 20:57:47,2017-08-09 00:00:00
456f9f06a58b9d22e98d54aeae391575,8f1b2512b7fa877db77f4bb3fcbc5c1d,delivered,2018-08-08 19:19:54,2018-08-08 19:35:14,2018-08-09 11:24:00,2018-08-14 17:14:33,2018-08-21 00:00:00
3ac0f5a50ede5981b44f30306bb853fb,2fa0203e3d4f0dfac0f2f3f1f07263c2,delivered,2018-01-25 16:22:26,2018-01-25 16:34:58,2018-01-26 16:05:54,2018-02-01 00:06:01,2018-02-26 00:00:00
190c71c36bb25e9a85f3a53291e475a3,5d2b9a7a9bdbe47b86f680434ea11930,delivered,2017-05-22 19:33:26,2017-05-22 19:45:12,2017-05-23 10:19:31,2017-05-25 10:29:35,2017-06-02 00:00:00
fdcb642c8ac047b33f64d32c79a62833,610f269aad3886c64ef236594d6155b3,delivered,2017-12-16 15:09:21,2017-12-16 15:19:32,2017-12-19 17:13:41,2018-01-04 14:57:21,2018-01-22 00:00:00
7182a10886eba11ded33e2656379e6d1,030132d171907b3b3c813909fb0cac90,delivered,2018-03-26 08:30:55,2018-03-26 08:48:09,2018-03-27 18:42:53,2018-04-10 15:43:29,2018-04-13 00:00:00
b83f87939464fd2df0c244550e184e5a,4c13421bd28e889484201164059e6df7,delivered,2017-06-27 11:58:13,2017-06-28 02:25:24,2017-06-28 13:39:43,2017-07-03 18:04:03,2017-07-17 00:00:00
1d50a1ce4cf6a22155891f66fb4117b0,1be4dacc77876796a16fe15cb714f4ab,delivered,2017-11-24 21:36:30,2017-11-25 03:51:45,2017-11-28 16:46:59,2017-12-27 15:12:19,2017-12-27 00:00:00
c915c070ee2f91af30208cd30cd0dee0,2ff074b1dbce2bc816bf81c3c820ba5c,delivered,2017-04-11 12:59:03,2017-04-11 13:10:19,2017-04-11 17:19:00,2017-04-19 13:22:46,2017-05-03 00:00:00
d30523a4766e8ea7e59ce35203bb73e4,23d54747fa4cdd07545f1612a7fa6927,delivered,2018-06-11 17:02:54,2018-06-11 17:38:26,2018-06-12 10:24:00,2018-06-21 19:08:43,2018-07-16 00:00:00
86f9158c646801ca3b16b26373ba78da,d1ed3fa617ded724a9f890f079bc29ec,delivered,2017-05-03 14:24:02,2017-05-03 14:35:26,2017-05-09 09:06:08,2017-05-24 18:37:42,2017-06-12 00:00:00
4f586e2756d31db4f5d770d170dd51ae,9b7822c67a91b431e9254007b587214d,delivered,2018-05-01 20:45:44,2018-05-01 21:12:28,2018-05-03 15:05:00,2018-05-11 11:42:03,2018-05-29 00:00:00
ce8002e30a866ae23c03293b8d2d14e6,9e4c6b74c3c86a81e59c2c675b52d238,shipped,2018-04-25 09:59:50,2018-04-25 10:15:15,2018-05-10 09:28:00,,2018-05-30 00:00:00
98b736865640a09748dfa712c907b68d,1c9b6c0b6dd182d22114cebfb353d8a0,shipped,2017-04-10 13:09:48,2017-04-10 13:22:27,2017-04-11 06:59:57,,2017-05-04 00:00:00
a5b275ada51fc66b482047f159e215a4,c22185cc433907f06f04cd2663179e18,delivered,2017-03-24 21:42:11,2017-03-24 21:55:16,2017-03-28 08:43:06,2017-04-06 12:34:30,2017-04-28 00:00:00
85be7c94bcd3f908fc877157ee21f755,54b307e9a6121f572faef4f220fbac3a,delivered,2017-09-21 22:00:36,2017-09-21 22:48:00,2017-09-22 17:59:49,2017-09-26 19:27:37,2017-10-13 00:00:00
9f226854839600f3e70c4faeb94e8790,bd075a9e60df7474943e430c2f5f61f5,delivered,2017-11-22 11:30:11,2017-11-22 11:47:54,2017-11-23 21:54:39,2017-11-30 15:41:49,2017-12-12 00:00:00
f52ec1996d054ab03ddef4968ff41fa5,93c43171fb6570c1c278167d386a5db6,delivered,2018-08-12 15:13:40,2018-08-12 15:25:19,2018-08-13 14:34:00,2018-08-17 19:18:24,2018-08-30 00:00:00
19421ea168a928851f0b465bfbcea60d,d55f7f8407616bc05b915b7a6561177f,delivered,2017-03-07 21:47:13,2017-03-07 21:55:27,2017-03-13 09:31:25,2017-03-17 13:59:48,2017-04-04 00:00:00
53e0f6555268ce0f38604a0e81e774b3,59e134fe4b52bcaac2a9c6458d37ab1c,delivered,2018-07-10 19:51:24,2018-07-12 03:06:12,2018-07-12 19:46:00,2018-07-24 16:51:23,2018-08-06 00:00:00
626f6424e635c6341bfddf7d53bf3746,f85444670597b08b2c8a44beda3d72db,delivered,2018-01-21 21:30:56,2018-01-22 14:00:30,2018-01-24 19:10:03,2018-02-06 20:07:41,2018-02-21 00:00:00
3081ddf6e7c6afa4e4124e7882486fcd,3a6cd46a9e28dace3c4f72bec2b7b2fd,delivered,2017-05-31 11:38:50,2017-06-01 11:45:18,2017-06-07 12:36:24,2017-06-22 15:07:44,2017-07-06 00:00:00
ca2c48ff635d7bd831194de9207ca62d,22688d19d082732ac2ba2cb6f3e6b21e,delivered,2017-12-19 13:04:39,2017-12-19 13:42:58,2017-12-21 00:52:52,2017-12-28 19:42:51,2018-01-12 00:00:00
63566db60bbeb077e5d7c18411674b8b,0295853908b4ba8c84a8e8b550eef3a1,delivered,2018-08-06 13:44:16,2018-08-06 14:04:25,2018-08-08 14:19:00,2018-08-16 21:45:20,2018-09-06 00:00:00
8bbc0e9b5ac010d6a9b8d76570cd20c4,269ebe5042123ff1dfbfc95d52eae825,delivered,2018-02-11 19:10:14,2018-02-11 19:28:07,2018-02-21 10:18:45,2018-03-06 23:44:56,2018-03-16 00:00:00
903c880841c9b1af32d6d086b9763133,e3a0c6f366f4c42aa1ec172813c88492,delivered,2017-01-25 00:47:25,2017-01-25 00:55:44,2017-01-25 15:50:43,2017-01-30 11:44:26,2017-02-20 00:00:00
868368a37fa61f7147c73d271f0f7d81,c0f69e5b64bd59d051167278a16b1362,delivered,2018-01-11 19:54:27,2018-01-11 20:07:28,2018-01-15 17:59:20,2018-01-27 14:25:09,2018-02-06 00:00:00
363298a11fe308fc97c376a8a9707a2b,94ed00e154e845ce2950839d35b0e196,invoiced,2018-05-19 19:12:08,2018-05-20 19:10:36,,,2018-06-22 00:00:00
d95fe33125690d67196ca4e9b56eee2e,85c3e565ce3826154c5cfb9821d6cf6c,delivered,2018-03-18 11:49:17,2018-03-18 12:08:11,2018-03-19 17:16:52,2018-03-29 23:05:32,2018-04-18 00:00:00
1f93b86e99f08972d9d0fe0757d8c6b3,31a7aefc17185fc66a3bd6b76a7fd467,delivered,2018-03-13 20:07:04,2018-03-14 03:48:17,2018-03-14 19:27:21,2018-04-04 19:58:51,2018-04-02 00:00:00
0115f8bb1dc16d3fac863ce1deb037b6,17ec3674dce86b3240e0a333cc51112e,delivered,2017-06-30 19:13:15,2017-06-30 19:25:18,2017-07-03 11:59:40,2017-07-07 17:12:36,2017-07-21 00:00:00
1dfbad39bdbdc81e1419b9e1972cff46,3050472410c271b388c03236d0bc6e75,delivered,2018-07-14 16:09:40,2018-07-14 16:23:56,2018-07-17 14:16:00,2018-07-24 14:56:50,2018-08-17 00:00:00
d4126c989370101ec1b96733f4adfe79,7c59cfefe5ae2b8d96ad4c09c3126faf,delivered,2018-07-27 10:20:56,2018-07-27 10:35:18,2018-07-27 14:03:00,2018-08-02 15:46:52,2018-08-08 00:00:00
ebfb1b4991e29d9c1ed373ee9aac10ac,d359f83ac017550fefc8ef86e4a03911,delivered,2017-11-28 14:01:46,2017-11-28 14:20:07,2017-12-04 16:59:46,2017-12-13 15:21:50,2017-12-21 00:00:00
43f1e09fdc2d9408219725438e09622f,2019141aafc9ca97502315c6c732652c,delivered,2017-08-13 12:18:00,2017-08-15 03:45:29,2017-08-17 20:43:27,2017-08-18 19:22:14,2017-08-25 00:00:00
c01a70853733229479ca41a44c99b5fe,ede05252ae49fbbe385bbe41aba396ce,delivered,2018-07-24 14:31:29,2018-07-24 14:44:28,2018-07-24 15:02:00,2018-07-26 22:20:44,2018-08-08 00:00:00
3735a11cbccd8916dbc9ccf5f671cc2c,47132669a97ed8d24702c0f8a51a91bf,delivered,2017-08-27 07:43:57,2017-08-27 07:55:17,2017-08-30 20:46:48,2017-09-01 18:32:17,2017-09-19 00:00:00
0f0da37d4b99bfd602829ae5992b2d57,d5143b89d2bad5d3174eca1a2dd23b91,delivered,2017-05-26 10:43:29,2017-05-26 10:55:09,2017-05-26 11:49:36,2017-06-06 14:57:42,2017-06-20 00:00:00
7b78cc6982a3e84c736e54249ed7612c,396f0d7e58d965bbf8dc3d6c451b6ac9,delivered,2018-07-27 16:50:27,2018-07-27 17:04:35,2018-08-01 14:12:00,2018-08-04 16:33:36,2018-08-29 00:00:00
8608b68211e2b6a120ff2e767285e069,473c77cd60d911e3b6d30859b4acf7ec,delivered,2017-09-18 20:11:16,2017-09-18 20:25:12,2017-09-20 20:50:00,2017-09-28 19:19:10,2017-10-24 00:00:00
abef8b5d0f7fa066c7473db7d650c870,2ed1b5c01561bcf39cc2f1566a8ac9f1,delivered,2017-01-16 13:17:46,2017-01-18 09:35:19,2017-01-20 11:00:39,2017-01-25 08:43:39,2017-02-14 00:00:00
40f22b552ee940dd1c4c37d90ff60808,3708436707d3e9281c643cfaf9b8d291,delivered,2017-06-29 12:02:32,2017-06-29 12:10:21,2017-07-04 16:21:36,2017-07-05 10:49:46,2017-07-12 00:00:00
a92cfc44e62b26e5bda2aeb39b0e0217,b6d6fadbee4df0e3c0aab81a046124a6,delivered,2018-03-28 13:14:26,2018-03-28 13:28:14,2018-03-29 23:12:55,2018-04-18 18:42:02,2018-04-26 00:00:00
8998e5470215f07da1f2529b486d0416,afce25a8c7e74305b67647127e1ca22c,delivered,2018-02-15 20:52:29,2018-02-15 21:06:38,2018-02-16 17:38:36,2018-02-28 23:19:54,2018-03-12 00:00:00
3d5b009657b66f53072a0c50aae31aaa,8308d885fcafa1e2ca6798101a8d4af5,delivered,2017-05-01 15:40:03,2017-05-03 11:35:59,2017-05-03 14:21:27,2017-05-09 15:29:43,2017-05-25 00:00:00
b59976950624cdf5b8be6b9fddcb2460,8fa1188232c7e51082b4786190ac3e38,delivered,2018-05-30 18:42:21,2018-05-30 18:55:50,2018-06-04 06:50:00,2018-06-07 20:41:43,2018-07-05 00:00:00
ab348b95012031ab6a86594395ad47e1,678d20542c7e73359dbe7f13acd6a4f1,delivered,2018-08-10 19:53:00,2018-08-10 20:05:22,2018-08-16 11:38:00,2018-08-18 00:21:14,2018-08-16 00:00:00
22648d496637318d8713a49b4e628a87,421c2ebe259018dbc12a45e720840b6b,delivered,2018-07-30 13:55:11,2018-08-01 16:31:32,2018-07-31 14:07:00,2018-08-02 19:47:49,2018-08-09 00:00:00
48cf133bab6e70fec7896820b325dc9b,f6db95631c0bad789edde606121bca76,delivered,2017-11-27 16:38:04,2017-11-27 16:50:30,2017-11-28 19:18:51,2018-01-10 17:11:27,2017-12-21 00:00:00
03167be79e12e9d70dc67d864eea2300,75ea3b206fb4890d3247a0afb3cd9f37,delivered,2017-12-07 21:32:35,2017-12-07 21:50:37,2017-12-11 18:33:30,2017-12-13 21:18:49,2017-12-28 00:00:00
866968d6a38b907a312ffddbe6287d8e,963aad8750ffca2b194092e8d0dc5aaf,delivered,2017-04-15 09:41:35,2017-04-15 09:55:09,2017-04-18 15:09:26,2017-04-20 14:33:48,2017-05-08 00:00:00
aea5a3457f531f97bc2b4a7cccbc1275,72e52fa2842a1f436977fd4a332dc199,delivered,2018-08-17 19:10:14,2018-08-17 19:30:10,2018-08-20 14:31:00,2018-08-27 15:29:03,2018-09-06 00:00:00
b1737a1ef657350ee5e90c4035ad2aeb,69d4bf26c29d3e86be7ab9126b9a7e4d,delivered,2018-07-25 22:53:40,2018-07-25 23:05:18,2018-07-27 08:55:00,2018-08-02 17:51:39,2018-08-30 00:00:00
22085be04a775c3ed4245c35bd9f822f,7675279aa67fc4800dd667d60cc92713,delivered,2018-05-22 10:25:52,2018-05-22 17:15:27,2018-05-23 13:37:00,2018-06-04 15:38:46,2018-06-08 00:00:00
63d38b040204b98309d72e69123de250,5f76c3d42d2be19133cbeb10a8dc9c30,delivered,2018-03-16 11:28:39,2018-03-17 02:45:36,2018-03-19 22:22:29,2018-04-19 19:28:27,2018-04-11 00:00:00
3ca220335d57d2c3accc9bb4816d7035,e9e093a7e4b653393bf9baa6ba895fe6,delivered,2018-03-28 20:35:54,2018-03-28 20:50:15,2018-04-09 23:23:23,2018-05-08 15:03:34,2018-04-20 00:00:00
393e604943de623d0c4d474259214378,10bb4c6dde360660c6c9c841cb172580,shipped,2018-02-23 13:07:38,2018-02-23 13:29:37,2018-02-28 22:14:16,,2018-04-03 00:00:00
d8e17d5f7dacf0970d316e7c03e741e8,00765aebd8e20a9a8aa8c28d0099a938,delivered,2017-07-19 19:37:19,2017-07-19 19:50:19,2017-07-21 12:17:29,2017-07-24 19:49:37,2017-08-04 00:00:00
ed9ddf13b205161d8ca32de15a50a5c7,0c6402878bcf4a5a361d9008210101d4,delivered,2017-12-03 19:38:53,2017-12-05 04:17:40,2017-12-05 14:52:37,2017-12-19 20:38:23,2017-12-27 00:00:00
281a4e1ef3ab9d256027ddd2db90c762,48fe0a56997c0eaac6fa6f50fc9d8020,delivered,2017-01-27 14:59:18,2017-01-27 15:30:56,2017-01-31 15:07:35,2017-02-02 20:07:49,2017-03-06 00:00:00
fd3d5d5f83a8dc51d0acbca416b5e7b6,c458c4ffe58158d0ea839472b03caa02,delivered,2018-04-23 18:11:37,2018-04-24 18:56:43,2018-04-25 14:41:00,2018-05-11 22:33:10,2018-05-21 00:00:00
27a90e8052f7030cbb1c892d8e59542e,c56940eec5b36f84fda82f05aa520e7f,delivered,2018-06-09 18:07:31,2018-06-09 18:19:02,2018-06-11 14:31:00,2018-06-12 21:24:45,2018-06-29 00:00:00
2aa34343b80af35eb485d6511edf7a1d,190a654dff9117bfb0b69bbe3f5d581b,delivered,2018-07-07 08:45:00,2018-07-07 10:15:25,2018-07-10 15:16:00,2018-07-20 17:51:33,2018-07-31 00:00:00
b0824d7e22fb8f487be1f22753268ce2,e35f79caa4703bd0fcdf2ac0a9b0a23e,delivered,2018-01-20 23:58:24,2018-01-21 05:09:51,2018-01-23 11:02:37,2018-02-22 21:13:44,2018-02-22 00:00:00
37cc3389217eea1a2c533e2314052c32,020bc050aac2baa5e0d1b4ad091ef35a,delivered,2018-03-21 11:02:28,2018-03-21 11:15:35,2018-03-21 20:48:24,2018-04-05 19:29:47,2018-04-17 00:00:00
f7cc115bdf4af94acf9b6da346ee1c88,f52778cec7c76551b704ecfd145d8ac5,delivered,2018-05-24 21:00:27,2018-05-25 02:55:01,2018-05-25 15:35:00,2018-06-06 16:50:32,2018-07-12 00:00:00
191fb3bcee4d4df8099e3f29d9ff8197,f8796d13691eedf993154321a5798732,delivered,2017-05-22 13:35:29,2017-05-23 04:10:24,2017-05-23 15:29:51,2017-06-17 10:33:28,2017-06-20 00:00:00
b3b4094d535004ba0ef19c96ba6dfd11,7fab87c1778bff3566834e0a48fff0b9,delivered,2018-03-29 15:40:05,2018-03-29 16:35:27,2018-04-02 23:31:45,2018-04-10 18:05:13,2018-05-02 00:00:00
367d3cae768c0b4e7a9aad6ba7bd31db,0aee8a6ccf2eafc62eb7beaaa47f4bbf,delivered,2017-08-17 10:20:56,2017-08-17 10:35:14,2017-08-22 17:06:31,2017-08-29 15:43:37,2017-09-12 00:00:00
53cc826fc95813b674969ef042406273,7f210db3cc1abe29d89c10ab8f75331e,delivered,2018-02-17 17:55:44,2018-02-17 18:10:21,2018-02-20 02:56:55,2018-02-21 21:43:17,2018-03-07 00:00:00
a4be9e3217c93eafb1f1940efb4a9cf6,d9ca2fa81c552b948ce9fc0bf552d307,delivered,2017-12-10 22:14:38,2017-12-10 23:09:40,2017-12-11 20:23:03,2017-12-20 20:53:55,2018-01-10 00:00:00
868d2668d3bff66258de12631b298034,5aca54e53eab097bf761383641913a4c,delivered,2017-09-25 17:07:00,2017-09-27 03:07:20,2017-09-28 17:26:10,2017-10-05 21:29:02,2017-10-17 00:00:00
2824dbb32a0701afe0730559fbbd6513,23b40690dff585bfde5cb80fdc6b8161,delivered,2017-12-12 09:36:27,2017-12-12 10:35:29,2017-12-13 22:16:40,2017-12-15 19:26:34,2018-01-05 00:00:00
02a9c0d24428f373731752bcc9719ebe,2d99f1ab585a5ca8c2d77dd6fa57eae4,delivered,2017-06-11 11:00:52,2017-06-11 11:10:21,2017-06-13 11:14:06,2017-07-13 14:13:39,2017-07-04 00:00:00
4bf603cde1e3f217c4f534a43c79f36a,3745f821304d2d872da468c124e48b3e,delivered,2018-01-28 12:23:34,2018-01-28 12:40:04,2018-01-30 13:06:38,2018-02-06 17:12:14,2018-02-23 00:00:00
ac2a908690e426e5105a42ead9dfd2b7,dbfad0a53ac126e84b2de23ed0f5b7c6,delivered,2017-06-19 08:57:29,2017-06-19 09:10:12,2017-07-04 14:13:37,2017-07-19 21:19:52,2017-07-21 00:00:00
8867156d46ee1ee4342aac2b072b300f,56193005c66b353063ef884af203336e,delivered,2018-04-13 13:09:06,2018-04-14 02:30:46,2018-04-17 13:28:31,2018-04-26 20:54:56,2018-05-14 00:00:00
fe421e7d38d622aedc8ca97d58771ea6,9bf5b0d90ce42a8216c828b07d44b528,delivered,2017-04-22 08:49:09,2017-04-22 08:55:13,2017-04-24 12:38:51,2017-05-15 12:08:01,2017-05-19 00:00:00
167a89d17687b40764e54424ec1f9afd,d7c23f3d2589891ae50aae3af800311b,delivered,2018-05-26 11:42:30,2018-05-26 11:50:59,2018-05-28 13:00:00,2018-06-15 16:35:31,2018-07-11 00:00:00
f5c779fe97ca0728706f50c0de89a2d6,e93aea8cca84e40324d6bfde3c874fa4,delivered,2018-04-27 16:09:58,2018-04-28 11:33:30,2018-05-02 16:26:00,2018-05-03 23:05:36,2018-05-15 00:00:00
7af8cc0ff9ec1dcbdf0880dac7cba603,4c89fdd6c3fa79bd2f7383da05475f81,delivered,2018-03-16 14:45:05,2018-03-17 02:50:40,2018-03-21 23:48:31,2018-04-05 15:06:42,2018-04-05 00:00:00
f47a74b9a5df7793d947d2dce26234f9,f98590a2e2162bea2b5b9e79de67c289,delivered,2017-10-20 14:23:34,2017-10-24 03:25:34,2017-10-25 18:49:35,2017-11-01 20:16:52,2017-11-09 00:00:00
34713a7c57fc2cc3f40a0ed057046b70,bc0dea402af6cd7df719ce27f6783303,delivered,2017-11-10 13:17:00,2017-11-10 13:31:11,2017-11-16 17:07:24,2017-11-23 22:28:43,2017-12-05 00:00:00
4b73c0e7ff2959acc87faf89631f9943,0651e411f128c0cf8b813b7c133ace0f,delivered,2018-08-21 08:13:38,2018-08-21 08:30:06,2018-08-21 13:51:00,2018-08-22 18:32:49,2018-08-27 00:00:00
51879b7474407f56048b6c36cc3e263c,82141426f5565b47a8b8433342024da7,delivered,2018-07-25 21:44:59,2018-07-25 22:15:07,2018-07-26 11:12:00,2018-08-20 11:52:13,2018-08-08 00:00:00
b8795e01eda8fcba56bfad837fa68d92,4fcc62d157765c0af28cae95c4ec6b30,delivered,2017-04-05 11:10:40,2017-04-07 03:23:04,2017-04-11 16:14:59,2017-04-17 13:40:04,2017-04-26 00:00:00
cf6af03cfe2aa7ce2b23c2b77c1ff722,e9c40158510e4577046c6a0b4a11538c,delivered,2018-06-26 16:47:10,2018-06-26 17:18:12,2018-06-27 11:29:00,2018-07-05 17:46:23,2018-07-26 00:00:00
1a44130317893c48ad015ed3ce2017e0,d9920d85853e1d9d0b661b1f71bc7ac3,delivered,2018-04-28 17:26:21,2018-04-28 21:10:58,2018-04-30 13:14:00,2018-05-11 20:36:44,2018-05-25 00:00:00
ae022df91338bf0b68f5d5f179ad8492,508437bb0cca48a51e05222a64a2b432,delivered,2018-08-03 15:48:08,2018-08-03 16:04:13,2018-08-06 12:47:00,2018-08-13 18:41:44,2018-08-30 00:00:00
64065ff7503353586b3dacf9aec56ae7,954e58351016ce296c9b714dad1c5d76,delivered,2018-01-06 20:38:07,2018-01-06 20:48:21,2018-01-10 18:37:21,2018-01-18 11:56:56,2018-02-09 00:00:00
5f6e8cf3a5b3483cae7889fc3f452e4c,15d3d11aa10e41016259565bc121004b,delivered,2017-08-23 18:17:10,2017-08-23 18:30:14,2017-08-24 18:39:09,2017-09-04 15:27:54,2017-09-19 00:00:00
248b0e94f86d91bf3538c663bb08846c,2d4b23d6d122d97cb32831c8cf0b3f15,delivered,2018-03-02 09:18:55,2018-03-02 10:00:28,2018-03-02 22:46:38,2018-03-23 17:08:37,2018-03-26 00:00:00
8855d9953624485990826e20fc9fc2e1,327833ddd43a3952b221f5b766739851,delivered,2018-07-28 17:55:27,2018-07-31 03:50:29,2018-07-31 12:58:00,2018-08-03 21:36:50,2018-08-20 00:00:00
bd772d39b54bb1d71b63a7e1c1c8304b,245d1d468d7769a84760d0fdcf770137,delivered,2018-01-30 21:06:30,2018-02-01 02:56:49,2018-02-02 16:58:54,2018-02-22 19:55:47,2018-03-07 00:00:00
43f32db0dedd975e294e98ce23b24661,1217bf0350d846210fecc72bfa663ce1,delivered,2018-05-11 17:08:52,2018-05-15 04:12:22,2018-05-16 13:24:00,2018-05-21 22:47:46,2018-05-28 00:00:00
cede6783681ee6ca1c00eb85d602ead4,47d0c23e290eef04ba210fc4ef687691,delivered,2018-08-16 00:46:24,2018-08-17 03:15:21,2018-08-20 09:27:00,2018-08-24 16:58:44,2018-09-03 00:00:00
e9d424615d8805614e254bf5c170bef8,102a23c6841127cf625296ef67d5f79c,delivered,2017-07-05 21:32:47,2017-07-05 21:43:26,2017-07-07 13:09:04,2017-07-15 12:03:02,2017-07-31 00:00:00
28c1a3d568f61625f9e85245db020568,d99f8b1e9ab4bd423659a3fc04bc4e05,delivered,2017-03-24 10:57:40,2017-03-24 11:05:27,2017-03-27 14:19:53,2017-04-05 14:36:43,2017-04-25 00:00:00
a198770e8161a0593a4acdbd70b6681a,f3639d5ac79b87a62d0e0829e46928c4,delivered,2017-12-06 00:06:51,2017-12-06 00:18:32,2017-12-08 19:42:31,2017-12-22 00:37:11,2018-01-02 00:00:00
346c7fbe1745d3fc2a5012e93d121652,f6e11ac509cd8cb560fba84ed1e35304,delivered,2018-06-27 13:04:53,2018-06-28 02:15:41,2018-06-28 14:07:00,2018-07-12 23:24:41,2018-07-25 00:00:00
13ca758b93a2298b4571f97a8a97e3e5,f6a6b6537e91cdb94efd469d48d78690,delivered,2018-01-15 17:03:23,2018-01-16 03:40:05,2018-02-05 18:50:01,2018-02-06 15:56:54,2018-02-09 00:00:00
f2076489cb09f9d0f11c6a524022fad8,e6c8c89d3ddde215c157724927e7c5f1,delivered,2018-01-11 20:01:08,2018-01-11 20:30:46,2018-01-13 02:55:56,2018-01-18 20:08:16,2018-02-05 00:00:00
8ce6770545bab77f107a0b67da55fe7f,ef8a5aad3ebe3ec27cfd69d5617c5c1a,delivered,2018-01-15 10:48:10,2018-01-15 10:57:19,2018-01-16 00:57:52,2018-01-19 19:12:09,2018-02-07 00:00:00
de86df6ab3b291975266e6ebf8da2bf3,dc4f5706be870acda3bb46094e505062,delivered,2017-03-05 09:56:06,2017-03-05 10:05:19,2017-03-06 10:08:39,2017-03-13 08:29:53,2017-03-29 00:00:00
d3d00f8dbea1b9d5ef529fbf674c9a58,29a5c63da0bab501e5166734eb7cdf4c,delivered,2018-04-30 21:00:40,2018-05-01 03:15:44,2018-05-02 14:47:00,2018-05-07 14:12:06,2018-05-21 00:00:00
06c1184eaca6e3877347f38cfe926100,beefbb3f515fb4ae5c3b4822f9e880ea,delivered,2017-11-28 19:29:11,2017-11-28 20:30:38,2017-12-12 16:42:43,2017-12-14 20:57:11,2017-12-12 00:00:00
a96ff70398f289756fde50d1e0ed62bb,dc209078aac879d81cb29627ce96863d,delivered,2018-07-19 13:23:42,2018-07-19 13:42:57,2018-07-24 08:30:00,2018-07-31 03:46:57,2018-08-31 00:00:00
87ebcd73de7c03e3ba13f9e9466c15c5,ac0c70558ae1452173d95bc72556d99d,delivered,2018-08-13 16:23:13,2018-08-13 16:35:21,2018-08-14 14:05:00,2018-08-30 22:35:51,2018-09-18 00:00:00
8caf289ab5d7e3ec7b4522aa22dabbec,dca1d784fd6b8dd1f223bb76482fa053,canceled,2018-02-14 10:37:17,2018-02-14 10:50:27,2018-02-17 00:04:14,,2018-03-07 00:00:00
e2a6b0a5726eb784ad4d8281e02ff025,cf7ce922150eda8741cc086fa1ba721b,delivered,2017-06-26 14:49:41,2017-06-27 04:23:12,2017-06-27 13:05:02,2017-06-29 16:57:40,2017-07-11 00:00:00
fe4275936c291c453f09fad434e6b3d2,c83c1715a135347d7342686585a2b080,delivered,2018-01-29 21:46:35,2018-02-03 23:31:47,2018-01-31 20:39:40,2018-02-23 18:06:02,2018-03-05 00:00:00
25ef8d6057a60c24d6ccd6fe6c5a8633,4f8260c7e20264779c7be6a507d28a87,delivered,2018-04-16 16:44:16,2018-04-16 17:34:16,2018-04-18 15:33:03,2018-04-23 22:24:51,2018-05-14 00:00:00
9cd4acec394235fdf417882afb629ae6,ec862d3ecc84eb50ec17e5c261d55088,delivered,2017-06-30 11:11:04,2017-06-30 11:23:43,2017-07-05 12:29:55,2017-07-10 18:47:51,2017-07-28 00:00:00
44a69f8dbbaad732136d9575edb10295,43af39a59de7efb1a6eaea5cfa1b099e,delivered,2017-03-01 14:10:25,2017-03-01 14:25:09,2017-03-03 14:24:04,2017-03-10 06:09:04,2017-03-20 00:00:00
a78a401e218732db3fd0ac73befe4973,c4144aa564aa4b24b96fc0c7abbcbdd1,delivered,2017-11-27 12:30:30,2017-11-27 12:39:22,2017-11-28 19:58:39,2017-12-05 16:14:57,2017-12-15 00:00:00
0d5a676d302e3fd20182bd158cde4371,c2640db8a9066c36b353784500821c57,canceled,2017-11-29 00:05:15,2017-12-01 11:32:19,,,2017-12-13 00:00:00
435776d6cb482a197e1300c0d7ec2312,a4fb7ce5087d905e34e3b4bc216b6148,delivered,2017-03-25 13:53:36,2017-03-26 14:02:16,2017-03-28 14:27:19,2017-04-18 11:38:10,2017-05-02 00:00:00
26a6d863d24d0d5bc79e4cfa85ebf566,ce4e4cd67d44364a45427521da9c03c5,delivered,2018-08-21 22:47:29,2018-08-22 22:45:07,2018-08-23 13:40:00,2018-08-27 19:40:44,2018-09-03 00:00:00
92a5191ba977547e2cd844d5140c63f1,eba5d9240fe1c10851a9653595f90674,delivered,2018-02-16 19:10:37,2018-02-16 19:27:14,2018-02-19 20:59:27,2018-02-22 20:48:47,2018-03-15 00:00:00
369d712be6f3792951adcc38c6762157,b39c1c64b6f3e8a4e3373b37990b6614,delivered,2018-08-22 02:31:38,2018-08-22 02:45:08,2018-08-22 11:57:00,2018-08-23 22:28:51,2018-08-30 00:00:00
074054ad3d2e5ee3fc6f098d06f321f9,ab6de5519f65c4dd2757858039d7748d,delivered,2018-01-23 23:24:25,2018-01-23 23:34:10,2018-01-24 19:18:40,2018-02-07 10:04:51,2018-02-15 00:00:00
7beb8dfe9d03e7b0b7d7b811842a0fc0,781d3b0a052f4b0b790138d3cda4f1b0,delivered,2017-04-29 23:36:31,2017-04-29 23:45:12,2017-05-04 15:56:16,2017-05-15 11:36:19,2017-05-31 00:00:00
861c1e37638360f0b8662592bc56f3e5,9a8cdb558b4a01fe8db50c413c649666,delivered,2017-12-18 22:22:16,2017-12-18 23:19:23,2017-12-21 16:46:54,2018-01-05 21:38:45,2018-01-15 00:00:00
53f0bd64140840f70f00c89e7a19fdf2,a23bb087dccfe3c78336749a1818a423,delivered,2018-04-09 09:41:20,2018-04-09 09:55:21,2018-04-13 20:46:36,2018-04-27 19:40:58,2018-05-09 00:00:00
48d0129c92992c4ee4c6b7b034c63336,85d622312fac76fa9a79eece3fe2eb9d,delivered,2017-11-21 19:48:09,2017-11-21 19:58:58,2017-11-23 18:32:48,2017-12-12 22:03:09,2017-12-18 00:00:00
ee2bcc3fca40f8992903209e91a6e19d,d1ce771663ec75c1a8fb584ef7ccfaea,delivered,2018-03-10 10:56:48,2018-03-10 11:10:30,2018-03-13 21:08:34,2018-04-10 23:04:15,2018-04-04 00:00:00
0b573ab05f5976a357a60e0d981b4327,5cb31e4d889afd369634b4d045403645,delivered,2018-03-21 15:37:53,2018-03-23 02:15:51,2018-03-27 02:28:48,2018-03-27 20:08:49,2018-04-03 00:00:00
d524e77bf9d7d01dec8ba849212ee527,c322bb3d55b2c6c71f93c9c93c07e8e0,delivered,2018-08-02 18:04:17,2018-08-02 18:15:17,2018-08-03 13:47:00,2018-08-11 00:46:43,2018-08-21 00:00:00
9181dcfd06aa134cf10d0dc56abcf07a,86cbaec898050c91b8b8abb9c028e8b7,delivered,2017-11-24 14:34:32,2017-11-28 03:33:35,2017-11-30 16:37:36,2017-12-12 21:04:38,2017-12-27 00:00:00
84f40c055bf1ed329fcf2f4ec4e9e9df,20604bcc9703b6f0c4101a04e249ebd5,delivered,2018-08-03 23:11:47,2018-08-03 23:24:19,2018-08-06 13:54:00,2018-08-09 17:58:35,2018-08-21 00:00:00
633500d08d4de68291b91ac828ef3961,749d4a25eb7bd33a4a39b0b106125744,delivered,2018-07-25 12:56:05,2018-07-27 02:10:21,2018-07-30 14:08:00,2018-08-06 16:46:38,2018-08-17 00:00:00
ff834ecc7838d679d1cbd96ad32cee27,5cbb774b043be6439aa9c5a51efea395,delivered,2017-06-27 14:17:09,2017-06-27 14:30:19,2017-06-28 14:37:51,2017-07-06 14:52:01,2017-07-21 00:00:00
ded320f8039d7a35a324cf22f83fdf67,fa10097e0f3f7df15ee8238d696d157e,delivered,2018-02-01 10:18:35,2018-02-01 11:50:41,2018-02-01 23:00:03,2018-02-19 22:11:41,2018-03-01 00:00:00
076a94fba0a6b3a82345423e9f1bd3dc,b1373bd6563737bf205587f4d78859cd,delivered,2018-02-14 17:28:57,2018-02-14 17:35:37,2018-02-15 22:53:32,2018-02-27 20:54:08,2018-03-27 00:00:00
70b8fcabbd42bd4e6bb39052dac647d6,451bd3e4f4efa5b33e04885f2680bb28,delivered,2017-03-12 11:31:36,2017-03-12 11:31:36,2017-03-14 10:14:01,2017-03-22 13:24:11,2017-04-03 00:00:00
185b9908e599d49428dc7b8238c8076a,67eb6db86fe08a741a5b671247b01d45,delivered,2018-04-10 11:54:40,2018-04-11 09:12:25,2018-04-11 22:18:28,2018-04-16 20:08:28,2018-05-17 00:00:00
c0e11158f60abbb6f96d74228e67d44c,025c2b263a9a9247f855c0c777aabe33,delivered,2018-07-20 18:59:48,2018-07-21 18:55:21,2018-07-23 11:49:00,2018-07-31 23:32:18,2018-08-09 00:00:00
95a0819142cb868109a4b84a410098f8,3a4896daf9f6ac7738330943dbb1b02a,delivered,2017-10-01 14:10:56,2017-10-01 14:24:17,2017-10-03 12:48:17,2017-10-09 20:05:31,2017-10-27 00:00:00
e40632c1a86bf79342051a1ed16149c3,126c07766dc7ac241d1147197509edc7,delivered,2018-04-14 18:14:54,2018-04-14 18:31:23,2018-04-16 21:57:42,2018-05-03 20:27:51,2018-05-21 00:00:00
f503bf4df121d79cc4907029e84dc441,0813bcd454657bb8511c54f0c95ca36a,delivered,2017-07-10 20:14:01,2017-07-12 02:24:25,2017-07-13 14:36:29,2017-07-18 17:53:35,2017-07-21 00:00:00
42a45127f74061de7399a762d9728197,da435b6ace9cf6de3283647e2c33518e,delivered,2018-04-10 00:18:16,2018-04-10 00:35:13,2018-04-11 16:53:23,2018-04-12 17:28:42,2018-04-26 00:00:00
997972977f4f622407b3d9125eeffd46,f05b67246802fdc9420af92d504f8f08,delivered,2018-01-30 15:30:22,2018-01-30 15:53:11,2018-02-01 19:39:30,2018-02-05 20:29:47,2018-02-21 00:00:00
5c2fda0256232c4a55199261747fa68a,1b4561197d2ab1ddbce1ed27f3aaf25a,delivered,2018-05-20 22:09:05,2018-05-20 22:30:17,2018-05-23 13:01:00,2018-05-25 16:04:17,2018-05-30 00:00:00
9e4cbed5d166b9e8857de3150c2af79f,5b573a53a62bf0f490763bddb8fa55dc,delivered,2018-06-21 13:02:57,2018-06-21 13:25:25,2018-06-22 15:16:00,2018-06-28 15:38:50,2018-07-25 00:00:00
6d86a700fbdfec909998eefa9110f3e9,6efe2f2c813379b610f5cd26e99ce0ff,delivered,2018-05-04 11:14:37,2018-05-04 11:51:35,2018-05-07 14:57:00,2018-05-15 21:04:23,2018-05-29 00:00:00
63ac25fa7a6efd7b94ace6adbb54b431,bb9dfced8ffe5e06c524a73848938b5e,delivered,2018-01-30 13:29:16,2018-02-01 02:35:37,2018-02-01 19:57:17,2018-02-06 17:57:33,2018-02-21 00:00:00
809502db5eb0c22781dbd4d0c3ffbac3,6b49b757233034eabd75e303968f8d62,delivered,2018-05-04 17:00:27,2018-05-04 17:10:27,2018-05-07 14:34:00,2018-05-14 13:54:22,2018-06-13 00:00:00
cb0cb26c017d2cfb4e9ed39cd6ee9fa2,d9f56101970c3a221469e5fc2f270c34,delivered,2017-09-04 21:58:15,2017-09-04 22:05:43,2017-09-06 19:54:57,2017-09-18 18:21:44,2017-09-28 00:00:00
0c79ffcb0fed5ff297c2a68be02f4f8c,1cb3b337875d7beaec095a3d988fd216,shipped,2018-07-19 08:22:46,2018-07-19 08:45:11,2018-07-30 13:42:00,,2018-08-14 00:00:00
5c19e256f5972c1dc427a1a1f9940a3d,4a6f381eb19bad5d9975d63edf753920,delivered,2018-04-20 16:09:42,2018-04-24 17:47:43,2018-04-23 21:52:07,2018-05-12 13:28:52,2018-05-21 00:00:00
b4a6ef27ed0f4d85919dee11bcff9b41,e957fae9179d52c789d261da76ceb907,delivered,2018-07-23 16:27:19,2018-07-23 17:20:37,2018-07-25 14:49:00,2018-07-30 16:43:40,2018-08-29 00:00:00
9f6833a99cc6d2bc31cce30fd2f58aa6,08b7ead7979bc70d24c137cfc578f932,delivered,2018-04-18 09:40:34,2018-04-18 09:51:47,2018-04-23 19:48:09,2018-04-26 20:08:34,2018-05-11 00:00:00
00169e31ef4b29deaae414f9a5e95929,efb3830adb68fb8a89c948774388ec28,delivered,2018-01-16 09:26:39,2018-01-17 03:35:47,2018-01-17 16:46:04,2018-01-23 20:19:04,2018-02-07 00:00:00
4b3a605942f29d490cb74bd6ace6b9f0,e8a332c3433fbd37920ec89fc295d075,delivered,2017-09-29 09:32:17,2017-09-29 09:44:12,2017-09-29 21:58:48,2017-09-30 16:55:39,2017-10-17 00:00:00
a9491b6c990bc3b79967c5f058e46d8f,ef1615358c72dae1c068aedc495a13f3,canceled,2018-08-16 13:07:32,2018-08-16 13:23:58,,,2018-08-24 00:00:00
f33c74a1f0e8455e000cb264ce877e84,757e51fbcd39ef2a9315f39f4459e30b,delivered,2017-04-07 12:07:32,2017-04-08 02:43:45,2017-04-11 07:41:32,2017-04-17 13:05:09,2017-05-09 00:00:00
6f07b0ce1812870cb9c820fc295144e3,d609c53aceb2167b9371f4c1d0e803b1,delivered,2018-05-01 19:52:06,2018-05-01 20:16:03,2018-05-03 15:58:00,2018-05-07 20:50:44,2018-05-25 00:00:00
70aefd12bdd5391f02011072c16e6801,2f7a8b448ada52d632c573deda7664fb,delivered,2018-06-19 17:14:30,2018-06-19 17:45:31,2018-06-20 13:03:00,2018-06-21 18:28:46,2018-06-29 00:00:00
daaee3046c061f111811d2fa55699a0a,cd0fefe4d2b9a05282f54873803290cf,delivered,2017-09-28 23:56:16,2017-09-29 00:08:24,2017-10-02 19:57:40,2017-10-09 17:51:49,2017-10-24 00:00:00
e4ccaabafa125b3b39a9331b0abced9d,b75d72658f51cfc274b14adf1446590a,delivered,2016-10-08 09:50:08,2016-10-08 10:54:31,2016-10-24 15:18:48,2016-10-25 15:18:48,2016-11-30 00:00:00
0a42de5dfb223e924d95bccacc00fc78,430a3322d71564ee0afcb1a54dce87c5,delivered,2017-07-13 18:08:21,2017-07-13 18:24:19,2017-07-14 19:26:14,2017-07-28 15:10:28,2017-08-16 00:00:00
5cf5cdef34e1a2488666267e4eda1792,1d0696acbcc828834294b845e3f397b3,delivered,2017-04-07 22:14:58,2017-04-07 22:30:15,2017-04-10 13:29:31,2017-04-18 13:39:56,2017-05-03 00:00:00
122a6d89b8a3ee8fe039b6990c1dc226,5ac12bb0d6166ac492936e53c84ae0ed,delivered,2017-11-05 21:14:39,2017-11-07 07:30:33,2017-11-13 15:17:51,2017-11-24 20:59:42,2017-12-05 00:00:00
450c895cd5341a52818d10c9593085bd,c2acec2708dbf859e39cfe5ab75b76fd,delivered,2018-08-14 10:08:26,2018-08-15 10:05:11,2018-08-15 11:55:00,2018-08-21 23:12:39,2018-08-28 00:00:00
513b6592fe9a0b61ad5be337680b84d0,46b5eb3e7ed10cff6f8310d7dd721bfd,delivered,2017-07-07 11:14:04,2017-07-08 03:35:10,2017-07-10 14:03:26,2017-07-19 13:53:01,2017-07-31 00:00:00
2109de10cb751b43648fd8c1ebbb1d0f,67a271d976c40ec0969381f5e5e3a240,delivered,2018-05-24 09:38:53,2018-05-24 09:53:17,2018-05-24 13:45:00,2018-06-02 12:12:47,2018-06-20 00:00:00
3ceffd7bee6a56cbf4adea01c19a5d17,5cb2307ae35b44c9dd90f76c649b99b5,delivered,2018-05-31 21:39:34,2018-05-31 21:52:44,2018-06-01 15:47:00,2018-06-09 09:06:38,2018-07-04 00:00:00
fca2aaefc989d1a8eddc4cb03b160eca,3f4b4c9983562e52391fcf43be759d3a,delivered,2018-03-13 11:29:18,2018-03-15 03:10:25,2018-03-27 23:27:36,2018-03-29 18:17:58,2018-04-10 00:00:00
033a79557b0d234035b38da3be948574,c4d145f0b58cc33b0c5a5a21e2ee6c4e,delivered,2017-02-06 14:56:20,2017-02-06 15:05:24,2017-02-07 10:49:58,2017-02-17 18:17:51,2017-03-27 00:00:00
c3e32e69bba7c640697cc4ac19936113,ed2f12c194565a4351a766c26fae57f9,delivered,2017-12-05 12:07:18,2017-12-05 13:13:48,2017-12-12 23:24:53,2017-12-26 22:56:34,2018-01-04 00:00:00
36cd43f05ca6b099b88bcc0c8e08491e,a559d242230598d6cf1f3aa4243d7c51,delivered,2017-08-14 17:26:24,2017-08-16 03:30:31,2017-08-22 21:25:33,2017-08-24 19:21:51,2017-09-11 00:00:00
d48417cf367104ba861b31d6ef9d9528,ad4c86ef721a1c9933ba224773652bdc,delivered,2018-06-07 16:16:12,2018-06-07 16:41:24,2018-06-08 13:43:00,2018-06-15 18:36:44,2018-07-03 00:00:00
d9626ceed1048372a97bb68643b58410,c0d01003d19b83d49072648e2a7c030d,delivered,2018-05-18 11:40:47,2018-05-18 12:56:31,2018-05-21 16:12:00,2018-05-24 20:30:43,2018-06-06 00:00:00
97a046d5a9aba90849e4279fdd014fb9,7aa45f0da7dbc08f11d376d597b2403f,delivered,2017-03-11 18:39:33,2017-03-11 18:39:33,2017-03-15 11:58:26,2017-03-27 12:23:06,2017-04-04 00:00:00
b91b97488347f484d82bd38acd8d0bbf,0f04f03513dd14f705add51e885ecfb7,delivered,2018-08-19 17:38:58,2018-08-20 12:35:43,2018-08-23 13:10:00,2018-08-30 00:04:26,2018-09-05 00:00:00
76947ee86f94611940effa93c62ccdc0,e0b9b19b5fa5e1ac17ba5a8e6251c785,delivered,2018-02-06 12:45:00,2018-02-06 12:56:17,2018-02-09 18:23:01,2018-02-16 00:08:18,2018-02-22 00:00:00
c8dd1cfd0c38b71aff04b1a4298b5b83,a95d7818d3600d96f3c26a24b83a6584,delivered,2017-09-25 23:30:46,2017-09-25 23:49:19,2017-09-28 19:08:25,2017-10-13 18:52:13,2017-10-17 00:00:00
2a706489eee816fe6f5bfe2298c51840,15b13916422ccd2d823abb287bdfca49,delivered,2017-09-02 12:03:14,2017-09-02 12:10:16,2017-09-04 16:22:45,2017-09-05 13:44:05,2017-09-15 00:00:00
73eb70779d3a8a4647f8ccf9c43d2623,7bf43e2d079beb839eaff3937bb6fe81,delivered,2017-05-02 21:03:22,2017-05-03 14:15:23,2017-05-05 11:32:48,2017-05-16 12:43:05,2017-06-13 00:00:00
3cffc407d492c7db340271cee9b32ede,f69b862b6b4fa78cd6887938a74be7a9,delivered,2017-11-13 23:15:05,2017-11-13 23:30:46,2017-11-14 16:47:47,2017-11-24 20:36:55,2017-12-06 00:00:00
fff3983dfa3c5a0d752d8d17baa406a0,46930ec4a8599d1436787e37f36161d9,delivered,2018-07-14 21:56:14,2018-07-14 22:05:13,2018-07-17 12:23:00,2018-07-27 16:28:51,2018-08-01 00:00:00
4d5cefeb0501de96acd522c3742d3d04,60f940bfe3cbbe38b1f7fe69d303e768,delivered,2018-08-22 15:14:14,2018-08-22 15:25:18,2018-08-24 09:09:00,2018-08-29 20:21:53,2018-08-31 00:00:00
78f48d9a0bb09969516a9fb25e05311e,df17fef4f9d03187862b78f95ab3be15,delivered,2017-07-18 13:47:58,2017-07-18 14:05:33,2017-07-19 16:17:31,2017-07-25 22:36:00,2017-08-07 00:00:00
067f4abd68a2b1e0b8b158945a91680b,9d419198e08fe789f309e3a8e58fef7d,delivered,2018-01-24 21:39:44,2018-01-27 02:44:16,2018-01-29 22:49:02,2018-02-27 22:32:42,2018-02-22 00:00:00
d798a6f2eef74e8cd33a5c79db6a316c,ad8357e9c4b9a78d08ec2bddcbf2dac9,delivered,2017-10-06 22:18:54,2017-10-09 10:14:45,2017-10-09 20:56:09,2017-10-14 16:17:46,2017-10-24 00:00:00
7c5cfb19cd59e93d54d251302ac8268c,4ad9f3aabf40e6cbb73c0511aa878c7f,delivered,2018-07-09 18:27:41,2018-07-09 18:45:13,2018-07-10 14:36:00,2018-07-16 14:34:32,2018-07-18 00:00:00
020347f6d056bb4209b3ee4711d25f1a,6ceae544a7b14267290dbaa361e511fb,delivered,2018-07-24 16:36:59,2018-07-26 03:15:18,2018-07-26 14:01:00,2018-08-06 12:36:47,2018-08-16 00:00:00
071be1c98f3a6f467d8e472d94350db8,d5b976444c9257b13cf100dd0933cff1,delivered,2018-08-07 01:19:24,2018-08-08 03:10:22,2018-08-08 13:35:00,2018-08-13 14:32:43,2018-08-24 00:00:00
d831255ebb12ef3a8d6dddb6fb54b5c8,61e37cd4d08ef3e66a5101b5545aadf4,delivered,2018-08-16 17:12:33,2018-08-17 03:31:48,2018-08-17 13:53:00,2018-08-28 13:38:49,2018-09-18 00:00:00
b6a2d13e218643aa2ad2fb10a8cf567a,419c5e5573bd1e16aa33dce68889fcc3,delivered,2017-05-04 01:04:02,2017-05-05 02:24:04,2017-05-11 08:57:54,2017-05-22 15:22:13,2017-06-13 00:00:00
ea3f7480344322038931bca4a6e6f858,4a5c983ae0de5e491993c8038e2f369d,delivered,2017-09-27 11:04:16,2017-09-28 03:05:23,2017-09-28 21:13:01,2017-10-08 17:14:22,2017-10-20 00:00:00
c41d2dd15394d41590232a9cc491319c,eb270aaf550cc012a7b6ea3af8abcd04,delivered,2018-02-22 21:39:47,2018-02-23 21:35:20,2018-03-02 00:08:35,2018-03-03 15:08:18,2018-03-08 00:00:00
53b8913fe5c632a9aa10069a33aaceb0,ea2d195c0d7c95afc15093ee66bc518a,delivered,2017-11-09 21:46:25,2017-11-10 03:10:37,2017-11-16 22:39:29,2017-12-05 19:03:35,2017-11-30 00:00:00
e1247131e29e9f01c5ba3db262a4cd25,26bc070c7700855f66d4539446779a16,delivered,2017-06-06 08:37:15,2017-06-07 08:45:18,2017-06-07 16:18:43,2017-06-19 21:49:32,2017-07-03 00:00:00
ab2789e683e9edeb0f07462e642c5ad4,0aaefb80e6a0c42a29ea9afc0a590791,delivered,2018-05-14 18:00:24,2018-05-15 09:58:42,2018-05-16 15:02:00,2018-06-08 00:35:39,2018-05-30 00:00:00
de2198669f76c1dbd0d137f101a7d6f0,339e21440501b64f3b1efa0904eb54fa,delivered,2017-11-29 17:03:06,2017-12-01 11:31:33,2017-12-04 19:53:48,2017-12-21 19:34:55,2017-12-20 00:00:00
eddc2675550fd30e8c067b3fdd08ad60,31d05071d825012bb7bc43970263e98f,delivered,2017-11-09 12:38:48,2017-11-10 03:06:44,2017-11-15 00:17:45,2017-11-22 22:38:56,2017-12-06 00:00:00
c05002c71f007c6a4056ca538113e991,f0192b8500e66726ff809a70709bcfbd,delivered,2017-05-28 21:45:01,2017-05-28 21:55:09,2017-05-29 12:18:36,2017-06-12 12:06:34,2017-06-29 00:00:00
15ade2c7daaa01c998220a2035dd43dd,9d9e0a32046baab34af9079307a57062,delivered,2018-07-20 21:19:31,2018-07-20 21:30:48,2018-07-23 15:31:00,2018-07-26 21:38:48,2018-08-13 00:00:00
40ccb6520c6922d1712766b66922e72d,ac55147578581612a3f796fe48be77d8,delivered,2018-04-06 19:25:50,2018-04-07 16:50:21,2018-04-09 20:48:26,2018-04-10 22:22:39,2018-04-18 00:00:00
fdf53b9c9096b37ec391987b1b5c21a3,bf10cdf5df8679477eeadbff0e3da501,delivered,2018-02-03 19:43:35,2018-02-03 22:49:41,2018-02-05 18:26:40,2018-02-21 21:55:19,2018-03-01 00:00:00
6952ede229b1cee2808b13094179d822,7da01fba9e505fb5caf8b5bf296eb37c,delivered,2018-01-23 13:11:46,2018-01-23 13:37:35,2018-01-24 23:32:44,2018-01-26 18:09:57,2018-02-20 00:00:00
f3fdee8d27166359de2abe05ec16b351,c93e142e933bb44b34c4a1523308e4e4,delivered,2017-11-24 17:09:16,2017-11-24 20:52:18,2017-11-28 22:03:50,2017-12-23 14:58:45,2017-12-20 00:00:00
4379c802ba499c2c871ee501a835c33c,9a1f5555eaee7cc9a44ee79edca16b5a,delivered,2017-10-27 14:49:48,2017-10-28 03:06:12,2017-10-30 19:03:03,2017-11-06 21:11:59,2017-11-13 00:00:00
c9fc6a8e6b1fe646f9358b9ea7b1a446,57bebcfe34e11956f3252325dd271c1d,delivered,2018-01-24 10:58:32,2018-01-26 13:39:30,2018-01-30 18:45:03,2018-02-21 20:18:36,2018-03-02 00:00:00
6b3283bced42ff1c70f94eb1736fdabc,cca89c1caa9494d6a314e6ac71d1b159,delivered,2018-06-06 17:17:31,2018-06-06 17:34:19,2018-06-13 09:34:00,2018-06-18 18:11:51,2018-07-20 00:00:00
c90d12e5994094efc0ee48807d875750,d4803d4990450b07bb8241bbe150cd31,delivered,2018-04-09 17:13:16,2018-04-10 17:32:22,2018-04-12 15:47:52,2018-04-23 19:32:27,2018-05-03 00:00:00
bba6bf145227da52495f05a3623a5e20,1573438472daa5bd90e4ec252b6e04b8,delivered,2017-11-29 13:16:14,2017-11-30 02:25:37,2017-11-30 14:04:48,2017-12-14 13:42:12,2017-12-20 00:00:00
bc6e05c3335f87caadbcd6c80de46ad2,05e54a5f9eb2f443192d44067147a451,delivered,2018-04-04 01:24:09,2018-04-06 15:09:44,2018-04-10 21:41:31,2018-04-27 21:12:42,2018-05-09 00:00:00
48483d781181b0424eb4d9729ce4ccca,c3b04ecafd51f2397be52af9ec00e07b,delivered,2018-08-03 16:13:40,2018-08-03 16:25:15,2018-08-07 12:10:00,2018-08-13 14:38:44,2018-08-16 00:00:00
9783e4b24e95c1e243512f67f6e2a97e,f8989c74d32c636246efc5f2b72213b9,delivered,2018-01-22 13:24:48,2018-01-23 03:37:22,2018-01-23 21:54:13,2018-01-30 16:34:00,2018-02-19 00:00:00
79632fd4663d3f0ff7dee9ac7a31a43a,9970215408a648495484733ce1e7c7f8,delivered,2017-12-05 21:57:17,2017-12-05 22:10:11,2017-12-13 15:52:33,2017-12-26 18:25:50,2018-01-04 00:00:00
4ece3211dc7b96c8b646fa8a727039e2,083d0767ee04f4a01cc28835dc32d6b4,delivered,2018-04-07 19:57:43,2018-04-10 03:49:49,2018-04-10 19:46:36,2018-04-13 21:22:26,2018-04-25 00:00:00
fd5f4a26279e437735f4d5da152f5295,ceefb0b07a8b7a9f0272d3e2d4861506,delivered,2017-12-13 20:30:12,2017-12-15 10:33:43,2017-12-18 17:59:20,2018-01-03 21:47:24,2018-01-09 00:00:00
e3cb83718e69525d753588e2975be0f7,15bf77d08db3e89f1ef88b843a5da8be,delivered,2017-11-22 17:20:48,2017-11-22 17:29:24,2017-11-24 16:12:04,2017-12-07 15:46:40,2017-12-13 00:00:00
71c1a607d67393d01bef51c097368feb,ee62ccc1b368643dc5205c67379c52fc,delivered,2018-01-30 09:56:48,2018-01-30 10:14:51,2018-02-01 00:24:54,2018-02-06 16:07:19,2018-02-21 00:00:00
de8323147a3358b9c4720ae5e8ef668b,7827db8a8e439d919d8649b132df7061,delivered,2018-08-03 11:41:42,2018-08-03 11:55:25,2018-08-03 14:18:00,2018-08-06 17:56:23,2018-08-20 00:00:00
2f803c32f469729b9a81a120bcf74567,ecccf01a5732bcd6e1cbe1e0a7157366,delivered,2018-05-25 20:26:15,2018-05-25 20:35:20,2018-05-28 14:20:00,2018-06-20 16:08:51,2018-07-12 00:00:00
73f41c25f81a3fc68fefa0cdb0c73d97,f94420fefe24486cda8f4c17de67037e,delivered,2018-03-17 19:03:15,2018-03-17 19:16:00,2018-03-19 22:48:47,2018-04-18 13:55:26,2018-04-10 00:00:00
31d5120f144d73ba1e5aa4e747a328e9,9de9dcccd336d99f63eb24c980e60c78,delivered,2018-03-20 22:33:50,2018-03-20 22:50:33,2018-03-21 20:48:28,2018-03-28 22:03:40,2018-04-06 00:00:00
7e052adff60e437b0c8537498c146c84,9a906ee5700b9d34c491088cb85df5ff,delivered,2017-08-21 10:59:41,2017-08-21 11:15:08,2017-08-22 19:55:56,2017-08-26 12:04:57,2017-09-11 00:00:00
7c7fe53f2fdb00627f75d98690d753bf,f1b2c0104dbd388db6988523bfc1187c,delivered,2018-03-24 01:03:53,2018-03-26 09:10:14,2018-03-26 20:52:15,2018-04-08 18:31:03,2018-04-23 00:00:00
532ed5e14e24ae1f0d735b91524b98b9,4ef55bf80f711b372afebcb7c715344a,delivered,2018-05-18 10:25:53,2018-05-18 12:31:43,2018-05-23 14:05:00,2018-06-04 18:34:26,2018-06-07 00:00:00
d1ec61b50c7780944fab32ad8b873c85,77a7c76e4281241373f795779bdb49dc,delivered,2018-07-15 19:38:42,2018-07-15 19:50:16,2018-07-17 13:35:00,2018-07-20 18:27:43,2018-08-10 00:00:00
85df9618973ec5807b30a864e352599f,bcffec72072249c0710ac3ce3224d782,delivered,2018-08-03 20:03:49,2018-08-03 20:15:13,2018-08-06 08:47:00,2018-08-09 14:27:36,2018-08-14 00:00:00
19ff76df4c7c512642f1b4793fda7ed6,3c5f67b7722c4637a5936ce33966594a,delivered,2017-06-27 10:42:16,2017-06-28 02:23:37,2017-06-28 14:37:51,2017-07-03 15:05:44,2017-07-17 00:00:00
53366f56110f65cb92e10f720b3679a5,fd7272ee66a9a2d9dd0f622d17a1c665,delivered,2017-11-24 15:08:20,2017-11-24 17:54:16,2017-11-27 16:32:53,2017-12-07 22:34:41,2017-12-14 00:00:00
3937af5e68a191867e6224cd78fc2cd1,b837fbe55a9289fedd7301de6731f643,delivered,2018-05-11 08:49:07,2018-05-11 09:10:57,2018-05-11 15:45:00,2018-05-17 20:18:50,2018-05-25 00:00:00
79aee5d2f7328b2d701eb4e87f54ce47,a87fd16f6038d768abc2e463f80071e0,delivered,2018-08-05 14:39:11,2018-08-05 14:50:16,2018-08-07 12:56:00,2018-08-15 20:17:00,2018-08-20 00:00:00
846e3d199aae8a67c1d6a2ca48889bdf,07e1c3725f2f8d2e91fdb691f0b3152d,delivered,2018-08-24 20:24:26,2018-08-24 20:35:21,2018-08-27 10:44:00,2018-08-28 20:50:57,2018-08-31 00:00:00
06d7e8cde0488b6d0b67852d2295368e,8b2abe6f49370b6d136af8e75cefd25f,delivered,2017-11-30 20:12:05,2017-12-01 10:31:51,2017-12-06 22:47:04,2017-12-10 14:22:33,2017-12-18 00:00:00
2fab4de591dc7b69eeb8afb9a976ba91,92deb673372d5166b7bc5db819269c6b,delivered,2017-12-05 19:00:57,2017-12-05 19:30:21,2017-12-06 22:45:53,2017-12-10 14:37:47,2017-12-21 00:00:00
6b0e4ed8dcbabec5410a8b28f0405cd6,565f86d78a5b057917366c58362a85c4,delivered,2018-07-02 11:12:27,2018-07-05 16:20:47,2018-07-10 15:27:00,2018-07-13 16:41:49,2018-08-07 00:00:00
0c956783114b7ac9633e16c494c191ce,7556392e5dea50250680dc5e7674cc7d,delivered,2018-01-14 20:05:34,2018-01-14 20:14:25,2018-01-16 20:03:20,2018-02-06 01:43:56,2018-03-02 00:00:00
7277412b4dabb3b15f3511cc78e81125,8a06eb73f20ede01d69f7c464749790a,delivered,2018-03-26 02:15:00,2018-03-26 02:28:34,2018-03-27 00:32:13,2018-03-28 19:43:32,2018-04-06 00:00:00
c0b6d4c66078f849fe7e8baf7276888d,264cff0b093508acd289c3f780b1d66b,delivered,2018-08-18 20:32:59,2018-08-18 20:49:57,2018-08-21 14:49:00,2018-08-29 11:47:46,2018-09-05 00:00:00
25ce89b82d611789988bd8dd3722c6af,68d895c89ddc53350772bb822d6275b6,delivered,2018-07-25 19:45:20,2018-07-27 02:10:27,2018-07-27 13:52:00,2018-08-01 21:41:44,2018-08-09 00:00:00
0b30e59b6e985ef789c83d08753d59aa,520a609c3e7ac01830c176ab29145781,delivered,2017-10-01 18:25:06,2017-10-01 18:49:17,2017-10-04 17:33:42,2017-10-10 14:28:11,2017-10-24 00:00:00
d8be9ae1b47e841991f6985619f70ddb,c511befcf798066fca8ef14738aa0468,delivered,2018-04-01 23:37:16,2018-04-01 23:50:20,2018-04-04 12:33:00,2018-04-16 20:14:36,2018-05-21 00:00:00
a076e6a3d1401e58c8b6ced4d0d23225,e17ea06f5208a4adf2c64c1753ee9af5,delivered,2018-03-23 14:22:27,2018-03-23 14:35:30,2018-03-27 21:33:34,2018-04-16 16:48:49,2018-04-13 00:00:00
b69b3998539f1f68e146ab4db97cd0a5,8a69afb6812887ee507ff9ab87fb36bf,delivered,2018-03-05 09:29:59,2018-03-05 09:48:15,2018-03-05 19:28:53,2018-03-06 12:16:34,2018-03-15 00:00:00
a65d018a7a1122b4312c742d7107e021,724eba516ed0739bd049fb295ce929c0,delivered,2018-05-28 08:28:44,2018-05-29 03:14:44,2018-06-12 14:04:00,2018-06-13 19:42:01,2018-07-03 00:00:00
73cfd52c2ab878481307dcd97df6155c,3c2e7801b4935aab59ad135bab7207e6,delivered,2017-12-05 13:58:42,2017-12-06 12:30:44,2017-12-06 12:47:58,2017-12-12 15:07:32,2017-12-29 00:00:00
94aba2a37911fff127097b56d60fd1b5,1a524b0ce5f18310a7b27ca7fa71beb9,delivered,2017-11-28 11:23:01,2017-11-30 11:42:04,2017-12-07 15:27:03,2017-12-08 13:33:40,2017-12-12 00:00:00
3426a8ff7d6108c541c7edd4ede5cf18,7d05062f79bacb93b8f83d6da8d1a373,delivered,2017-04-03 15:37:39,2017-04-03 15:50:15,2017-04-05 11:28:39,2017-04-12 17:17:59,2017-04-28 00:00:00
a2a7a8c26f134471a22568ddf011e175,8f4758b55faa41da554b30461fa84f3e,delivered,2017-08-09 21:02:12,2017-08-11 04:24:58,2017-08-11 19:43:07,2017-08-25 15:26:22,2017-08-31 00:00:00
ad703ca6534f1d88a4b1f42a63b44413,42c38d746d678fa66ec2a2fdb9c84d8f,delivered,2018-02-14 14:50:08,2018-02-14 15:08:19,2018-02-19 20:05:17,2018-02-26 14:47:11,2018-03-07 00:00:00
e66871adf6309bd5dfab0e92fc591487,8eab0f859d9f479c0b4f8838c63f3cf7,delivered,2018-01-17 11:59:12,2018-01-17 14:10:32,2018-01-24 18:52:54,2018-01-29 17:48:43,2018-02-14 00:00:00
7ac1f3de2cdc809de6aa1e6719451f53,13a4684a5a46fcbafb42d8e30af15219,delivered,2018-06-12 09:52:46,2018-06-12 10:21:08,2018-06-12 15:31:00,2018-06-19 17:57:35,2018-07-12 00:00:00
8aa40dadd2c1f011024a9f8656853103,c4bc7e3472ec59cc181b8441fef3e0c3,delivered,2017-02-26 15:14:16,2017-02-26 15:25:09,2017-03-03 12:17:44,2017-03-13 11:22:07,2017-03-22 00:00:00
e9cd104dfc8837e084c067292c013b0a,c75e4def2f3ec80fc03a535c4f9b37a2,delivered,2017-01-26 21:33:43,2017-01-26 21:45:16,2017-01-28 07:28:57,2017-02-02 13:22:23,2017-03-02 00:00:00
eeae538503aa251c060d45ea2ef3fefa,15f0adc33fb9e61d4ff29df6a0768870,delivered,2018-06-23 22:04:10,2018-06-23 22:18:46,2018-06-25 13:34:00,2018-06-29 14:22:00,2018-07-19 00:00:00
c4cc1f9e57162d961e267cf2f07d2fe1,8e3cc780250f03dc790d7f185c6c60c9,delivered,2018-08-22 10:59:51,2018-08-22 11:15:12,2018-08-22 14:09:00,2018-08-25 12:13:15,2018-09-05 00:00:00
f6519aa0bb0a6531345ac2e6fdbb2e0c,64a80bc56a3c3b8bebd2bcdf5a7d82b7,delivered,2017-11-23 23:47:43,2017-11-24 00:37:42,2017-11-29 00:41:21,2017-11-30 18:57:19,2017-12-07 00:00:00
bc0feb6a96ad7552648f4183cb6ecb63,d52952f17a55695f6713b15d38c9af52,delivered,2017-02-23 10:06:46,2017-02-23 10:33:11,2017-02-23 11:42:33,2017-03-13 03:04:12,2017-03-28 00:00:00
6f8a410f9542c68dbb680d2aa47b6d14,eb52f5dacff0959d0f040bb37943d821,delivered,2018-04-30 08:16:55,2018-05-01 06:15:14,2018-05-03 06:31:00,2018-05-08 15:26:25,2018-05-18 00:00:00
1deb5e48c7ba534c27d83f4a6afea25f,b9ef1863b949550a997d6e6af47a270c,delivered,2017-12-11 11:46:29,2017-12-11 11:58:22,2017-12-13 21:45:53,2017-12-21 16:14:50,2018-01-18 00:00:00
de68ff91737ba366892be2067a2cdfec,68b43c6c592465e9a13ed4c282d81e7e,delivered,2018-06-06 20:45:13,2018-06-07 20:55:07,2018-06-08 09:56:00,2018-06-15 20:42:18,2018-07-12 00:00:00
0eca09e82535e22a903c3653b2c7eae4,cf28b3b37de0d44466168e557645c5f4,delivered,2018-06-03 17:15:21,2018-06-03 17:30:24,2018-06-04 13:30:00,2018-06-12 23:48:43,2018-07-27 00:00:00
e271e657e4d6b7cd8627e5ba90ad3929,01a353696002ba824955de7bfac767b3,delivered,2017-03-10 12:46:23,2017-03-10 12:46:23,2017-03-17 13:23:37,2017-03-22 15:25:22,2017-04-04 00:00:00
70042449ba33e3a52dc0e16654257234,a611f7383e36129c6c7126899126d0a5,delivered,2018-02-22 16:25:21,2018-02-24 02:55:27,2018-02-27 23:53:52,2018-03-06 20:15:11,2018-03-15 00:00:00
90a854ca6f1238059e7d45e6805c8c32,90e0e7316c14e0e5f016dfbfa0bb73df,delivered,2017-08-15 15:39:04,2017-08-15 16:55:13,2017-08-16 20:32:38,2017-08-22 21:22:37,2017-09-06 00:00:00
29368d8ce1c627a562377e763eee8a3b,b1e982d1ef75f8260db674aeff3d1a95,delivered,2018-08-17 09:41:39,2018-08-17 09:55:12,2018-08-17 15:20:00,2018-08-25 03:03:45,2018-09-05 00:00:00
f30d4b0d595c335bb07075291527f56a,8ebeb2d244eccaba1440c6e6f3bcf11b,delivered,2018-06-03 18:09:41,2018-06-03 18:31:17,2018-06-07 14:15:00,2018-06-13 20:48:37,2018-07-05 00:00:00
36307ab4d5c4b59fbc4034d2adb2cb77,27ed9299eff7fddbfdd20337369ccfc8,delivered,2018-05-10 11:05:59,2018-05-10 11:36:17,2018-05-10 15:18:00,2018-05-15 13:20:50,2018-05-29 00:00:00
bdd19e1d8bec46c29644018d2c781aef,d9c31907f4ea9af9dbc3183716f5a200,delivered,2018-02-17 18:50:44,2018-02-17 19:06:47,2018-02-19 19:39:13,2018-03-05 23:29:00,2018-03-13 00:00:00
0d66368d8615f7b306db970f3ba475ee,d5c4b58a55c169788888d911886912ac,delivered,2017-09-10 10:18:06,2017-09-10 10:30:28,2017-09-11 15:18:05,2017-09-12 22:39:39,2017-09-21 00:00:00
556d7ec009cdd5ae19dad069c808ad9c,d240701e28474e8e538c7665b899f3c0,delivered,2017-08-21 13:47:44,2017-08-24 18:46:35,2017-08-28 12:05:28,2017-08-30 17:05:59,2017-09-11 00:00:00
c246fd65fbfdfd5eaf13ee936827a1d8,afae0f1fa6b82eaa634f9cf041e73814,delivered,2018-07-23 09:21:01,2018-07-25 04:05:17,2018-07-27 15:43:00,2018-08-03 15:58:58,2018-08-29 00:00:00
7e52ab2aaf4fd6b758bf18e6295b2bbc,5086b528c85ca4527c186363558ba1af,delivered,2018-08-11 14:04:03,2018-08-11 14:15:10,2018-08-16 14:53:00,2018-08-23 01:26:29,2018-08-29 00:00:00
d190d15996631437cb3efddfa547aba9,b9f86a618dc82af6999e68085f2e7c57,delivered,2017-07-04 16:55:21,2017-07-06 03:25:36,2017-07-07 18:37:57,2017-07-12 18:04:05,2017-07-26 00:00:00
c2f32abcd402889b6cb0bcb5847340af,7eb5037ceb9433e68a7ce301b64f1f5e,delivered,2017-12-18 09:52:40,2017-12-19 09:59:40,2017-12-19 21:59:29,2018-01-03 21:16:58,2018-01-18 00:00:00
051fcda88d997d3ff86012da2a556342,e13a5ed086aacc9b2b7466c78645b468,delivered,2018-08-24 14:59:37,2018-08-25 14:55:23,2018-08-27 17:58:00,2018-08-29 17:38:25,2018-08-29 00:00:00
42ed2aeb956c92e3c3bb6933ecea1d89,7e176ddb04e521f4e57421aa4ab5d5a2,delivered,2017-07-25 10:34:54,2017-07-25 10:50:16,2017-07-26 14:53:36,2017-08-03 22:13:02,2017-08-24 00:00:00
270f8f53a3e97cf69ab06a15d03105ab,237273539d368eeaee7e513ac0196f65,delivered,2018-04-17 11:29:58,2018-04-19 02:51:03,2018-04-19 19:36:37,2018-04-24 01:28:43,2018-05-10 00:00:00
49f6f4d206c26f0d3ac78e343ac619d7,504c02c15eb920cfb1752ca9da131257,delivered,2017-05-09 21:18:52,2017-05-09 21:33:01,2017-05-15 10:37:47,2017-05-21 06:42:51,2017-06-02 00:00:00
e1f37ead3c565a7f54eead433530c790,b3785bdc2dc47c60224e18bfa2f1af47,delivered,2018-05-19 22:49:36,2018-05-22 08:16:22,2018-06-01 14:02:00,2018-06-07 16:49:01,2018-06-27 00:00:00
056bfadd41b8600ad5ecfef2ac132188,91faeb032f47277f654a8202eaa9fed6,delivered,2017-11-25 11:06:38,2017-11-25 11:15:31,2017-11-27 19:56:58,2017-12-04 14:44:45,2017-12-15 00:00:00
47ccd65ae7dab553c7a8c779fe2cdea5,d16c97e2fa91a534e64f7c7348ef4716,delivered,2018-02-01 22:03:37,2018-02-03 02:53:13,2018-02-09 19:22:25,2018-02-23 23:21:47,2018-03-13 00:00:00
d9ba89fb1ef0cec7d158b8a2679186f7,baf83ca8fb2533044b834d2cbea4cc26,delivered,2018-02-07 10:24:26,2018-02-07 10:35:34,2018-02-09 22:14:30,2018-02-26 17:09:46,2018-03-07 00:00:00
8c0921d37402722b282083329db79f9b,f9e23c14e5ab7352006f43521f84b3d5,delivered,2017-04-13 16:09:20,2017-04-13 16:22:23,2017-04-19 16:24:57,2017-05-09 07:40:12,2017-05-17 00:00:00
38567ea58a8c84a1d15845d0de8a855d,79512c8103a1200334da323541679999,delivered,2017-11-27 12:29:29,2017-11-27 12:39:30,2017-12-05 16:23:49,2017-12-21 17:38:53,2017-12-29 00:00:00
001c85b5f68d2be0cb0797afc9e8ce9a,48ed31e735f1c420ed6ca3637b7c744d,delivered,2017-11-24 19:19:18,2017-11-24 22:38:47,2017-11-27 12:42:15,2017-12-22 18:37:40,2017-12-14 00:00:00
f131e172fef158275f49417eabdda10d,87f3a79f04a2f950a55ce228642e0377,delivered,2018-03-07 11:00:12,2018-03-07 11:15:36,2018-03-07 22:53:45,2018-04-30 20:28:37,2018-04-12 00:00:00
73eedc4ca4a789813a63fe30856c805f,ae3066cd1bf4fa2aeae850db53d15c1f,delivered,2017-06-03 11:36:56,2017-06-06 13:06:05,2017-06-06 15:39:55,2017-06-19 19:17:57,2017-06-30 00:00:00
dbe5b409519c5dfb85b5b0955913e5af,bbe35ecb54adfb96b16d95c719c756c6,delivered,2018-04-17 05:53:21,2018-04-17 06:11:47,2018-04-17 18:42:14,2018-04-26 02:08:48,2018-05-17 00:00:00
fc74153e0ac39bb68c8f8f9e4758f001,787c8dad81798b72c5ae7d0ed526192e,delivered,2018-04-12 12:40:46,2018-04-13 12:50:48,2018-04-18 20:51:19,2018-06-29 17:03:25,2018-05-11 00:00:00
69de6dd68bcaad14dda6d5e33e45bf98,29a1b419d1654af3dbf4618bc7609c2a,delivered,2017-06-01 00:05:38,2017-06-02 01:05:30,2017-06-02 10:31:40,2017-06-08 13:03:51,2017-06-28 00:00:00
aa074a04e180e1202a8e0500297a2570,356c120cc0f5c573bc74d453e0879494,delivered,2017-07-13 20:00:24,2017-07-13 20:15:09,2017-07-14 18:42:06,2017-07-28 19:57:46,2017-08-16 00:00:00
2af4817f66a5aeb427fc06e41204bc7b,646f0c28ef155ba2f5413a913f84d73f,delivered,2017-06-27 13:40:52,2017-06-27 13:50:23,2017-06-27 15:13:06,2017-06-30 12:21:36,2017-07-12 00:00:00
e756c16a8426f61eb4298bd6f590556b,f3ad475cc60e554f7113f18ab06810ca,delivered,2018-04-02 23:28:43,2018-04-02 23:47:53,2018-04-04 21:48:21,2018-04-12 23:36:47,2018-04-18 00:00:00
c12bef4c2199585f7a1f2c92fdac3827,4536ccaeb1bc6078a3063b63c9e2905e,delivered,2018-08-06 17:46:34,2018-08-06 18:04:49,2018-08-07 13:33:00,2018-08-13 16:07:22,2018-08-16 00:00:00
51ffb9765ad7cfe091821ebd4751dc05,e4412072d401a4c3bc29c976497e0186,delivered,2017-09-17 20:40:42,2017-09-17 20:55:19,2017-09-29 20:49:48,2017-10-04 20:32:42,2017-10-06 00:00:00
950d953d1c32b47c840a17f3661427a4,83ee6d8c8198e3ecd30aa108a28d4b81,delivered,2018-02-21 20:53:04,2018-02-21 21:08:51,2018-02-24 00:21:47,2018-03-09 21:24:42,2018-03-16 00:00:00
3e92e84e557bec2d9fa0d853b3e855e1,b01a34434d0cf0d75005e5162a3b9798,delivered,2018-08-19 11:52:24,2018-08-20 11:32:38,2018-08-20 15:18:00,2018-08-27 15:04:53,2018-09-06 00:00:00
4ab1a1bf9908b4d876f0706c742fb14d,a8358238f44b4fc7e18c7fd54404eaae,delivered,2018-06-21 09:09:56,2018-06-21 09:42:57,2018-06-21 13:42:00,2018-06-22 16:18:43,2018-07-04 00:00:00
39c7d4ae602c664a264c6da2d674f418,813196414bd13deb67a676510c2cee36,delivered,2018-04-09 20:56:21,2018-04-09 21:09:47,2018-04-10 20:24:22,2018-04-12 21:47:30,2018-04-23 00:00:00
785c89d4e249aa8f0ec838dded807fd1,6855f38cbbe15fbf194c2a7153cb1084,delivered,2018-01-07 13:21:41,2018-01-07 13:29:31,2018-01-10 18:46:27,2018-01-12 20:57:01,2018-01-24 00:00:00
f36e6ba50146eb8900cad146dd95e9e8,866d24c7e22324caf53cc6b90d5789ef,delivered,2017-04-11 23:44:10,2017-04-12 01:25:28,2017-04-17 10:33:27,2017-04-20 12:50:05,2017-05-03 00:00:00
e05b2ef0e6f68745846dba198590cb80,3404fbd3964c5abd6fe76ae239b0bd29,delivered,2017-12-11 09:28:15,2017-12-11 09:35:27,2017-12-14 17:37:17,2017-12-18 19:55:44,2018-01-11 00:00:00
e02d1acde68fc554aee0e2913c3179d0,d71d0786dd993461821ec16125a0f013,delivered,2017-11-15 20:26:14,2017-11-15 20:47:02,2017-11-17 20:22:58,2017-11-30 20:53:00,2017-12-12 00:00:00
752b45c0651b32a09e039fa03504d3f0,d8871d08dca6ac10858514ecfdce4602,delivered,2017-08-10 12:47:45,2017-08-10 13:03:41,2017-08-11 18:52:12,2017-08-15 20:19:52,2017-08-30 00:00:00
141a3a105ece0b78ebacac138ca4a4fc,3d65e3c476623177f95b4dc8e04b917c,delivered,2018-01-11 14:54:38,2018-01-11 15:09:30,2018-01-17 17:42:17,2018-01-24 19:05:07,2018-02-07 00:00:00
beea8116a9908f0390812fd77d9b1f2e,f7eab7d0e27f9ebe87e9db3c3c01eee3,delivered,2017-05-21 08:03:32,2017-05-23 03:55:17,2017-05-24 12:36:57,2017-05-29 14:17:47,2017-06-16 00:00:00
15ec221740e9cec424172caef8dbeeab,d5da921c053c5be5b56d704563f216d9,delivered,2018-04-25 14:33:31,2018-04-25 14:51:39,2018-04-26 14:17:00,2018-05-02 22:26:55,2018-05-15 00:00:00
968881fd0bc1fa8d068c381b3484223d,cf77d6dc60f91af4ae0c4a5e76f57713,delivered,2018-06-05 17:19:27,2018-06-05 17:32:04,2018-06-06 07:15:00,2018-06-24 13:52:41,2018-07-16 00:00:00
6fed61864e73f5457549fa69ad7c88a2,8dcd97f29f39cd61f731b3272b169ba9,delivered,2017-11-14 15:14:27,2017-11-14 15:28:06,2017-11-16 19:48:50,2017-11-24 19:52:56,2017-12-11 00:00:00
ce86f3b70e7bb8cd539eaed55e3553f5,10474c1a58f214226d86ac3b7a41edb2,delivered,2018-07-14 04:13:19,2018-07-14 04:25:06,2018-07-16 14:49:00,2018-07-24 14:12:47,2018-08-02 00:00:00
c72c0ab643f76818c56b7c135e806360,399caeab35aff97623b1e8fc27bd55a8,delivered,2018-01-17 21:35:32,2018-01-17 21:50:25,2018-01-19 00:15:42,2018-01-20 11:39:53,2018-02-01 00:00:00
61e7a0e72661ce2a29fef077d8007f27,cd84779cce6243c1a17f802b7bab05c6,delivered,2018-01-09 06:28:45,2018-01-09 06:38:28,2018-01-10 10:39:28,2018-01-22 23:46:40,2018-02-02 00:00:00
6814e5323f3559890d60955f42d2c8d7,c36e16973acbe2b29f72665cfba6223e,shipped,2017-03-22 06:33:39,2017-03-22 06:33:39,2017-03-27 10:05:51,,2017-04-12 00:00:00
e2df04c1573f061467ee1af3cc6e26bd,befb47ca7f3e74109bb67b4dda9b742f,delivered,2018-04-13 16:43:05,2018-04-14 02:31:41,2018-04-18 20:18:23,2018-04-23 19:03:58,2018-05-02 00:00:00
5eeef0a291829b4a3e2ebfd8effac242,940c3a34a89c24181632bd0a851328be,delivered,2017-06-12 22:15:32,2017-06-12 22:25:18,2017-06-14 14:40:09,2017-06-23 11:59:29,2017-07-05 00:00:00
0d902dd22c7c40a55b0edbd70ab87fc3,a9558995b6d102f6216229476ff11b3b,delivered,2018-05-04 10:32:08,2018-05-04 10:51:59,2018-05-04 12:36:00,2018-05-24 18:32:00,2018-06-07 00:00:00
f7a1c7b797e20c75f2e3dcec7ff17d22,25487abdc670ca746db1aedd61d7df96,delivered,2018-08-14 10:05:26,2018-08-14 10:24:40,2018-08-14 11:17:00,2018-08-17 22:38:53,2018-08-31 00:00:00
e368cd7fd76b9318bc4896345d71719a,c2722fd676f7f1ab5c4e736079b57596,delivered,2017-11-16 22:09:51,2017-11-18 02:50:24,2017-11-22 17:18:44,2017-11-28 23:09:09,2017-12-07 00:00:00
23b757203bd90a6deafcd069bdcb1fde,a5e1ac55465102e83e7ab0fa7e6b777a,delivered,2017-10-07 10:55:54,2017-10-10 03:56:15,2017-10-10 17:39:58,2017-10-13 19:24:46,2017-10-25 00:00:00
911432777099c4ba4711a18faed3f4c0,00f625f67cffbda090bb7bd168821482,delivered,2018-04-13 22:24:51,2018-04-13 22:35:20,2018-04-16 22:32:53,2018-04-23 20:03:37,2018-05-09 00:00:00
0d5d3777270af3ab88e1ad0e74c57e52,d445b9c894d13feec15913b63b8f802f,delivered,2018-08-07 13:05:13,2018-08-07 13:15:22,2018-08-13 14:45:00,2018-08-17 13:32:38,2018-08-27 00:00:00
190f1efcb8b7f7fdcf6690c0c3e78c39,0975b736f07ef1af2adb4e91cba4a035,delivered,2017-12-23 22:51:50,2017-12-23 23:08:39,2017-12-26 18:52:27,2018-01-11 22:34:10,2018-02-06 00:00:00
95e6954a7dcbdd1a6efe5fd1ce397ba0,92aea0fdf748979ef3e99a3a328abf59,delivered,2018-07-17 23:55:14,2018-07-18 00:40:05,2018-07-18 14:10:00,2018-07-24 21:36:42,2018-08-09 00:00:00
3df55fc07ff463109ce0422439693aee,795053583923996fa8e06ebf88981274,delivered,2017-09-03 22:36:56,2017-09-04 02:31:39,2017-09-04 21:50:02,2017-09-06 17:19:05,2017-09-27 00:00:00
19d384f8370ca0d66c6c059da4c127cd,c4d5a7f1bfb1a15e89c93a2374e2a314,delivered,2018-03-24 13:12:01,2018-03-24 13:27:36,2018-03-28 00:44:37,2018-03-29 19:12:24,2018-04-23 00:00:00
9537e35e835d4ae6b7b219b8b2e36817,b87f977ff3eb88e15e3203b417f51332,delivered,2018-08-01 17:04:58,2018-08-03 02:50:37,2018-08-20 15:44:00,2018-08-27 18:03:45,2018-09-10 00:00:00
6ee722cd81ebe249b83c6351f725bbb5,9d5ff5d7ce2e4bc386bf11b9adb46a19,delivered,2018-02-21 11:22:22,2018-02-22 02:28:24,2018-02-26 19:55:42,2018-03-26 15:51:47,2018-03-23 00:00:00
c108072ab31ec90a754129c171577f5f,a979b3cbd898fd8be91a290a667fd0d4,shipped,2017-10-16 21:13:03,2017-10-16 21:28:13,2017-10-26 20:40:20,,2017-10-26 00:00:00
34797e815a679fdaea88d3aa30dbf46c,2ada6f578b24b6034e1658a3ad15a4c2,delivered,2017-08-08 19:38:41,2017-08-08 19:50:15,2017-08-10 18:15:48,2017-08-18 12:46:35,2017-09-05 00:00:00
c09395a3ba913b8f6c2594a7df7df72b,9a9059f7c8537c6ffb5610f5202ccfb7,delivered,2017-09-16 16:25:19,2017-09-17 16:30:17,2017-09-22 18:30:08,2017-09-26 20:19:43,2017-09-28 00:00:00
b69b78a1865e7b379d633794c80ef7d2,ebee626449f5d99c176463605112b09f,delivered,2018-05-03 15:43:50,2018-05-05 02:13:49,2018-05-07 14:07:00,2018-05-14 17:12:50,2018-05-22 00:00:00
5bc26c6e994c1fd9edb9e324ff85dded,a93ba2ce55c9d1ec30a192c5afd535e2,delivered,2017-12-23 10:12:54,2017-12-23 10:28:34,2017-12-27 16:53:29,2018-01-04 12:52:40,2018-01-24 00:00:00
0f914d0786d04db3fe3dfb23cfe60aeb,6b4653242a2d90f5a7c66080b45bdd68,delivered,2017-11-19 09:42:52,2017-11-19 09:55:32,2017-12-05 17:44:36,2017-12-19 16:12:31,2017-12-29 00:00:00
9e81c4ecf83ac3e5fce3ea780b1aa38e,b72f4ad269dc62bd9bb35ceacf22103e,delivered,2018-02-15 10:03:54,2018-02-15 10:10:55,2018-02-19 17:42:34,2018-02-20 18:59:03,2018-03-02 00:00:00
11d6810af0b0d8982e3d67b4dae4374a,cb51b2fbaabd9799feab4820422b270a,delivered,2017-04-04 16:33:35,2017-04-04 16:45:21,2017-04-05 10:41:27,2017-04-10 10:43:43,2017-05-05 00:00:00
b18cb761efbe70da4838435a349abd07,9ff6d1a05ecfe2d907adac11a2e2bfe9,delivered,2018-07-04 18:39:28,2018-07-05 16:33:14,2018-07-05 13:21:00,2018-07-10 22:34:39,2018-07-27 00:00:00
11d0085cfa1ffc32aa630cb9c92ea970,f9e2647dd253626609ba428295860434,delivered,2018-02-28 21:49:44,2018-02-28 22:27:47,2018-03-01 20:42:39,2018-03-21 17:52:58,2018-03-22 00:00:00
955c8fbc85ca2cbd9a0cfe283624c915,31546615dfbe77a0bd8de97d6186d031,delivered,2017-11-28 09:37:41,2017-11-28 11:31:23,2017-12-04 21:03:25,2017-12-21 20:07:06,2017-12-21 00:00:00
4ecdafc07882d357b5607a05e3a1a46f,e25c30386baad502153f382e3f8fd9de,delivered,2017-07-29 11:53:18,2017-07-29 12:05:31,2017-07-31 20:07:48,2017-08-04 19:24:53,2017-08-22 00:00:00
c81217ac6f729105708524c82fa37172,0322f341d1346fa8ce5c28ef835f2f67,delivered,2018-07-31 19:22:54,2018-07-31 20:20:10,2018-08-01 15:46:00,2018-08-08 22:12:38,2018-08-24 00:00:00
0891b66cbcc48cf64f31ae9cae3d08d8,3c0b720f2a9aebf70b250e73ef4fda63,delivered,2016-10-09 13:57:42,2016-10-10 03:55:40,2016-10-21 18:23:02,2016-10-27 12:54:57,2016-11-30 00:00:00
b6d6730512437da0a234e99ea7885212,a5569eafa093045938b448b5f802032d,unavailable,2017-09-04 09:44:46,2017-09-05 08:33:58,,,2017-09-21 00:00:00
68fed8c67c135afe92f670687163fafb,e9a689ba0543eacfd32922f7195fbcc8,delivered,2018-05-25 08:27:32,2018-05-25 08:54:56,2018-05-25 15:30:00,2018-06-01 21:06:52,2018-06-19 00:00:00
b6f5d41c260425b5a3d5919bcb1ad8d8,48f33d2f74cd85093145532d5b9b14e9,delivered,2018-01-22 12:01:15,2018-01-23 03:36:51,2018-01-23 23:48:28,2018-01-25 19:02:51,2018-02-14 00:00:00
143c703ed417ebaa64077dcdc2c820a9,2741ad6328c6501b09950d15a0590167,delivered,2017-03-27 17:11:10,2017-03-27 17:25:14,2017-03-28 11:07:06,2017-03-31 17:52:38,2017-04-24 00:00:00
616349dfee9e27679881b25bfc3af335,31f925b24ebb6e23fb255f79e4c74b81,delivered,2018-02-22 00:41:09,2018-02-22 00:50:28,2018-02-22 22:22:39,2018-03-30 00:48:24,2018-03-15 00:00:00
e4e7f051862316f8ef1e82166c55cdea,dba19fc278a9c05bdf43327f419160fc,delivered,2018-03-02 16:48:29,2018-03-02 17:10:41,2018-03-06 21:32:57,2018-03-10 17:42:49,2018-03-27 00:00:00
3d7d095c15be6f2b4618459d23e072cd,6220c0665e1834766a50a791808409c4,delivered,2017-04-26 14:18:33,2017-04-26 14:30:18,2017-04-27 17:18:19,2017-05-04 12:15:27,2017-05-24 00:00:00
4a9eee375aed716abf318683789faf01,133a51d8934bca97eac4f7f85e127ac5,delivered,2018-07-26 21:46:18,2018-07-26 21:55:16,2018-07-27 15:10:00,2018-08-03 20:41:43,2018-08-23 00:00:00
c92c52fc8165c38e21adf26ffcf62028,13f1c2d6b9a507bb66e4cae829635936,delivered,2017-04-29 21:56:10,2017-05-03 11:34:39,2017-05-03 12:11:38,2017-05-12 11:10:08,2017-05-24 00:00:00
9f10c0ea65a77a1a730fee1bd83c6ace,f7792d4c5cd1ffba242f7e8a4ecc6686,delivered,2017-11-08 15:35:42,2017-11-08 15:50:57,2017-11-09 19:37:26,2017-11-21 16:46:57,2017-12-06 00:00:00
f0296e2322376fd2e7922b8deca72695,c7b836aefea27efb7e0bf4c70c129aff,delivered,2018-01-14 11:09:13,2018-01-16 03:40:08,2018-01-22 12:09:57,2018-02-05 18:11:42,2018-02-14 00:00:00
fd74ee83ca49ea03ce7b1e8d8aceba3f,140840d08a638fb3c2427dd91d929fe2,delivered,2017-06-08 20:31:14,2017-06-08 20:45:19,2017-06-09 14:16:00,2017-06-13 11:39:49,2017-06-22 00:00:00
5639e62ac4812b66eefbb05288c44eef,15ece46f6d57c5e2a87774451f9f73f8,delivered,2017-09-01 01:49:20,2017-09-01 02:04:10,2017-09-01 17:39:41,2017-09-13 18:55:06,2017-09-22 00:00:00
638c67ed7c981ea1b46e45f23b35f4ff,ffdbd1a1e9a23977e4d638c2b0ccd0b9,delivered,2018-04-02 23:09:18,2018-04-04 03:10:23,2018-04-05 18:12:52,2018-04-11 17:33:02,2018-04-18 00:00:00
9699c01a896c01b9cb591cdd6ad1adc3,dd2ee193b20b98224502484a26b61d66,delivered,2017-06-08 10:49:34,2017-06-10 02:55:14,2017-06-12 09:00:57,2017-06-23 12:11:40,2017-07-07 00:00:00
34b52e1c183144d83dae0e368e920950,59803495009fd20d25c7a207b6a6fb81,delivered,2018-08-12 11:56:55,2018-08-12 12:05:17,2018-08-13 15:09:00,2018-08-14 15:50:51,2018-08-17 00:00:00
a15d904c9e9cfb9f11a9752fbf1b6a7d,0d878c03ad06e377222d2130fba9dde1,delivered,2018-06-16 23:41:53,2018-06-17 01:38:36,2018-06-18 15:38:00,2018-06-21 20:34:45,2018-07-12 00:00:00
c69f0380799b51f882ec31e9761cd497,788144ab1cae2ab28794815b0b101ee4,delivered,2018-05-21 21:37:31,2018-05-22 21:35:44,2018-05-23 14:14:00,2018-06-08 13:42:58,2018-06-21 00:00:00
1d090f0194c35ed8b589f82f102bd758,fd453c63f0f4d5bcc17d43c076dba510,delivered,2018-04-28 17:05:06,2018-04-28 17:15:15,2018-05-02 14:58:00,2018-05-09 20:37:52,2018-05-22 00:00:00
535981e0e0cb431bfd3a85a4279f03d9,0d04d26561b023e838cb99c83a55bfbf,delivered,2017-10-13 12:37:17,2017-10-13 12:49:24,2017-10-16 18:38:57,2017-11-01 14:24:54,2017-10-31 00:00:00
d5e9734f54e05a41246389d38b732a51,bc46822a62f07f6f519876caf542661f,delivered,2018-06-14 15:52:22,2018-06-14 16:18:59,2018-06-15 13:48:00,2018-07-02 18:04:09,2018-07-17 00:00:00
de310c00c4111ff98be9166aa6213e22,993c9a108c65a6b71f864f9acde3099c,delivered,2018-05-12 23:07:22,2018-05-13 23:11:47,2018-05-17 15:06:00,2018-05-19 18:44:40,2018-06-08 00:00:00
320b4a5fa30f0d1eb0bb4c944d2205e1,974673840b08cb1219003a3f2b6a510f,delivered,2018-02-21 21:10:23,2018-02-21 21:29:16,2018-02-22 21:27:46,2018-02-25 14:03:31,2018-03-07 00:00:00
fa302aa67b18a98eb824a928fb3e53ba,58aea9fc48bd6a46f86bdead5143c405,delivered,2018-01-30 11:56:08,2018-01-30 12:15:19,2018-02-08 19:25:00,2018-03-01 22:49:10,2018-03-02 00:00:00
eae46740151daff6420b7acc4a9348f9,297ce1faa7fd43b6c512673f8ee51322,delivered,2018-01-04 22:42:14,2018-01-04 22:50:34,2018-01-10 20:53:31,2018-01-24 12:47:12,2018-02-06 00:00:00
76ef2fe6ef1b33ffff4a14e2b49abb9a,b3c4d524670496e53db937a755a002e6,delivered,2018-02-25 18:12:49,2018-02-25 18:27:32,2018-03-02 17:44:51,2018-03-07 21:42:55,2018-03-16 00:00:00
1256a493fbf2d6047d845aaac3ddec81,ccff00405b15922f077fd5e72318b5ff,delivered,2018-06-23 20:33:24,2018-06-26 07:12:56,2018-06-29 08:21:00,2018-07-05 16:36:25,2018-07-19 00:00:00
e23ca832ba25d2d20b0ebacdfe401989,320820724a43fe701ae97500b3760a81,shipped,2018-01-24 14:17:10,2018-01-24 15:16:07,2018-01-25 20:15:08,,2018-02-23 00:00:00
00789ce015e7e5791c7914f32bb4fad4,342c4258969c528c3469db9acaf6b0ad,delivered,2017-06-28 23:31:33,2017-06-28 23:43:34,2017-06-29 11:47:41,2017-07-17 18:35:36,2017-07-20 00:00:00
24ee049b7819170224ee7e5eca0494e9,ada0f066567ebdf46d1aad320bd0d73e,delivered,2017-03-26 13:05:55,2017-03-26 13:15:15,2017-03-28 09:42:45,2017-04-03 13:50:06,2017-04-13 00:00:00
65d9b3fd87de7509d12d3cd45c661269,8e40783a73dea55cfdbb1a152ecea677,delivered,2017-05-16 08:21:59,2017-05-16 08:30:14,2017-05-16 15:06:54,2017-05-22 12:03:05,2017-06-16 00:00:00
7c6517c41c557b7b9a6407d55badf4ee,401b951379e445bd4add4e01812038c2,delivered,2018-05-04 15:16:50,2018-05-04 15:33:34,2018-05-07 15:29:00,2018-05-09 21:38:28,2018-05-18 00:00:00
1c4b050b03674a68df8780c156a1e117,c0a8281c9a51b166d389f6ee6c144dd2,delivered,2018-06-27 16:40:20,2018-06-27 16:55:26,2018-06-28 14:09:00,2018-07-06 00:48:41,2018-08-03 00:00:00
16c96dd4350d02d1890b8b7fd141da9a,c9a7dfbc6fbf3b5099015fd9cd288435,delivered,2018-04-25 02:15:01,2018-04-25 02:31:08,2018-04-25 14:17:00,2018-04-26 20:42:30,2018-05-09 00:00:00
3a8120ab24d55fb6df380a431836a916,915324f5c372a16f2cba00005464110e,delivered,2018-05-13 21:23:10,2018-05-13 21:35:14,2018-05-15 10:46:00,2018-05-22 17:09:55,2018-06-11 00:00:00
e264592bd65236932df8193bed000e39,ad68c4246c1d9103b42ec8aaa5e85483,delivered,2018-02-26 11:58:39,2018-02-27 11:50:26,2018-02-28 21:21:51,2018-03-12 17:52:29,2018-03-23 00:00:00
01c1f3c10d2641a10cfd97ffaac0b3f5,fd8a9ce7e554b0a3b083521837d0f7c0,delivered,2017-11-28 22:08:43,2017-11-28 22:18:02,2017-12-05 23:22:02,2017-12-14 19:04:51,2017-12-29 00:00:00
71b74d0e5cfa77c4b848bf0dbd8f7117,13a71d9aec2b8b2dfdc823428885df9f,delivered,2018-05-02 09:36:33,2018-05-02 09:57:25,2018-05-04 14:25:00,2018-05-07 16:07:52,2018-05-15 00:00:00
b7a098563d93a0a1f918772c24ca3831,7974eb74e94d3f3e1031f74d1b97ea5e,delivered,2018-02-17 16:41:06,2018-02-17 16:55:55,2018-02-21 18:32:40,2018-02-27 18:22:43,2018-03-05 00:00:00
d2b465d6828555de4d5226daea422618,3dfc6e89a7989cc23be6f2db44ca2471,delivered,2017-02-22 06:47:45,2017-02-22 09:35:08,2017-02-22 12:18:54,2017-03-23 08:52:13,2017-04-25 00:00:00
6189844031702fdf168d8194d504bc0b,09321f51c8b1b174dac932353c44a386,delivered,2018-04-27 01:19:40,2018-04-27 01:31:26,2018-04-27 13:38:00,2018-05-04 18:47:50,2018-05-24 00:00:00
384cb810297edfa8442e7b06f4d4850f,5033c92efdd31473011c06f4bbd89e78,delivered,2017-03-29 08:55:54,2017-03-29 09:05:23,2017-03-29 15:09:04,2017-04-28 09:36:39,2017-05-02 00:00:00
560f8dd770a2b2c009a4fc935c507014,8ba0374666bfb38c409875762a5af81e,shipped,2017-12-16 18:51:09,2017-12-16 19:10:22,2017-12-19 20:28:56,,2018-01-12 00:00:00
799bc9658260598f040a6a7943b73415,f308c7b824f58e99202f669fc551cf22,delivered,2017-09-23 12:32:47,2017-09-23 12:45:11,2017-09-26 16:16:56,2017-10-03 20:03:19,2017-10-20 00:00:00
296921db5b87a79a3cdfa1f0c2694e4f,604a2de1a28b64bbe0a9ebcc44681213,delivered,2018-01-25 03:45:47,2018-01-25 03:57:27,2018-01-25 18:47:03,2018-02-06 22:48:33,2018-03-05 00:00:00
a73c9c5feb02773faae1f58886f5db9e,042427dee0803c0cb485dbf592083a4b,delivered,2018-04-08 17:08:40,2018-04-08 17:29:45,2018-04-09 18:08:21,2018-04-17 19:33:44,2018-05-02 00:00:00
5b3e6244d63f344c1ec9663776e1ca97,cb5012c6bff7312d0e432b30c005a2ac,delivered,2018-01-18 18:20:45,2018-01-18 18:33:46,2018-01-20 17:25:26,2018-01-27 11:18:32,2018-02-15 00:00:00
79ce3a0a9eba49ff442b392ab05349a4,3b979b88fbf88354add6870de52d007b,delivered,2017-12-12 23:41:30,2017-12-13 00:33:28,2017-12-13 17:53:38,2017-12-26 19:32:07,2018-01-09 00:00:00
64a2b20e6611bf80d933549f4c45ad84,de62761e79f4ae4169cab45ed5f36026,delivered,2017-12-20 12:30:40,2017-12-21 02:11:52,2017-12-22 20:41:54,2018-01-09 15:44:20,2018-01-19 00:00:00
ab377121ab607d829a167d9796781f67,01deaf187077254cacc4e7b4d9d7bf87,delivered,2017-06-13 17:01:29,2017-06-13 17:15:43,2017-06-16 12:36:26,2017-06-19 19:59:25,2017-07-04 00:00:00
6448b940e7bdf635ae69dca1b81077bc,f9b37f6a2591a3a3ee8ebbb20196d71d,delivered,2017-05-08 19:11:43,2017-05-08 19:25:18,2017-05-09 11:17:07,2017-05-17 14:47:56,2017-05-31 00:00:00
e92900da13e75122f18f3694fd9e0230,5f05de07772c3e69f3a019b70a0c97e9,delivered,2018-02-20 17:03:21,2018-02-22 02:31:04,2018-02-27 18:58:51,2018-03-21 20:21:02,2018-03-19 00:00:00
54220fcc516cabe9ec84b210c0765ef2,24e7dc2ff8c07126358af519732b8558,delivered,2017-11-24 16:16:45,2017-11-24 20:13:16,2017-11-28 23:07:36,2017-12-07 17:47:15,2017-12-20 00:00:00
4c1bccb42ff068a53ac02ad1109be5fe,e26866fcad952f322729ccd8b71e2758,delivered,2018-01-11 03:57:34,2018-01-12 16:36:22,2018-01-15 19:48:10,2018-01-16 22:36:04,2018-01-29 00:00:00
8535f60f13f03d9f0bc91ed113bb43aa,e77fde4531c32ac343f4487c3a46acec,delivered,2018-04-09 12:28:36,2018-04-09 12:49:56,2018-04-10 21:56:26,2018-04-17 20:28:41,2018-05-15 00:00:00
2abed06af11ab7e3bc833f1b1535ba25,ed088195af7cb6b070c14b39d860eb0c,delivered,2017-08-16 21:06:21,2017-08-16 23:20:16,2017-08-17 19:32:48,2017-08-21 19:22:19,2017-09-08 00:00:00
f4a954736e0e556f4caaf426f1028ce6,2d1c5e687c232d5dab274e9c7d39e197,delivered,2017-05-15 17:23:34,2017-05-15 17:35:15,2017-05-16 10:12:57,2017-05-25 12:16:55,2017-06-06 00:00:00
79562db78b573c385bac088ede3973dc,e7b047f3e2c9bddb8f4dee625e0c0ce7,delivered,2017-04-26 09:43:36,2017-04-26 09:55:22,2017-04-27 14:08:03,2017-05-12 14:12:20,2017-05-17 00:00:00
71fb5cbef1b7743f40cfc5ba116ee448,2268d727e31908e4c2a280e18ffbec4f,delivered,2018-05-22 18:09:14,2018-05-23 02:15:39,2018-05-23 14:13:00,2018-06-05 19:09:36,2018-06-08 00:00:00
3adbc4c0f5c6605824498eeb960d0855,f857d90e198c755b1cd0a41b151abaa5,delivered,2017-06-01 16:07:46,2017-06-01 16:25:34,2017-06-02 15:04:35,2017-06-05 16:13:55,2017-06-14 00:00:00
072d14a6096a0b4e29e3e2d6f11f58fa,23cb14399f270bdd209b9fc82c454048,delivered,2018-04-04 22:00:19,2018-04-04 22:10:23,2018-04-05 16:58:29,2018-04-06 23:48:40,2018-05-07 00:00:00
a7db8c5327329206a779bb63dca4a2f2,b0790158897607011071ef91f76d2002,delivered,2017-03-31 17:33:23,2017-03-31 17:45:17,2017-04-03 15:13:35,2017-04-13 17:24:58,2017-04-26 00:00:00
4a8b56b6641818f8cf2457dedd663bcf,11af43ab5aead1caaef7a490b1420a82,delivered,2018-05-28 10:54:51,2018-05-28 11:13:47,2018-05-29 14:36:00,2018-06-01 18:02:39,2018-06-13 00:00:00
7529dd1778a9d75bcd367a8ddc1e9d14,04fe7d4311ae1d93d159f77fd513a91f,delivered,2017-10-01 20:49:32,2017-10-01 21:07:02,2017-10-02 19:12:09,2017-10-20 20:38:52,2017-10-31 00:00:00
f1b8509dee2f914e33ace8b9555a7e51,27259d491734d9d1b58f97938c0a5c01,delivered,2018-01-10 08:51:29,2018-01-10 10:31:58,2018-01-19 17:47:51,2018-01-25 13:58:42,2018-02-21 00:00:00
4c53b2ac030f08c0469e8de45af2e400,780b9df22e9f714b2231474a96e95730,delivered,2018-05-28 17:24:42,2018-05-28 17:55:41,2018-05-29 16:05:00,2018-06-04 21:15:30,2018-06-13 00:00:00
adb4641524ad981f9ab1886ee54977c7,ae79d9b3da28bd3788980967842a38da,delivered,2017-08-04 10:59:42,2017-08-08 04:25:21,2017-08-11 17:45:01,2017-08-23 18:14:40,2017-08-29 00:00:00
33ba4f801135f88f6836ade6260d0623,c1bce0aa640fafe73edf9900e0084566,delivered,2017-10-17 15:46:51,2017-10-17 16:06:47,2017-10-18 12:58:17,2017-10-25 13:59:16,2017-11-03 00:00:00
c8714809bc84ffb9c675dcf4a6455df9,e02b0a31345a94677bcc33aa9bc0909a,delivered,2017-09-21 18:21:46,2017-09-21 18:35:14,2017-09-28 18:14:36,2017-10-09 17:58:16,2017-10-23 00:00:00
f856b8b90a83c3e6c6bccd3b1665fb79,b37ad61561a4c8c53e4105a3ae90fa34,delivered,2017-07-04 07:36:01,2017-07-04 07:45:13,2017-07-04 13:56:34,2017-07-26 15:25:50,2017-08-07 00:00:00
ab001f825765f185062e85eaebc010b5,8168b5079d6ea023893d64ff63f7c4c7,delivered,2018-06-20 18:49:28,2018-06-20 19:18:49,2018-06-21 15:10:00,2018-06-22 15:46:38,2018-07-03 00:00:00
6d37c2777465f819544099f0ec5a6b25,c0e3cfb4fa98e3cc869c637ae3c1f409,delivered,2018-05-13 12:45:47,2018-05-13 13:11:52,2018-05-14 13:39:00,2018-05-17 16:23:55,2018-06-01 00:00:00
b1e83743987d023e63838e2fe9149231,6ba7e84c04186c7d84b9c549337ad3c9,delivered,2018-03-03 21:59:29,2018-03-03 22:15:23,2018-03-05 21:10:30,2018-04-02 20:26:44,2018-03-29 00:00:00
5c9c7cfebd7a15f81479083d70636f51,e6a45e4f355662139f50c0ae6b5afa5d,delivered,2018-07-03 20:23:07,2018-07-05 16:21:04,2018-07-06 08:25:00,2018-07-10 19:03:27,2018-08-07 00:00:00
40b0e6507607e122ac052bf9426dba12,37cb0c403b8adef6c53a9d10cb9abcf0,delivered,2018-01-15 16:16:33,2018-01-15 16:31:23,2018-01-17 11:56:42,2018-01-26 00:14:55,2018-02-08 00:00:00
3a27e0b9d5d118eeba13571803a2b08e,5bf3c6c1f06144a4ae5b815782732da7,delivered,2017-04-26 14:09:45,2017-04-26 14:22:15,2017-04-27 09:39:11,2017-05-03 14:37:42,2017-05-15 00:00:00
389d774b02ed5ffc37b29fc4c81d3039,e52d98453f1fe98cdd0f5911639b2f60,delivered,2018-03-20 21:35:54,2018-03-20 21:48:47,2018-03-21 18:42:18,2018-04-02 20:51:35,2018-04-09 00:00:00
c8fa71518385678630da7552cf1f459f,a6f7bd1b52173341090682e0bfd1340c,delivered,2018-02-09 14:36:28,2018-02-10 14:30:28,2018-02-14 19:49:06,2018-02-19 19:23:36,2018-03-09 00:00:00
f930a1f6247ed00d6fa9d8a09782c7b4,4ab4db2f93c68d5914dc5eb566dc486c,delivered,2018-06-05 12:28:11,2018-06-05 14:31:34,2018-06-06 13:12:00,2018-06-07 17:28:31,2018-07-11 00:00:00
17335ccb96b98156a4fd1b635e11e107,9849e664a01a9e99e07fb42f32a2fccf,delivered,2018-03-20 07:49:40,2018-03-20 08:08:23,2018-03-21 22:24:40,2018-03-23 18:58:54,2018-04-02 00:00:00
4b50fac9970bd5d46f41eab7855101a8,b7e5bee0c729f6d947ea3b7c6cd7ef0b,delivered,2018-07-19 20:03:11,2018-07-21 03:10:14,2018-07-24 11:38:00,2018-07-30 23:33:44,2018-08-10 00:00:00
379a935fe436be68e1c1e76ef0fa2c48,966be50d83ff1fea6ae8877708b48caf,delivered,2018-01-31 21:51:45,2018-02-02 02:54:15,2018-02-02 18:56:49,2018-02-09 17:36:51,2018-02-22 00:00:00
06e4e324b83309e575442446e34377d7,28635c64d8f2aee6e47124350f7ffb38,delivered,2017-06-21 22:40:33,2017-06-23 02:25:24,2017-06-26 13:31:18,2017-06-27 16:18:39,2017-07-05 00:00:00
c9f06c1229ec7cd4ec9aed55d434b499,fa89053140d09081b3a3a4608a74c083,canceled,2018-02-05 20:26:29,2018-02-05 20:49:48,2018-02-06 19:49:32,,2018-03-01 00:00:00
0838c36e9894cf5d929f58210d5b5bb0,365adfcd960eaab19ba5e79e34d30b03,delivered,2017-06-13 11:22:36,2017-06-14 06:35:12,2017-06-16 07:38:41,2017-06-27 13:34:31,2017-07-18 00:00:00
7e28a3542ea8306e42298ea3718222ee,b14a788b10030beb7ea368ea345caf7e,delivered,2017-12-16 16:38:38,2017-12-16 16:53:45,2017-12-20 19:11:03,2017-12-26 15:33:19,2018-01-11 00:00:00
7cd9f4c5a26e353b50e10cc165ef40d2,7ee04c773f064561c7f50cba4cda809d,delivered,2018-06-27 19:23:51,2018-06-29 02:53:16,2018-06-29 14:47:00,2018-07-03 18:03:39,2018-07-16 00:00:00
137d0174b6161980026a858b907762fc,bdb76be5d5a9873dfb4f392ccf7aa962,delivered,2017-12-29 13:50:00,2018-01-03 04:11:27,2018-01-03 17:52:40,2018-01-04 19:42:13,2018-01-22 00:00:00
b07bf2d32756618446d0cc1896d2eedb,0366081656b950085a27be941a5b28c0,delivered,2018-03-26 19:48:17,2018-03-27 04:08:34,2018-03-27 21:33:26,2018-04-12 02:58:22,2018-04-17 00:00:00
849eace12a4c38cc5d4647af9f942eff,5a36bd2a84d5b3f6ea920871476935e0,delivered,2017-02-09 12:48:59,2017-02-09 13:11:15,2017-02-09 14:33:32,2017-02-17 16:32:56,2017-03-14 00:00:00
4f40b7b437c07599a6f77c6ba8977dcf,b7836c761c4794953149d49ff2c9cdf2,delivered,2018-06-22 16:19:27,2018-06-22 18:15:53,2018-06-23 08:29:00,2018-06-30 13:46:37,2018-07-25 00:00:00
09ce422617b0ec4c246ceb2922ea1ea1,b1ac696f4c189722e28f5fde229eacc5,delivered,2018-08-22 10:48:54,2018-08-22 11:04:30,2018-08-22 16:12:00,2018-08-30 20:44:47,2018-09-04 00:00:00
b7c31842ba974282794a900f7913fab2,f66bc8a80bca632c4321956543632964,delivered,2017-07-14 23:26:36,2017-07-14 23:43:21,2017-07-17 18:07:43,2017-07-18 18:28:56,2017-07-31 00:00:00
9707e5dd2b32ab5cc39155a27eb3d0ec,1d38a317a5e9df61d2bfbebf4cc20068,delivered,2018-02-08 21:15:15,2018-02-08 21:28:07,2018-02-21 00:53:15,2018-03-26 19:42:19,2018-03-15 00:00:00
ed6fa5e51bb096344440db276aedc37b,cd3b21a9bdd5bdaf373fa170ce2203f1,delivered,2017-11-25 20:11:34,2017-11-28 03:39:57,2017-12-01 03:22:11,2017-12-19 13:52:26,2017-12-27 00:00:00
3cd0599300d9ec0cf571c875db7392b4,6fd2f8d3c584b2fc576065ee15425973,delivered,2018-06-18 22:40:19,2018-06-19 22:55:42,2018-06-20 12:00:00,2018-06-29 16:29:17,2018-07-12 00:00:00
239960d8af96f541e9a7153b57c0f4de,9dd11f3718d972116eec267c2c2e317f,delivered,2017-07-02 13:09:40,2017-07-02 13:25:14,2017-07-04 15:19:33,2017-07-06 23:36:40,2017-07-21 00:00:00
bb18a7304967722c7cef28dff0a916ed,c7fd81c103d8cf9d0eb4e33040df28e7,delivered,2018-06-04 17:03:42,2018-06-04 17:15:24,2018-06-07 14:27:00,2018-06-21 18:21:40,2018-07-05 00:00:00
40f00a10bbc6a312ff95f899d72817d1,e410246ce491cc1e9594cdbfcf92d1fe,delivered,2017-02-24 00:47:02,2017-02-24 01:05:40,2017-02-24 12:07:22,2017-03-11 09:58:49,2017-03-21 00:00:00
a217507ac495620d9a403939c9604703,33e121698cc308d56daa525cf4d590fe,delivered,2018-08-06 13:28:18,2018-08-06 16:55:30,2018-08-10 15:04:00,2018-08-17 18:11:35,2018-08-09 00:00:00
fe451ba1809fbc234c68216803496d39,b809f3ddc7909525d24c851b9582cb47,delivered,2018-01-08 23:26:52,2018-01-08 23:36:21,2018-01-16 01:19:41,2018-02-06 19:39:49,2018-02-14 00:00:00
093cbde1b401404fd6dffc827e4b86e8,7d179d8a629f588eaff7cae81098b947,delivered,2017-10-14 21:03:22,2017-10-14 21:14:26,2017-10-17 16:56:01,2017-10-20 17:47:49,2017-10-31 00:00:00
7dbdda97c8aa87c003f73602c45e4f90,86a98f38a86ef73afdfdcba36be9402c,delivered,2018-03-27 17:27:08,2018-03-27 17:48:40,2018-03-29 00:51:11,2018-04-13 22:11:58,2018-04-30 00:00:00
234c056c50619f48da64f731c48242b4,44e460a655f7154ccd9faa4dbbbaf68a,delivered,2018-08-14 14:49:15,2018-08-15 03:15:15,2018-08-31 15:25:00,2018-09-01 18:14:42,2018-08-23 00:00:00
64752052885225751d162ea92222d953,58d224b8fe4396a04e4fa66f7a982941,delivered,2018-06-08 11:17:18,2018-06-09 11:15:19,2018-06-14 14:50:00,2018-06-22 16:12:29,2018-07-12 00:00:00
776ad95dfcf33ceaf3651251cc75e020,dc2675504e71fdab6b084e961865ea9b,delivered,2018-04-27 10:45:37,2018-04-27 10:55:18,2018-05-02 11:07:00,2018-05-09 13:22:44,2018-05-23 00:00:00
67c4fb37550e156c42ebafde460fa354,5e765dec5f63120d512eda39cba7574b,delivered,2017-05-07 18:40:28,2017-05-07 18:50:20,2017-05-11 13:57:46,2017-05-22 11:32:53,2017-06-06 00:00:00
4b417a70a89a9c265f52c8279dd489d7,259749df278437824ec1739846281357,delivered,2017-02-01 13:08:13,2017-02-01 13:21:31,2017-02-02 13:12:22,2017-02-13 13:07:36,2017-03-01 00:00:00
effbced821ab774c03bd43060822065f,eb31f299c1cf5985343718bad2277eff,delivered,2017-06-03 14:47:45,2017-06-06 13:35:28,2017-06-07 15:15:42,2017-06-21 17:32:40,2017-06-28 00:00:00
1cb796218c383fc54a6a4541420201d8,42bc73dba3fba40b50d647a428d1089f,delivered,2017-01-23 16:38:09,2017-01-24 16:45:15,2017-01-28 08:03:35,2017-01-31 07:14:40,2017-03-01 00:00:00
c671c0f8b33c619e3e77d7ccd3b934e0,447e1d91885790660c82309c87fd2422,delivered,2018-02-11 20:19:41,2018-02-11 21:00:25,2018-02-14 16:39:53,2018-02-19 16:06:53,2018-03-07 00:00:00
44ddda99ffdd779ef6dddc13ed804971,766d92701a07c57f2b57f01fe97c4405,delivered,2017-08-16 00:29:38,2017-08-17 03:06:17,2017-08-17 19:07:47,2017-08-22 17:45:15,2017-09-08 00:00:00
fb98d749a39a0e47d64ec1e9cf90bb10,528fef52545ccd3a24969948244873f2,delivered,2017-11-29 10:48:08,2017-11-29 11:00:24,2017-11-30 22:22:24,2017-12-21 20:13:36,2017-12-22 00:00:00
6744ba320cc05c157f4ce99347a87e12,86107f26343c3cd328fb9e6cdaa7bf95,delivered,2018-05-07 21:53:12,2018-05-08 04:32:21,2018-05-09 15:55:00,2018-05-11 19:07:36,2018-05-16 00:00:00
6c2d59da80e4b0747579205a5f797713,2ed23d0b14b869317beb27fb9c91db68,delivered,2018-05-02 11:23:40,2018-05-02 11:35:16,2018-05-04 13:33:00,2018-05-09 18:38:53,2018-05-30 00:00:00
b31eac1961980ead26d0df38911ac5e6,c30a6a79a913a05c611e56edc0b4fd37,delivered,2017-09-13 13:13:15,2017-09-13 13:33:17,2017-09-14 22:24:06,2017-10-02 14:48:02,2017-10-13 00:00:00
52e71da3bc9b0aabdba702eefe259a71,accd6a35e5113320900099e88fca468f,delivered,2017-04-17 09:46:16,2017-04-17 09:55:18,2017-04-20 14:04:10,2017-04-26 09:10:35,2017-05-08 00:00:00
965f57ad446a9d190bec51db7f0fd8b5,36ec48f81f70117eee115da4b60a50a6,delivered,2017-11-07 10:20:50,2017-11-07 10:31:10,2017-11-07 22:33:26,2017-11-13 20:14:32,2017-11-23 00:00:00
90c4f854c8aa741f36043f09790eb18f,b3a5381d8bb30cdeb5d9fed3b624359e,delivered,2018-06-08 18:01:14,2018-06-08 20:42:18,2018-06-11 13:19:00,2018-06-13 20:12:07,2018-06-21 00:00:00
712d7cfcfc32b2849434e973309ed3f0,28d38e114a66a3cd24072409fae3e9c1,delivered,2018-03-19 16:20:55,2018-03-19 16:30:47,2018-03-20 23:12:13,2018-03-28 17:08:45,2018-04-13 00:00:00
7e41633529000f80967da24083bb6c1c,451ac26d4d2da6b319318c13aac25937,delivered,2018-07-26 20:37:12,2018-07-26 21:10:17,2018-07-27 12:06:00,2018-08-02 20:59:41,2018-08-17 00:00:00
ec6c53fc2c05b76708b23286ba2d9357,93034a219e57f3dbd6ad0abf8eabb313,delivered,2018-07-27 18:45:54,2018-07-28 16:10:12,2018-08-01 17:33:00,2018-08-06 15:12:33,2018-08-10 00:00:00
2ec97dfd085ac4fe7b1fa12819d9a36c,4d53dc075b6e8ec9618f3d8a80b14942,delivered,2017-05-08 13:29:57,2017-05-08 13:42:16,2017-05-09 07:48:46,2017-05-18 09:39:57,2017-06-06 00:00:00
e9e64a17afa9653aacf2616d94c005b8,b4cd0522e632e481f8eaf766a2646e86,processing,2018-01-05 23:07:24,2018-01-09 07:18:05,,,2018-02-06 00:00:00
244e91c4c416908e17829094e3eb7aa6,fde06130cde1fec674a5470155f9dcaa,delivered,2017-03-28 09:24:55,2017-03-29 02:10:54,2017-03-30 07:48:32,2017-04-05 13:22:56,2017-04-19 00:00:00
f597f78ae625c3e106ebe17e6e0cdeff,73d3b4069b0e042ecda8c77884a5474a,delivered,2017-11-16 00:03:35,2017-11-16 00:26:51,2017-11-16 17:22:00,2017-12-06 17:07:42,2017-12-15 00:00:00
c4bb1fcbb98d9733607ea0c7ab067e11,74246ec587472230b93065911e420ed8,delivered,2017-07-13 18:26:10,2017-07-13 18:44:05,2017-07-14 16:29:57,2017-07-25 19:39:26,2017-08-15 00:00:00
9d96a9e98c3d858bd5671f4063710829,ac45ee3e11fd372c565f108ca5b4c10d,delivered,2017-06-15 21:27:33,2017-06-15 21:42:26,2017-06-21 14:00:17,2017-06-27 23:22:04,2017-07-10 00:00:00
7a309e99001d2a284a1747c7cc4186bc,6c6e0770deb19fabc54d902741d13d76,delivered,2018-05-03 17:37:49,2018-05-04 11:33:18,2018-05-07 12:42:00,2018-05-08 22:58:38,2018-05-16 00:00:00
7940121491c0b1c3b7dae6f2b1f77e4b,fdbc7516376d14a129da25bdfc80b3a5,delivered,2018-02-06 00:23:30,2018-02-07 02:55:55,2018-02-07 19:52:33,2018-03-01 20:12:38,2018-03-06 00:00:00
9da45042d8eb6c75611db8ff1a176f8f,d78c49cc36006df4427476c395aacf7a,delivered,2017-07-04 15:12:10,2017-07-05 02:50:18,2017-07-05 13:42:09,2017-07-10 16:14:52,2017-07-24 00:00:00
2c3ca3f1309ac4dc9e380810f4f65e46,2c761d20fb4aa9d0e730187ca4f7f7cc,delivered,2017-09-27 11:44:18,2017-09-28 02:56:29,2017-09-28 19:23:54,2017-10-09 11:38:17,2017-10-31 00:00:00
e214dd6d50b1fe9b3d0570441893f807,cdae1bcf423879f14dbf9eea667c5a45,delivered,2017-12-09 11:43:51,2017-12-09 12:58:25,2017-12-12 21:53:30,2017-12-23 14:46:48,2018-01-09 00:00:00
6031b4a1dbafab99322d682f7d2070fa,1f67b347641be0ada243c88ea88cda6a,delivered,2017-12-30 14:36:31,2018-01-03 04:16:33,2018-01-10 10:27:47,2018-01-15 18:54:05,2018-01-24 00:00:00
2d8e4baffe6056f0800c1d99f2960384,12a46f2f608edc0e101b843357ef9344,delivered,2017-06-08 20:02:42,2017-06-09 19:55:15,2017-06-20 13:18:13,2017-07-07 15:23:17,2017-07-13 00:00:00
4274df747cf9a1ac15adf09a87185dc1,618174cd887c0ff38799803a8a885f04,delivered,2017-12-10 12:11:39,2017-12-10 12:19:26,2017-12-12 23:15:35,2017-12-16 17:24:35,2018-01-09 00:00:00
dee8d1d83278b2ec6e50c6472cd24c81,baa484e36b520c9d8931adc896ebc1c8,delivered,2018-04-05 20:25:28,2018-04-05 20:35:21,2018-04-09 15:52:10,2018-04-17 16:32:44,2018-04-30 00:00:00
0bec9641279215e466966512f6b444cb,bdb599f32a95c53f1c17076217f3db9e,delivered,2017-10-04 09:57:16,2017-10-06 17:49:24,2017-10-11 23:07:54,2017-10-20 19:31:32,2017-11-01 00:00:00
f498aab8c4d72194623c6dcdb2561b3c,ff8d16a27756dee8602746a20cf0cf8a,delivered,2017-07-11 18:38:05,2017-07-11 18:50:15,2017-07-20 20:39:47,2017-07-27 18:52:30,2017-08-10 00:00:00
6a13517381ec12deba06f6a117428702,0c7b9210b550cd224cda4f815573fc56,delivered,2018-01-10 20:43:40,2018-01-10 20:52:21,2018-01-15 17:42:31,2018-03-06 17:17:31,2018-02-07 00:00:00
55ea12225a84c0269c9ae6604e6f9141,b095f4c789b7f1660f9bd139148a823c,delivered,2017-03-16 19:38:01,2017-03-16 19:38:01,2017-03-17 10:05:21,2017-03-25 11:06:23,2017-04-04 00:00:00
a8d69f3045be9fa0ea3aac3971741980,7a421bb11d92f1a08e384f216250afa8,delivered,2018-01-13 21:01:40,2018-01-16 03:40:05,2018-01-18 20:09:36,2018-01-22 21:46:56,2018-02-07 00:00:00
980bc014d29830d87b56bbc7720a6b6b,250ce9dfe50e99c23fe27a267c718e49,delivered,2018-03-09 15:29:23,2018-03-09 16:10:00,2018-03-12 19:48:53,2018-04-17 20:56:40,2018-03-28 00:00:00
953a453190f96f0f32ea10b03af65a08,73736dc7e92f2dda66762d655cd24462,delivered,2017-03-29 09:17:02,2017-03-31 02:15:28,2017-04-03 16:09:11,2017-04-11 10:07:13,2017-04-25 00:00:00
6f838eed4f03f8be45723049df0a91a3,43ce0dc6dd42843fd918ce518df8cda4,delivered,2017-05-15 16:32:57,2017-05-17 03:45:11,2017-05-17 14:30:31,2017-05-25 12:58:04,2017-05-26 00:00:00
ee74d6d02ebb3a2ec7b9038dbb0748e8,ce5b62e98a5241ad9d691700a0b0c47c,delivered,2017-08-08 14:20:27,2017-08-09 12:35:22,2017-08-18 16:05:40,2017-09-04 18:34:39,2017-09-12 00:00:00
a833470057703c13293c5d7c2bd5bd05,f27c2fc8a0cd988fff5e1e766dd16e67,delivered,2017-07-25 20:06:59,2017-07-25 20:23:20,2017-07-26 19:20:20,2017-07-28 18:59:31,2017-08-09 00:00:00
14cccd76360744f54b4d0fad37c12ebb,58408b38aaa39dae7ed36422ae1662bf,delivered,2018-04-11 16:38:48,2018-04-11 16:51:25,2018-04-13 22:51:14,2018-05-10 23:12:57,2018-05-10 00:00:00
3558178e8d339107c501b79be5836b47,a9c030c61db29a75dfd4a45d8907837b,delivered,2017-10-28 23:51:31,2017-10-29 00:46:17,2017-10-30 19:47:03,2017-11-03 17:37:05,2017-11-21 00:00:00
0c94cc21548a77ceded09a70fdecc700,abc24ca911fc4fa27425c23c1f60603c,delivered,2017-03-31 11:51:38,2017-04-04 06:05:31,2017-04-05 13:53:10,2017-04-12 07:27:30,2017-05-02 00:00:00
5dd47ef6835a273cdef464b77feacc62,ddb9ebb22b6b4a9a93532d5b61f78563,delivered,2017-11-24 00:35:48,2017-11-24 01:10:16,2017-11-27 15:24:24,2017-12-04 14:47:12,2017-12-14 00:00:00
b5b79bbbc8693953906951dad6a55f07,9c26028ea7bbef31e19e4569b2fc95c2,delivered,2018-07-03 12:56:35,2018-07-05 16:31:11,2018-07-05 15:37:00,2018-07-09 23:04:42,2018-08-01 00:00:00
2b2e646f2556658e3d06c53ee0465153,d345248d0461cfb967ec4c9b02feb77d,delivered,2018-04-18 14:48:57,2018-04-18 15:11:27,2018-04-25 08:14:00,2018-04-30 18:28:39,2018-05-15 00:00:00
dad751910ee8793efe38a28bd04cf1d8,cc8b1556b283b7fcc7b5ae2106a99eee,delivered,2018-08-16 08:16:22,2018-08-17 03:15:18,2018-08-22 11:40:00,2018-08-27 15:32:43,2018-09-06 00:00:00
05457977f35122e71095989d738e4a37,d4f3bec209aaecedb29d819e45cdb157,delivered,2018-05-26 16:40:08,2018-05-29 03:31:15,2018-05-30 11:14:00,2018-06-04 23:18:21,2018-06-29 00:00:00
b3718f28653857ba876b640844d45d9b,338ee842af71339085c560431cfeae52,delivered,2018-03-15 10:58:37,2018-03-15 11:10:38,2018-03-19 14:44:34,2018-03-21 00:37:23,2018-03-29 00:00:00
97d09fc348cbda42ae770c92ec3af0c1,6bd151b89882bdccc0d6282a65dfabd4,delivered,2018-05-02 11:48:58,2018-05-02 12:14:37,2018-05-02 14:00:00,2018-05-09 16:59:26,2018-05-25 00:00:00
d65f26752fd6834bfb0a567b581dde3b,85d00c84cc236fdb8d5a58a0aed680ac,delivered,2017-07-25 17:40:12,2017-07-25 17:50:23,2017-07-26 15:17:45,2017-07-27 17:53:52,2017-08-22 00:00:00
01c1644529b18608f086d2ff0f3b8181,3c90bb0fba16e889f898e2da1df5fb32,delivered,2018-06-23 09:55:44,2018-06-26 05:12:58,2018-06-26 14:25:00,2018-07-05 20:24:21,2018-08-01 00:00:00
d07f143b702491d2a1cd6ed093f2cdee,03de10b74e57b7aa7c13361497c5c51a,delivered,2018-02-11 17:27:31,2018-02-11 17:48:03,2018-02-14 19:36:31,2018-02-23 15:29:20,2018-03-13 00:00:00
0dcfff35f1d2e0fb46301c92143663f9,a75f323cd574822489845798a046a6ce,delivered,2018-08-10 15:42:56,2018-08-10 16:04:46,2018-08-11 09:12:00,2018-08-17 19:46:54,2018-08-29 00:00:00
d5d415a80776eabc101e98603d000455,7348187e64b170a69c585be7d2d43789,delivered,2018-05-17 17:28:59,2018-05-18 02:14:29,2018-05-22 13:07:00,2018-06-04 13:51:35,2018-06-01 00:00:00
6d3e3e287e00339a15d1b86b209121e7,3c22754a609d713c7233bb5037b77923,delivered,2017-11-18 12:29:57,2017-11-18 12:46:08,2017-11-21 19:22:06,2017-12-05 00:10:05,2017-12-11 00:00:00
aba3d283b846a03d398d549db17b649a,bd7cb78e215c62dd6de90af929ce719b,delivered,2018-04-01 14:31:41,2018-04-03 05:50:28,2018-04-03 22:28:53,2018-04-10 15:58:45,2018-04-18 00:00:00
03484f6953887cd37a7974b52f3107f4,9ade6d9e0052f02a42f0f4b68b9ae537,delivered,2018-03-05 12:23:49,2018-03-06 04:08:33,2018-03-07 20:37:26,2018-03-09 14:01:33,2018-03-15 00:00:00
39d0bd05538b0d573193744390e86223,0b0290e3b438fc7f16a9b256a7409bfa,delivered,2018-02-27 09:51:00,2018-02-28 09:30:56,2018-02-28 18:28:46,2018-03-27 02:03:59,2018-03-22 00:00:00
ffc184f2119c6fd4140dcfb518bf4734,6f87e0dbbc2f842ebfe72a589cef6e9e,delivered,2017-10-22 18:50:04,2017-10-22 19:07:18,2017-10-24 16:36:37,2017-10-26 19:35:32,2017-11-03 00:00:00
7991b363c057a520b3ffa9dd2919cff5,0bcb83f11459548493b5bb7a3df7c996,delivered,2018-01-29 21:46:41,2018-01-29 21:55:31,2018-01-30 21:07:40,2018-02-07 16:39:10,2018-02-23 00:00:00
f400b5ccbb7d891e27f429355562d529,579ed4a95300987c002fd54c1c543311,delivered,2017-07-09 16:52:57,2017-07-09 17:05:12,2017-07-11 18:49:26,2017-07-26 10:22:13,2017-08-01 00:00:00
9ea62ff38e6396ea973ec12e0b09c65b,954fd7e1c818541abd4e7b5400a6299a,delivered,2018-02-02 19:39:16,2018-02-02 19:50:27,2018-02-08 22:21:42,2018-02-22 00:09:06,2018-03-05 00:00:00
a6a1b8d3aef88816d4db15d9edde7b5d,b7ae8ccf4db05cfdefe709e22ccce819,delivered,2018-03-18 14:57:35,2018-03-18 15:10:29,2018-03-19 19:48:55,2018-03-24 07:08:43,2018-04-30 00:00:00
da309a63c2221b6b10cc09ee29c9a1c6,e40ecd3ecabf7e589cb4974ff0d36979,shipped,2018-03-14 22:39:13,2018-03-16 03:45:26,2018-03-19 17:03:14,,2018-04-02 00:00:00
ff82173a9821071cdd3e554219a376c1,f1ae335df0c4b9403eedeab63a4b3ba7,delivered,2017-07-13 23:35:55,2017-07-15 03:25:58,2017-07-19 18:55:46,2017-08-04 14:24:50,2017-08-16 00:00:00
4eaf389d62c4c959f4657e40550fb531,a21172cfe057efde8adc6efc12a66ae3,delivered,2017-03-04 19:10:53,2017-03-04 19:23:09,2017-03-06 08:41:49,2017-03-09 12:49:09,2017-03-24 00:00:00
d0dcef5f811f8e0b4f67f1f26805a8a6,4acd2f01ec378db9eca84598a4f4ab0c,delivered,2017-08-05 14:13:02,2017-08-05 14:30:15,2017-08-07 20:34:53,2017-08-10 20:42:02,2017-08-28 00:00:00
3122051cc85fb10cbfcd789c0f8afa3b,1bf52ad367e94e6f4e2db513a349336f,delivered,2017-10-07 10:14:19,2017-10-07 10:28:16,2017-10-10 20:22:21,2017-10-17 17:48:47,2017-11-09 00:00:00
0311da9b3ac095a57a2662813e179bcb,34b18316e1c66360c7d2603da9a8b0f3,delivered,2018-02-20 21:24:12,2018-02-20 21:47:16,2018-02-21 20:27:04,2018-03-12 17:40:51,2018-03-15 00:00:00
6c86cd28bc4a6ac0313b8d3e03131e9f,ff08e4d01ec84cf685cbb73cea8c1aa3,delivered,2018-01-03 13:28:41,2018-01-03 13:40:36,2018-01-04 12:03:58,2018-01-09 13:09:58,2018-02-20 00:00:00
b82c76472b3bc51acb8f5db576ec974f,459edfef30398de90952c216dae7e3cf,delivered,2018-04-29 16:38:27,2018-04-30 21:29:47,2018-05-03 14:28:00,2018-05-08 23:05:24,2018-06-01 00:00:00
d50719e017b64d66a6e1a52e765ecfca,2063c45d074e54ecc9e4d6efa05459a6,delivered,2017-12-18 20:55:46,2017-12-18 21:11:05,2017-12-28 20:25:16,2018-01-15 18:15:21,2018-01-23 00:00:00
0aeb3ec8a78414261730773ddc9d2f7a,766794bf292c3927755733bb52bd8814,delivered,2018-04-13 10:32:03,2018-04-13 10:50:15,2018-04-17 21:58:47,2018-04-24 21:47:55,2018-05-07 00:00:00
67009d1f213f762960c97b4f8629159c,d3e3cb2b2922f53b23b090d9668a1b13,delivered,2018-01-20 11:38:30,2018-01-20 11:57:49,2018-01-22 16:38:04,2018-02-01 21:18:30,2018-02-23 00:00:00
bbb2d49836a81a36102519667b44416b,12f8c19a8f9f1015564e4798c6b1a556,delivered,2017-11-25 22:10:00,2017-11-25 22:31:37,2017-11-30 00:20:00,2018-01-03 17:39:17,2017-12-27 00:00:00
6feb1191d85c6196e2dde76966fdb45a,c06c587a571e55dfa11441f4a93a822c,delivered,2018-01-13 20:31:15,2018-01-16 03:35:46,2018-01-17 13:09:54,2018-01-31 14:22:08,2018-02-16 00:00:00
caa7dcd7507e6cdcd45f7ba5d29383a9,f0c4cf2871af286218d5974deb6ade31,delivered,2017-10-23 13:57:25,2017-10-24 03:14:51,2017-11-01 17:53:47,2017-11-06 22:44:49,2017-11-14 00:00:00
67f2c83aa137c06c89e1dc2a057d0140,4bd68cbab903de02b182d59b5ddedcff,delivered,2017-11-07 22:34:43,2017-11-07 22:50:35,2017-11-08 19:46:24,2017-11-14 18:21:36,2017-12-07 00:00:00
5427a9679337de4d57c9c59275f5336f,6ae72afe4d8eb041cfa5a2cffa052a44,delivered,2017-10-21 21:53:48,2017-10-21 22:05:43,2017-10-23 22:13:04,2017-11-01 18:03:17,2017-11-13 00:00:00
ed0094f95927e35ebb97a275ed02d046,643c9a48cf1fbc625746c3533e4d7c4a,delivered,2017-09-18 23:33:56,2017-09-20 00:46:45,2017-09-21 20:00:22,2017-09-28 17:05:04,2017-10-04 00:00:00
6192897f85cb2aff6dd1fca56fddb45e,f77559535865a660bd328db79a177749,delivered,2018-07-18 13:34:22,2018-07-18 13:50:12,2018-07-18 11:33:00,2018-07-26 15:02:53,2018-08-03 00:00:00
0396488303af9f0a78feb9ffa7e48949,66966a2562fadcb3f9e3acbbfa9a4523,delivered,2018-07-19 08:11:02,2018-07-20 04:55:24,2018-07-24 14:40:00,2018-08-01 14:05:56,2018-08-16 00:00:00
b714825751e17269c60b3d2291e85026,cf44ca21d8f8a3e409debd1977048d05,delivered,2017-04-22 14:14:16,2017-04-22 14:30:11,2017-04-24 11:04:27,2017-05-09 09:08:00,2017-05-25 00:00:00
ce2f6c44bc139015d1036d40c0cf2915,e5b6bec607343666867fad97ed8801bb,delivered,2018-08-16 18:04:47,2018-08-16 18:15:21,2018-08-17 13:47:00,2018-08-27 17:40:56,2018-09-03 00:00:00
3783e0b4f1ef0985e0d9aca4629f756b,264d02bf55980e2934f42a50c221e97c,delivered,2018-04-19 19:34:08,2018-04-19 20:51:20,2018-04-20 18:32:52,2018-04-23 15:32:11,2018-05-08 00:00:00
421bc5d68665463cbb939db50847894d,a56e946b1a51b5f351a804c5a3fb0a8e,delivered,2018-07-01 11:05:08,2018-07-05 16:26:38,2018-07-05 15:03:00,2018-07-14 00:08:23,2018-08-01 00:00:00
2f90cbbae872c312d21619dbd02ab3a5,7b9acf95f2a5e2c59942cd80b765db6b,delivered,2018-01-12 12:05:12,2018-01-13 04:55:15,2018-01-15 17:24:09,2018-01-19 03:49:36,2018-02-09 00:00:00
aaf067f5adccd2b8fdf1a9f651a9148a,62aaae3eaf6f655d97919594b388feaa,delivered,2018-06-16 15:30:56,2018-06-17 15:40:49,2018-06-19 12:28:00,2018-06-29 21:07:08,2018-08-02 00:00:00
9387d427f564a63a5d9e87418dd48a54,35c6e01d0a534d4b583820e1c37da893,delivered,2018-02-18 12:26:53,2018-02-18 13:30:20,2018-02-19 20:56:36,2018-03-08 11:57:46,2018-03-12 00:00:00
680caaeaa537d89cb256b5538bd02773,3fea3d755a5a58b1ee95755f4d68efd4,delivered,2018-08-16 14:03:25,2018-08-16 14:15:17,2018-08-17 12:24:00,2018-08-25 12:13:18,2018-09-06 00:00:00
8e2f6e8aa36fa3770c9f33a7129e81a7,70d21c84f9843a2413b5921d5fb12add,delivered,2018-01-02 16:08:11,2018-01-04 05:14:03,2018-01-08 15:30:20,2018-01-23 13:32:47,2018-02-02 00:00:00
dd416a83ddfde887da5021bae60bb919,eed9cec509f28fe1b2744f653789d7bf,delivered,2017-06-13 08:42:34,2017-06-13 08:55:17,2017-06-16 17:03:14,2017-06-30 14:07:55,2017-07-06 00:00:00
2fac5c3079ed620f52665e540fc57d66,f01d004f168186b4d834b318d9309d5d,delivered,2017-12-19 13:39:03,2017-12-19 14:32:25,2017-12-20 21:20:09,2017-12-26 17:54:50,2018-01-08 00:00:00
0fa97c6a14424f633800d5cb622a6bb4,e00d37f1223d181e8f32f6f4f6f96c56,delivered,2018-04-28 13:10:03,2018-04-28 13:34:20,2018-05-02 10:20:00,2018-05-14 18:44:45,2018-05-25 00:00:00
27898da84be67ffaac7dfd170663529f,da191fe6327a85f75e72cdbd1c616784,delivered,2017-10-17 12:45:51,2017-10-17 12:56:42,2017-10-18 19:54:57,2017-11-03 20:47:51,2017-11-13 00:00:00
0e4160cbbf3110c620fe17602e306360,81c739d81dc4914f5513bd4b313ec889,delivered,2017-05-06 09:56:19,2017-05-06 10:10:12,2017-05-08 11:44:12,2017-05-25 11:34:24,2017-06-08 00:00:00
4144366812f72111c1f9d2c065e3e374,1add56abe5f6a81a005c64b8e1fb7f8c,delivered,2017-04-28 14:19:11,2017-04-28 14:35:16,2017-05-19 14:46:35,2017-05-20 06:32:53,2017-06-02 00:00:00
8275d4aa466e4679ed369b23c8eda40a,6b3a20b24d577f4c35d290c9933e915a,delivered,2018-03-31 18:56:21,2018-03-31 19:47:35,2018-04-04 18:05:23,2018-04-16 16:37:56,2018-04-24 00:00:00
aa8349da5e4a45c547cfac79368e930d,ac985dc42c574f505df2a402031d7746,delivered,2018-06-03 09:51:47,2018-06-03 10:15:16,2018-06-05 14:21:00,2018-06-20 15:06:44,2018-07-19 00:00:00
e4e95d2b1c7eb000eefef2efea68ef15,a8754f3407fc3cbce6b4ca5ccca4bd44,delivered,2018-02-05 00:50:06,2018-02-05 01:10:45,2018-02-06 22:58:18,2018-03-13 16:27:42,2018-03-06 00:00:00
7c0bdaba8498278860946b0083d258b8,14d6fbd0e24a806c339738b8f3801e0a,delivered,2017-07-25 00:13:55,2017-07-26 02:25:29,2017-07-28 15:10:25,2017-07-31 22:39:47,2017-08-14 00:00:00
565a7bc14e1f825b163c6a51d74f4206,7a94daa481a6da66609f5d721c4cecee,delivered,2018-08-07 13:44:12,2018-08-07 14:04:50,2018-08-09 11:56:00,2018-08-30 16:49:02,2018-08-28 00:00:00
458c6e383ce04c24b3033392e56c9283,415383c1185f5e5a1b15c48dc014d714,delivered,2018-06-27 21:37:32,2018-06-27 21:51:06,2018-06-28 14:55:00,2018-07-03 19:47:57,2018-07-30 00:00:00
27791b643439f653faa711f08d8b801f,44408d60d96d2d8515d5dac025f35f46,delivered,2018-06-15 14:39:03,2018-06-15 15:03:47,2018-06-18 13:45:00,2018-06-21 21:46:24,2018-07-05 00:00:00
5e5235e11bea2c86b1255beb1b7e247a,65be8a984e4ddd88a63a984b4430de9b,delivered,2017-06-14 08:57:30,2017-06-14 09:10:16,2017-06-14 14:58:07,2017-07-14 18:56:33,2017-07-07 00:00:00
39454163ea6db630f644e723c00f7da3,570d9467ffdbc98825c03a008f823d27,delivered,2018-07-03 15:02:54,2018-07-05 16:05:14,2018-07-06 10:36:00,2018-07-07 14:48:41,2018-07-16 00:00:00
856810a950aa2ddd3f8e1016428132df,52ac2fdda5d32c848a5234a3226228c7,delivered,2018-03-23 07:29:56,2018-03-23 07:50:32,2018-03-27 20:57:19,2018-04-09 17:18:13,2018-04-11 00:00:00
5a8a7f4c51588126be426fa3d099b828,934988550c367cd0b058b47ae1b3d0de,delivered,2018-05-16 18:22:05,2018-05-16 18:41:54,2018-05-21 14:17:00,2018-06-04 14:05:15,2018-06-08 00:00:00
3c116d50bb76160ee1d7a2e8f5791427,d056f27116f163ae6d99dff3d169c032,delivered,2017-01-12 18:30:07,2017-01-12 18:44:39,2017-02-16 04:24:07,2017-02-24 16:45:39,2017-02-22 00:00:00
3c3ca08854ca922fe8e9cedfd6841c8a,88c36fbd3df96094f90f0315e1d2dd90,unavailable,2016-10-08 12:13:38,2016-10-08 13:21:35,,,2016-11-30 00:00:00
0ace5fbf6db2942061542a808558b9f7,a73fa1e059154a6fa8c7e419b5bd0936,delivered,2017-06-29 14:14:09,2017-06-29 14:25:11,2017-06-30 08:34:51,2017-07-12 21:16:45,2017-07-25 00:00:00
8f0ef9fa114bf453c16ffc0350da8581,a5e8f1d1cdf5e548e6048ae76949857e,delivered,2017-07-14 12:23:10,2017-07-15 03:34:12,2017-07-17 19:49:59,2017-07-28 15:52:19,2017-08-07 00:00:00
08796d7a1fa345c5bce8f3f53435e21c,a5770b59e70395832ca615250e66bda8,delivered,2018-08-16 12:17:18,2018-08-17 03:10:10,2018-08-17 14:49:00,2018-08-20 20:03:47,2018-08-22 00:00:00
d8c15550aee132ffe4ed54c7da238e35,889c0258aef3619626b02c8ee0343cde,delivered,2017-05-18 12:54:06,2017-05-18 13:10:54,2017-05-19 13:53:15,2017-05-23 11:05:19,2017-06-07 00:00:00
ec88157ad03aa203c3fdfe7bace5ab6b,1642b8087a8ca0c8592becff7e183c98,delivered,2017-12-15 13:01:26,2017-12-15 13:13:11,2017-12-16 15:12:25,2017-12-21 00:32:46,2018-01-04 00:00:00
39a0eaa2a980c810beaf68d76e52fa96,d1c6e90ab127d42b75ef2e548b4461ac,delivered,2018-03-07 17:53:30,2018-03-07 18:10:15,2018-03-08 18:33:32,2018-03-14 18:48:51,2018-03-23 00:00:00
b9a8d194c52bcb022997d990bd402f7e,5bde57569eb8318a2306865d06de2bfb,delivered,2018-03-01 17:28:42,2018-03-02 02:15:30,2018-03-06 00:05:59,2018-03-10 13:48:34,2018-03-27 00:00:00
36cd1ce42b6013f372ceb0a80b2a1b7c,c65121f92dcf3a7d5a7b612ea1756bdc,delivered,2018-08-20 22:15:07,2018-08-21 09:10:52,2018-08-22 12:43:00,2018-08-28 23:46:56,2018-09-03 00:00:00
989c8bed4ad2e187516317b3e12f44c0,52efe753f546446eb1a37bb701656442,delivered,2018-03-29 13:57:31,2018-03-29 14:10:05,2018-04-04 17:38:41,2018-04-14 16:33:01,2018-04-19 00:00:00
0e784a85d6f7aa0ffe9a41d81f5a4ecf,1d636a8416fe1f6f377e6a5aef5ea6da,delivered,2018-07-31 10:00:48,2018-08-02 05:15:25,2018-08-02 14:31:00,2018-08-03 22:24:49,2018-08-03 00:00:00
38291bcab22211eb312fd02756c288c1,a63bb59ba24b8048df8549dd217a586c,delivered,2017-11-20 12:50:46,2017-11-20 13:17:22,2017-11-20 19:18:32,2017-11-28 17:29:04,2017-12-12 00:00:00
fcf3478bc90a1b2e214d529d0455dc1e,99b72b76d26475c4412b8d88c363b066,delivered,2017-02-10 00:35:08,2017-02-10 01:05:19,2017-02-21 07:38:56,2017-03-02 09:18:56,2017-03-20 00:00:00
6e0856753dd343c4a360ec7f6b7ebe31,5b39501b275f18a72937d3607563003d,delivered,2017-05-02 14:21:34,2017-05-02 14:30:25,2017-05-03 11:57:53,2017-05-11 13:12:11,2017-05-25 00:00:00
6836068790e98af482ed0d16fa65d535,bb539015ae0ed4d191977a6ff3a2005a,delivered,2017-08-08 20:21:27,2017-08-08 20:30:17,2017-08-11 18:18:00,2017-08-28 18:57:28,2017-08-30 00:00:00
943980abcbc522eb49346398ee2594b4,96530093e1f224383da249e21be5787b,delivered,2018-03-23 21:19:37,2018-03-24 02:10:44,2018-03-28 01:46:58,2018-04-05 15:28:43,2018-04-17 00:00:00
3322def88876cefd455c98956089a062,4bf7fc5e4c8864c7c02ad8db81d2e804,delivered,2018-06-29 20:09:38,2018-07-05 16:24:37,2018-07-06 08:41:00,2018-07-12 20:38:28,2018-08-03 00:00:00
e28fb6cbf050a8cde2b9af4ae94f3241,88bff74a663c907ffa8fba47dc1cdf28,unavailable,2017-07-11 15:34:36,2017-07-11 15:45:19,,,2017-07-31 00:00:00
4b918143b2bc5955cca83595afd57833,010dad3dab8189cba58ae1ca11b8cc09,delivered,2018-01-11 17:13:36,2018-01-12 02:34:50,2018-01-12 21:03:15,2018-01-18 00:25:04,2018-02-01 00:00:00
988f13625d65d9a81777bb4d93d01e1b,5e314ae29121bbbcd0e1480d21211017,delivered,2017-11-25 09:55:39,2017-11-25 10:14:45,2017-11-29 22:52:03,2017-12-05 16:37:04,2017-12-27 00:00:00
a75a3c5e24236d6fced5e82fd3526b43,56d81219d0478974c287e04cdb0c8c6a,delivered,2018-05-14 11:38:11,2018-05-14 11:58:28,2018-05-14 15:28:00,2018-05-16 19:13:04,2018-05-22 00:00:00
4048b8311e92aa983ee72f0b5f1e8ce5,3839f89127a69207ac46a8c0f3269ac7,delivered,2017-12-13 17:39:57,2017-12-13 17:52:22,2017-12-14 20:09:07,2018-01-04 14:33:23,2018-01-12 00:00:00
c50c2e8e1b1c816c419c308b30e0420c,7681b6f030e2fd99e790f9778da57c12,delivered,2017-08-08 16:25:28,2017-08-08 17:00:11,2017-08-11 12:57:53,2017-08-18 18:00:02,2017-08-28 00:00:00
b7592da1b6c34d2b2404a7b6e8639376,99383db9c2af4cb2ad7503ec2f552c42,delivered,2018-08-05 21:58:38,2018-08-05 22:10:17,2018-08-07 15:42:00,2018-08-14 00:16:33,2018-08-15 00:00:00
88b67ddbb7527017f796c80b3bb38051,c9aaa3f209648a958d0235415a9045f0,delivered,2018-03-04 21:08:19,2018-03-04 21:28:34,2018-03-05 16:17:41,2018-04-09 18:28:50,2018-03-22 00:00:00
4563da819a589eed2f386d177b6e8135,a3d57d4306ed734110dfd814aec1e5e6,delivered,2017-12-14 15:18:44,2017-12-14 16:31:59,2017-12-19 23:13:41,2017-12-27 21:18:00,2018-01-10 00:00:00
62b7574be0b7a8465822312be8cb07b8,fd946ecdd7c1eab8dbed2c8f330cf2e7,processing,2017-07-19 16:44:13,2017-07-20 02:16:02,,,2017-08-29 00:00:00
8688a4903fddd7ff09ac974e258c93d2,f3793915d0e091211fbfcd08d3a630d8,delivered,2017-05-04 10:32:13,2017-05-04 10:42:29,2017-05-17 11:07:55,2017-05-23 22:51:29,2017-05-25 00:00:00
503f675df334896d388f06d20d5dc540,4c4d22fd3c80ff16765bd69545061f0c,delivered,2018-07-12 21:50:47,2018-07-12 22:05:20,2018-07-13 11:47:00,2018-07-28 20:14:43,2018-08-01 00:00:00
8c3ef96e828b5894ec632ba10985867d,5cc1b597806534b1fd8814a7a9d85230,delivered,2018-08-23 15:50:07,2018-08-23 16:05:38,2018-08-23 15:31:00,2018-08-27 19:11:17,2018-09-06 00:00:00
c8634f3e7a329c927fe2973bf2b54caf,2bbeb09dc86b81185d6ab5592b1e2e8c,delivered,2018-01-10 20:58:40,2018-01-10 21:09:00,2018-01-18 12:15:57,2018-02-04 15:21:27,2018-02-20 00:00:00
98e94d121fb6444de93e426ceeb1e0e0,df2660497087c34c3d0125f7c252a62c,delivered,2018-01-23 12:13:10,2018-01-23 18:16:34,2018-01-24 21:28:51,2018-02-06 13:58:48,2018-02-22 00:00:00
6bb1e842418aac0c9c820afd3bb63a2d,032f25110f17bb0d65268257b10738bc,delivered,2018-02-11 14:13:54,2018-02-11 14:25:28,2018-02-21 18:49:53,2018-03-05 22:04:37,2018-03-23 00:00:00
4a36f21a19a956cd848e968d56be9b58,d1caca8447ffa49ec825d20ac0d1425b,delivered,2017-08-28 19:24:55,2017-08-29 19:25:47,2017-08-30 16:00:02,2017-08-31 22:49:36,2017-09-15 00:00:00
1d39bdda52c4e5dfe96ea227fc5420f9,3fac8674cafdee6b7a6e33ae7503824c,delivered,2018-04-12 11:57:02,2018-04-13 12:50:20,2018-04-13 23:32:59,2018-04-19 21:32:00,2018-05-04 00:00:00
3d27905aa7b2ee7fc7bac918f949ea18,6a2e3e4639c96b312ab2bf09548fb2a7,delivered,2017-12-04 23:04:46,2017-12-06 22:58:31,2017-12-11 22:57:56,2017-12-12 20:19:58,2017-12-20 00:00:00
cef32f42c7dcdc8bcf919ba74f04da78,e9a06aa3f7fa097f35f17df488b3cc73,delivered,2017-09-12 17:20:21,2017-09-12 18:04:36,2017-09-13 18:54:41,2017-09-18 20:32:23,2017-09-28 00:00:00
8aa41a2ff86625ff13d88f289b48714c,adccd36d4162a8a92d6db5541069082b,delivered,2017-07-05 18:04:35,2017-07-07 02:45:59,2017-07-07 17:59:29,2017-07-14 18:13:31,2017-07-27 00:00:00
d4b074982e39f354c254a6b1b4ffaf55,38c065dd14cbafda79cfd115e4170b05,delivered,2018-06-01 16:28:36,2018-06-02 09:35:19,2018-06-04 10:47:00,2018-06-08 19:06:55,2018-07-12 00:00:00
d671370d11048a2dab56335d3d91823e,f434242d1d0dc1d70997f01f7d02e065,delivered,2017-11-25 07:57:14,2017-11-25 08:15:27,2017-11-30 18:44:40,2017-12-29 20:18:52,2017-12-19 00:00:00
da0571dd2e59b32cca46279a02bfb40e,76a5a351fffbceba0b0767a5bba5cc6d,delivered,2017-01-19 19:02:48,2017-01-19 19:15:11,2017-01-20 14:12:27,2017-01-23 20:23:42,2017-02-27 00:00:00
f8dd8cacd0d33fb0f421b3d5afd46dad,cd221c459fa9d5158875cdda1b67f2bc,delivered,2017-12-04 12:32:59,2017-12-05 04:15:32,2017-12-20 19:03:00,2017-12-29 21:37:31,2018-02-09 00:00:00
0eb7dc4e9168fd2e3bc791983492d99a,64c618cd8255afa20b32c21c12d87a48,delivered,2018-07-10 12:43:11,2018-07-10 12:55:27,2018-07-11 16:03:00,2018-07-12 23:13:54,2018-07-18 00:00:00
a3b803010363e5ad20664a8853b1056d,572f96319eccafe8072a7a3906516d94,delivered,2018-06-25 23:18:46,2018-06-26 00:57:41,2018-06-26 12:03:00,2018-06-28 16:51:05,2018-07-16 00:00:00
429f1a5343ef9fc8d6b142273c6d14d2,ecf406af63d8896d04b79672f2561375,delivered,2018-04-29 10:53:11,2018-04-29 11:12:08,2018-04-30 12:10:00,2018-05-10 15:57:03,2018-05-23 00:00:00
0e7a304b49a353318a2ea193bfb5523e,e78857cae42c368d813a98108c1a4a76,delivered,2017-06-25 14:23:27,2017-06-25 14:35:19,2017-06-26 12:33:31,2017-06-29 17:09:49,2017-07-21 00:00:00
b2487e261162c0d9162eab45862d42a0,83ff82f9e3b08b57d12ef4a5ca7b5834,delivered,2018-06-11 14:00:51,2018-06-11 14:18:31,2018-06-12 12:48:00,2018-06-18 20:53:40,2018-07-13 00:00:00
73d60420cd1a179b2d8887d538efe4c2,65d9213dfa004c17dc126503e106e4a3,delivered,2018-08-07 10:52:58,2018-08-07 11:05:18,2018-08-08 08:31:00,2018-08-22 17:02:23,2018-09-04 00:00:00
10856b02e17c5d56a06c2ee75079d338,6dc23a614e67f5198beb035996e34db0,delivered,2017-12-29 23:03:47,2017-12-29 23:11:26,2018-01-02 16:49:35,2018-01-10 22:28:33,2018-01-29 00:00:00
7de5a6bdd0de17b60a6ca664159c18ca,5bb2d3412b01523e83672803d7a1811e,delivered,2018-03-08 16:01:18,2018-03-08 17:01:02,2018-03-10 01:48:34,2018-03-19 22:28:29,2018-04-03 00:00:00
b6424e8ce7a66029b94b1221473c995c,17cc2e171c850fc31881782241caa4e4,delivered,2018-06-03 20:07:57,2018-06-03 20:31:22,2018-06-04 13:17:00,2018-06-08 19:21:46,2018-07-05 00:00:00
3c8d31d8f2771d0a5bc2c936d5a1440b,0a221a23ca36b34f1636bfdd15dc97a2,delivered,2018-04-12 09:47:35,2018-04-12 10:10:47,2018-04-12 19:12:51,2018-04-17 16:48:17,2018-05-02 00:00:00
6b5ccf5385890198c54fa97afe4812bc,15c523e088107f017c3b74f5874a0f43,canceled,2018-01-30 13:37:28,2018-01-30 13:51:21,2018-01-31 17:22:03,,2018-02-22 00:00:00
c5b8a34f0c16a7c4ca64e57aa15462db,7cd9128617dbce537891eb42ac4f5ab3,delivered,2018-01-23 17:34:42,2018-01-23 18:07:24,2018-01-29 18:53:19,2018-01-30 17:04:41,2018-02-16 00:00:00
4a82a56f850507b43e8aceaed75a091b,ce592ad7925e24b891730859400babe3,delivered,2018-03-26 11:29:37,2018-03-26 13:08:34,2018-03-27 19:13:06,2018-04-13 01:22:37,2018-04-23 00:00:00
f489dacdbad0317b1ac5e2c190b3ed26,aa41ab7e6243152d3c21ec01446ee1df,canceled,2017-11-13 11:41:46,2017-11-13 11:50:41,,,2017-12-06 00:00:00
6f433e1b5764eb255869aedbee1b9d72,643ae37af3bdfee8f50a9dbba9d2d70a,delivered,2018-01-11 16:23:09,2018-01-11 16:35:27,2018-01-15 15:04:56,2018-01-29 21:06:59,2018-02-14 00:00:00
91d87f183dde318c03f68e1b1eab1314,2a5ec1cee7600fbb0290c0dbeb0870a6,delivered,2017-05-14 14:08:25,2017-05-16 03:35:15,2017-05-16 10:50:25,2017-05-19 14:29:42,2017-05-31 00:00:00
146f83fbe74a8608adecd4b19c1597fb,5632f9bcf2b8dbec21e40b4a3a9fe7cf,delivered,2018-03-22 13:41:17,2018-03-23 02:27:58,2018-03-27 18:06:39,2018-03-28 19:28:30,2018-04-04 00:00:00
4709741e829775567b92abc42437b461,bd13582471af02ce718568d9cf8bbd93,delivered,2018-03-29 22:46:19,2018-03-29 22:55:21,2018-04-03 14:58:57,2018-04-09 23:52:06,2018-04-25 00:00:00
294a004bc4c2a5e3d9404a213164afe1,d60977f266fbf35d13d563da7286f472,delivered,2017-09-05 21:25:02,2017-09-05 21:43:28,2017-09-06 16:08:49,2017-09-13 19:07:10,2017-09-28 00:00:00
84d6d9710c8af32b5e88f2d1c14ab871,1099d033c74a027a78c1d26e1de9c8ad,delivered,2018-01-27 22:09:48,2018-01-27 22:35:25,2018-02-02 14:44:52,2018-02-06 19:35:01,2018-02-14 00:00:00
1166ac5af4262300b61e079c496223c6,0d8cb40fe23920b0a6078753a31bb617,delivered,2018-08-14 20:44:23,2018-08-14 20:55:23,2018-08-15 12:22:00,2018-08-22 18:32:24,2018-08-31 00:00:00
fe59965bfbf484aee4f2503efbd933d6,96a382945e9f743a47d2597c7802c431,delivered,2017-11-27 11:12:20,2017-11-29 11:10:55,2017-12-05 22:52:49,2017-12-18 14:17:21,2017-12-22 00:00:00
3339caccb4f94a45abaf8ed1990cfc36,9a862d529004b7051c686f79baba08fd,delivered,2018-01-22 15:42:00,2018-01-23 03:52:50,2018-01-24 10:24:59,2018-01-26 20:09:19,2018-02-06 00:00:00
7877ed505dd8f07c03e570b146b1fbae,c570938ab62978b5cab459060bbb01f1,delivered,2017-11-17 19:49:41,2017-11-17 20:56:03,2017-11-21 18:22:58,2017-11-27 14:42:24,2017-12-06 00:00:00
f0c5bf0424d3e7459403f791bf76f03d,01a14c29b06fa1ecdcfdc1b0afae799c,delivered,2017-04-16 15:43:02,2017-04-16 15:55:19,2017-04-17 09:50:40,2017-04-26 14:24:44,2017-05-18 00:00:00
aff838e0ae35f413200f05a7f9e42510,b4aaf53bf90a2f7dfdfd39b0b4671f6a,delivered,2017-07-25 12:23:30,2017-07-26 02:23:36,2017-07-26 20:19:47,2017-07-31 18:47:55,2017-08-16 00:00:00
7a189472050d185af07c5550a7dfc5ad,ab7d67572040ac842951475610557d96,delivered,2017-12-05 21:45:56,2017-12-05 21:58:54,2017-12-07 18:47:20,2017-12-21 16:52:06,2018-01-08 00:00:00
ba3ebf2b1c96c432cfc82801c4515ea6,7107f5eb80d0da02dc1383fe41ddc474,delivered,2017-06-26 17:52:36,2017-06-26 18:55:10,2017-06-27 17:03:30,2017-06-28 11:48:07,2017-07-07 00:00:00
e28f56dc0353b7bf8f78f05ac639ba21,7553cab5980febcade6b9e5138827ae4,delivered,2017-12-08 18:14:24,2017-12-08 18:32:43,2017-12-09 16:58:52,2017-12-13 01:09:11,2017-12-28 00:00:00
d90f36f9fe6a2fda4bbc5498a14b81d6,e48d7789f6df4397bf00bff9c80110f1,delivered,2018-04-12 13:46:50,2018-04-14 02:30:32,2018-04-16 23:52:09,2018-04-18 23:26:51,2018-05-07 00:00:00
7a977daeefe13a57132b21579049d020,c453f2f11d99b58f83619407921ab6aa,delivered,2017-08-13 20:31:28,2017-08-13 20:45:18,2017-08-15 19:52:07,2017-08-19 14:45:39,2017-09-05 00:00:00
0ff01ca1108c8fea3d74a51ee283841e,143714b5db067ae9c9e2bb399b49e4ad,delivered,2018-03-07 17:22:45,2018-03-08 02:29:22,2018-03-12 20:46:26,2018-04-02 18:19:09,2018-04-02 00:00:00
3971a8d658593643c85790cb67105832,946cc8dd1a10dcc7cf3ee2750618dfa1,processing,2017-12-12 19:00:37,2017-12-12 19:10:05,,,2018-01-10 00:00:00
6d238ce1fb32d1ef6e4422764a7f76cc,7ee349f8d855c56ac5151702a8bbf7f3,delivered,2017-08-19 12:09:04,2017-08-22 07:45:15,2017-08-23 11:52:35,2017-09-01 19:23:43,2017-09-19 00:00:00
24759f3ad867f833fc09e69987719d52,1fb7addf69570523e63db8ac2f5c9923,delivered,2017-02-19 09:32:13,2017-02-19 09:45:17,2017-02-22 08:42:33,2017-03-14 12:47:43,2017-03-21 00:00:00
60721992ef4cec39824837f08c79afec,ca4dfba4840aa9ac286c79e6f2b95d43,delivered,2017-09-21 09:19:41,2017-09-21 09:30:16,2017-09-22 16:03:43,2017-10-02 20:58:02,2017-10-23 00:00:00
1d95cfa17a6ea1b7908c0d284f9ee2c8,62137f4b036702e112ce4e6a82933943,delivered,2017-11-22 18:03:36,2017-11-24 18:11:48,2017-11-27 12:46:05,2017-12-19 17:09:51,2017-12-08 00:00:00
c079346814755dff5a0ae3d455a117c1,ad587a1071e2eb39139bdf6c7e49d90b,delivered,2018-02-05 18:24:33,2018-02-05 18:50:35,2018-02-06 21:04:22,2018-02-16 00:17:51,2018-03-01 00:00:00
775dfb31da346e5cf77c2fda51ae7bd4,b2ce78a52d897c070fe846ceef56a773,delivered,2017-10-22 19:47:42,2017-10-22 19:56:26,2017-10-23 18:43:40,2017-11-07 18:58:42,2017-11-17 00:00:00
1149d72adba9246665c80103bd7011c5,d621d7e38d772ec39f30e6cf2329d708,delivered,2017-07-29 22:51:35,2017-07-29 23:03:37,2017-07-31 19:27:50,2017-08-23 18:13:51,2017-09-01 00:00:00
7e17bef0b77734da366177cd331ed66b,40d5f204b84520a278cdc2ab9c557cee,delivered,2018-02-27 14:01:07,2018-02-27 14:10:57,2018-03-01 22:36:39,2018-03-05 22:35:24,2018-03-13 00:00:00
c8e51524cf9ae78ec9f421b1054378ff,735910d408209bc94a6b5cba4985425f,delivered,2017-10-08 12:40:00,2017-10-08 12:56:23,2017-10-13 22:39:12,2017-10-24 17:11:42,2017-11-09 00:00:00
3fdebcfe1a2cdcd4ee2770a2e28b2af4,d6540fd1f5f05337ee0715aeb83b08db,delivered,2018-01-01 10:55:58,2018-01-01 11:07:19,2018-01-03 21:52:38,2018-01-08 16:15:24,2018-01-18 00:00:00
96a2b5167187b3cfde60cd245d421132,9e9244c4b7e622b39a13b1824097d976,delivered,2018-05-04 11:55:54,2018-05-05 03:33:44,2018-05-07 15:05:00,2018-05-14 17:48:51,2018-06-05 00:00:00
c8659bbe606f2b5c31cc02f58fce4b5c,e3a3fce886936b263838d1f984dad2d2,delivered,2017-09-18 20:22:43,2017-09-18 20:36:20,2017-09-22 10:50:15,2017-09-27 22:39:48,2017-10-24 00:00:00
1e0f40bbfe787796d0c56e3795dc94d8,df1e522fe10d104e337d07d3ba3ff108,invoiced,2018-08-06 20:17:25,2018-08-06 20:30:10,,,2018-08-09 00:00:00
947b612f269cbbdaa438d55bb70f1baf,c78c34e7592e3ebcf506ddf2e0d68e5e,delivered,2018-08-07 13:53:07,2018-08-07 14:05:14,2018-08-08 13:19:00,2018-08-15 15:26:46,2018-08-21 00:00:00
25af0443015b8d200489039a00361f2e,1674ec99b39d56ec2aa2329be6a79864,delivered,2017-08-22 16:53:59,2017-08-22 17:32:43,2017-08-25 21:11:35,2017-08-29 13:04:49,2017-09-12 00:00:00
ed970e1789fefbbd3700b0c5e84b45f3,7a4f856dbe52b7cbb2c19b2fb79f03e4,delivered,2017-08-03 11:01:38,2017-08-03 13:50:23,2017-08-09 19:47:38,2017-08-22 20:25:47,2017-09-06 00:00:00
cd58e7c862e0fb077541c4b5a331599e,eefd9e5a6bd7866ce4718f91c20cf522,delivered,2017-08-27 15:58:32,2017-08-28 15:15:14,2017-08-29 20:47:36,2017-09-06 19:53:10,2017-09-20 00:00:00
cbc5205b9df432b848e1e8a2331ffeca,86f78e419a3ed5dcaddf3bd5d0c4adae,delivered,2018-05-09 23:01:53,2018-05-11 03:37:34,2018-05-12 08:18:00,2018-05-17 13:13:00,2018-05-28 00:00:00
6b71838c4be9dce33810de87c333e365,8b1f6b37bd99fe9ccfb4a3fbffde8d44,delivered,2018-01-14 22:34:42,2018-01-15 22:30:47,2018-01-17 17:47:17,2018-01-18 21:45:59,2018-01-30 00:00:00
16f0fa8aecf907e4fe3768af883f0def,6d71041730a38bc71d4510a76cb38b7a,delivered,2018-06-18 11:46:07,2018-06-18 12:19:12,2018-06-19 14:03:00,2018-07-03 06:12:50,2018-07-20 00:00:00
56142b6c34c40cccb3e3ee8308a4ae76,50202490acea34225b1af5cdd25f4326,delivered,2018-01-11 21:28:50,2018-01-11 21:44:29,2018-01-12 23:42:54,2018-01-16 18:51:50,2018-01-30 00:00:00
6bc36770d620721000e91c6115924837,64cb0117a687a23b3d4a4982c7dedad3,delivered,2017-03-18 20:00:53,2017-03-18 20:00:53,2017-03-23 15:19:43,2017-04-05 11:52:49,2017-04-19 00:00:00
71dab1155600756af6de79de92e712e3,8c20d9bfbc96c5d39025d77a3ba83d7f,delivered,2018-02-01 18:32:02,2018-02-01 19:37:42,2018-02-19 18:37:35,2018-03-12 18:58:21,2018-03-22 00:00:00
d167d4b7b391f26fea23a114ac44706d,9eea546120409aca23a75a64d9c26878,delivered,2018-04-17 15:07:46,2018-04-17 15:15:30,2018-04-18 23:28:43,2018-05-02 22:36:33,2018-05-24 00:00:00
879f83e9f2c3777d90bed2b448e144f8,b07884373a48a80842802d6bf097d411,delivered,2018-05-14 11:56:00,2018-05-15 04:55:34,2018-05-15 14:32:00,2018-05-16 16:11:09,2018-05-22 00:00:00
83359e7a49758eeed73d55e437b87341,c1a1def640f9f4a3b89c915eeeea42f7,delivered,2018-02-28 22:32:00,2018-03-01 12:55:48,2018-03-06 02:34:32,2018-04-23 19:12:42,2018-03-20 00:00:00
2f61fac6b8c3e6dc71dc0999144e6ffe,987e330d74e0482b2926096aa53470f7,delivered,2017-08-28 20:30:43,2017-08-28 20:45:17,2017-08-30 15:47:56,2017-09-11 16:59:42,2017-09-15 00:00:00
66fc85fce01ca94d68a669ad2f78c035,b51281d5c8fe567753940498c6508c49,delivered,2018-08-04 11:54:16,2018-08-04 12:05:15,2018-08-07 10:19:00,2018-08-09 22:37:35,2018-08-14 00:00:00
1aaeb5badaa812e15594d2c5d04e474a,9f9552abc310f12bcf37a6b8e3e8c4a8,delivered,2017-04-21 14:48:58,2017-04-21 15:05:11,2017-04-25 09:14:49,2017-05-03 15:12:18,2017-05-11 00:00:00
19e31a421ef559a7772d01fc5074ee14,6ce5536f3e76b410c27535f9278914f0,delivered,2017-04-06 15:58:17,2017-04-08 02:45:27,2017-04-12 11:52:36,2017-04-19 10:29:07,2017-05-05 00:00:00
301c441176beabdc9ef015807d9290aa,200c580999cc1e2c937f6e2f82eb04d3,delivered,2017-06-29 00:20:21,2017-06-29 00:30:20,2017-06-30 09:11:33,2017-07-04 13:32:15,2017-07-12 00:00:00
9b816053262f4741f9d0d314dff0a41a,f98eb4f19af43aace4aae7db3c24229d,delivered,2018-06-16 16:19:48,2018-06-16 16:38:53,2018-06-18 08:20:00,2018-07-11 18:18:31,2018-07-20 00:00:00
6e66eeb2dcd054d228cbfdbe27ac10ba,bbd0d7058c24fb7d36bf6885d5b15866,delivered,2018-01-08 14:02:48,2018-01-08 14:11:28,2018-01-16 20:51:29,2018-01-22 14:37:09,2018-02-07 00:00:00
22deaa695e6bee4bb06af5da6cdcdabe,76f2f2c46b45b955bf74735a1bb30e92,delivered,2017-10-21 22:23:16,2017-10-21 22:49:14,2017-10-23 14:07:04,2017-10-24 17:10:43,2017-11-03 00:00:00
50dcbb2a2604b38d231b84bde3f62227,39378689a58075dd0304d79ee3ae0cfd,delivered,2017-10-05 17:40:46,2017-10-05 17:49:32,2017-10-11 18:49:43,2017-10-17 18:43:43,2017-11-07 00:00:00
454a297f19c15e3f7a16c16961029402,d1bae39e16e67e0de7db76605561f3cd,canceled,2018-06-15 23:27:00,2018-06-19 03:36:36,,,2018-07-12 00:00:00
3a0b1b5c52367a68f9deab55f3464a14,35162935be1761d5f1fe05a66870794e,unavailable,2018-03-19 16:22:05,2018-03-19 17:29:41,,,2018-05-10 00:00:00
9f495a88e6454713d2963970d7a119ed,9a2b3f6cdd9a69334f83072012328619,delivered,2017-03-24 22:43:37,2017-03-24 22:55:17,2017-03-28 09:08:03,2017-04-03 14:12:50,2017-04-17 00:00:00
30dfb5b33bf44683be3e2f7df4bdd769,cc02ad21fb07abeabe093734798e43d2,delivered,2018-04-06 18:53:10,2018-04-06 19:09:17,2018-04-09 21:47:35,2018-04-16 21:28:41,2018-05-15 00:00:00
f1c1c3cfd14f75b7475d7df0d341d99c,2c2cf42c9a603bf3e1181fe3be2cae55,delivered,2017-08-17 01:02:24,2017-08-18 02:25:36,2017-08-22 14:37:12,2017-08-28 17:04:56,2017-09-15 00:00:00
1afbdc6ed9143871e5b8be14ce2762e0,2f32cc670061125271017f98f73addde,delivered,2018-01-20 20:00:12,2018-01-20 20:20:20,2018-01-22 15:19:10,2018-02-02 05:02:37,2018-02-19 00:00:00
d1897146cbeab2b888285ca6264056a1,f07928d150a941fee3793cbfa6e62e1b,delivered,2017-09-06 11:57:49,2017-09-07 12:05:38,2017-09-11 12:23:46,2017-09-14 19:42:48,2017-10-02 00:00:00
c33c0a34aa2beb75f41a04d1b3905d92,3c5be3902e3ee65ac45caf629dba3d41,delivered,2018-05-12 14:23:50,2018-05-12 14:35:30,2018-05-14 13:24:00,2018-05-22 15:29:12,2018-06-04 00:00:00
38cafbf33f703cea7d7266c456a3fdf3,6a7aa1cff48701b0ece001860af2ef33,delivered,2018-02-21 13:26:13,2018-02-21 13:50:18,2018-02-22 16:04:44,2018-03-09 16:02:33,2018-03-14 00:00:00
931e76c33f2109e760025ef697884eed,895ebf13f70811385a4922e54c182404,delivered,2018-06-14 23:41:56,2018-06-14 23:58:28,2018-06-15 13:35:00,2018-06-18 13:31:07,2018-06-26 00:00:00
4123a46501472ba0fa021d7532462e27,bc1cfdbdfa0e1499a18607f73b802427,delivered,2018-06-29 14:12:57,2018-06-29 14:31:54,2018-07-02 14:08:00,2018-07-05 18:22:03,2018-07-24 00:00:00
bd385d0011b10c0d7aefa73aae6ef935,93ec087aae32d7db63b1b561a2b6177f,delivered,2017-11-18 10:38:05,2017-11-18 10:50:58,2017-11-23 00:08:34,2017-11-27 20:38:43,2017-12-07 00:00:00
a11a425bf8a1d74271b19f31a3cbe76a,07a7e5b0029e354e4428f755cc1988bb,delivered,2018-07-24 11:15:42,2018-07-24 12:00:05,2018-07-30 12:50:00,2018-08-03 15:12:28,2018-08-10 00:00:00
3126b9be3d5939e25084a4d9661652e9,1d325217aaf57a6f3b606be21277c002,delivered,2018-04-04 07:39:53,2018-04-04 07:55:10,2018-04-07 01:19:19,2018-04-16 23:28:36,2018-05-11 00:00:00
bb39dce934e697a81c9dd50236b8d8cd,5aa3cd667f15ab59d08f0467df70f7ae,delivered,2018-01-21 15:44:24,2018-01-22 13:52:42,2018-01-23 22:38:44,2018-02-01 22:57:45,2018-02-15 00:00:00
2e9218017514abac32bb20f975e15ecd,2f21dceb683c02e437f9505d913fd615,delivered,2017-05-24 21:10:57,2017-05-24 21:25:08,2017-05-25 14:55:49,2017-05-30 08:19:41,2017-06-22 00:00:00
46216bad82195f8dec79cfde98c57acd,1a79125e3c27596d608c700c90818a2a,delivered,2018-01-17 14:42:14,2018-01-17 14:52:28,2018-01-18 22:03:47,2018-01-25 23:27:03,2018-02-08 00:00:00
afef48d3c8a0b1b7c9b7f8f922fb5674,65f09de0b77ca07963fde8601c6be1fb,invoiced,2017-11-10 16:27:32,2017-11-10 16:50:47,,,2017-12-06 00:00:00
a901e1670d92dc616c4f1a33b5c0ad42,877f1030d0bfa36ca291ba656804b3c0,delivered,2017-12-07 09:58:05,2017-12-07 10:12:28,2017-12-13 20:11:10,2017-12-26 22:04:54,2018-01-16 00:00:00
6dce05516fc9a1e16b7a70e49ab656c2,e5426fc9fcee3dfa52fb048f6d0856e9,delivered,2017-05-14 11:05:08,2017-05-14 11:15:13,2017-05-18 14:23:36,2017-05-25 12:55:59,2017-05-24 00:00:00
60829fc61d953ee429eba3f03c9b252d,c91581a1eb4e566997896347d647870c,delivered,2018-01-20 19:53:44,2018-01-22 13:57:54,2018-01-23 20:59:05,2018-01-29 16:47:03,2018-02-14 00:00:00
e6010bcb1cb9ceb44fdb0f15f817e25f,43dc5164445bf2972df8930fe3d651f5,delivered,2018-08-03 13:46:30,2018-08-04 04:24:03,2018-08-08 13:55:00,2018-08-13 15:47:45,2018-08-13 00:00:00
c6d494c8b8f23ab293d35084ce4babd1,6dd52a73b6f4356624e6622b1a1e1b5f,delivered,2018-04-26 12:09:44,2018-04-27 03:30:52,2018-05-08 13:40:00,2018-05-14 14:58:49,2018-05-25 00:00:00
16ee19fe4df0a090015e2fa16f3bf3e0,c9ecc0e06e2ac8485acc3a539d0ae727,delivered,2018-04-23 10:13:38,2018-04-24 18:39:58,2018-04-24 18:34:54,2018-05-02 19:33:37,2018-05-22 00:00:00
7b4fb0197b18a0fd0e75f9e44b3fc757,7c495c9a1dbeeb7167642f15ae11bab8,delivered,2017-01-18 23:15:29,2017-01-18 23:30:12,2017-01-19 14:47:45,2017-01-30 09:33:41,2017-03-08 00:00:00
0c9c4433b5b33bcc077a814c9dd7dc3b,d4e705a6e6b5f0c5cb1c2ad86d6dc306,delivered,2018-05-08 18:39:36,2018-05-09 18:35:15,2018-05-10 11:07:00,2018-05-18 12:41:57,2018-05-29 00:00:00
b6e63e74aff84a068fdc1b41e9ac29ea,f0375e81392cb7499b1139be16fd21e2,canceled,2018-08-07 10:44:34,,,,2018-08-21 00:00:00
b50dd584b57f884ca278422e0607f7d3,4e6d327fc8ec2d02d0973f3c579a690c,delivered,2018-08-20 14:19:56,2018-08-20 17:00:08,2018-08-21 13:19:00,2018-08-24 23:17:18,2018-08-24 00:00:00
42d79478d8d834670fe17dfe07f5b581,7f67b155a0f106bbc33e66c52f71db79,delivered,2018-06-28 11:19:40,2018-06-28 11:35:13,2018-06-29 12:09:00,2018-07-09 18:34:50,2018-07-30 00:00:00
b744841b6a754e51042b8abcab208ffe,cb1d1ff0489e8f800375a08a8b8fd92b,delivered,2018-07-29 09:49:54,2018-07-29 10:40:05,2018-07-30 13:45:00,2018-08-02 00:22:59,2018-08-14 00:00:00
f45d4bc023494c0c4d9c67630a9d52fc,380d316d4bde46cebc363189d032d1da,delivered,2018-07-06 12:11:22,2018-07-06 12:32:06,2018-07-11 13:55:00,2018-07-17 18:37:50,2018-08-02 00:00:00
1a6b9a764637acbc39e1624a2211f548,e43a8c4a2cacc15e45d6a73beb2ee7e8,delivered,2018-08-07 09:18:41,2018-08-08 03:30:22,2018-08-17 16:56:00,2018-08-23 20:48:46,2018-08-21 00:00:00
58f5801ecbeec83b70c32e4afdc5582b,bffce113a45caad00826f1da88a365f5,delivered,2017-03-29 11:00:42,2017-03-29 19:45:12,2017-03-30 10:30:36,2017-04-04 16:00:10,2017-04-25 00:00:00
fd6a51f9eb40dd4bca270db2bd18aae4,45d0f33f9a4e1688ceefd7a8fc7d54d9,delivered,2018-03-08 17:10:52,2018-03-08 17:30:32,2018-03-09 19:32:00,2018-03-20 20:38:45,2018-03-29 00:00:00
ae64e2ba5ff3e9ffe94fa1c7b844b745,ca5fbf3bd965b0c278bc60d2b80c3cc6,delivered,2017-11-26 12:13:45,2017-11-26 12:34:37,2017-11-27 22:46:55,2017-12-06 15:28:41,2017-12-20 00:00:00
109f6898323e99a194948043ea99cdd8,b2db54577f76360c6fee00282c4fc10e,delivered,2017-06-05 14:30:00,2017-06-05 14:42:08,2017-06-08 12:46:48,2017-06-09 09:13:43,2017-06-19 00:00:00
08ea0cc26c8036f1c6c510e72f468000,c1462fe827b0b74c6ba2c32bdf224a67,delivered,2018-04-26 14:31:15,2018-04-27 03:30:53,2018-04-27 15:25:00,2018-04-30 19:07:01,2018-05-14 00:00:00
80028e205983856e71a9cc12fe99d17a,7f516f7fe2d742fb94e464229c864cc2,delivered,2018-06-03 16:32:42,2018-06-03 16:50:35,2018-06-04 13:30:00,2018-06-16 13:26:46,2018-07-05 00:00:00
9c7786ec8d2394cbee42bba833f7c537,9a935364cca30059364ef4469083e8f8,delivered,2017-04-27 23:45:10,2017-04-28 11:46:07,2017-04-28 10:57:41,2017-05-05 15:49:46,2017-05-30 00:00:00
d773b2a09676fb3a1a35c45a9edda446,c66b9864347ac9c4c881412b2e1d97a2,delivered,2018-06-13 23:41:31,2018-06-14 00:32:03,2018-07-05 09:40:00,2018-07-09 21:18:33,2018-08-02 00:00:00
13b1d703b453fd67b66850bd2846e13b,8223b8597e3435d687fa3a9206838700,delivered,2017-09-27 19:51:45,2017-09-29 02:31:28,2017-09-29 15:28:09,2017-10-05 16:15:20,2017-10-19 00:00:00
3dd45cc3460f14bbe6c2249a8019a450,1c545e18dbd33788d106af49dbb438cc,delivered,2018-03-31 21:31:43,2018-03-31 21:47:43,2018-04-02 19:33:27,2018-04-05 15:26:39,2018-04-18 00:00:00
97b6ab675f38dce08fc58f7e5ddfa1a7,17602b0ca034c6c3142313d06c6beee2,delivered,2017-05-17 14:51:43,2017-05-18 02:15:36,2017-06-16 13:11:04,2017-06-28 07:19:47,2017-06-29 00:00:00
a5ab32d92df4aa22033de78a4c20dedb,db3d228e48b195e4ecb9622a0b0e7807,delivered,2017-12-27 13:00:00,2017-12-28 02:35:50,2018-01-02 19:09:26,2018-01-12 20:48:49,2018-01-29 00:00:00
9372c16a75d7ff9110358389ccaa0566,4d746d8722cb2f5a747240f9be720be3,delivered,2018-03-02 21:57:46,2018-03-02 22:10:26,2018-03-06 20:54:47,2018-03-28 20:27:42,2018-03-26 00:00:00
79366f58da7efaf2b4717cb46d852fcd,32e429477849a42e050fa5acd4cb5b07,delivered,2018-05-20 22:02:25,2018-05-20 22:18:39,2018-05-22 13:21:00,2018-06-04 20:33:24,2018-06-08 00:00:00
40753325f836f577dd8bab3f0e5807e6,e13f009104ff6db9e8722ff60788a3c7,delivered,2018-08-16 20:34:10,2018-08-16 20:49:42,2018-08-17 14:43:00,2018-08-23 00:12:09,2018-08-27 00:00:00
2d5179fa58ed22b21f86902df78f8584,1db08c206aef92f4f7727a98db210397,delivered,2017-10-14 19:03:05,2017-10-17 04:25:05,2017-10-18 22:28:39,2017-10-19 17:34:04,2017-10-26 00:00:00
f5967f0a9a614d8ccb6b2c1c16bde5ed,afa7a206ec8cd8335d82fdde5ad8f24e,delivered,2018-07-25 11:36:28,2018-07-25 11:45:13,2018-07-26 13:16:00,2018-07-30 13:09:32,2018-08-10 00:00:00
f03bbe221b9e5bae09eccab6a0c4120e,5117c4b5e5b786a6f513005ee3bd9f18,delivered,2017-11-03 11:24:36,2017-11-09 18:15:32,2017-11-10 22:18:46,2017-11-20 17:35:54,2017-11-30 00:00:00
b539f51f7cf6a9c1a871d2bb898cdd27,590e0ece7d320dac89d029c8b3b9f23a,delivered,2018-08-16 17:56:44,2018-08-16 18:10:29,2018-08-17 14:20:00,2018-08-22 13:34:45,2018-08-31 00:00:00
0cee95c34f2cd6a8e38d9b170b9a468e,571a23f3549e26b246809b4938612eab,delivered,2018-04-19 20:41:19,2018-04-19 20:55:24,2018-04-20 23:03:55,2018-04-23 20:37:20,2018-04-27 00:00:00
bc6c23697db04d6dad824fad9a547d7a,5873294c345e69097a4eb7473e823bb4,delivered,2017-12-19 13:50:02,2017-12-19 14:32:13,2017-12-20 21:35:29,2017-12-26 13:03:57,2018-01-12 00:00:00
6d0f82a01588821c295aabc53d05a552,3f699c9cf773be1c838c6011ac5ec571,delivered,2017-05-22 14:07:45,2017-05-22 14:22:44,2017-05-24 09:37:55,2017-06-16 08:07:47,2017-06-26 00:00:00
1bf6db71e147c950fe9925e0be89ec4b,ec26ff9b46af83d9c60691c89bf24895,delivered,2017-01-26 15:37:27,2017-01-26 15:50:18,2017-01-30 13:32:39,2017-02-08 13:08:37,2017-03-02 00:00:00
4813c50e3548fa87684c05b730ecccee,3e4442cd2958fbd08dc760884b222ae2,delivered,2018-01-17 16:49:02,2018-01-18 02:11:14,2018-01-19 19:38:59,2018-02-05 21:09:14,2018-02-23 00:00:00
5aa65dc27dd9c4e4d81ec84ead95feb2,446f733c55cd9e94fd80d12eae3b9d09,delivered,2018-07-31 13:35:23,2018-07-31 14:31:48,2018-08-07 13:39:00,2018-08-13 18:18:36,2018-08-09 00:00:00
2459807af0cad1161d053ae93c170398,93bcaca0ba9906b15984025eb1ff7d06,delivered,2017-11-08 13:42:56,2017-11-08 13:50:33,2017-11-09 18:44:50,2017-11-29 23:58:06,2017-12-07 00:00:00
b8e8aa8bd53c50e5be82ea6f6a04e417,8d52d0165f53badec237c721bb2e13a9,delivered,2017-08-10 21:36:59,2017-08-10 21:50:24,2017-08-11 19:56:32,2017-08-17 22:43:59,2017-09-01 00:00:00
4da9b175d4de58460535384da0f32f05,fdf5d4db9c10832e078f97fc5133074d,delivered,2018-04-29 21:53:18,2018-05-01 03:32:25,2018-05-02 15:20:00,2018-05-04 16:48:36,2018-05-14 00:00:00
9711d75c7f14daa7b898759d42b9af64,77fa72bb31036e933952e5462cdb922c,delivered,2017-08-24 12:25:32,2017-08-26 02:11:07,2017-08-28 20:29:41,2017-09-11 15:03:35,2017-09-18 00:00:00
317bfcd79627d89d54a917da6e066beb,124ea0ac4cadfffc49227a24235871fe,delivered,2018-03-12 09:48:20,2018-03-12 10:15:50,2018-03-13 23:35:42,2018-03-17 17:40:36,2018-04-10 00:00:00
283bf1118a872ce76471f83be536cdc8,6748ba2271afd751721c86c713be024b,delivered,2017-11-28 16:57:21,2017-11-28 17:15:12,2017-11-29 19:45:15,2017-11-30 16:26:59,2017-12-14 00:00:00
c033e99bf02e103535766475e490aa19,222ea254760a8b56fff02febcb78b507,delivered,2017-10-04 08:35:51,2017-10-05 02:56:36,2017-10-09 14:14:23,2017-10-17 22:19:03,2017-10-27 00:00:00
bc2bdb398f6c17b554ffcd37aa1c1e03,5b611a9b2bc9a0024d6de14faebf0363,delivered,2018-07-05 12:06:28,2018-07-06 05:10:45,2018-07-10 19:04:00,2018-07-12 20:41:54,2018-07-19 00:00:00
c1efd8321b84f3cfd0a4b41c0fd60026,be76e5e04de65d72a0adc9a3e721abbd,delivered,2017-05-12 12:52:50,2017-05-13 15:45:14,2017-05-18 08:52:42,2017-05-25 12:22:06,2017-05-30 00:00:00
f5eb2c9c8751b09f7637a10a9c40aef2,dad721ade2b490dbcc54e62212129467,delivered,2017-12-11 11:18:46,2017-12-11 11:31:50,2017-12-13 16:52:19,2017-12-22 23:28:37,2018-01-18 00:00:00
98fdd250e01c66e91a1a2632a6445039,112f162c575bedc2f4b20c369282964c,delivered,2017-12-15 10:50:55,2017-12-15 10:59:25,2017-12-15 22:32:56,2017-12-18 19:23:50,2018-01-04 00:00:00
705e297aabac0f1fae1db3971e90952d,96e664af0b18d12494b2a31ab2642c45,delivered,2018-06-12 19:05:27,2018-06-12 19:28:35,2018-06-14 13:20:00,2018-06-25 17:32:07,2018-07-13 00:00:00
5ad674ed6e835a39a6a7d73bc989ce57,7df9914b5cd074d81dcb343a7107765b,delivered,2017-07-30 18:09:19,2017-07-30 18:23:08,2017-08-02 11:04:30,2017-08-04 19:45:51,2017-08-18 00:00:00
f1beb4a73d643e796b824e6f680528f9,f4dc86377b4afaceaed1e4c19ecee415,delivered,2017-09-18 13:17:16,2017-09-18 13:35:13,2017-09-19 20:05:54,2017-10-02 10:22:42,2017-10-04 00:00:00
085b1f163267ab9db88bb6b4145e0df7,978092e16f71e6b97416a1763155e4e1,delivered,2018-01-19 08:13:59,2018-01-19 08:32:31,2018-01-20 00:48:28,2018-02-08 15:08:55,2018-02-14 00:00:00
08cf63d17d15433573bf10ae778045ab,3782b0146ca11125a619eb487dd7b2e9,delivered,2018-02-09 09:53:17,2018-02-09 10:14:36,2018-02-09 20:18:26,2018-02-23 18:08:09,2018-03-09 00:00:00
9fbdb5da34e42e5603cd57ad18c79729,d33598b092332a92b7b489af1689918a,delivered,2017-11-06 13:43:23,2017-11-07 06:32:03,2017-11-07 21:32:26,2017-11-17 17:47:55,2017-12-04 00:00:00
97fd93a5c9549a865a53d51328e01848,0da313f310f44b43f20e65ef3665222a,delivered,2018-06-14 09:20:08,2018-06-14 09:38:13,2018-06-15 12:56:00,2018-06-28 15:51:54,2018-07-23 00:00:00
b8dabd1b3ebaab3808cbf73107a61a6b,9f07c4abba1bdf08f06ce4710331d778,delivered,2017-04-09 17:50:43,2017-04-09 18:01:57,2017-04-12 13:05:51,2017-04-20 13:24:23,2017-05-08 00:00:00
6ea1fb8b83a7703077033993d1bdc5fc,301547793a0933aa10e383e3120c8396,delivered,2017-05-13 20:42:27,2017-05-13 20:55:13,2017-05-17 10:52:13,2017-05-23 09:57:03,2017-05-31 00:00:00
945cebd7f0d6886e7971663839507ec4,c69e9b9095b1491d57aed0483eb1b9e6,delivered,2017-12-06 13:07:22,2017-12-06 13:14:30,2017-12-07 18:09:14,2017-12-18 21:09:33,2017-12-29 00:00:00
c9645496b715730a1a5d07eb97a6bf6b,65b9f936439ccafa20f0d6888a5875d3,delivered,2017-01-18 14:56:47,2017-01-24 15:25:11,2017-01-25 10:07:43,2017-01-30 13:13:54,2017-02-14 00:00:00
b4e47a448289bb284758470f606229c4,57856512eeb5d55a99c26b58906b291c,delivered,2018-05-28 15:54:55,2018-05-28 16:11:53,2018-05-29 13:45:00,2018-06-01 21:34:39,2018-06-20 00:00:00
eb4b336bd21e49c74c82949c6cc43ec6,7ca314e66fa021d631d129468a264024,delivered,2018-04-01 19:47:31,2018-04-01 20:08:24,2018-04-02 16:12:13,2018-04-10 20:21:56,2018-04-23 00:00:00
c230f6e954ab2b2aed5ad7458d539258,83398e1c675b19d3356e5db8a6e36fe9,delivered,2017-09-24 18:11:31,2017-09-26 03:35:42,2017-09-27 13:19:55,2017-10-03 20:53:54,2017-10-17 00:00:00
cfd2fa043913decbf8554ea5ce59d723,4a0f043ab94c7e6b5abda776c02ee946,delivered,2018-05-26 21:43:54,2018-05-26 21:55:10,2018-05-28 15:36:00,2018-05-29 20:33:01,2018-06-20 00:00:00
bfbf45695ada6f6c2b2bbf14d224aeb1,911f537925bba457f30e1d49322c649b,delivered,2017-10-05 11:55:04,2017-10-06 02:35:29,2017-10-06 17:55:21,2017-10-11 21:14:03,2017-10-30 00:00:00
188804952924592ac0678c7ab1b42860,02469bb79cf0096970abae40244a4c6f,delivered,2018-08-12 13:51:25,2018-08-12 14:04:36,2018-08-13 13:40:00,2018-08-30 12:21:35,2018-09-17 00:00:00
e9ff655634db2dac0d2c18cd8fc57869,ebc4d7861f2c3df2c3d6aeb0013700db,delivered,2018-08-06 11:14:16,2018-08-06 11:30:30,2018-08-07 13:37:00,2018-08-10 17:13:50,2018-08-15 00:00:00
8fe860202f0d87213c4056f1030ae367,c85b57d305ecdc88bcafb087e60a658c,delivered,2017-11-10 23:01:20,2017-11-10 23:27:00,2017-11-14 22:51:26,2017-11-30 12:05:07,2017-12-08 00:00:00
e938a90514cd29b81f7e88eb8c918d12,ce5adc4a6936d649dc3c0757303dba08,delivered,2017-12-08 22:41:46,2017-12-08 22:54:21,2017-12-11 12:23:02,2017-12-14 21:36:06,2018-01-08 00:00:00
be00589ef6917fe392acc59a700a0308,8edf77a07c8c4daa4a104cc7a4927b3b,delivered,2018-01-15 14:30:06,2018-01-15 14:50:12,2018-01-17 02:45:03,2018-01-18 19:13:39,2018-01-31 00:00:00
4feb155d6d4d8b2ba3191d90655f3b99,65bdac23aebd44af1c85c71c4acb5c6b,delivered,2018-02-12 18:09:18,2018-02-12 18:28:21,2018-02-16 22:55:52,2018-03-01 19:58:50,2018-03-07 00:00:00
d02a27af33a8164ec42eeddf27c5ad59,a0227ec32ff282dc027d2afd5982ba5a,delivered,2017-03-22 09:57:27,2017-03-22 09:57:27,2017-03-22 12:14:38,2017-03-29 16:17:51,2017-04-12 00:00:00
8a5fc33c79bf3f4d9bbcc3dceb6b67c4,b20ebfbab3478c59ce34f43e4c26feaa,delivered,2018-08-09 20:07:20,2018-08-10 15:45:36,2018-08-13 15:35:00,2018-08-18 12:36:48,2018-08-23 00:00:00
4ed2338dc000b3d9acaf348a1fc6a395,da8254447ce1ed8a5c494ee4a8929380,delivered,2017-07-31 12:03:32,2017-07-31 12:23:11,2017-08-01 16:15:43,2017-08-02 18:32:27,2017-08-18 00:00:00
0a46b68a258a6a2a44012e312063afa9,1ab9a596215dd981d4af34b1f89eadca,delivered,2018-02-01 11:58:40,2018-02-02 02:54:33,2018-02-02 16:15:04,2018-02-17 15:04:20,2018-03-12 00:00:00
04ab36803e2945bace40db80eaa54bc4,9ced49d0bd7708f54703e002aeb7a77b,delivered,2017-10-10 17:58:51,2017-10-10 18:07:56,2017-10-11 19:37:15,2017-10-26 18:22:27,2017-11-01 00:00:00
eb45ce36240dbf895bef98be0d1a85d3,80a46d4f35bf6a44fb4194ff13d945c9,invoiced,2016-10-07 08:49:03,2016-10-08 09:30:22,,,2016-12-09 00:00:00
13ef6b72bc3af6724e7d53bd84019b24,ea361251491228e4d24754e2d33b30e7,delivered,2018-06-15 10:58:15,2018-06-15 11:22:37,2018-06-18 10:57:00,2018-06-25 23:41:54,2018-07-13 00:00:00
14e29f83cf6fcd5fcca40380a248eea1,d1d326edcb5fc3e9aadd6e86b7a57910,delivered,2018-02-13 11:28:54,2018-02-13 12:30:27,2018-02-16 17:49:34,2018-02-18 12:45:08,2018-03-01 00:00:00
3a168e53eaf8e5ae8414ebfa6ae255fa,96005b4abb11afe06d571867a50c9816,delivered,2018-04-16 21:12:30,2018-04-17 05:50:42,2018-04-18 03:32:53,2018-04-25 11:17:00,2018-05-08 00:00:00
bda1d0a447e146223cefd1f3a4492701,866110a8d7321eadb2a20e6ef51c18d1,delivered,2018-05-02 16:31:28,2018-05-02 17:31:52,2018-05-03 08:59:00,2018-05-15 17:30:59,2018-05-24 00:00:00
688c85d1e56b382a67c05b5807521e92,250140565b02546b115981ac3442ed86,delivered,2018-05-13 19:47:01,2018-05-15 04:12:18,2018-05-15 15:02:00,2018-05-21 13:14:49,2018-06-06 00:00:00
0e4b26f1fb99fc0f0472dd5f403d36d4,2e96fa6d55b9732013caed9866e2552d,delivered,2017-11-05 16:17:53,2017-11-05 16:30:29,2017-11-07 18:35:08,2017-11-08 16:08:56,2017-11-17 00:00:00
47c1a8c65d33d1a87433294bea40a81b,650a53e13d36c61649a28f7547cd5cf3,delivered,2017-05-28 17:05:11,2017-05-28 17:15:10,2017-05-30 17:08:05,2017-06-01 14:11:01,2017-06-19 00:00:00
e9525d74abc05d22ffa3059164adb967,182e3184fe89cc29b7a1ee386c41983f,delivered,2018-07-05 23:33:59,2018-07-05 23:51:27,2018-07-13 14:52:00,2018-07-27 17:38:45,2018-07-27 00:00:00
d19a87282922be2fe89f5234b1bb6c14,e48d4cb8ef474097c514ec1958b45f6e,delivered,2017-07-15 19:04:02,2017-07-15 19:15:16,2017-07-19 16:47:23,2017-07-27 19:55:33,2017-08-08 00:00:00
b545ba7b0bd67a3128185c7214704319,7e2ca73af071679902a9ba14d7c3cee8,delivered,2018-06-11 14:59:24,2018-06-11 16:31:42,2018-06-12 14:15:00,2018-06-18 16:41:04,2018-07-04 00:00:00
5b5b301c2306435fbdcd698f1c3a5ab0,22053a23a1d965f983d462b3ad3cccba,delivered,2018-04-24 11:23:35,2018-04-25 11:31:29,2018-04-25 13:58:00,2018-05-02 23:42:26,2018-05-30 00:00:00
ccdbdaee1f24ce882d752fe79410cfef,e873ee667c51b3236ae273a6877461a5,delivered,2018-01-28 08:46:35,2018-01-28 08:53:19,2018-01-29 22:56:36,2018-02-07 17:43:13,2018-03-02 00:00:00
9d85f63ebf2543ff0cb9d3a3bdd7ead8,9388e71431ac086bae43ccdea08d6167,delivered,2018-07-25 12:14:45,2018-07-25 12:25:13,2018-07-26 12:26:00,2018-07-30 15:08:45,2018-08-28 00:00:00
e5417e5e64916eebb4159888b02469c1,cb275ec0b2b788d7c59b92ba9bac692e,delivered,2018-08-04 16:44:32,2018-08-04 16:55:21,2018-08-07 12:25:00,2018-08-14 18:41:48,2018-08-21 00:00:00
c5ad7fdd6f4b3a546653f42ca0c64da3,691d9a220987890bc307768fda93e890,delivered,2017-05-23 13:21:19,2017-05-23 13:35:08,2017-05-25 09:32:49,2017-05-26 14:29:57,2017-06-07 00:00:00
bf8335c7f470714a6a72b83d1fd1796c,cc7f125c5af9a10f69d05186b36fdf3b,delivered,2017-11-09 15:19:46,2017-11-11 02:55:35,2017-11-16 18:38:58,2017-11-23 01:04:38,2017-11-29 00:00:00
5dedb012dc056caca4184c7fe7ec5613,900f88c22ee76b9f34fe901ce2478915,delivered,2018-01-29 16:22:27,2018-01-29 16:37:54,2018-02-02 02:21:31,2018-02-07 22:47:30,2018-03-02 00:00:00
27320261393ac78cc0a9624a92da02c9,6b4bc7a9072f4af4f62ecd1b4a4786fe,delivered,2017-06-07 16:56:31,2017-06-09 06:42:46,2017-06-14 16:56:49,2017-06-18 09:45:59,2017-06-21 00:00:00
049ac54eda25ad838a76c65dcfd27c9a,3707669efeae29044e39ea9b2bfa9f32,delivered,2018-07-26 16:16:14,2018-07-27 16:15:15,2018-07-31 15:40:00,2018-08-17 22:14:24,2018-09-11 00:00:00
1515cf99add38d4baa19a14346e25b31,d9d7bb9302c367829891b1b1f9361659,delivered,2018-01-16 14:12:13,2018-01-16 14:19:22,2018-01-19 02:05:32,2018-01-25 19:37:47,2018-02-06 00:00:00
384305b9cfec8a62f309b5e5cac920bc,566f3ca7161fa95dae551c144c67443a,delivered,2018-08-10 11:26:39,2018-08-11 02:44:28,2018-08-13 14:34:00,2018-08-16 20:18:48,2018-08-28 00:00:00
3dcab1487bcd1dbcc6c968fdfe0511fb,fbbd7759305c446d285fa335394e4809,delivered,2018-02-04 21:19:44,2018-02-04 21:35:23,2018-02-05 21:33:42,2018-02-06 15:42:58,2018-03-01 00:00:00
0b8b249ad3dde632e5f162167e0b9f07,0f487d3ee79935c828e5317b47c4c9a4,delivered,2017-07-31 18:34:50,2017-07-31 18:50:15,2017-08-02 18:49:56,2017-08-10 23:10:18,2017-08-24 00:00:00
c0c735876359d7431dbd45a8fb0e238b,e2f8991948307e6172c3c55e7d986d9c,delivered,2018-02-23 00:11:32,2018-02-23 20:20:25,2018-02-26 18:57:01,2018-03-08 15:24:09,2018-03-22 00:00:00
7113e8344293a6a03453110d67c7f533,8b7ab6f3bd953bf7839099fffdbfb086,delivered,2018-04-25 12:08:11,2018-04-26 03:55:18,2018-04-26 15:00:00,2018-05-03 16:07:29,2018-05-18 00:00:00
d459a5cd21218ae140bbdf31aea15fa0,9d99ee9ec6f49be593dd454a50eaf8eb,delivered,2018-03-20 19:44:56,2018-03-22 19:55:21,2018-03-23 19:12:14,2018-04-03 00:06:32,2018-04-17 00:00:00
cfd2f4ec78bb56b1fa91abad6d3ee54e,49e9ce9506327183790c2ef50cb92f0b,delivered,2017-12-28 23:06:03,2017-12-28 23:17:21,2018-01-02 23:44:15,2018-01-08 12:23:23,2018-01-24 00:00:00
39b1f85275dd200066b0ec1a4b5e09c3,7e8e59901070f1958fdc4787641849dc,delivered,2018-06-21 13:37:25,2018-06-26 04:58:58,2018-06-27 11:27:00,2018-07-05 15:52:12,2018-07-20 00:00:00
31328a81d4ea41d47dc777dcbd88f222,e350009a3f9ed178e32bbc36e989b431,delivered,2017-06-12 13:53:19,2017-06-12 14:05:21,2017-06-13 15:12:38,2017-07-04 16:14:37,2017-07-13 00:00:00
2050ad559df86365b2d2a824640af4a1,d03d5c0d58cfeefd79f0b7af50bbfb87,delivered,2017-02-28 17:28:52,2017-02-28 19:20:26,2017-03-01 14:50:48,2017-03-06 17:28:17,2017-03-22 00:00:00
908c80ba9160e9d87007015b15aada39,64c41bb59704243384caefdb488fedd3,shipped,2017-10-23 19:56:28,2017-10-23 20:14:16,2017-10-24 20:36:26,,2017-11-13 00:00:00
21986ad587b4a2c379e191e22a03deac,0b21617fb0d74d81d0cf3264cbe3b0f1,delivered,2017-07-10 14:36:20,2017-07-10 14:50:20,2017-07-17 21:31:47,2017-07-28 14:44:10,2017-08-10 00:00:00
2582e280d624a46c545db9c09f6cd424,2de12f428569afe73e5e6b1b4e2f8179,delivered,2017-10-24 11:34:33,2017-10-26 03:09:43,2017-10-27 19:51:50,2017-11-08 19:22:14,2017-11-21 00:00:00
d4d70141598f959f855ea0b6266ca5c6,874ec9d1ec3f15deb44f83b20b55aa71,delivered,2017-12-29 20:39:39,2018-01-04 23:17:32,2018-01-09 23:22:40,2018-01-26 21:20:03,2018-01-24 00:00:00
1800f4a4362310d7eb38281634f6dfd1,40790a4297b4613ae3d984e5851426d3,delivered,2017-11-27 22:35:44,2017-11-27 22:56:32,2017-12-11 17:25:07,2017-12-22 19:49:01,2017-12-29 00:00:00
8774dccac317f54e3e9b3c6096a9b2c6,e683a3466324913040a473c89d2395ed,delivered,2017-10-24 13:27:07,2017-10-25 06:28:11,2017-10-26 00:33:48,2017-11-03 17:57:51,2017-11-14 00:00:00
0e05c0027e31a0a9cf1074ec1b95c8da,7508e91cedf03110acea338833c0e133,delivered,2018-03-31 21:54:28,2018-03-31 22:47:21,2018-04-04 20:34:57,2018-04-11 21:06:53,2018-04-18 00:00:00
6be2c0f364bfae8f84f696a114aab022,2e9e329d24a9a089ba5b571826fccb12,delivered,2017-08-28 10:34:23,2017-08-29 04:55:27,2017-08-31 22:30:04,2017-09-15 20:41:54,2017-09-26 00:00:00
a29c25c2c9c3100daf48a25880312c23,00f394e6fc446865ac4097b6db69ef4a,delivered,2018-08-01 02:02:28,2018-08-01 02:15:06,2018-08-01 15:35:00,2018-08-08 18:58:43,2018-08-27 00:00:00
4f922bb38b84918b2711a293c04055aa,edc982d0c07e8652a9d589a8d88fdb7a,delivered,2017-12-01 11:05:34,2017-12-02 02:52:20,2017-12-12 00:29:02,2017-12-21 22:46:58,2017-12-26 00:00:00
5809615d50c0de0f3750359fb6bb1df3,640e13440de2036276d0a4b915a08710,delivered,2017-06-02 11:48:10,2017-06-03 09:30:19,2017-06-05 11:51:47,2017-06-08 12:37:47,2017-06-27 00:00:00
0c73b283fdefcef04be55400a4f6ccd1,4cd1aba36c0408f9dd728acb8e7704ef,delivered,2018-08-05 17:03:46,2018-08-07 04:15:23,2018-08-07 12:36:00,2018-08-14 14:56:41,2018-08-28 00:00:00
45e199ea5adfa906eccd69a47b50e870,bb0ac4507068b60c61c15304a76d6cff,delivered,2018-01-31 11:34:42,2018-02-01 02:36:05,2018-02-06 23:14:41,2018-02-17 00:51:43,2018-02-26 00:00:00
482c3ed0fe2eb68b316507e78faa6783,1ea6e83f3f7e635b07ff88693fb6e2b1,delivered,2018-01-13 09:45:34,2018-01-13 09:55:30,2018-01-15 19:28:48,2018-01-25 15:52:37,2018-02-15 00:00:00
7faf49d330e4e0fca17c5a17b339bd4b,33ab93688a44ea7498591799275c1ff0,delivered,2018-06-08 17:13:37,2018-06-08 20:32:07,2018-06-13 12:32:00,2018-06-29 18:47:51,2018-07-13 00:00:00
9039dad04728fa0f311e4fe99c906ccd,94096a363f342f57215e81c0fbfd44d5,delivered,2018-02-13 20:01:03,2018-02-15 03:55:46,2018-02-20 18:17:04,2018-03-05 22:22:27,2018-03-08 00:00:00
7dfbacd668c23f1d45720c457f2aaa70,3888c042e9241f12d3e60d2323e3bc07,delivered,2017-05-29 10:50:47,2017-05-29 11:02:25,2017-05-30 03:21:50,2017-06-06 15:41:38,2017-06-23 00:00:00
91866c79939321e63218d7b71b2b26f8,36ec1e0f44dd8a859548c2210b381e3a,delivered,2017-03-06 14:48:06,2017-03-06 15:02:57,2017-03-07 08:09:01,2017-03-08 18:09:17,2017-03-27 00:00:00
531694ee49280f6c3d2febd2c0f5334d,3333f866a124d5587c7b3233bb9173d0,delivered,2017-05-04 22:19:32,2017-05-04 22:30:16,2017-05-05 09:59:26,2017-05-10 12:34:49,2017-05-25 00:00:00
15513623d17d4fbfb1fc871c176e9f75,7abba8fbc4eb6715f25a9e6b281eff0e,delivered,2018-06-23 20:59:56,2018-06-23 21:15:58,2018-07-04 13:07:00,2018-07-05 19:57:44,2018-07-05 00:00:00
b14149872b01643d235710d4a84d55da,9f3ad19bba89c1ab1396093a0b837f62,delivered,2018-02-18 21:25:21,2018-02-18 22:26:57,2018-02-21 21:11:51,2018-03-26 19:28:26,2018-03-19 00:00:00
2c84b2577e246ed9aa8ad68b0dee5be6,ababd73999adf4b07e06857dbe19c564,delivered,2017-11-24 00:12:10,2017-11-24 12:56:37,2017-12-13 20:52:03,2017-12-14 04:12:50,2017-12-22 00:00:00
b43a195dd28616394e0209e0499adcb9,47166d26162214b0b8d361f2583cac81,delivered,2018-07-14 20:10:43,2018-07-17 04:32:06,2018-07-17 14:28:00,2018-07-24 21:26:40,2018-08-01 00:00:00
c5e06e750cf18e0c0a71e1d5ae97f749,2ecbbe6d957d18f3ea50549bf5569e39,delivered,2018-04-26 21:52:30,2018-04-26 22:11:12,2018-04-27 12:08:00,2018-05-03 19:09:08,2018-05-23 00:00:00
4892ff734d87bb926bd317ebafca95d1,ee3c35dc65342f759c109af645da0163,delivered,2017-06-01 16:09:21,2017-06-01 16:25:23,2017-06-02 09:27:38,2017-06-06 15:50:05,2017-06-28 00:00:00
be7a773222d5a7d8b12e75ed2320037a,14fb55c459d876ffaed351c4e23351b1,delivered,2018-02-24 11:24:45,2018-02-24 11:35:26,2018-02-26 18:58:05,2018-03-07 15:42:13,2018-03-26 00:00:00
cf8ba1509b00eca37b08289371dbbf0d,6b17845b9378ecf3d2c326579c38b24a,delivered,2018-01-08 12:29:43,2018-01-08 12:38:56,2018-01-11 19:37:32,2018-01-25 13:57:49,2018-02-05 00:00:00
8be26417e499e19c531a3ebfd1b14c20,08345c45f60f7377380fceade8679400,delivered,2018-08-05 23:13:32,2018-08-06 23:05:14,2018-08-08 15:30:00,2018-08-14 18:03:41,2018-08-29 00:00:00
25ab32ec1b293e1889e29cce8820832f,3f19da611727884c02f38af96ac4c622,delivered,2017-06-03 21:47:33,2017-06-03 22:22:20,2017-06-07 05:54:20,2017-06-16 15:12:11,2017-07-04 00:00:00
594bad57a253656f86d8282c5365be89,2f58bb32416886045970ba0c48719094,delivered,2017-01-27 22:01:41,2017-01-31 04:33:42,2017-01-31 19:32:20,2017-02-10 20:42:16,2017-03-16 00:00:00
bf5d8018171eeb0788be7f1c871eb981,704fb26a9d85d9ad8fd8b167eee000fd,delivered,2017-07-26 00:34:16,2017-07-26 00:45:10,2017-07-26 19:13:52,2017-08-04 18:07:43,2017-08-17 00:00:00
8cd5a51ae18b8bbcfd46882f77cc98c5,f4dde3802af44d867d21fe23d5ca3c1d,delivered,2018-07-12 12:05:23,2018-07-12 12:15:23,2018-07-13 10:04:00,2018-07-14 14:21:53,2018-07-20 00:00:00
68a001baa8dbd45ba5096b470f57a498,355971cbe54e13e55beb25fab74f6988,delivered,2017-10-16 18:26:48,2017-10-16 18:45:47,2017-10-26 20:41:31,2017-10-27 21:44:26,2017-11-10 00:00:00
601316c0f92a0da733702a7b89304189,07f96b6867d9a170014744b286362436,delivered,2018-08-06 01:53:32,2018-08-06 02:05:10,2018-08-08 13:52:00,2018-08-13 15:48:36,2018-08-29 00:00:00
a174a2f4aab0749f03c14609ac07a059,ea02ee39767610ab9b2e9c53b86d0a4f,delivered,2017-07-27 16:11:58,2017-07-27 16:25:10,2017-07-28 18:12:10,2017-08-02 22:43:53,2017-08-16 00:00:00
ebb2e4c3a4ed0d36a88cb8656e6a113d,b1737c34c3a1db8806af041483301a7c,delivered,2017-11-27 21:35:51,2017-11-29 02:22:12,2017-11-29 15:03:23,2017-12-05 23:47:07,2018-01-17 00:00:00
891bbd4e052c5f3e894ed330a7419c6e,095179eaa54b75064120ccdbe350eef3,delivered,2018-08-13 17:13:41,2018-08-13 17:25:14,2018-08-15 07:00:00,2018-08-20 19:08:43,2018-08-27 00:00:00
0cabda713646db439e030172e3feea6d,d42b187f05a3ad462f61b718ba871f05,delivered,2017-03-05 13:17:31,2017-03-05 13:30:20,2017-03-07 09:17:36,2017-03-21 11:47:32,2017-04-04 00:00:00
a4d7c8bca45b56444e3c59ddcca7d7c9,fcdb673d0f8d2b84d3862193f17a08f9,delivered,2017-08-29 12:36:36,2017-08-30 02:05:44,2017-09-04 21:21:52,2017-09-08 21:36:28,2017-09-22 00:00:00
cf396e4f907df065cc3d876bff73266a,67824b5c176352144ad6b11ee6cb4376,delivered,2017-10-09 21:04:25,2017-10-09 21:14:20,2017-10-11 22:12:42,2017-10-13 16:42:40,2017-10-20 00:00:00
f2360b8c94f4bc5d80a4010d680ff61d,124b57305a3e815c25f7e2f5f53d8c79,delivered,2018-04-11 20:21:10,2018-04-13 02:15:33,2018-04-13 22:58:39,2018-04-23 17:57:39,2018-05-08 00:00:00
e6a8d767ed8be35e855fb51421587360,87fa2df087845b8953a52f114686488b,delivered,2018-07-03 23:35:23,2018-07-05 16:33:16,2018-07-06 08:58:00,2018-07-30 23:31:52,2018-07-31 00:00:00
8bcbe01d44d147f901cd3192671144db,f2def7f64f36952f2f5a9791f0285f34,delivered,2018-01-24 23:24:14,2018-01-24 23:37:20,2018-01-30 22:43:30,2018-02-02 21:26:42,2018-02-21 00:00:00
e01023596310bc78e2726329569e3d21,75b6f2177527893e0fa037a3f3b51750,delivered,2017-11-04 18:01:05,2017-11-04 18:10:24,2017-11-07 18:44:53,2017-11-13 22:46:52,2017-11-27 00:00:00
914e3f7135c8d9046278a046552ebb6e,078bfceb258f6ee262174cbf251aa763,shipped,2017-04-11 12:22:13,2017-04-13 02:42:05,2017-04-13 15:56:24,,2017-05-16 00:00:00
ffef98cd5ecdc992fefbd967549520dd,8219ed06f16d11e061ca521bbc175c17,delivered,2017-06-28 21:01:06,2017-06-30 03:15:21,2017-06-30 14:09:00,2017-07-14 16:19:41,2017-07-20 00:00:00
54d7ac7a8a4074afa251dda33e7dfa4f,7b8ca743b2b04c1df44904c65563d578,delivered,2018-01-22 18:31:51,2018-01-24 02:53:19,2018-01-25 21:09:32,2018-02-05 19:46:58,2018-03-01 00:00:00
1e65b448bd96abe8434d64bc0ae4d609,7ef506b26788845ee213aa6914da6ff0,delivered,2017-08-21 17:06:20,2017-08-28 18:45:12,2017-08-29 20:52:18,2017-09-15 19:07:56,2017-09-25 00:00:00
eddcd0974bcd773f5734decebf0225a4,e10711e2c6acbe40d4fa6ad9a5bf647c,delivered,2018-07-29 14:10:13,2018-07-29 14:25:10,2018-07-31 16:06:00,2018-08-02 22:26:55,2018-08-06 00:00:00
fdf60756868209e239918ee0264ef6d6,bba3dad7534c6f28029414e1a1b25f01,delivered,2018-06-18 15:50:02,2018-06-20 02:55:29,2018-06-20 14:37:00,2018-06-26 17:46:32,2018-07-16 00:00:00
190dca51b7367cbcf69eff19efd0bd20,816d92a88a9564253b9b3ec7e346c255,delivered,2018-01-12 16:36:26,2018-01-12 16:50:30,2018-01-16 20:13:05,2018-02-05 13:24:14,2018-02-06 00:00:00
4e797467960184f4812ea77710c08b05,b6021af6074c8657c467992429b9a368,delivered,2018-01-25 11:45:37,2018-01-25 11:53:31,2018-01-25 20:31:53,2018-02-01 17:49:52,2018-02-21 00:00:00
73e85a295c3028a2283eb8182a8ac56b,6d75b739e1547399c38335db5a099405,delivered,2018-07-30 15:43:54,2018-08-02 13:42:54,2018-07-31 12:57:00,2018-08-27 21:54:40,2018-08-22 00:00:00
589aa9dfe350a2ca1ac9e8d38d4f7937,42f7e5300e022aa6ccea1815732b1134,delivered,2018-01-14 11:38:15,2018-01-16 03:38:40,2018-01-17 19:49:21,2018-01-19 21:56:57,2018-01-30 00:00:00
a8509dc24b521846439b3c61f221af06,ffbda9243760f2492df6e71c590e070a,delivered,2018-03-21 12:14:37,2018-03-21 12:30:31,2018-03-27 17:07:51,2018-04-04 04:46:45,2018-04-03 00:00:00
7c3e71109e904d8e0c8d034456f87eca,b0c22a057e308ffdd32ce03e1734aa62,delivered,2017-11-22 14:59:43,2017-11-23 02:35:23,2017-11-25 01:51:58,2017-12-14 11:19:06,2017-12-21 00:00:00
2e0b3b0ef908939d3218bc60b4ddb793,32551508d9cab8b1b550dcc1c16ae792,delivered,2018-06-12 19:02:16,2018-06-12 19:27:32,2018-06-13 12:15:00,2018-06-21 18:46:24,2018-07-12 00:00:00
55881111d8b37a0e45cf97b156ae1943,44bc4c58308826749dd6bc260f1ae5f9,delivered,2018-08-01 22:12:32,2018-08-01 22:25:11,2018-08-03 12:27:00,2018-08-08 19:48:52,2018-08-15 00:00:00
4e29ce1795f7036cda644b687ea871a4,50519531841fe7d36eb7f8f4d00976ec,delivered,2018-01-06 14:37:06,2018-01-06 14:48:27,2018-01-09 23:16:11,2018-01-30 23:03:08,2018-02-02 00:00:00
b842a958b4bdb5de1b88ff1795c361b3,d1699859c5766fd262eae5bc34be213c,delivered,2017-05-14 17:00:36,2017-05-14 17:10:13,2017-05-16 12:28:07,2017-05-24 12:15:00,2017-06-02 00:00:00
7727f2b370c8c7e236872c980d69968f,623edf812b63d58f3d26804f200f4aab,delivered,2018-04-14 14:23:32,2018-04-14 14:51:55,2018-04-17 17:41:48,2018-04-25 01:11:20,2018-05-30 00:00:00
36ebb4199031e72a1fa964549b88c377,eecf2b94cdbe9ef6245fabb5e091c987,delivered,2018-04-04 08:39:50,2018-04-04 08:50:15,2018-04-07 00:49:39,2018-04-16 23:35:26,2018-05-02 00:00:00
c2d61723f3e69b1e2bb9cc9c638c0b5e,d608d88b8e4dfd4114634d9759b2f63b,delivered,2018-06-22 17:30:04,2018-06-26 05:15:17,2018-06-26 15:39:00,2018-07-02 20:16:53,2018-07-19 00:00:00
bc4df405798e78b26965a4b62efdebb7,2455a94ebab82b39829283f823a69bba,delivered,2018-03-10 23:00:59,2018-03-10 23:10:26,2018-03-13 15:38:33,2018-04-04 02:52:28,2018-04-06 00:00:00
67acbda15487a0495068196ebdfbbcf7,883e06c99a6a4a338f2b74fcd4d4e344,delivered,2017-03-27 19:30:45,2017-03-27 19:42:56,2017-03-28 15:21:43,2017-04-10 16:44:18,2017-04-28 00:00:00
85cc29ec13537a45485f0008fd8c1e0e,1084f56c3406a924197d7ce12c410cec,delivered,2018-01-24 18:22:52,2018-01-24 18:37:40,2018-01-26 17:42:11,2018-02-25 01:43:11,2018-02-21 00:00:00
7cc85185736ea7f2d8bc09af7a47cab7,9e870ea67399650e8c3545a25d13e4d0,delivered,2017-05-15 09:46:26,2017-05-15 10:02:45,2017-05-15 14:11:06,2017-05-22 18:05:56,2017-06-07 00:00:00
b07d2a68cc3e97e707eb42d213983c66,412aabf43b3d45f1f6052e834c04df34,delivered,2018-08-09 21:16:06,2018-08-09 21:30:16,2018-08-10 14:58:00,2018-08-15 09:40:31,2018-08-23 00:00:00
5c6972bc5c283af10fb784b857ce63ff,7bef0b4674da88edebc39071240600b4,delivered,2017-07-26 13:28:41,2017-07-26 13:42:54,2017-08-09 12:55:07,2017-08-15 19:04:40,2017-08-31 00:00:00
ba7517020cc8cdda51bffbd30bb1b781,ff9fb29b08ea8f4564e23dac02a225fa,delivered,2018-07-03 12:58:14,2018-07-05 16:21:27,2018-07-04 14:50:00,2018-07-07 14:51:01,2018-07-25 00:00:00
cc129041e3294026c267be4f2d551fff,5e53e2a2779757e58af04c6658e584b6,delivered,2018-07-05 15:54:01,2018-07-05 16:35:23,2018-07-06 10:25:00,2018-07-10 22:32:45,2018-07-20 00:00:00
f5086e98ae53a54d0c55845e227d7db6,12124d576ae42436cb8c39b2623d6e5d,delivered,2017-04-10 10:56:03,2017-04-10 11:10:12,2017-04-20 09:07:39,2017-05-02 14:19:34,2017-05-10 00:00:00
67f693e898f3412e68ecfa0035a3b0e2,67293e4e7a70200b4c6cea94ca955442,delivered,2018-08-24 09:41:37,2018-08-25 02:45:16,2018-08-27 15:18:00,2018-08-28 21:21:57,2018-08-29 00:00:00
7d892708f2153d1763c61337cf6ba495,5a2e36e29494ce0f03e22c7f28df6617,delivered,2017-06-23 09:23:10,2017-06-24 02:25:15,2017-06-27 10:04:24,2017-07-04 08:04:11,2017-07-20 00:00:00
2c42da58ddeeeffa46d6ddc5e6725e31,7bcc8224c35b0255465d83404c662c23,delivered,2018-06-18 22:14:06,2018-06-18 22:37:05,2018-06-19 10:54:00,2018-06-23 16:46:32,2018-07-12 00:00:00
7c59d327d267a2ce386f84038c0035c5,ff567b222d32e3d5198771f4125b7b40,delivered,2018-04-20 12:56:37,2018-04-24 19:22:40,2018-05-21 14:20:00,2018-06-08 23:03:56,2018-05-15 00:00:00
c8097c4a079d36884044cd13c0df3452,24de916f5673576a34a53802514a1350,delivered,2018-08-03 09:25:52,2018-08-07 06:05:33,2018-08-08 06:01:00,2018-08-09 17:41:53,2018-08-08 00:00:00
13bad9a229ea7c04888ada5c6c971c28,7b889aa673094a3d02825ce67ee7b54b,delivered,2018-05-07 21:52:03,2018-05-07 22:11:25,2018-05-14 09:30:00,2018-06-01 17:56:46,2018-05-29 00:00:00
f96fa82074a906a2d44dababc061999c,f45377e42450803266fcca68cb51988f,delivered,2018-05-11 23:32:44,2018-05-15 03:55:56,2018-05-15 13:44:00,2018-05-22 17:17:30,2018-05-28 00:00:00
3ea310e0ca8eaa2d771f9ae489e6535e,ee55320c214a7ac7be7f488c6a63da0d,delivered,2018-03-12 19:33:06,2018-03-12 19:50:46,2018-03-13 22:40:51,2018-05-07 19:46:58,2018-04-02 00:00:00
90696d1e7b8e43d93e6585765c6087db,71164518db05f451f57dbcc0d7b2aae7,delivered,2017-08-18 07:50:10,2017-08-22 04:15:21,2017-08-22 19:12:23,2017-08-26 15:40:02,2017-08-31 00:00:00
bf88003f2580db7589007ec44bc85695,e7b9bc73f30f476a29a9a805d3817504,delivered,2017-01-28 20:55:38,2017-01-31 04:35:20,2017-02-01 10:45:57,2017-02-06 08:12:00,2017-03-10 00:00:00
0c56c2d802da452669d191dfd438ac4c,474b0c4f14f206fa257fefdcb4110013,shipped,2017-08-16 18:48:04,2017-08-16 20:15:15,2017-08-18 18:38:48,,2017-09-08 00:00:00
7bb7bf45693873665dd4a3028c3d9883,cfc2dd5ca59a354d388f0047be4deeb9,delivered,2018-01-17 10:48:32,2018-01-17 10:57:37,2018-01-17 22:32:25,2018-01-26 19:03:54,2018-02-19 00:00:00
4f211215000592921381e69e480acbc9,c29001d4ef8fec0b038cbae8d53a7028,delivered,2018-01-05 14:06:08,2018-01-05 14:12:43,2018-01-08 19:29:56,2018-01-09 21:55:11,2018-01-23 00:00:00
911ac4b6a3d83be295853192aa63fbaa,4a9a0fbfec7f28adc3a7ab9ef3bdef08,delivered,2017-10-07 20:37:26,2017-10-07 20:49:32,2017-10-10 13:03:58,2017-10-11 19:28:53,2017-10-25 00:00:00
39a2c5163845188e0148f36a05ff7ac7,8f7c043d717386cdc50669c78a43f85a,delivered,2017-08-16 20:38:37,2017-08-18 02:30:07,2017-08-21 14:44:03,2017-08-30 17:32:21,2017-09-08 00:00:00
88986b613097da641340bc366a2d91d4,3afc42fd18017037f8a3972aa57c1436,delivered,2017-12-06 00:11:49,2017-12-08 15:52:51,2017-12-20 00:13:38,2018-01-19 23:48:45,2018-01-05 00:00:00
a2c173a8905b6e8f3c6ea83b7d9c6b91,b53516dcc095543fbf3263e6d9a62cba,delivered,2017-07-31 07:19:22,2017-07-31 07:30:19,2017-08-01 15:32:56,2017-08-23 18:08:00,2017-08-30 00:00:00
c4a40587b7d37bec13caab195e89b240,a58272d18f96f43db0bdc49b07dab532,delivered,2018-08-20 22:44:45,2018-08-20 22:55:16,2018-08-23 14:25:00,2018-08-24 19:32:00,2018-08-24 00:00:00
28b6917cb6d7f6fe0540986342ec6866,da60fc458fbb1d80edcd359e2116d015,delivered,2018-08-01 08:37:07,2018-08-01 08:50:14,2018-08-01 16:00:00,2018-08-07 19:48:37,2018-08-16 00:00:00
190d1b221eb8c4e51953c2542c6acc61,97664c4def96cf5c56c4cfc28c5062cf,delivered,2017-08-16 19:56:43,2017-08-16 21:55:22,2017-08-18 13:39:52,2017-08-23 16:33:30,2017-09-11 00:00:00
5de59551c282b892ae9ff238fd557145,7543dc2c9f203502439305c8b2ea63bc,invoiced,2017-01-16 16:24:13,2017-01-16 17:31:50,,,2017-02-24 00:00:00
191bb83e4a502bb51e6dd4d229082939,fbb9905bfd1a8b623b15dcc1e9d76a33,delivered,2017-07-20 16:59:53,2017-07-21 02:55:19,2017-07-28 17:28:44,2017-08-09 20:25:44,2017-08-29 00:00:00
2eac75a073b158b0cc84863c566300b2,80e07b32a70062d3691900d6c26367cf,delivered,2017-06-21 21:22:07,2017-06-22 02:15:25,2017-06-22 16:59:57,2017-06-26 14:23:44,2017-07-04 00:00:00
0f7f3fcd5523d759e8e17084e45439d5,7e96ebdd045e73e50de71b8d1360b092,delivered,2017-07-20 19:24:24,2017-07-22 02:23:54,2017-07-25 19:36:34,2017-09-19 13:38:13,2017-08-23 00:00:00
38e47cf95d95719dfbececfd1cfde0cc,32bb2b4ece47b57042dc4c883537f705,delivered,2017-10-31 19:39:36,2017-11-01 19:31:11,2017-11-03 22:17:35,2017-12-01 21:12:02,2017-11-27 00:00:00
61450e6c8f56d52e46a198e57df7d731,3c86b40ba68ad7d3be35a10ae5696954,delivered,2017-11-29 07:40:23,2017-11-29 07:50:25,2017-11-29 17:17:55,2017-12-15 20:26:48,2017-12-26 00:00:00
77af7c6e42549e58f42977d5be538d0d,fbf8e675c5adcf8c482b04c517814924,delivered,2018-03-07 16:27:30,2018-03-08 17:40:32,2018-03-09 17:01:11,2018-03-18 16:21:49,2018-03-28 00:00:00
7269605c7dd42e8f5b8818e2206f7fb2,09d2b0f3a7f77a37f535a89bcb22bd31,delivered,2018-05-23 19:38:05,2018-05-23 19:55:44,2018-05-24 11:19:00,2018-06-09 12:38:37,2018-06-25 00:00:00
2f6c001bbacba3575b0852b17b0c3dd1,b2b863015dad63b56e3b9dae12d52f71,delivered,2017-06-04 20:44:34,2017-06-04 20:55:16,2017-06-06 18:38:23,2017-06-14 16:38:06,2017-06-28 00:00:00
cdd2f841bc21ca6e8cb60fe51a640bd4,4721c721366c0149c5f5e89bfa7b57ef,delivered,2017-12-09 21:16:31,2017-12-09 22:10:52,2017-12-13 14:37:59,2017-12-26 17:24:34,2018-01-10 00:00:00
69874f1392bc9898f11b59d0a735ce70,56fac5eb4c32d40116bfc54793d9970a,delivered,2017-02-14 16:28:33,2017-02-16 02:25:57,2017-02-20 15:17:28,2017-03-14 10:14:05,2017-03-23 00:00:00
2792c2657bcaae781c8261d93fda4937,333062649ca3fb7c4f05d89806c0ab4c,delivered,2018-02-14 17:49:52,2018-02-15 04:26:56,2018-02-21 20:27:14,2018-03-06 16:42:02,2018-03-15 00:00:00
e4612c20fad84db70d164d5278c01d4d,b04337a5939fac7b5a29dc741c51e8de,delivered,2017-05-08 09:28:32,2017-05-08 09:42:20,2017-05-09 08:05:59,2017-05-23 09:22:19,2017-06-08 00:00:00
a74e65b4ffd7effa5308ba01647ea4b2,b80b77aff9dc4c13a0b759c556742878,delivered,2017-08-05 10:42:34,2017-08-05 10:55:16,2017-08-07 19:47:50,2017-08-15 19:52:11,2017-08-29 00:00:00
45287af4d4d9504d6569383cbf95c764,b662ef3d673205d965e8c72e78932de3,delivered,2018-06-01 17:29:19,2018-06-02 17:31:37,2018-06-06 12:17:00,2018-06-14 20:32:52,2018-07-11 00:00:00
9c29c9f7f44bf05a332d8f22212941b7,ff20ff0d4c2d7dde8622bf9875f32455,delivered,2018-02-26 11:45:47,2018-02-26 12:11:07,2018-02-27 20:18:37,2018-03-05 23:24:37,2018-03-16 00:00:00
1397417a57ad1bbfe8d639df8cdee908,fc9fdbf5a26b1399e70bb3666cf7f9e6,delivered,2018-07-02 18:16:59,2018-07-02 18:31:03,2018-07-03 15:06:00,2018-07-09 22:32:16,2018-08-09 00:00:00
028e8f5a96db8d372890e03d22829e9b,c09962ce82ae80e545818b93530aab09,delivered,2018-04-18 17:15:44,2018-04-18 17:58:33,2018-04-19 23:21:25,2018-04-21 00:11:03,2018-04-30 00:00:00
dc8a9d1dc88367aef471e8e810c16ec9,229a82acdfc80e86ad990006c332e0d5,delivered,2017-11-28 15:26:10,2017-11-29 02:18:10,2017-11-29 21:03:40,2017-12-06 19:07:22,2017-12-18 00:00:00
f34c3736b33b7d0c9eaaac33ac7b1ba5,1c3d7a65ccd05610b467567d6879a2f2,delivered,2018-05-23 13:19:46,2018-05-23 14:14:23,2018-05-25 07:29:00,2018-06-06 15:06:57,2018-06-22 00:00:00
f934b357bb58387aeb7f58a1b0100861,ad1f289fe0d5f0e66faa507b7dd26476,delivered,2018-01-09 07:51:15,2018-01-09 08:11:05,2018-01-13 02:37:48,2018-01-17 16:33:01,2018-01-26 00:00:00
4c5d80480b7c923ec02b8dee8c00a846,d8e4093b1a0d9885110b24a74feb6ab7,delivered,2017-11-21 20:37:30,2017-11-23 02:56:27,2017-11-23 21:03:13,2017-12-11 22:03:44,2017-12-15 00:00:00
b7d6f9e405deaa6ff82ab9d96608482f,396a8539f119f80d6df1065a04cf6595,delivered,2017-04-28 11:50:40,2017-04-28 13:03:51,2017-05-03 12:40:14,2017-05-08 12:50:15,2017-05-22 00:00:00
d856e505d0de5e968c3b1dffca9c8940,f369a6fd1ee964e60011051f9c690c10,delivered,2017-10-18 23:25:15,2017-10-20 05:33:04,2017-10-24 19:37:51,2017-11-04 11:23:54,2017-11-10 00:00:00
4fb03ddd24b3d883bf20f5f196c53890,a4e4eb0b5a6fc9aa1839273af0f6406f,delivered,2018-01-16 18:41:05,2018-01-16 18:51:25,2018-01-17 20:27:08,2018-01-20 13:06:04,2018-01-31 00:00:00
464dcde4a46d816f4943dd22ac477629,07ffa8096f295bac24527f1364530297,delivered,2017-08-21 14:29:06,2017-08-21 14:45:05,2017-08-25 20:15:36,2017-08-28 16:23:50,2017-09-01 00:00:00
d3f9898585d009b6f743c6c53739232d,4ab32cae3ab517dfd9db1103b658575d,delivered,2018-01-14 12:23:16,2018-01-14 12:35:28,2018-01-16 19:09:48,2018-01-26 23:31:59,2018-02-15 00:00:00
f77dc5ef53142abf2e1734622d81f664,29c13f323716a5bbd7356343e45d9868,delivered,2017-01-15 17:58:43,2017-01-17 03:21:45,2017-01-19 09:15:39,2017-01-26 15:11:47,2017-02-17 00:00:00
3480c6733692db0895d7f240dc18d9d6,511565b2987c19e165331306886f10f8,delivered,2017-10-17 15:58:05,2017-10-17 17:14:35,2017-10-18 18:47:53,2017-10-21 15:01:19,2017-10-27 00:00:00
6c8157ae5ddc36aa59aa6f0afa0ef5de,73201c44d687e91c32b5bd082b7411bf,delivered,2018-03-11 19:03:19,2018-03-11 19:10:36,2018-03-12 18:06:46,2018-03-15 21:22:33,2018-03-22 00:00:00
234cbb8d0d6f7eeb4e98ec3b67e2b228,8da3dcab0dbc48b3c72b777c51a5bdd8,delivered,2018-04-25 14:54:17,2018-04-25 15:12:08,2018-04-26 12:34:00,2018-04-27 21:39:01,2018-05-14 00:00:00
9fd3d5bb20296499ef3fbcaa4db31c39,77c2f46cf580f4874c9a5751c2d88474,delivered,2018-02-16 18:31:12,2018-02-16 18:50:25,2018-02-21 00:58:44,2018-04-03 23:50:57,2018-03-20 00:00:00
276d7fb126a7eebc4a3e660c4775e081,a8a7365ab74c627e1c5d9a7a2dc5facb,delivered,2018-01-29 22:58:27,2018-01-29 23:11:27,2018-01-31 19:52:21,2018-02-05 21:33:58,2018-02-20 00:00:00
0678d595b99f7162722e241ea36f7512,698bd3b24e4bdcce6cbf20053d17f0d4,delivered,2018-02-22 18:54:37,2018-02-22 19:08:33,2018-02-23 23:39:24,2018-03-26 18:42:23,2018-03-19 00:00:00
fd27a031c5f2efd93917e23822de573e,0a9c737f5b873019090c5ab48397ab19,delivered,2018-06-15 17:52:17,2018-06-15 18:21:34,2018-06-18 15:40:00,2018-06-23 17:43:26,2018-07-26 00:00:00
47e7aec6b627052a790799a108676129,e692fb9ebedf9385c3b4b7d2e140fa21,delivered,2018-05-05 13:05:24,2018-05-05 13:33:24,2018-05-08 11:40:00,2018-05-10 16:48:54,2018-05-30 00:00:00
b523567b39b4a0bd6dad69bff2e7004c,d2062ad0a3a3b45b4481f6b95429abea,delivered,2017-12-29 18:40:58,2017-12-29 18:48:28,2018-01-02 18:23:48,2018-01-06 11:33:23,2018-01-24 00:00:00
dd103933801d1fccfa8cf84150eae10a,b412429b3fdd145935b685097b6bc88b,delivered,2018-01-05 13:56:55,2018-01-05 14:32:01,2018-01-08 23:08:07,2018-01-16 18:33:35,2018-01-30 00:00:00
6b82527b954e1c022661d8827cd5ff2f,0893dbf96f705f3a68f0212b3d2cdec4,delivered,2018-01-06 10:44:15,2018-01-06 10:51:23,2018-01-08 22:19:36,2018-01-11 15:39:20,2018-02-14 00:00:00
a1cc6e60e142d31a699056328d83cf82,48af95a46c13d4d160cecc586b460fe1,delivered,2018-04-08 12:01:38,2018-04-08 12:15:17,2018-04-09 22:36:31,2018-04-18 15:12:34,2018-05-07 00:00:00
6e6ba99ba306b937fc7730f3e06cc1a6,815a680608ecf58bb28d25fbb5c82ec5,delivered,2018-07-30 10:35:49,2018-07-30 11:31:21,2018-07-31 15:04:00,2018-08-01 16:18:59,2018-08-06 00:00:00
f9701d96c7a213fc325f378bf83d3afb,2de94399dc30a8820e583410b32a9552,delivered,2017-04-08 12:53:00,2017-04-08 13:10:25,2017-04-11 14:28:42,2017-04-17 09:10:11,2017-05-04 00:00:00
806508916d09b540a66a7487473a6e7e,0e72c3dc4b08b7685316c370742511e3,delivered,2017-10-22 01:17:22,2017-10-22 12:49:15,2017-10-23 19:06:46,2017-11-03 22:47:47,2017-11-17 00:00:00
2d0a9e6d2de5c45b98c59fdd868f2076,bf0233a486e102239a5d72d15d5b0b5b,delivered,2018-05-15 19:38:22,2018-05-16 03:34:00,2018-05-17 08:20:00,2018-05-22 12:48:37,2018-06-04 00:00:00
d73f657ce49ec301ac81116e74bd0571,f1baec652cbfe952345ee31c8b20f4f5,delivered,2017-10-22 23:59:59,2017-10-23 00:14:23,2017-10-23 19:00:01,2017-11-14 22:09:17,2017-11-22 00:00:00
561f47f3e381d23b5ba7853460adf093,798515ecaf12e2e595906816414668b3,delivered,2018-01-23 10:52:50,2018-01-23 11:10:29,2018-01-29 19:19:01,2018-02-08 16:37:54,2018-03-05 00:00:00
a5ace85930526f2e2c1f06c2d3383e90,adfa31b007a919da559f665074d13474,delivered,2017-12-02 14:45:57,2017-12-02 15:01:07,2017-12-04 18:58:13,2018-01-07 16:03:18,2018-01-04 00:00:00
e6bed0846d5d268bf1ebcf66eab19a42,2110656d0356c5d1d3c7f1c7bce0e319,delivered,2018-03-13 22:21:03,2018-03-13 22:30:39,2018-03-14 20:15:50,2018-04-19 17:57:33,2018-04-05 00:00:00
bc7378e3329da5c228531efaaabb18ae,5562b9ca12dd2d9bc4deaadb6774e3eb,delivered,2018-05-12 10:17:50,2018-05-12 10:34:36,2018-05-14 13:46:00,2018-05-18 12:16:47,2018-06-12 00:00:00
d464194574b82162a5a34d39082fb826,7582fcfebd9e610e9a7d765a1599679e,delivered,2017-10-28 19:29:26,2017-10-28 19:45:37,2017-11-01 20:38:54,2017-11-03 19:11:11,2017-11-10 00:00:00
3891b49649a70373bb5e93414f86c525,4d176ff8ba9e6fe3d650dd2aea78234d,delivered,2017-06-22 10:03:37,2017-06-22 10:15:18,2017-06-23 12:22:09,2017-06-28 15:32:34,2017-07-17 00:00:00
c39256279451486ab6eed803a7c5b094,c0c28584291e1c711bb2028a4c85b7d7,delivered,2018-03-16 19:19:07,2018-03-16 19:30:30,2018-03-22 18:56:51,2018-03-28 18:16:44,2018-04-04 00:00:00
19f7f56c6be510246f52557f78c2d0d0,ed52ab328378a443237a02204d369a87,delivered,2017-11-26 12:13:36,2017-11-26 12:34:44,2017-11-28 22:28:39,2017-12-01 21:19:05,2017-12-11 00:00:00
dc48537f3fcda6ce650158bebd4ecc6c,8b6cf98f689d56dcb2512ecc0b313729,delivered,2017-08-11 10:13:17,2017-08-11 10:23:51,2017-08-11 20:11:09,2017-08-17 18:53:44,2017-08-31 00:00:00
fbd05af8c1751b972fc6e19b1190990e,6df4246f1cf9de5292f78450941d26eb,delivered,2017-02-09 23:55:19,2017-02-10 01:05:19,2017-02-13 12:21:41,2017-02-21 15:47:51,2017-03-09 00:00:00
6a9220b640ac4965f3f64a46a1f340b8,9d6760bac5cc8c62418cc949a05bf660,delivered,2017-11-17 23:32:46,2017-11-17 23:46:14,2017-11-20 21:27:55,2017-12-06 00:08:38,2017-12-15 00:00:00
d4a3bd4ef8590f7923183b70e32326d8,2e4c61c8412f1c8b55f781b21f780eb6,delivered,2017-03-28 11:37:31,2017-03-30 02:05:11,2017-04-04 13:54:39,2017-04-10 09:05:28,2017-04-17 00:00:00
57d1548a5e964a5d6d303ff32de7859f,8cad5ea5d951df9c2745a79c027b239b,delivered,2018-02-14 18:04:45,2018-02-16 07:55:33,2018-02-19 17:33:41,2018-03-07 09:42:01,2018-03-20 00:00:00
648fd7a88c08b7d6fdf29c28361c87d5,17f0a8fbb9f43468d2592cff8a70cce2,delivered,2017-11-25 01:06:42,2017-11-25 03:52:51,2017-11-27 16:48:52,2017-12-07 21:17:07,2017-12-22 00:00:00
c378d1766ed412f14e38a4fd8547f9e9,4b0dbdea9ec36d6a05622ae783368715,delivered,2017-10-05 11:59:00,2017-10-05 12:07:19,2017-10-05 17:22:46,2017-10-09 17:38:53,2017-10-24 00:00:00
4418075144d646b6ecb7228571cec59e,957eb9ed2b71b5439f68a865a736de0d,delivered,2017-01-27 17:39:36,2017-01-27 19:31:12,2017-02-02 15:55:50,2017-02-16 16:21:34,2017-03-24 00:00:00
6c7378154382f7378b82fa860f68c758,72edfa680cf8f4b104e145cbb2b0ec12,delivered,2017-11-27 20:50:39,2017-11-27 21:01:30,2017-11-30 01:18:42,2017-12-27 21:26:45,2017-12-18 00:00:00
70c06583df3a26d0a632b3205baee66a,2a448cc5163cff9c1b88d9f7848900dd,delivered,2017-08-23 16:17:41,2017-08-24 03:06:33,2017-08-25 20:14:31,2017-08-30 21:05:11,2017-09-19 00:00:00
3a096d99346df2d6c043165967ff011d,0e8332eff7b8fa0210bf0350bd2fd5d3,delivered,2018-06-12 16:59:53,2018-06-12 18:08:09,2018-06-13 10:16:00,2018-06-20 11:18:37,2018-07-18 00:00:00
9fb383eddd3b9f4b2970160c76988005,bd3791922950cba5ed71594c5634c030,delivered,2018-02-04 15:12:07,2018-02-04 15:30:17,2018-02-06 17:04:27,2018-02-14 18:58:34,2018-03-01 00:00:00
1c7a2b989035d96cd218d9b9f352c098,504dd8e916e67a34a5a7308488ed88d6,delivered,2018-07-17 14:25:51,2018-07-18 14:22:16,2018-07-19 11:58:00,2018-07-25 14:38:31,2018-08-07 00:00:00
f4501c0e013275ff49c4a0c3d16c50ee,377f47be1e40177751881844802d210e,delivered,2017-03-23 00:48:00,2017-03-25 02:11:05,2017-04-08 03:26:49,2017-05-05 17:05:10,2017-04-27 00:00:00
82387464df585a62e081b551cf2992bc,82eb0f700864871ddc51572601014ba4,delivered,2018-05-03 15:51:51,2018-05-03 16:46:30,2018-05-04 12:10:00,2018-05-08 21:41:38,2018-05-17 00:00:00
49f879aa078787ff9ca5e831515407b9,70ac12541e9e59f1da7a858304c02a50,delivered,2017-08-25 12:10:41,2017-08-26 02:15:50,2017-08-29 16:06:22,2017-09-11 11:53:23,2017-09-21 00:00:00
0ecd7312b4a222a3a86590e46f1c2b90,a2a34d52a5ca3c214067d8d87f6ddf21,delivered,2017-07-26 20:50:09,2017-07-26 21:05:10,2017-08-03 21:43:41,2017-08-05 13:37:46,2017-08-14 00:00:00
aa7d642fecef401c80602a4dcb0a82ac,b2b6a80eb03f1c08201222ebdc059442,delivered,2017-12-19 22:53:14,2017-12-21 06:49:24,2017-12-27 16:39:21,2018-01-06 14:57:16,2018-01-29 00:00:00
707b1eade17fb8a0c67c686946879f54,ba2ec26643e8bfc429f87c86613191fe,delivered,2018-05-16 23:20:20,2018-05-18 05:16:38,2018-05-18 14:35:00,2018-06-07 13:56:49,2018-06-06 00:00:00
3b7999074565a5320366ad70c5aec08b,1d65236b903e944ca24271c42aa4a221,delivered,2018-04-05 11:22:30,2018-04-05 11:35:24,2018-04-06 22:48:59,2018-04-09 22:24:45,2018-04-19 00:00:00
59229a140708a54d8e3a52865dd924eb,27828d691a25b1a79e058d187694b1d4,delivered,2017-05-26 10:38:35,2017-05-26 10:55:08,2017-05-30 14:33:31,2017-05-31 09:04:25,2017-06-08 00:00:00
350bbe08ad1344030593d837cc982113,ccc8c0890069937d85d36bc228d71e09,delivered,2018-02-16 19:09:58,2018-02-16 19:27:12,2018-02-21 17:49:16,2018-03-02 13:42:32,2018-03-06 00:00:00
c09b04d29fbb1982a8af49b8ada809e8,da4c7ec81a98e76b5064c3971a1bfdb9,delivered,2017-04-19 20:59:32,2017-04-19 21:10:14,2017-04-20 11:25:27,2017-05-11 09:23:00,2017-05-09 00:00:00
cc85b0be56a5a15d2146816d54ee0eff,6f1393f12f1db16beb9ffde24d6018b2,delivered,2018-01-15 20:09:27,2018-01-17 03:38:42,2018-01-17 17:22:31,2018-01-30 22:28:55,2018-02-07 00:00:00
96868bc7a88dff342e4f0726c58d2897,ffd2a3ec6696db369cdb7b56aa50db54,delivered,2018-01-22 00:45:42,2018-01-22 14:06:15,2018-01-24 09:03:17,2018-02-06 19:07:49,2018-02-21 00:00:00
fbe1661023a94e53d4ec2c938e38c8f2,4383f87d5f45debd945f3ffede25398a,delivered,2017-05-01 09:35:45,2017-05-01 09:50:11,2017-05-03 12:10:34,2017-05-05 17:42:02,2017-05-25 00:00:00
a9c12c3dbd383763a49141b30627fd5d,488119c700bb3cf6723a3216356f2e0c,delivered,2018-02-27 11:51:02,2018-02-27 12:09:22,2018-03-03 00:04:32,2018-03-21 21:32:40,2018-03-23 00:00:00
48e715c549b6c9eb4ac2c75f6df8b01e,7cd85ff9a069e8822b0f0b328e9f7dc4,shipped,2017-04-29 21:12:29,2017-04-29 21:22:35,2017-05-04 15:51:51,,2017-06-06 00:00:00
65b083a73802b06ce985dcc501f63181,bea786469988f01a94221fbda07470f4,delivered,2018-02-10 18:09:15,2018-02-10 18:25:42,2018-02-14 19:58:29,2018-02-21 13:37:42,2018-03-16 00:00:00
916fdcba975b61d1b124bc2e79b2bf87,e0e81d6dafebf0a0cbb332a231fc95f0,delivered,2018-06-08 20:36:28,2018-06-08 20:59:24,2018-06-12 12:38:00,2018-06-20 11:56:19,2018-07-13 00:00:00
9ecc5c5e57de488331667fb8c3d5f689,6adf93122eaabf5504841bbaaa04b99c,delivered,2018-06-18 19:09:58,2018-06-19 03:57:38,2018-06-19 16:32:00,2018-06-22 15:36:27,2018-07-13 00:00:00
703028d4e0b49bc9632bb3b92150adb2,61674bb665054e94cbd972c2d571809b,delivered,2017-08-30 13:00:46,2017-08-30 13:10:16,2017-09-05 16:26:09,2017-09-15 18:53:07,2017-09-19 00:00:00
6e85f186f455d947bd6f50b1bd9b7c0b,819de25ead97f171c5aca3e76048c843,delivered,2018-02-28 22:20:53,2018-02-28 22:30:47,2018-03-02 21:41:29,2018-03-15 19:58:31,2018-03-27 00:00:00
f154c7c62bc53e3c7ed82713abb2c96c,24dcda920a2f70b4ee8cd24fbf13043b,delivered,2018-05-12 18:49:18,2018-05-12 19:16:38,2018-05-15 07:55:00,2018-05-17 16:28:31,2018-05-25 00:00:00
03489476aad23c09fa16e1c46ad38044,8638f9c20217d9ca8eaa2bd445316c7b,delivered,2017-08-27 13:54:23,2017-08-27 15:04:09,2017-08-29 17:17:10,2017-09-02 15:52:32,2017-09-25 00:00:00
3788099435cbdafabe329e9228e70588,532e7743ee71036229bbcd93efedb616,delivered,2017-09-10 18:39:51,2017-09-10 18:50:15,2017-09-12 17:57:18,2017-09-21 19:43:07,2017-10-02 00:00:00
3f113daaf8b405bcc4349a2812061fa4,5a3260cfde2a918b597dada7ddd247bb,delivered,2017-10-27 18:24:19,2017-10-27 18:35:15,2017-10-31 16:35:54,2017-11-01 17:42:09,2017-11-09 00:00:00
e257ae8610fb4fb68a1f459c3a4b1f51,b46f11e377a570f09af36515191b1c1e,delivered,2017-05-13 07:49:29,2017-05-13 08:02:19,2017-05-16 08:39:35,2017-05-19 07:29:09,2017-05-24 00:00:00
575b1b9f37a11b59ac98672fa8c487b2,1217d9ba5408d02c8bb74d95ec4161c6,delivered,2017-03-21 15:41:28,2017-03-21 15:41:28,2017-03-29 08:46:45,2017-04-04 21:00:09,2017-04-19 00:00:00
d14704bf551588cc4acea3368cafe62b,e6e90d11361d630349135eff229c8ca0,delivered,2018-02-23 08:25:42,2018-02-24 02:51:18,2018-02-27 01:38:50,2018-03-20 08:22:00,2018-03-22 00:00:00
452045e853d5fa6f87a6ebed979b3134,37ffb68c39bd78aec200de254446972f,delivered,2017-10-07 17:14:13,2017-10-07 17:28:18,2017-10-09 22:12:47,2017-10-18 18:19:59,2017-11-08 00:00:00
790a2b1cebf279ed28bf91f4fe91478c,4ea820653bf7274276f572b286e50726,delivered,2018-05-25 09:27:20,2018-05-26 02:32:00,2018-05-29 14:20:00,2018-06-07 20:50:31,2018-07-13 00:00:00
c7c3a00f3958f5ce595a95a1a98672fa,da5faf362ea5bf19120d84fa6e8cec46,delivered,2017-08-06 15:41:18,2017-08-06 15:55:17,2017-08-08 18:42:50,2017-08-11 22:10:47,2017-08-25 00:00:00
0267556bb9e07f6184470cf755f5b5da,aae14cc68c254aa377d8a2139e3c7c72,delivered,2017-05-06 22:56:18,2017-05-06 23:10:09,2017-05-09 07:44:52,2017-05-30 12:55:32,2017-06-02 00:00:00
accf01093c34d22b41b9ac3fc0fa8894,ecc64422fc766ad378ac0123d5e64df6,delivered,2017-10-16 17:44:47,2017-10-16 17:56:29,2017-10-17 16:56:44,2017-10-25 18:17:44,2017-11-10 00:00:00
c70e1bd940c5723bf066a1dbcc1455e8,b145bff18e79ac4dfb3fb91e61906f38,delivered,2018-02-09 15:43:37,2018-02-10 10:18:45,2018-02-14 21:57:04,2018-02-27 16:50:09,2018-03-13 00:00:00
ae8423bae5771609a19bafe9b114a60e,3d3eaab3a5b6e25af213673e7c2727cb,delivered,2018-07-27 13:14:02,2018-07-31 07:30:58,2018-07-31 13:51:00,2018-08-03 18:38:35,2018-08-15 00:00:00
cc02601c19d68cb1a4cde5a11aec694e,751a05b324683e65537d345c3933a9de,delivered,2017-09-10 00:06:13,2017-09-10 00:30:19,2017-09-11 19:38:54,2017-09-14 16:58:06,2017-09-28 00:00:00
7b34b9075e576d1d26171c4772f70557,04825cf7799fbea0fd7e9e3d33187429,delivered,2017-11-14 15:26:02,2017-11-14 16:16:24,2017-11-16 23:21:07,2017-11-22 23:44:23,2017-11-28 00:00:00
15d19cc3fdb1b3bdea39f23b8f3a7a11,29241f966f58fcd5d7cd10977fa26190,delivered,2018-07-25 10:47:35,2018-07-25 11:04:57,2018-07-26 12:47:00,2018-07-27 23:40:58,2018-08-02 00:00:00
4220f297891051c2f40f96bee807a998,2354598cc2ca1735aa0ed0994a6d92b9,delivered,2018-03-24 21:41:42,2018-03-24 21:55:34,2018-03-26 22:34:36,2018-03-29 18:37:30,2018-04-12 00:00:00
5f6d7bc44eb2d1588b7cb6ac202d63a0,e759db1bd97e2c1f97c134b192acc0ba,delivered,2018-06-06 12:55:20,2018-06-06 13:13:21,2018-06-08 14:17:00,2018-06-11 10:28:33,2018-07-04 00:00:00
e40d0c72305e1f0be6925df1e4378221,09cb79df62a7ca61507fca903adfe410,unavailable,2017-11-03 20:21:30,2017-11-03 20:35:23,,,2017-12-01 00:00:00
441e40901e547f63c81abdd91e7a2d8c,7006f2f909391185c9e7f7a504042d4e,delivered,2017-12-07 07:15:57,2017-12-08 02:54:12,2017-12-12 21:03:24,2017-12-27 16:18:29,2018-01-02 00:00:00
1d99187d9f0f50da550071fbba6d50c2,222045e44210159d75ac338d6fd1bd05,delivered,2018-01-27 10:31:21,2018-01-27 10:38:21,2018-01-29 18:32:39,2018-02-03 00:22:45,2018-02-14 00:00:00
8453dac90d79a1163ca3cc4399801d62,7df2027daaf624fff7a43f2726f3a69c,delivered,2017-08-07 22:05:44,2017-08-09 02:45:54,2017-08-11 20:11:06,2017-08-29 20:26:55,2017-08-29 00:00:00
e6572de73e295b8613a4716a3a1f15d6,d43f51543fb5e83578f7ce4f13fc49c5,delivered,2018-02-19 15:20:06,2018-02-19 16:27:25,2018-02-21 18:56:04,2018-03-12 23:38:43,2018-03-14 00:00:00
9aea5beb82a36ec0003d98ea8d832e2a,c84532a23821eab67bf2a2b7456d8809,delivered,2018-06-28 18:43:34,2018-06-28 18:55:13,2018-07-02 14:47:00,2018-07-03 19:36:29,2018-07-19 00:00:00
2f82268fc803f315fbe873e96f48a60f,28dafe3752a955e9eb3eda8c9ac7c636,delivered,2018-02-09 10:42:18,2018-02-09 10:55:45,2018-02-09 21:41:51,2018-03-02 19:46:51,2018-03-15 00:00:00
b02fefc3800702d58c988da39c132902,374d1a370cc4fc67244345f046bbdff6,delivered,2017-03-22 10:44:34,2017-03-22 10:44:34,2017-03-22 11:46:45,2017-03-29 10:21:33,2017-04-12 00:00:00
a84a2c86f42a79c101ac5783d3881645,f846253dc08e8b7795097475a05ab860,delivered,2018-01-23 21:08:19,2018-01-23 21:20:26,2018-01-25 15:58:51,2018-02-14 14:35:15,2018-02-20 00:00:00
deea84bd5e80bec98688cce040163d4e,505dde6cb43587c90ca012959662763f,delivered,2018-05-05 23:10:33,2018-05-05 23:33:17,2018-05-07 15:00:00,2018-05-09 17:17:57,2018-05-21 00:00:00
cea7e28bd63ef382ebf6010b228208f2,8463f85157c2e1a8f03042947b10101f,delivered,2018-04-24 13:39:20,2018-04-24 17:43:21,2018-04-26 07:40:00,2018-04-30 19:51:54,2018-05-15 00:00:00
87a99c9be1a72ccd14a90ce72e2544c3,80cb3c3b83d869aba61142daa276a508,delivered,2017-03-22 16:32:14,2017-03-22 16:32:14,2017-03-24 15:22:15,2017-03-30 12:47:47,2017-04-10 00:00:00
70d311beea4bad34a599296c2095e449,24c0198087e69da480e00cfc47b1a8e0,delivered,2017-10-12 11:57:10,2017-10-12 12:14:27,2017-10-13 18:27:38,2017-10-23 21:12:16,2017-11-09 00:00:00
1a6a57642cf324ac86f14bcba484cb32,3e8e7112a59814fe7007bb864f3cd3cb,delivered,2018-05-14 11:24:45,2018-05-14 11:35:24,2018-05-14 13:29:00,2018-05-18 12:49:46,2018-06-05 00:00:00
d8873f1bbe5dcb703bdb0aee14aa0948,bc9ff46a719141196e645fe84056864e,delivered,2017-03-27 17:32:22,2017-03-27 17:43:28,2017-03-28 13:44:13,2017-04-06 15:09:36,2017-04-18 00:00:00
b92777d39afa7f58503ecfdfaf255972,0d381842c7073a0180b7dd55a1bd49c1,delivered,2018-03-25 16:11:10,2018-03-25 16:27:42,2018-03-27 22:52:26,2018-03-28 23:57:22,2018-04-06 00:00:00
795b0bc608229d7cb45e79030bfa7d4b,ab33748513d842c1bcab5fa685c41449,delivered,2018-01-13 18:34:27,2018-01-13 19:30:54,2018-01-16 15:25:57,2018-01-23 00:14:13,2018-02-16 00:00:00
9c987217fb96ab86ca15a379d251595c,4d4bde88cd76a51d67a333a252746c6e,delivered,2017-10-03 17:00:40,2017-10-05 02:56:35,2017-10-05 13:21:49,2017-10-08 13:12:29,2017-10-19 00:00:00
9d107f7c71a717cfcccc479c9e300302,ab23bc8d29aaf7a3978d8e819817575b,delivered,2018-05-27 18:27:52,2018-05-27 18:54:59,2018-05-28 09:29:00,2018-06-06 14:38:29,2018-06-28 00:00:00
fc5fbd714a68c4cb0a3a927b2525109b,5425c3c66307418719d9c76eacae0d58,delivered,2018-04-06 20:08:36,2018-04-07 20:08:37,2018-04-11 20:11:25,2018-04-30 14:47:39,2018-05-09 00:00:00
34a9a98676d240a885b690f92ef1b430,ee5d17d6f2cc680e2a43b6751e6ac93e,delivered,2018-02-04 15:29:34,2018-02-05 11:35:48,2018-02-06 19:26:47,2018-02-19 22:57:07,2018-03-01 00:00:00
072577283d9ec2718f05c37d141d65de,93e5e053fee7863481445ab2f577c8d4,delivered,2017-09-22 09:01:26,2017-09-22 09:10:23,2017-09-25 21:52:52,2017-10-03 20:26:53,2017-10-09 00:00:00
8d99d2f6f573a9d674fd19d2c0f9a70c,61ffaa693fd37373d7d5e2799cc9c90a,delivered,2018-07-16 11:44:28,2018-07-16 12:31:01,2018-07-17 07:02:00,2018-07-24 02:03:58,2018-07-30 00:00:00
64d142a53c93d55b6809d20d06dcd951,bfe91080846bf422f0f38f6f2ecdf1c8,delivered,2018-01-25 10:12:25,2018-01-25 10:32:11,2018-01-30 21:08:54,2018-01-31 19:09:36,2018-02-09 00:00:00
a37bfcf3d20f35acbeb8802726c3fabd,d81da029b132ec65b31f0ad2b7d6f728,delivered,2017-11-26 23:06:02,2017-11-28 03:19:42,2017-12-08 02:34:06,2017-12-13 13:58:50,2017-12-22 00:00:00
a7e6fba3426b2524d4ae03c6bcd147ee,10774c3bd46abb71735156fc85b987c4,delivered,2017-11-20 22:30:23,2017-11-20 22:38:50,2017-11-27 14:58:25,2017-11-29 00:53:33,2017-12-01 00:00:00
8f4af0beb1760e835b5a30e97e8920f5,c25e0f563bb2655bc1328ec49a60b540,delivered,2017-12-14 15:44:30,2017-12-14 16:11:51,2017-12-18 19:29:00,2017-12-30 14:38:08,2018-01-16 00:00:00
66797603772acb9fffb18082921fd797,8a52b433e49050cd4ec16ab27b93de9b,delivered,2017-05-10 09:42:14,2017-05-10 09:55:17,2017-05-16 16:46:17,2017-05-22 15:36:05,2017-05-30 00:00:00
5297250ba3bfb18713834a6b28d6725d,585908a498f0b6ea9258ab3a3db3a9bc,delivered,2018-04-01 00:35:23,2018-04-03 05:50:30,2018-04-04 20:13:01,2018-04-05 20:59:32,2018-04-12 00:00:00
039681a3b797611f717a3232e87f60ef,b7bc51bbad15f6c8242cb08a9dceeb15,delivered,2017-12-01 09:10:28,2017-12-01 11:31:08,2017-12-01 17:48:57,2017-12-13 14:47:35,2017-12-28 00:00:00
6a1ef716317c7b4817987c723669c2a6,777a72b307f2edae29414b26e2d5e3a1,delivered,2017-09-04 09:09:04,2017-09-04 09:25:14,2017-09-04 22:06:32,2017-09-08 17:23:43,2017-09-22 00:00:00
e4eefb7df8e2eb496136dd767d0bf1f0,d6677eb4e4b2fcd67cdd5bd3d69934ba,delivered,2018-03-22 16:28:05,2018-03-23 16:30:46,2018-03-27 23:28:48,2018-04-03 20:18:28,2018-04-12 00:00:00
c5b1a5d21958f98a0c66114d622bc0ed,b51864a91835810c755a8c3438c63668,delivered,2017-01-25 15:32:48,2017-01-25 15:42:16,2017-01-26 16:23:51,2017-02-02 17:07:23,2017-02-22 00:00:00
697fd318644f987187c9cde4ab05bb67,0ce39cdccf4001adee4ffacaeab5a0b7,delivered,2018-07-25 01:40:33,2018-07-25 01:55:08,2018-07-25 14:49:00,2018-08-07 00:44:48,2018-08-22 00:00:00
5a81cdb2dca863c852fc8e4f82f38f2e,9ac96fa3c882ac81d2517a22ea506225,delivered,2017-03-25 19:58:04,2017-03-25 20:10:17,2017-04-10 17:08:21,2017-04-18 14:06:27,2017-05-03 00:00:00
f5d4eecb3411ba9859d303ffc7626277,3bdca823a643039843c64ee0e0dbe687,delivered,2018-05-09 13:37:48,2018-05-09 13:51:23,2018-05-17 13:52:00,2018-06-13 18:56:46,2018-06-06 00:00:00
315acdfb2c37361764220e9dd270c41e,ec15d7f50570970a15f54734bb692e61,delivered,2018-02-18 10:52:55,2018-02-18 11:55:28,2018-02-19 20:35:22,2018-02-20 20:56:37,2018-03-05 00:00:00
6739ec850ef337d6dd99504b01b4574b,7b92d7498d0b87efd760bb2ee0435662,delivered,2017-10-24 17:10:54,2017-10-25 02:08:07,2017-10-26 13:49:51,2017-10-31 21:21:58,2017-11-13 00:00:00
4fb04008f96cb74d5bd6bbc8600cb3fa,86cc0af6acddf198ff26add9318add1d,delivered,2018-06-23 15:36:52,2018-06-23 15:56:01,2018-06-26 11:36:00,2018-06-29 14:26:45,2018-07-13 00:00:00
924d24dd7c6de024d96e25d4812d65bd,ea5cf2682d61807e35798707c940adc8,delivered,2018-07-02 02:38:01,2018-07-05 16:05:43,2018-07-03 13:45:00,2018-07-11 15:32:49,2018-07-27 00:00:00
537be38441cb6b55c59979427abe99ef,a0822e7d4805f4355a0cc53939cd05a7,delivered,2017-10-23 13:35:21,2017-10-24 03:14:11,2017-10-25 16:42:26,2017-10-31 16:33:52,2017-11-09 00:00:00
aa13f22ba1dbf5360989f7480c1e099c,7d68267a55b2e8c1401e82cf6b2ea808,delivered,2018-05-24 09:32:10,2018-05-24 09:53:09,2018-05-24 14:08:00,2018-05-25 21:32:32,2018-06-12 00:00:00
9b8759d21a6df9bc2d6f451c972674c4,f350152f7910a4105a2ed935af32cf10,delivered,2017-12-15 12:46:22,2017-12-15 12:58:23,2017-12-18 17:07:36,2017-12-29 18:53:34,2018-01-10 00:00:00
175e7244409a1c34674cdd3407e25808,eccf5f0bc39613de60c5ca015a5541c6,delivered,2017-08-22 12:49:29,2017-08-22 13:07:30,2017-08-31 13:18:31,2017-09-05 18:57:36,2017-09-18 00:00:00
b132ad2a1d3d44a9fe2fe6b63c406593,bf95f6cb7e9395f311cf318041fd0bd2,delivered,2017-08-15 18:24:02,2017-08-15 19:15:14,2017-08-29 19:19:10,2017-08-31 20:29:56,2017-09-01 00:00:00
a3c2dfa534b942bcc28371fdec7702d9,fc27567df87c171a1811d56017c96caf,delivered,2018-06-26 19:00:20,2018-06-27 13:32:50,2018-06-28 18:07:00,2018-06-29 20:46:52,2018-07-16 00:00:00
67a3eb1dd398761dcbd4773e7d811cf6,5e0b1614f35426a60e29e7897c5935ee,delivered,2018-02-20 17:41:01,2018-02-20 17:55:22,2018-02-22 00:29:42,2018-03-04 12:03:46,2018-03-12 00:00:00
8fbf896e2592896433876e70d88863aa,51bbe6c9bd641bae8af9096e1efd2232,delivered,2017-07-16 20:04:53,2017-07-16 20:23:12,2017-07-17 18:12:04,2017-07-20 16:15:39,2017-08-09 00:00:00
32e761ce606f7a8625682e65990b94ed,d7ee3bfb60f039d94e21001ab6a9a7af,delivered,2018-03-26 07:29:31,2018-03-26 07:47:22,2018-03-26 21:49:04,2018-03-27 23:58:36,2018-04-06 00:00:00
8c695ffcf56400764176fd1789ec7fa2,d0e385087b9413d7f74a518fb55c56f9,delivered,2017-08-17 14:35:17,2017-08-17 15:06:12,2017-08-21 14:33:00,2017-09-15 17:10:31,2017-09-11 00:00:00
181f3a2409fbfd9640a4e017c3b9971f,15af4083ea818f480d16176ff0d903b2,delivered,2018-07-02 21:01:18,2018-07-02 21:10:55,2018-07-03 14:53:00,2018-07-04 15:09:04,2018-07-16 00:00:00
f9989a770fe566738df2291e09cddee0,fd7b80fb8a13217f3c89c10c2ed03cf2,delivered,2017-06-18 22:34:32,2017-06-18 22:45:15,2017-06-19 16:47:28,2017-06-30 15:29:47,2017-07-05 00:00:00
ad289a7aeb017887d348b0e026d8d521,f08a73ccdb2f87d8b4ad103ebf8b542b,delivered,2018-07-04 19:50:18,2018-07-05 16:22:46,2018-07-06 08:11:00,2018-07-12 13:06:55,2018-08-03 00:00:00
17e73283864f2c7bbdb6856a2b7bc13e,7b4728d74f0ce27ff4e8da81a5891c47,delivered,2018-06-11 13:57:23,2018-06-12 08:41:33,2018-06-12 13:06:00,2018-06-20 19:26:39,2018-07-13 00:00:00
b66cbfeca2b3978020caceb7a64093c0,58ad68479691db6a7a4cdb3c83184080,delivered,2018-01-20 09:22:45,2018-01-23 03:39:28,2018-01-23 21:12:33,2018-02-06 14:23:22,2018-02-23 00:00:00
5478595838b69d4f1d19e87ec399eee6,e294a68d25cb786637b9bc7e4b9b7102,delivered,2017-08-27 09:12:42,2017-08-27 09:25:09,2017-08-28 22:43:18,2017-09-08 15:54:48,2017-09-25 00:00:00
9f35328dc92b28c67517b812818dc6a8,0590c3c795016c3e5eea083a2e1f21b7,shipped,2018-01-28 18:08:56,2018-01-29 18:12:16,2018-01-30 18:08:45,,2018-03-02 00:00:00
d44d3aabe5fd82754ca3b4696cdc90e7,dd502b57abd7ac93f33959fd9cc88348,delivered,2018-04-11 11:59:18,2018-04-11 12:10:43,2018-04-19 21:35:44,2018-04-27 21:18:55,2018-06-06 00:00:00
6b0bd2c2e59c7fb169874fbfeed4441a,8686c6f115aa4dddff8011037eea983c,delivered,2017-12-08 16:39:39,2017-12-08 16:53:25,2017-12-11 22:53:06,2017-12-15 22:47:43,2018-01-03 00:00:00
9fcf522f6dca92c093d4607780d01a74,57a1a4f67efcf3baebea12caa5ae3ecb,delivered,2018-04-05 14:11:01,2018-04-05 14:29:03,2018-04-09 16:42:39,2018-04-11 19:11:56,2018-04-23 00:00:00
774bdf79f367d25dd36a9e0a8c739423,a9979110f5ae50a3ba4742be43c123db,delivered,2018-08-26 13:49:27,2018-08-26 14:04:18,2018-08-27 07:28:00,2018-08-29 17:54:29,2018-09-14 00:00:00
a4f692247016a0f0394abc54b63f865d,1fef503d511721f73b5fde31d963fb3f,delivered,2017-05-21 23:59:45,2017-05-22 01:45:09,2017-06-01 12:43:59,2017-06-12 14:36:44,2017-06-22 00:00:00
e9f01d29281098ee776a7954eae03dda,2f186d7d8de0cd7d0157c5abb1dc4a6a,delivered,2017-08-13 15:43:18,2017-08-13 15:55:18,2017-08-25 18:13:24,2017-09-04 17:24:08,2017-09-15 00:00:00
a5b30f9f44d2413db0b94cd9a3fdcf81,bc62514151f687ae93af879b7755c439,delivered,2017-11-24 18:07:10,2017-11-24 21:34:47,2017-11-29 18:19:10,2017-12-02 18:05:42,2017-12-14 00:00:00
891ba4502e28c6f12a1413e7b915c15d,9f7d520a76f847b1df92a69ce795f3a5,delivered,2017-07-17 13:42:03,2017-07-17 13:55:19,2017-07-19 20:02:55,2017-07-26 19:47:55,2017-08-08 00:00:00
d821c07a40e746ac3f4ae3799b19ddee,ed678437e137359ba38a1f1b55dea52c,delivered,2018-02-23 06:14:54,2018-02-23 06:30:43,2018-02-27 01:04:31,2018-03-14 17:58:18,2018-03-15 00:00:00
9a0fd0d61c564bcbdfcfa980c35f3f91,3726c02e55f57eb122517c1238d243fc,delivered,2018-04-23 18:18:38,2018-04-24 18:58:16,2018-04-25 09:05:00,2018-05-05 16:52:35,2018-05-22 00:00:00
68b3b77e74b7ad7bb9d25331580ddcdf,614f4db4fc76b38bf6691690a5c87dcf,delivered,2017-07-03 18:34:19,2017-07-03 18:45:20,2017-07-11 19:45:52,2017-07-21 20:06:23,2017-08-01 00:00:00
8ffefeda31ab0d9c7c8b732ea9e1330e,80f2d28c54c8a5611e5109bcbbd63490,delivered,2018-01-08 14:16:01,2018-01-08 14:28:02,2018-01-09 17:19:47,2018-01-11 16:08:32,2018-02-01 00:00:00
8a80054573ee01a321c77752da93566b,8f7a8c9d811d4acc07eaaf3cae69ac34,delivered,2017-11-24 07:46:21,2017-11-24 07:56:31,2017-11-28 15:48:30,2017-12-04 22:56:39,2017-12-15 00:00:00
ef303518c213c484b45e3cd59f745bbd,14148e8de854cb67d2c730d568af1ed2,delivered,2018-06-19 19:58:06,2018-06-19 20:16:32,2018-06-20 12:14:00,2018-06-29 16:57:46,2018-07-18 00:00:00
eba48e9c6c31015f8245d729d81b9f34,9c3503e5500758b5d8d2e1d678d4ff3e,delivered,2018-08-07 11:35:42,2018-08-07 11:45:24,2018-08-10 12:26:00,2018-08-27 19:23:45,2018-08-29 00:00:00
77d599900cf351da04c8d0f7b5ade74d,49162725edf59a77fb0d29f4f2e1af83,delivered,2018-01-19 14:10:03,2018-01-19 14:17:19,2018-01-19 23:24:17,2018-01-28 15:59:01,2018-02-09 00:00:00
43c20095b0f5f569fe0d24426cf8a7d2,8f1ef83e4c4114368bfa4e4cd446ad51,delivered,2018-07-07 15:35:46,2018-07-07 15:50:08,2018-07-11 18:01:00,2018-07-21 14:58:50,2018-07-31 00:00:00
7433b1786e1af2042c2c4c76d3e4b750,df405fe9da5c36c37d10ca087ef51ecd,delivered,2017-06-15 08:43:25,2017-06-15 09:05:09,2017-06-16 08:13:40,2017-06-19 15:42:12,2017-07-06 00:00:00
e73c4ecd46f3549fd9ebcdfab800cd28,cde3d6f35cc850126ef374787cc74222,delivered,2017-02-12 18:37:11,2017-02-12 18:45:11,2017-02-16 14:07:20,2017-02-22 06:43:36,2017-03-20 00:00:00
d116a9f838daeae6ab2e694cad2045f8,f67d9e12ea311010186ea6dd5b1748f7,delivered,2018-05-15 21:12:48,2018-05-15 21:35:24,2018-05-16 14:45:00,2018-05-19 17:46:39,2018-05-30 00:00:00
30e608f69bcd3b2758cc9f28c8af087f,7f10cfc70e5b4e8c9910f6d294d4bee1,delivered,2018-02-13 12:21:14,2018-02-13 13:28:02,2018-02-15 17:19:45,2018-02-26 21:28:04,2018-03-12 00:00:00
60d0ff4b039dc85b5b738f59b0b044f9,dcba370f080ddec2e83ae526d062dec2,delivered,2017-04-21 14:05:09,2017-04-21 14:15:12,2017-04-24 08:47:21,2017-05-03 13:52:05,2017-05-19 00:00:00
fddb99cde66af279ab48d2dd5d987dd9,7d77fe37de9a0a12e451fc568a3462bf,delivered,2018-02-13 21:12:13,2018-02-16 07:55:48,2018-02-17 15:14:50,2018-02-20 21:12:11,2018-03-01 00:00:00
5137f8c3662122707504625d55882d56,54a061e849f9c537b53eedcdac2d407e,delivered,2017-12-02 19:08:57,2017-12-02 19:36:23,2017-12-05 22:55:38,2017-12-12 15:27:52,2017-12-28 00:00:00
852e2ae704b2196f904561391b2b6bd2,35c73a071dbcb6ea541e419fbbf443f4,delivered,2017-09-07 17:54:36,2017-09-07 18:05:45,2017-09-11 21:09:54,2017-09-12 17:56:33,2017-09-21 00:00:00
46a82de7cb247602021cb71731323fd4,8a46409d77e905aa6359b32873fd2a1f,delivered,2017-09-22 00:10:18,2017-09-22 00:30:17,2017-09-26 20:43:27,2017-10-03 22:03:01,2017-10-16 00:00:00
205d5db88d0a8b3736d1afa2f6a329c5,397cee5da1a7fdfbbf0c6164d591246c,delivered,2017-05-29 13:57:10,2017-05-30 05:05:12,2017-05-31 13:41:57,2017-06-07 14:15:08,2017-06-21 00:00:00
290095474d5b5550b5c86ef43e11d021,7a33f21fe79a9a7c069e723b0c339a6c,delivered,2017-11-16 15:46:22,2017-11-16 16:08:48,2017-11-20 14:36:51,2017-11-23 20:52:56,2017-12-05 00:00:00
20ce857482318a94142a0276fc72b4ad,13b91579bcc8c9cf1bc5d2f1894b2392,delivered,2017-03-16 16:41:46,2017-03-16 16:41:46,2017-03-17 10:05:23,2017-03-22 11:58:10,2017-04-06 00:00:00
d95df03babee2bdc78de99d217ee867a,46802b380d9091dddd4deb291bfc66e0,delivered,2018-04-30 01:00:22,2018-04-30 01:10:48,2018-05-02 12:08:00,2018-05-07 19:08:40,2018-05-22 00:00:00
c895355af2bc9e095254d9581cd77699,fbf562d7f9c985e9c15d066a8abf6b1a,delivered,2017-10-03 17:33:52,2017-10-03 17:49:30,2017-10-05 18:28:38,2017-10-11 15:59:57,2017-11-01 00:00:00
c14d2e12b876b00738f6c4ae6329e1dc,be52d3846e7c0522f6cf8e4374905d10,delivered,2018-08-27 16:24:47,2018-08-27 16:35:19,2018-08-28 14:38:00,2018-08-29 16:38:47,2018-09-05 00:00:00
b8512e5445d526141e361139d1cbbace,b9897e97ff97ceabbced57359e28b489,delivered,2017-05-24 23:13:52,2017-05-25 02:35:15,2017-05-25 10:39:19,2017-06-01 12:18:20,2017-06-16 00:00:00
dc4dc464cfa3377e0b31a936d2d117d0,4e301353a2036c4e1a67bf0c259850f2,delivered,2017-08-09 08:22:42,2017-08-09 11:05:11,2017-08-10 18:32:39,2017-08-14 18:22:28,2017-08-22 00:00:00
ef782bb4dc72950173bc2fd3dd651433,ae0870b4367021d653e2a81999273274,delivered,2018-01-22 10:42:44,2018-01-23 03:52:29,2018-01-23 21:46:52,2018-01-26 21:42:21,2018-02-06 00:00:00
1729ff43a8a349e7762f284b50588055,0b7b4c39c3d3a8846ea809fd5afbc1b1,delivered,2018-03-06 14:11:27,2018-03-06 14:30:14,2018-03-08 00:23:22,2018-04-16 17:27:55,2018-04-10 00:00:00
7f1308d4daa38317363931054a0358f3,b86d1b04dd3e814da042931b64c86c83,delivered,2018-02-12 10:18:49,2018-02-12 10:30:43,2018-02-14 18:38:21,2018-03-15 18:54:48,2018-03-14 00:00:00
c5aea2f23df89cdf58e3c3721456f0b0,5f9872a197a2225781b1f0b8573dd14b,delivered,2018-04-15 14:44:29,2018-04-15 14:55:24,2018-04-17 14:56:56,2018-04-24 22:18:34,2018-05-18 00:00:00
f14a9b375fa15329cc541a846cfb03fb,d0d33cd9e51cbf33e9f855370e6805fe,delivered,2017-11-25 01:11:14,2017-11-25 03:51:39,2017-11-29 20:22:02,2017-12-03 16:32:29,2017-12-11 00:00:00
fc118fb67a906addaa99d4d64598038b,3d201fb02c951d1b0abee458b8845810,delivered,2018-03-22 20:57:55,2018-03-22 21:10:34,2018-03-26 22:38:54,2018-04-09 20:48:43,2018-04-12 00:00:00
7d51427ec940da2e27bc824dd56a2300,532b4a0dfe9bb0a12b26792a2a224d5f,delivered,2018-02-21 16:37:59,2018-02-22 02:10:46,2018-02-27 20:41:54,2018-04-03 17:28:42,2018-03-19 00:00:00
bea39233e56405aa80613120fa0faae9,a8f9158b7618546f8c99e5c194a3366f,unavailable,2017-07-04 22:27:23,2017-07-05 17:39:25,,,2017-07-28 00:00:00
a12de642288c88d6a5aec20f46a12fa6,9264159ca3b86f4cddd5a06929727ca1,delivered,2018-07-03 15:09:35,2018-07-05 16:08:20,2018-07-04 14:05:00,2018-07-12 19:34:27,2018-07-31 00:00:00
c3d439f902dde69ae8f1c314189adcc3,9ece33b07f80053801f77aaf3ea3c87b,delivered,2018-03-04 23:35:47,2018-03-05 23:30:35,2018-03-07 13:41:25,2018-03-19 21:50:50,2018-03-21 00:00:00
d9d133e8194b34d22ce9157f4f2ab959,8ddaf104fc2cc74dea6222727b0c67e8,delivered,2017-07-19 15:38:45,2017-07-19 15:55:14,2017-07-21 11:59:29,2017-07-22 12:57:30,2017-08-04 00:00:00
1a8d422cb8cdae5221a5a8eb371c49cd,971b5100c36334ff389c9ba8db84c93f,delivered,2018-02-14 11:52:12,2018-02-15 03:55:56,2018-02-16 19:51:57,2018-02-21 23:35:53,2018-03-01 00:00:00
03ba8f07686d0661b011f3701eab3edd,1201015f8e5105e1bfb7e9bd75be8523,delivered,2017-06-06 22:03:39,2017-06-06 22:15:13,2017-06-08 05:53:45,2017-06-23 07:51:51,2017-06-29 00:00:00
2c88b5879d666444b90643a3817f9b97,a7f913b5e7544ba3de6205e67ed196a6,delivered,2017-03-17 21:27:37,2017-03-17 21:27:37,2017-03-28 08:00:36,2017-04-04 16:04:37,2017-04-17 00:00:00
38812ede52a6842d03eb017fc2c9d92c,6c600072d9cb0bfcf713667cec62f67e,shipped,2018-03-18 16:33:25,2018-03-18 16:45:27,2018-03-19 17:03:16,,2018-04-12 00:00:00
cd6abb02d781babd935ee80555d3972e,cc39c95f4a46addd1f64da1ea88f95fb,delivered,2018-03-02 23:04:39,2018-03-02 23:28:38,2018-03-06 19:49:04,2018-03-09 23:37:25,2018-03-14 00:00:00
60566939937556f587e9c32e761f794b,90349bba553ae62bed5e5d3220deb5db,delivered,2017-09-12 11:38:22,2017-09-13 17:27:51,2017-09-15 19:11:11,2017-10-07 13:56:46,2017-10-05 00:00:00
da9409a419597e4d2a671193c8dd6095,be5b277d10b30185c23cf7a5b8a03d27,delivered,2017-08-12 20:13:18,2017-08-15 03:45:37,2017-08-15 14:35:48,2017-08-23 18:53:19,2017-09-05 00:00:00
27446e58f8fae19b8a6bcd15ca43f0ac,7cfab6c12495b3bf806ee0fd3565008f,delivered,2017-10-13 08:20:13,2017-10-14 08:28:08,2017-10-16 21:29:00,2017-10-25 17:56:10,2017-11-07 00:00:00
d774dda8acab57dc1f473be2a975cdf5,a1bad9f67c4cd41fc88e849635c46c4c,delivered,2018-02-21 00:55:03,2018-02-21 05:50:11,2018-02-26 23:50:16,2018-03-06 19:03:51,2018-03-16 00:00:00
9d9b9f1853aa3afd7906d3c011c49775,9c51cb0ca16bb31566de2d788653616e,delivered,2017-08-11 18:04:28,2017-08-11 18:23:39,2017-08-14 14:58:00,2017-08-25 21:42:20,2017-09-04 00:00:00
1991b586044e1a42934aa179003b8f2f,f052ff7c7ad9e747e09bef53b42399b4,delivered,2018-02-08 08:53:50,2018-02-08 09:10:41,2018-02-08 19:28:42,2018-02-19 17:15:10,2018-03-09 00:00:00
8339f788dad4ceb81447efc8dc3ee269,c361ab47aacd071d569f44721509c42d,delivered,2018-03-17 14:29:56,2018-03-17 14:48:28,2018-03-19 20:06:30,2018-04-04 17:56:35,2018-04-05 00:00:00
ea5a4621227b0158f41da12e948e6267,6e9e87f482aa06c630751b6c0956d271,delivered,2018-01-11 19:22:42,2018-01-11 19:31:36,2018-01-13 02:51:32,2018-01-16 00:54:57,2018-01-30 00:00:00
219011b6543055a960c7dd94cc5e0770,9b9fc5bf9794aa5a631da2499da279eb,delivered,2017-04-15 11:47:49,2017-04-15 12:02:54,2017-04-17 10:43:48,2017-04-22 05:27:56,2017-05-09 00:00:00
e65ed79c46c63118f16efacfca85f06f,5987f18d2c3ead18c053284bbc7d7ce7,delivered,2017-05-17 17:42:53,2017-05-17 17:55:11,2017-05-18 15:16:02,2017-05-23 12:08:07,2017-06-12 00:00:00
38b85b28d1af68ede15c12548165fb76,55749e3dc08c59d2328867f072b0801e,delivered,2018-06-16 15:14:02,2018-06-19 03:36:47,2018-06-19 10:45:00,2018-07-03 00:46:41,2018-07-17 00:00:00
9abb2627b40ff1591e62553894e6b312,83ee662793d8345e9619b6d96f5b9d15,delivered,2017-01-31 17:31:36,2017-01-31 17:45:18,2017-02-01 10:58:21,2017-02-07 08:28:03,2017-03-09 00:00:00
9f34e578816993ab6665797c08919c90,a4239b620a64a0e59a683c996203747f,delivered,2018-05-13 19:35:43,2018-05-13 19:52:45,2018-05-14 13:16:00,2018-05-21 16:44:52,2018-06-05 00:00:00
ea2d31e30ceb1d603ab8db32ab4404dc,3d8e9316108187a2260a005f1f99cd13,delivered,2017-03-04 13:47:57,2017-03-04 14:03:39,2017-03-06 12:48:03,2017-03-08 15:19:08,2017-03-24 00:00:00
f36d049775f796795ad32ae00310ee97,e156bebab621b24c406b0e48bdae60ee,delivered,2018-06-04 15:09:30,2018-06-05 04:12:29,2018-06-06 14:17:00,2018-06-08 18:03:21,2018-07-03 00:00:00
12af24617f25e0c8cd411544f704f2f7,13733cc0a4aafa89ac9017036cc89fe6,canceled,2017-01-26 23:11:32,2017-01-28 10:33:06,,,2017-03-06 00:00:00
8f49d00fac6d25b1dbdb0685ef43af10,1847a5181062817755a3763f35215e8e,delivered,2017-02-09 09:33:26,2017-02-10 09:35:16,2017-02-15 14:19:42,2017-02-21 14:47:32,2017-03-10 00:00:00
b741e2d273ca3f09c024fb1cbefb8182,edde00a1162525e6462a9af33a4903ba,delivered,2018-04-26 18:50:02,2018-04-27 19:31:10,2018-05-02 14:08:00,2018-05-07 19:38:26,2018-05-17 00:00:00
9144181fd06902570ce9c34860652f55,00953228b409090c774d955f2ab881e5,delivered,2018-08-23 13:46:00,2018-08-23 13:55:15,2018-08-29 13:03:00,2018-08-30 12:55:25,2018-09-04 00:00:00
ed9e33c926c94cc5cc50a68696119dea,a2d19f05cef411aa2938ca9d2a92d156,delivered,2018-01-10 11:32:09,2018-01-12 02:34:29,2018-01-15 17:13:00,2018-01-19 17:49:25,2018-02-02 00:00:00
7a11da7177850c642520f68efae51bf1,bf05c96123ac83f4511b372d5be1de25,delivered,2017-04-04 17:37:53,2017-04-05 02:45:16,2017-04-11 11:17:47,2017-04-19 09:53:10,2017-05-05 00:00:00
44b7e745838a4567bea39348717073cb,c735eb0078030fe24d1ab1390468c19d,delivered,2018-03-15 19:25:20,2018-03-15 19:48:32,2018-03-21 00:39:02,2018-03-22 01:26:31,2018-03-27 00:00:00
a54dd045e3be5b2d21b3065c2b6f0131,d961229a6b7725cf493af5726e6453ad,delivered,2018-07-20 16:50:02,2018-07-20 17:04:33,2018-07-23 15:08:00,2018-07-27 17:52:40,2018-08-14 00:00:00
12064b26c801bd0f7b82c2fb033e382e,b0b3a6dec8254d6fb2a49f9eb6127a37,delivered,2017-11-27 00:31:40,2017-11-27 00:56:07,2017-11-28 12:02:22,2017-12-20 13:19:34,2017-12-15 00:00:00
a247dd396d56ff49f7b4f4b8f9139f5c,478e996ead8acef6cd1116876dc60d14,delivered,2018-02-25 09:25:40,2018-02-25 09:48:24,2018-03-15 21:51:19,2018-03-18 20:19:30,2018-03-26 00:00:00
7368d87533725a6bef612cdc83678f4f,4dd6b4d96472044939e2bf6143a90712,delivered,2018-03-31 12:48:27,2018-03-31 13:08:40,2018-04-12 19:22:47,2018-04-20 19:32:53,2018-04-25 00:00:00
c3bfb5dc8642d9d1df58c355dbb9f1a7,207ea2278fc568e2ca9d6e384797a514,delivered,2017-11-14 14:57:12,2017-11-14 15:07:37,2017-11-16 21:17:31,2017-12-01 19:22:44,2017-12-05 00:00:00
26526add9da95bea7b977eff1d40d11b,1e9ad002812017f0a6cc88057e7cca9c,delivered,2017-05-11 23:13:23,2017-05-11 23:22:23,2017-05-12 14:55:37,2017-05-24 14:48:52,2017-05-31 00:00:00
b2d12a4a4d83760c773b813c1c6b335c,c59d81f436556796e313d19267e6e6fa,delivered,2017-05-14 23:29:29,2017-05-14 23:42:52,2017-05-17 09:44:31,2017-05-29 09:09:40,2017-06-16 00:00:00
c8d355d9b0027d16b4f22804df2bbc2d,2fef27fa210e5425b6cb88ffd77eb3b6,delivered,2017-02-17 11:03:26,2017-02-17 11:42:57,2017-02-20 05:57:55,2017-04-27 07:16:04,2017-03-29 00:00:00
483c22865f4aa9d0bd3cceb535b176ab,209ff5d502f02e97bc3cd9bc444945a4,delivered,2018-01-03 18:58:59,2018-01-05 02:39:34,2018-01-10 22:59:52,2018-01-18 17:23:08,2018-02-01 00:00:00
6f3428447439d9e2de6274149281dae6,03975ce1698b187029146eeefa04f5f2,delivered,2018-04-22 16:27:11,2018-04-24 17:14:36,2018-04-24 16:04:52,2018-05-04 16:52:50,2018-05-22 00:00:00
e15b4d4792319e939f82008479734433,c2ea573bebd1490d873bcac3d94aadbe,delivered,2017-12-04 10:21:37,2017-12-05 11:23:50,2017-12-05 21:07:48,2017-12-15 23:38:43,2017-12-27 00:00:00
67332434603362ce9e1894a63211232f,aa19299c3284aa496d206a5460bde6e5,delivered,2018-02-14 10:10:32,2018-02-15 04:20:22,2018-02-17 01:12:39,2018-02-27 20:18:56,2018-03-16 00:00:00
e31b902db540d867cf64c82630abfc61,379ee4762769a6a5267ecb041c89104e,delivered,2017-10-27 20:25:06,2017-10-27 20:46:06,2017-10-31 22:29:30,2017-11-10 18:52:45,2017-11-28 00:00:00
4d5e865e4b64c8b33f8a81fd14731344,1227e78bfc2760c165324d240e2d9ff0,delivered,2018-04-20 14:54:15,2018-04-24 19:20:25,2018-04-21 00:28:54,2018-04-23 14:35:02,2018-04-30 00:00:00
557cc2675910c4a6c9b54ad276f25097,b78f37cd0654fbbf35c5277b24936535,delivered,2017-09-24 22:31:42,2017-09-24 22:45:23,2017-09-26 12:22:01,2017-10-01 16:25:20,2017-10-10 00:00:00
35b2be75ac71d838d1743e201de6bcaa,9797ebd812978869a779e146e9b2e140,delivered,2018-08-19 17:17:06,2018-08-20 12:30:55,2018-08-21 13:23:00,2018-08-27 18:59:54,2018-09-05 00:00:00
a7adf8d0ab081caab51b96af34523e00,4b7a8bde4d6788812ce5e49666666f25,delivered,2017-08-15 17:05:06,2017-08-16 18:10:15,2017-08-18 21:49:55,2017-08-28 20:21:47,2017-09-06 00:00:00
973f596fdd2295f00754dd37ab7eb684,01cc68904d33964bd2e7bd52d10efe18,delivered,2017-02-06 22:47:03,2017-02-06 22:55:13,2017-02-10 15:27:04,2017-02-15 04:35:01,2017-03-01 00:00:00
3186e75cf9e4a13149e5729f23cebf06,4255814e8b080bbf487d6e0f837092e4,delivered,2017-08-05 22:46:17,2017-08-05 23:03:45,2017-08-07 18:43:57,2017-08-24 15:40:13,2017-09-11 00:00:00
139c61b5e6e119e1363bf3b6c1fdf598,632f7e990a361b6ccd31d6e04a02dbdc,delivered,2018-05-14 17:42:13,2018-05-15 17:54:02,2018-05-16 14:22:00,2018-05-23 14:14:46,2018-06-08 00:00:00
b922c642dfb5ebad3b03394bd2ac0b61,f379288a768efb41074824c23af39c5e,delivered,2017-10-25 01:42:26,2017-10-26 03:09:43,2017-10-27 18:12:55,2017-11-06 17:04:58,2017-11-13 00:00:00
019ccfeea1ea9afbebdad57d65f2e36f,7b46de2ef0b70225f5ead1ebcb2954ac,delivered,2017-11-27 15:31:56,2017-11-27 15:58:17,2017-11-30 20:56:43,2017-12-07 21:12:30,2017-12-20 00:00:00
5a2ea3fb1f6f20d1e8c5f2222cb383ae,afa1967d760c4b6249baf048e3874532,delivered,2017-12-21 22:44:44,2017-12-21 22:53:21,2017-12-22 18:12:32,2018-01-16 16:03:15,2018-01-24 00:00:00
bb27293f7b2e1c705bf345fd57ecd0dd,d4a19ca31d0808ee188fb0b6c27f96cd,delivered,2018-04-18 19:25:22,2018-04-18 19:35:12,2018-04-19 22:19:45,2018-04-26 20:36:26,2018-05-14 00:00:00
dcbb8d460d1c315bd4cdd96a4aaaf258,0f634b25f5a963fdf1072497e5027f91,delivered,2018-06-02 20:28:27,2018-06-02 20:51:50,2018-06-04 15:27:00,2018-06-07 18:24:48,2018-07-31 00:00:00
c5496b624a2992c280191ee51a5f0650,a46e766acc377978584e2e7ffc863e3e,delivered,2018-07-24 16:06:57,2018-07-24 16:40:12,2018-07-27 14:12:00,2018-07-28 15:55:26,2018-08-03 00:00:00
f77c5146e7248e3ce7934c1a2396ee70,8cf4d011190096e3e13d34a6cee42bd5,delivered,2017-07-06 18:23:33,2017-07-08 03:25:30,2017-07-14 20:03:29,2017-07-21 18:08:45,2017-08-11 00:00:00
cb2957ca3cf764ff3a56c6f07e724f72,cdc02c907bf0d822d18c0d4e84625c71,delivered,2018-08-13 14:08:19,2018-08-13 14:24:24,2018-08-15 14:33:00,2018-08-21 00:18:26,2018-08-27 00:00:00
793fe057b09c8c2bebdd48451e985432,752ce9de228d0aa05ded6c88c1b176df,delivered,2018-04-17 15:53:53,2018-04-17 16:30:36,2018-04-19 18:03:47,2018-04-25 17:08:55,2018-05-24 00:00:00
6c175759bc609d6fa9c693e5d24aa77d,c7c339e6571b455cb8d45a28d75cbb60,delivered,2017-09-25 22:28:43,2017-09-27 03:05:04,2017-09-27 19:48:32,2017-10-03 18:32:29,2017-10-20 00:00:00
82b5afc1133f4b14abbcb31fd3a3fa5d,e81df1fafbb287bfafbc2a4c9fae8c19,delivered,2017-12-28 00:03:31,2017-12-28 00:12:32,2017-12-28 19:56:25,2018-01-10 18:12:50,2018-01-30 00:00:00
e885d4ac4244bd62acf41453b5684377,2801d79a4184546d1bcc7edd8a6eeb20,delivered,2018-01-18 13:22:26,2018-01-26 17:03:34,2018-01-29 13:42:14,2018-02-08 22:28:47,2018-02-14 00:00:00
36e78e784a4d494d933d65b28b7bca99,e713a9c8fd99c412865d2d3746b769d9,delivered,2018-06-26 09:43:53,2018-06-29 02:53:27,2018-07-02 12:17:00,2018-07-06 15:18:30,2018-07-11 00:00:00
29760b4b3e268c6ac38bf18c85c89d88,c7f4608accff4425b32a4586032cd58b,delivered,2018-01-30 21:20:02,2018-01-30 21:31:48,2018-02-02 03:04:58,2018-02-16 18:17:43,2018-03-02 00:00:00
99044ef6d39a9053e6c8be072306da0e,a6a1e36323dd31b11f38567fdf452c47,delivered,2017-08-03 08:07:35,2017-08-03 08:23:46,2017-08-08 13:29:47,2017-08-16 20:37:48,2017-08-25 00:00:00
073049331da5458f61598e5d221f4928,b223b44714378dd59b2e92910714f19e,delivered,2018-05-15 09:39:35,2018-05-15 11:31:37,2018-05-15 14:03:00,2018-05-22 18:12:07,2018-06-08 00:00:00
0efd0bc268d34da3f01f4ff25a6d4335,95446917717bb58d553d107d0f1668f6,shipped,2016-10-07 15:53:31,2016-10-07 16:12:22,2016-10-11 16:12:23,,2016-12-13 00:00:00
c820d5fbb72e2b0a48074c0f7f08a295,e8ac28789133afe8f118a6cb8776d322,delivered,2017-05-08 08:06:54,2017-05-08 08:22:16,2017-05-11 13:07:48,2017-05-24 12:51:45,2017-06-08 00:00:00
e0e8821153a77c23ac4dd81c2e687ee0,4943c6655224636d4a8c5de030ce6aa5,delivered,2018-02-26 12:19:29,2018-02-27 04:31:23,2018-02-28 20:39:05,2018-03-09 19:04:54,2018-03-21 00:00:00
55c9cfabdee5ea72c34f3861da9e817f,02c9c4785d6e1cb6a78e9ddf029aa51a,delivered,2018-03-17 15:49:23,2018-03-17 16:09:16,2018-03-20 00:51:02,2018-03-23 15:38:55,2018-04-12 00:00:00
917d66c0042ba4ce09a08ed7023da134,8c226d629a25b1f978d0d9755a20194b,delivered,2018-02-08 21:46:05,2018-02-08 21:55:27,2018-02-14 20:42:43,2018-02-20 12:45:37,2018-03-06 00:00:00
148faaf4575a416a7f739d55db63babe,6398f0e8f4fbd829075e82fab0b58345,delivered,2018-01-13 20:50:15,2018-01-13 20:57:25,2018-01-18 21:48:51,2018-01-22 22:26:56,2018-01-30 00:00:00
844cf907092829d721bd444fc47377b5,10bc635dd02be0adfee347a616414b23,delivered,2018-06-08 01:16:21,2018-06-09 01:31:27,2018-06-11 15:16:00,2018-06-12 19:05:07,2018-06-26 00:00:00
d1ccec3180d63d8bfd37f65d34f07da5,6130b51fcec3b20306df2145393397a2,delivered,2017-02-03 16:30:51,2017-02-03 16:45:11,2017-02-07 11:51:28,2017-02-20 13:32:30,2017-03-08 00:00:00
4a2415018bd75fb37bb24471baa6364a,19d3540bd1618486ffcf21bf260c9b0a,delivered,2017-09-09 22:48:50,2017-09-10 22:55:11,2017-09-12 18:59:33,2017-09-22 19:22:32,2017-10-10 00:00:00
66e5fb8842964acac96f3e4afd13b27d,4b8a694f92f4bc42833eccf7d1be0502,delivered,2018-02-11 11:25:58,2018-02-11 12:08:53,2018-02-16 23:08:00,2018-02-27 10:29:07,2018-03-28 00:00:00
c0b30438008f3085a4b78b9cd36ade63,596ab046937142ab8dc0fb942538d9e4,delivered,2017-09-10 11:01:26,2017-09-10 11:15:13,2017-09-11 14:38:18,2017-09-13 19:25:49,2017-09-21 00:00:00
782280edec0182ee4b1e2cff514fc712,74c13a9a97a7c47cb019e0321d632c21,delivered,2017-09-12 11:44:02,2017-09-12 11:55:41,2017-09-13 17:27:55,2017-09-23 15:47:50,2017-10-04 00:00:00
9f6e9882bfa36a4ef98e3016c5e59f9f,fb2fdd6a93ddbfbb6390f556be5abc4a,delivered,2018-03-31 14:37:16,2018-04-03 05:48:59,2018-04-03 19:05:11,2018-04-10 21:32:51,2018-04-20 00:00:00
dda00bd9d2607be3fdb9db2abe33b9b7,e75f17743ce11c2145ca3f188b8acf0a,delivered,2018-05-18 12:01:23,2018-05-18 12:47:56,2018-05-21 11:04:00,2018-05-22 20:12:28,2018-06-06 00:00:00
7b9a4ccb84bc90aa35e862facecfda80,980577f4e75c9ff551133fd18ae0bab9,delivered,2017-12-02 12:46:59,2017-12-02 12:58:40,2017-12-04 20:42:22,2017-12-06 17:24:43,2017-12-20 00:00:00
a030d3d4fe79a482fd66cb2205cdd0df,2eff76851dab3f65075beafd2f4defad,delivered,2018-06-02 13:48:50,2018-06-05 04:15:10,2018-06-05 15:51:00,2018-06-06 22:18:51,2018-06-28 00:00:00
f4fdb235ce7c1f7d3eb1b2fdd3a4f610,841583c9439180dd784a95ad9498e34a,delivered,2017-10-27 12:50:10,2017-10-27 13:07:28,2017-10-30 21:03:41,2017-11-07 20:18:42,2017-11-14 00:00:00
8f4ffb225a704e25511f490b651b6f2e,3966d538af8357574982ae2285464498,delivered,2018-04-04 15:45:06,2018-04-04 16:10:56,2018-04-07 01:05:01,2018-04-10 16:38:42,2018-05-07 00:00:00
e7a494d4b7aa999d59f8f2e6809a5270,e105da24b204e15cbba1a45b382ec131,delivered,2017-06-06 15:55:45,2017-06-07 15:55:17,2017-06-09 10:05:06,2017-06-12 15:26:37,2017-07-06 00:00:00
8925a70c5c2e5b4ce423e37036e03571,52fd614bcf2cb390624779fd05110d84,delivered,2017-12-17 14:36:14,2017-12-19 15:11:49,2017-12-20 11:49:06,2017-12-26 16:24:55,2018-01-18 00:00:00
edcfddeb9be8cad09b23188aec1f3fc0,b6db7d9f41c9446f14e55db357f4fe0a,delivered,2018-03-25 14:50:10,2018-03-25 15:05:19,2018-03-27 05:56:23,2018-04-05 15:11:23,2018-04-17 00:00:00
4382b7af38e2034ff26273519819f2d2,660a5acfb2835dd4b993ab8850da4a1a,delivered,2018-03-02 17:01:58,2018-03-02 17:15:39,2018-03-06 03:13:11,2018-04-27 20:41:09,2018-03-22 00:00:00
d97670cc7c039da62e3bf444647fb307,007ff1d42a6a44f0e16e18d2d7d5f72e,delivered,2017-03-30 18:55:59,2017-03-30 19:10:13,2017-03-31 12:31:14,2017-04-07 15:10:18,2017-04-24 00:00:00
8743f50a1fe252ac48d22e41db971137,665b29c55f52f8e6cafd124ffc2b903d,delivered,2017-06-17 01:50:38,2017-06-17 02:05:21,2017-06-19 14:34:07,2017-07-01 12:06:03,2017-07-21 00:00:00
9ffdb44f6b79111e57d86b61146fba23,4ae146b62393e6b565cbc8d6cc149233,delivered,2018-06-09 15:42:39,2018-06-12 05:16:04,2018-06-14 08:20:00,2018-06-21 00:16:40,2018-07-17 00:00:00
07d08b17b3bcb01de09f8306ee0c32ca,6c1dfcf79167f6eaa51ee9740c7229bb,delivered,2018-03-17 18:48:10,2018-03-20 03:10:37,2018-03-21 18:51:44,2018-04-05 17:56:33,2018-04-09 00:00:00
4a6c07557205c5dbdeae7e289af5c1c6,09a4411bb14055b9d846fac02dd79782,canceled,2017-11-28 13:09:13,,,,2017-12-19 00:00:00
c942d232f05adc081f767f145dd8fa36,b633be7f9ec1d5e7c5dbcbf2c5f15354,delivered,2018-02-22 17:58:32,2018-02-22 18:10:32,2018-02-23 20:47:16,2018-03-16 02:09:31,2018-03-21 00:00:00
81db4954527dbb6dbda29235cf4bf043,9ac96931f198ab99179b224796559427,delivered,2018-01-03 23:39:24,2018-01-04 23:32:19,2018-01-05 22:58:09,2018-01-19 17:46:38,2018-02-02 00:00:00
8a9424899aac432d80d8e580932b5ee9,0297d4246fd48c7ed31b81c7f99776eb,delivered,2018-07-11 18:19:48,2018-07-11 18:35:17,2018-07-12 11:30:00,2018-07-24 16:11:44,2018-08-06 00:00:00
f3ae2fe3a1567acd0f43f0c75a07edd7,faf87906fb8802a80785bb04380c7608,delivered,2018-07-15 16:54:11,2018-07-15 17:05:14,2018-07-26 11:05:00,2018-07-31 23:34:45,2018-08-09 00:00:00
5f78b53dcbc5aa24a395bc521fbf4abd,5515717c0683f26b2346f1695676c2c4,delivered,2018-08-16 08:26:47,2018-08-17 03:35:12,2018-08-17 13:50:00,2018-08-28 21:52:32,2018-09-04 00:00:00
dd8b565021d8781e5b1a93e85ec5aba4,1bcef4aba3c60510ee22250ef9a6f2a2,delivered,2017-06-19 17:51:40,2017-06-20 15:45:11,2017-06-22 08:35:56,2017-06-27 22:17:27,2017-07-07 00:00:00
07fcf4ec8cadbea34c5b508e35e716c0,6ab5adc744d5c894470ce74466a78a27,delivered,2018-04-17 16:34:04,2018-04-18 08:51:30,2018-04-19 17:18:36,2018-04-23 16:08:50,2018-05-10 00:00:00
2b86248935bc0815bedf6857267be978,cc099984022170d3d95fbdaf568e7637,delivered,2018-08-21 16:40:15,2018-08-21 17:08:45,2018-08-22 15:15:00,2018-08-27 11:37:30,2018-08-31 00:00:00
371a5e62da258e95c3cf015f28350f06,8941b349c86c4d2d9bc5487da97276ef,delivered,2018-05-14 21:38:36,2018-05-14 21:57:48,2018-05-23 15:35:00,2018-06-01 19:30:59,2018-05-25 00:00:00
cebe1a22714a4536f852866377c9bcbd,9b7fd789af1301927ba3380e1efd0225,delivered,2017-03-10 10:05:43,2017-03-10 10:05:43,2017-03-13 09:05:36,2017-03-22 14:47:49,2017-04-03 00:00:00
cb6a022cd5d0c3242f698327ac4bcd97,899b712f06e7b29eecd343b85cfe9136,delivered,2017-11-25 18:33:58,2017-11-25 18:51:50,2017-11-28 20:18:51,2017-12-14 15:16:42,2017-12-19 00:00:00
df53ed4b08a845497e1f9aafa11fb2a4,4ce61c57eb2e8e258d147e54962be85f,delivered,2017-12-04 16:23:00,2017-12-04 17:32:00,2017-12-06 22:47:03,2018-01-15 19:32:42,2018-01-02 00:00:00
be86cd9f96e674ebdbb586454780a1ea,7697f7872fb522d66c20682c7e9311e6,delivered,2018-01-14 21:59:23,2018-01-14 22:10:26,2018-01-16 22:21:35,2018-01-22 16:59:05,2018-02-20 00:00:00
912013de8efa1e912b59b103a537071f,f9be960abd2531a9b400e714b95ff1f9,delivered,2018-08-13 10:22:22,2018-08-13 10:30:20,2018-08-20 13:41:00,2018-08-23 18:24:48,2018-09-03 00:00:00
78376bf275535930db73f00a985ef199,3c473ed8031b6f4e249ae5f13399bacf,delivered,2017-06-06 08:27:36,2017-06-06 08:35:19,2017-06-09 13:39:01,2017-06-14 13:58:05,2017-06-20 00:00:00
bf92c69b7cc70f7fc2c37de43e366173,42dbc1ad9d560637c9c4c1533746f86d,delivered,2017-07-24 22:11:50,2017-07-24 22:25:14,2017-07-26 01:42:03,2017-07-31 16:59:58,2017-08-15 00:00:00
35490431b95a5ac679998ad3d2de2d9a,580b56994c5634a40e472f3398da9f72,delivered,2018-04-24 22:50:44,2018-04-24 23:12:33,2018-04-30 06:27:00,2018-05-09 23:48:53,2018-05-16 00:00:00
c64f99013aa55e3d950573bf1a8ede4e,2dfc298c9c63e33b5dd41f0d7fc8cb44,delivered,2017-12-13 23:17:55,2017-12-13 23:30:00,2017-12-15 20:13:25,2017-12-20 20:35:07,2018-01-03 00:00:00
8883dd20e652369652c1abd7a411788f,65691ce6d0d99e673bd133ade0ec2362,delivered,2018-08-14 14:24:51,2018-08-20 14:36:32,2018-08-17 14:44:00,2018-08-20 17:37:56,2018-08-23 00:00:00
da8eefd7ee5ebac9e6163fec64141557,9dd030c8d696939ff4a035e932ac3b19,delivered,2017-04-29 18:02:09,2017-04-29 18:10:14,2017-05-02 14:57:33,2017-05-08 16:28:01,2017-05-25 00:00:00
5ccb4a64fc9be1b3a80e261aef938115,6c8a4da7b11b28b528bbb1561cd232f7,delivered,2017-05-08 10:20:57,2017-05-08 10:35:24,2017-05-08 16:36:51,2017-05-24 11:38:01,2017-06-08 00:00:00
0a8c95289dc386957c00a84dcc054d5e,a67bd626be8c12cfdf6ef7bd9bb92384,delivered,2018-01-15 15:27:11,2018-01-16 08:09:50,2018-01-18 13:06:31,2018-01-25 20:49:05,2018-02-07 00:00:00
76b1653b8b73dfc5eee0a0cb25c88801,9cf6af179685dff1f509e350ef36fc9e,delivered,2017-10-23 13:01:55,2017-10-23 13:14:46,2017-10-26 18:03:22,2017-11-01 17:37:43,2017-11-17 00:00:00
c356aac7fabcd3bab9aaf9ce1f36b945,e2b55ff6dc402ddbeeb756f42f9bb725,delivered,2017-03-11 12:24:28,2017-03-11 12:24:28,2017-03-16 09:58:33,2017-03-21 11:35:45,2017-04-03 00:00:00
be0f8b9e1444dc69d1288a37e32d2895,4471480a2199c933b05f842342a6c57a,delivered,2018-06-11 00:23:42,2018-06-11 00:35:12,2018-06-11 14:41:00,2018-06-15 19:38:36,2018-07-12 00:00:00
f5450c4188fb856ef71d0ccd3ecf673a,cee03fd42fb674365f5af3e609f206d9,delivered,2018-01-12 11:03:05,2018-01-15 08:19:30,2018-01-19 02:16:35,2018-02-06 21:43:34,2018-02-08 00:00:00
ed95597d2fd96ad370b62bbfc4b6127b,e19a899f07d511c22b9f865432a6316b,delivered,2017-03-21 15:16:17,2017-03-21 15:16:17,2017-03-23 10:04:29,2017-03-31 11:13:30,2017-04-13 00:00:00
20b2b93a5f0525645b5878cb139f8c5c,e9d262259915d573a19866fc07d862e5,delivered,2018-04-23 11:02:08,2018-04-24 18:46:53,2018-04-25 12:24:00,2018-05-03 19:52:00,2018-05-29 00:00:00
3efdbf51c992266c11eb3938e67e77da,63f6cd19616df5f2d0965a676bc1ee70,delivered,2018-06-20 14:31:22,2018-06-20 14:58:49,2018-06-25 13:04:00,2018-06-29 00:12:00,2018-07-20 00:00:00
f8e373563d5e03306b7080b3c467f0ac,8bdba2ea966d946cc1af56abdc0b61d8,delivered,2018-03-23 16:49:08,2018-03-27 03:49:20,2018-03-27 20:12:38,2018-03-28 21:27:03,2018-04-05 00:00:00
ab39f24d0e515ab82f849a72b61597d3,b3f11282669b6cbde664be531d06a46f,delivered,2017-10-16 18:00:07,2017-10-16 18:23:58,2017-10-18 18:27:54,2017-10-19 19:05:37,2017-10-31 00:00:00
cdd28b19608da7e96804c00fdfd2faf2,6321967be34f1f61327ad2af4857f65c,delivered,2018-01-14 16:26:03,2018-01-15 16:31:10,2018-01-16 18:34:48,2018-01-22 13:32:28,2018-02-09 00:00:00
fe2eef3b23570cf0d77e3bfd237aed93,00e6cc9509687bc594c4cbe302bd2115,delivered,2017-02-16 10:35:05,2017-02-16 10:45:20,2017-02-16 14:52:36,2017-02-22 14:14:02,2017-03-21 00:00:00
33e2ef7baf78f45517589742203e095b,7228b05e6f9b3f21056e8416c4fe0fa2,delivered,2018-04-07 12:56:35,2018-04-07 13:10:15,2018-04-10 15:58:26,2018-04-17 00:03:35,2018-05-08 00:00:00
7ed980a67023306cce5ada7078003bc6,957e79d34a00288f566fe7b082516945,delivered,2018-08-09 10:47:50,2018-08-10 08:05:19,2018-08-10 14:20:00,2018-08-13 12:16:50,2018-08-14 00:00:00
2a18b3d0f12775db98aeb028d0e388da,00f782305075b457bfe7fb38cf6562a5,delivered,2017-09-17 14:22:42,2017-09-17 14:35:11,2017-09-18 19:20:06,2017-09-22 21:53:50,2017-10-06 00:00:00
afe8d7e9dde448bad109d536c3dba7c7,c0e6a15a6ebe6629df053fd185f729d4,delivered,2017-07-18 20:14:37,2017-07-18 20:25:30,2017-07-19 17:42:38,2017-07-20 14:37:50,2017-07-31 00:00:00
2571a6c25fdc11a26075a9258d73618e,33588571175c9bfb3f6c7798bbbd0914,delivered,2017-08-21 15:11:36,2017-08-21 15:27:05,2017-08-22 20:06:57,2017-08-23 14:36:46,2017-09-13 00:00:00
74174e09b0021ebfcb7b5e9d115910b6,1ba29be14150bf12e5c0339e3cae00c9,delivered,2017-11-21 20:56:07,2017-11-22 03:11:25,2017-11-22 22:28:23,2017-11-23 22:24:53,2017-12-01 00:00:00
84992c4145bf78ab42c0e997506e8ecf,495a15eb160b6c85259f568b9042ef5d,delivered,2018-03-18 10:38:22,2018-03-18 10:50:28,2018-03-19 18:11:36,2018-03-28 22:19:41,2018-04-10 00:00:00
0690b2d9b983cf580f407531575622c5,31b01af8b3ff7669130c48d6314da52b,delivered,2018-05-09 08:51:19,2018-05-09 09:10:50,2018-05-11 14:10:00,2018-06-11 11:49:50,2018-05-30 00:00:00
3859aef969659dcc5439967f8ffbbc07,8210d3d4c6ffbe4d7cbe7aa1f0e73f00,unavailable,2017-07-12 08:13:51,2017-07-13 07:23:36,,,2017-08-03 00:00:00
bc7bc14f585b1879f63e89cb0e4cfa17,942be1042b4ac4e4ef3780b25188fe99,delivered,2017-01-25 10:41:24,2017-01-26 02:15:45,2017-01-26 09:32:58,2017-02-03 12:42:06,2017-03-10 00:00:00
fa8b91d8aacb92e77cd50059ac39c474,b0bf96141ea3ab6bf35713f1c06c6a22,delivered,2017-11-25 19:39:25,2017-11-28 12:52:28,2017-11-29 20:18:55,2017-12-18 21:29:11,2017-12-21 00:00:00
2c1a2f921c5be4edef5b3cc5f8e79477,edd297f09df0a4096fd1162bdc7327a8,delivered,2018-03-23 07:33:27,2018-03-23 07:50:28,2018-03-23 22:09:45,2018-04-10 21:42:49,2018-04-16 00:00:00
cdde87555bcd91df4fa4f191cbc77774,84874c595637bb7aea0323c01a7e9c92,delivered,2017-10-16 15:57:54,2017-10-16 16:37:16,2017-11-28 16:23:50,2017-12-26 21:34:13,2017-12-20 00:00:00
ade4397f52cb13f72b87939c8250e292,1b53291bea0d803ea8d9445552fc011c,delivered,2017-09-23 18:57:21,2017-09-26 06:33:12,2017-10-02 14:53:38,2017-10-12 13:29:09,2017-10-24 00:00:00
cef5090298d950b6fb6f220e7e1fc9d5,1ced4937382c20943b262c23a2348dc9,delivered,2018-05-06 18:33:51,2018-05-07 09:14:01,2018-05-07 15:20:00,2018-05-18 18:51:57,2018-06-18 00:00:00
be9ee147c9dd269d227ae37839d3493a,801e6d59e9665f5ed9fac67b7a5ba67d,delivered,2018-02-21 00:49:56,2018-02-21 05:50:08,2018-02-27 00:29:06,2018-02-27 15:51:29,2018-03-07 00:00:00
665bf879d521fe72a93430b55f6d5e54,248224efe0c305ad9ec1a18568e569b4,delivered,2018-04-28 09:58:28,2018-04-28 10:13:39,2018-05-04 15:54:00,2018-05-17 23:38:45,2018-06-04 00:00:00
71a911a3509a408b60846ed2e5f91e70,07bff5422f6f580b0ebc4efe3cdbbbd1,delivered,2017-03-29 10:31:33,2017-03-29 10:45:15,2017-03-31 12:12:32,2017-04-11 16:08:55,2017-04-18 00:00:00
a8f7a1d76c02dc4a7c5177aee8c2b02c,59d0d218d4427b9960ee18cc5556770d,shipped,2017-01-29 10:02:37,2017-01-29 11:31:19,2017-01-31 07:57:48,,2017-03-17 00:00:00
07172761566bda50929a3b449eae02ee,f1b39a3f57ab0e618b294bd1a9698ff6,delivered,2018-03-17 17:22:42,2018-03-17 17:36:20,2018-03-20 17:11:21,2018-03-29 22:31:16,2018-04-05 00:00:00
9b305f3b1cd4ea12832c2b90372b961e,99951d171be681b7a878c49cf72a32be,delivered,2017-04-29 18:13:42,2017-04-29 18:23:16,2017-05-03 10:32:17,2017-05-26 00:41:17,2017-06-08 00:00:00
8e1ded141534096603108f1ee5c27735,3956d1e55818b7dc872d5a1de09e4ddc,delivered,2018-01-23 15:04:18,2018-01-23 15:15:32,2018-01-24 23:33:04,2018-01-30 19:35:28,2018-02-07 00:00:00
9bb19b2b2a14bfd567fa37c747c6dc96,2b32ccfc1540d4e925f7b53084a26eb9,delivered,2017-10-19 16:38:12,2017-10-19 16:50:19,2017-10-20 22:43:49,2017-11-10 22:18:55,2017-11-09 00:00:00
77840c00dc79e7841ea2e4b1de1f21e8,af879b6570973a4039cc44f044ad9f11,delivered,2017-11-24 23:28:14,2017-11-28 02:59:26,2017-12-01 21:42:10,2017-12-19 02:27:41,2017-12-19 00:00:00
f6af781541c4243d56cfd0e0bb073c21,332d9f65c4a4276b63f26a7ecea2efb8,delivered,2017-06-07 22:43:46,2017-06-07 22:55:12,2017-06-09 18:54:40,2017-06-19 21:51:26,2017-07-07 00:00:00
5dff8347ba30bf1b9e5d1a1ce778702a,6a84735b4b1a1380e3abe5b91017d69d,delivered,2017-09-24 11:21:36,2017-09-24 11:30:12,2017-09-25 16:28:01,2017-10-04 21:15:14,2017-10-17 00:00:00
5927bb00efcc2db67e6e98500fa49629,7bcba019e4d8bf4e23f5b6e15bc50d3d,delivered,2017-08-02 11:19:52,2017-08-02 11:30:21,2017-08-03 18:09:55,2017-08-08 10:57:39,2017-08-22 00:00:00
99ea7908cd1e043462057874b180e3fe,05fa87701fb77d327e49cb5fb457a5da,delivered,2017-08-04 17:28:51,2017-08-04 17:45:15,2017-08-07 21:18:01,2017-08-10 23:36:58,2017-08-24 00:00:00
c62dc502431fbf54699cf00a9e938688,db65d3d5913f8dd4a22f2b1869a09f91,delivered,2018-07-11 00:17:44,2018-07-11 00:25:52,2018-07-11 12:42:00,2018-07-13 17:08:41,2018-07-26 00:00:00
418b68df1336cdb60b7e80c8c249f28b,2adab8995d75ecd5815438e710ec1030,delivered,2018-03-22 22:53:20,2018-03-22 23:07:23,2018-03-23 19:57:42,2018-03-25 11:16:51,2018-04-04 00:00:00
a71c265fe6df02962e2af3df997db3f7,6d23ead2840b2bcaa51e07c0e7b900cc,delivered,2017-06-26 07:02:41,2017-06-26 10:32:34,2017-06-29 05:37:34,2017-07-10 13:17:45,2017-07-18 00:00:00
a11f0312591acf976fd9bf40d6b539db,007b18ac9b8a627f259ea78aed981315,delivered,2018-03-16 23:03:38,2018-03-17 17:08:51,2018-04-09 15:13:03,2018-04-09 15:13:08,2018-04-12 00:00:00
59ac3c3ef46e5a6355dde8dd64a4ca4f,5869082f723b837ea4c7b64542d4c287,delivered,2017-06-26 10:02:05,2017-06-26 10:34:40,2017-06-26 14:56:36,2017-07-07 16:45:50,2017-07-18 00:00:00
329818399e3d2636cd3618c0f52954eb,e74ab8c50389d5366290cf3f62109b11,delivered,2018-06-24 23:09:35,2018-06-24 23:34:08,2018-06-25 12:59:00,2018-06-26 16:08:51,2018-07-05 00:00:00
96cf7ecd8c676d61be261ffdda90b008,4db8e7231d058620315de1fea6ad9ae8,delivered,2018-07-17 16:22:32,2018-07-18 02:41:51,2018-07-18 13:47:00,2018-07-20 16:38:41,2018-07-25 00:00:00
451d82f07a1528cdce26398f1f04f8f7,51f1ef966d93ed18b593af1a76438594,delivered,2018-03-29 09:01:09,2018-03-29 09:15:12,2018-04-02 22:38:36,2018-04-10 18:49:07,2018-05-02 00:00:00
333fd556e66dcdb07b2081f258f42ece,5b14f89cd607c6251805e5506fa36fb8,delivered,2017-11-26 12:05:36,2017-11-26 12:12:33,2017-11-27 16:43:05,2017-12-05 23:51:13,2017-12-20 00:00:00
8aad1f0c6ff336608e58eab9851f7ead,4c279b544594b9bc2e5f8db65fd005dd,delivered,2018-04-17 14:46:29,2018-04-17 15:09:21,2018-04-20 01:58:38,2018-04-23 16:33:00,2018-04-30 00:00:00
b1c87cf3c9ac90d18dbf33b6a5c32d83,24b80c81e6779841e8f648396b28c6de,delivered,2018-04-29 13:09:46,2018-05-01 05:13:50,2018-05-05 08:40:00,2018-05-08 18:58:42,2018-05-17 00:00:00
61e5353969ba519689f085a0379fccda,33548b5ff9b7ab73d389abe75ed2318a,delivered,2018-01-04 09:07:49,2018-01-04 09:19:30,2018-01-08 21:05:42,2018-01-31 20:58:04,2018-02-08 00:00:00
12841a11f62453c88f68ee1f7cb45c47,dc6cee232e64102de1ae63fff7c38871,delivered,2017-12-06 16:18:06,2017-12-06 16:32:05,2017-12-08 18:36:02,2017-12-19 21:21:52,2017-12-29 00:00:00
b6c8a981ff2379f36a347ec8c9e2ae56,ada4dfd6792c896bde2e1ddf7ec3c196,delivered,2018-01-05 10:24:17,2018-01-06 07:54:50,2018-01-10 00:14:23,2018-01-10 13:40:09,2018-01-24 00:00:00
109ff01cec6b68a8e70ed431552b9be0,43c9df3440bc8c9934f5aabc6a51f0eb,delivered,2017-10-02 20:17:41,2017-10-02 20:35:22,2017-10-05 19:44:49,2017-10-20 18:02:36,2017-10-27 00:00:00
907876f99f250a7fca414743262371ea,a5d0358e802c2b80011410b0adbcf151,delivered,2017-11-29 03:36:56,2017-11-29 03:53:37,2017-12-13 19:35:09,2017-12-22 11:19:03,2018-01-02 00:00:00
aef2bc3845eb581cecce74b769d46c6a,48d6a6909a9bd0b2128ea79630e52d13,delivered,2017-09-22 17:41:49,2017-09-22 22:50:12,2017-10-02 19:57:42,2017-10-13 14:33:15,2017-10-16 00:00:00
7d7db898e5eaa10aac6c7fb616d9d7dc,0b3f43c70b21e9af2c781e5e0380b2e8,delivered,2018-03-01 20:27:05,2018-03-01 20:49:02,2018-03-08 01:54:29,2018-04-02 23:08:54,2018-03-22 00:00:00
b329c0dc7e78a0caaa2b8d67c8a8c8ce,67b8de516cdaf1aec60ccbc32539fec7,delivered,2018-02-21 14:46:47,2018-02-21 15:09:35,2018-02-24 01:28:55,2018-02-27 22:23:18,2018-03-07 00:00:00
f3f0bc4d599d1d5251f1b37cec7b407e,13a7b529c08942d1e86e9918dc4ae053,delivered,2017-02-01 13:53:20,2017-02-03 03:41:19,2017-02-03 15:15:54,2017-02-10 14:35:07,2017-02-24 00:00:00
b7c32368213b1b75d2c42299f97dd088,b157c66d52ff134b00bdc84727922d69,delivered,2018-04-03 14:50:32,2018-04-03 15:09:19,2018-04-04 18:36:37,2018-04-05 19:52:35,2018-04-19 00:00:00
24fc7677f0087a35a7640dd917bab8e8,d59d343c11fe1e3a6ef3fe56f1729f52,delivered,2018-05-01 17:15:33,2018-05-01 17:34:45,2018-05-04 09:59:00,2018-05-09 18:34:52,2018-05-22 00:00:00
4ff360dbfc89fdc00cd35d99cb3efef6,395c44bf285c05b0139dc04884c393e9,delivered,2017-04-15 08:14:40,2017-04-18 04:11:10,2017-04-18 10:06:56,2017-05-11 15:54:01,2017-05-12 00:00:00
69eb0d3bb4ae91a60f10308d63fe64f1,b93db111b138592c3eea5e533f49e41e,delivered,2017-02-27 18:34:54,2017-02-27 18:45:11,2017-03-01 12:08:14,2017-03-16 23:35:07,2017-03-30 00:00:00
f9fcece01e53f6127dfe56deebac3329,5fd6b9027602772efd65c36c7caaa790,delivered,2018-06-05 15:29:48,2018-06-05 15:48:55,2018-06-06 15:02:00,2018-06-14 13:47:43,2018-07-26 00:00:00
a799d21b017742b6c8cac13998fd6ee2,79844317129f35eb854adc7b9ef9ce39,delivered,2018-02-02 17:04:58,2018-02-06 04:32:10,2018-02-06 18:28:45,2018-02-22 23:26:55,2018-02-20 00:00:00
e61eef70c6a825396525e3f3d9a82ec9,4388a78467a347df7bae385d0cdd93bd,delivered,2018-06-15 16:54:57,2018-06-15 18:21:32,2018-06-18 14:48:00,2018-06-19 11:12:09,2018-06-29 00:00:00
d59d8415ba3a51ac2edc13616065868e,a7f39661552152d1c00359ad2fb5fb48,delivered,2017-09-25 09:22:45,2017-09-25 09:35:15,2017-09-25 18:46:29,2017-10-06 18:42:32,2017-10-19 00:00:00
11f10acabb1552521a9a7ca484aabd64,9107a1be2b8b1e2d453bd9d24db120dd,delivered,2018-07-20 14:55:56,2018-07-21 03:25:13,2018-07-24 14:09:00,2018-08-02 14:22:19,2018-08-24 00:00:00
7786642062339870927e5c0dd845985c,a1cd5efdca80422ec1850ef1c30679da,delivered,2018-03-03 22:22:38,2018-03-03 22:35:31,2018-03-06 17:59:02,2018-03-23 19:19:35,2018-03-22 00:00:00
d6a4e0f6f17d5eda710c204339ec6e51,79cfb6b5779aa070da07c2e5cafb7bee,delivered,2017-07-12 17:21:23,2017-07-12 17:35:10,2017-07-13 20:44:39,2017-08-03 18:48:19,2017-08-17 00:00:00
bc7de38480db075d6d2688333888e8f5,e51eb6ff135391a371b5a03a800d27d1,delivered,2018-05-31 09:04:01,2018-05-31 09:15:08,2018-06-01 14:11:00,2018-06-13 16:41:04,2018-07-04 00:00:00
97a475450ceb764b03982eeb9bfc10a8,3aacb368d6b1db2b137d99daf9b3a05a,delivered,2017-11-26 23:26:23,2017-11-26 23:38:28,2017-11-27 19:02:31,2017-12-07 16:06:01,2017-12-27 00:00:00
4dbf5de576e0e8d18ad0932e1ed8e89d,6585b54dd5ac7f69a3ea0b4c6d6ed130,delivered,2018-06-10 13:20:20,2018-06-10 13:37:06,2018-06-12 13:58:00,2018-06-18 21:18:40,2018-07-11 00:00:00
9cd5810e0e93f3aa22403b2a7371d1a2,ffb6bb7dbfa226abbb5f1c27bb3b7a6f,delivered,2018-03-02 22:35:14,2018-03-02 22:55:33,2018-03-07 23:58:36,2018-03-16 18:53:23,2018-03-20 00:00:00
6e4aa96643864493bb291057da474fbc,dcfca4b1f0b7341e8810ed4b9ebe1b6d,delivered,2017-05-07 14:06:36,2017-05-07 14:15:20,2017-05-12 10:28:36,2017-05-20 09:11:12,2017-05-31 00:00:00
8772c5e10262ef05600e102a05de7eaf,30b2bd4a05e54620a3f5019c71f6bfbe,delivered,2018-03-21 21:03:45,2018-03-21 21:15:29,2018-03-22 20:07:23,2018-03-23 23:44:27,2018-04-03 00:00:00
82e4f033f60598903866557d89c9c042,97f4b6e455ba303fbf1dfea62b8b6f61,delivered,2016-10-08 10:26:41,2016-10-08 11:02:40,2016-10-12 11:02:41,2016-10-28 14:11:26,2016-12-14 00:00:00
1aef7a15aff34d2305b0e6994acd680b,c7077d913fb62ff4361399a9f4683479,delivered,2018-06-15 10:32:09,2018-06-15 10:57:42,2018-06-21 05:31:00,2018-06-29 14:06:50,2018-07-25 00:00:00
294d16591b8d224412320d2053d48623,4748537243b6dd724560fe319c0d0b3e,delivered,2017-06-30 10:48:02,2017-06-30 11:03:58,2017-07-04 11:55:37,2017-07-27 16:03:17,2017-07-13 00:00:00
d0836b3ff071bfc93b8a3c5acd8b63a6,742180681070ca64b3865e44676b373a,delivered,2017-09-14 15:26:14,2017-09-14 15:35:29,2017-09-19 16:59:01,2017-09-25 18:26:40,2017-10-02 00:00:00
2c9d0e7a53245b11b39d47e84b3d7ac9,e1a9260002f958ad5765a6e85172e0ae,delivered,2018-07-06 18:36:03,2018-07-06 18:50:55,2018-07-17 15:48:00,2018-07-21 16:38:46,2018-08-17 00:00:00
93404003d3192d8a2d781361faa129dc,c8728a6ecadbec957fde55e78ca8d03d,delivered,2018-08-24 16:01:28,2018-08-24 16:10:53,2018-08-27 15:18:00,2018-08-29 13:04:25,2018-09-05 00:00:00
bd6bb458a1a35cbd726f2e1748e7d21f,76827597c27d661660fd432bd51d9f2c,delivered,2017-04-17 11:43:12,2017-04-18 04:02:21,2017-04-27 16:53:59,2017-05-09 17:55:05,2017-05-17 00:00:00
bee4fbc438d2d48527e812cb6a1c8166,f11a8d3613ace1bbf5de8d7e4da13a65,delivered,2017-11-27 18:27:17,2017-11-27 19:02:11,2017-11-30 19:39:58,2018-01-09 21:28:38,2017-12-20 00:00:00
3830b3dc35d6b2cb26c3cbeb0eafd799,f1a52bcd15f1aac3fdbb7dadce516d8f,delivered,2017-06-03 20:50:20,2017-06-04 20:55:09,2017-06-09 15:27:44,2017-06-28 17:25:56,2017-07-07 00:00:00
bf3c691a76e2c8733340a8f7e251a0f1,dbc9104a798de0ff6af4de6a32c92f70,unavailable,2018-01-12 10:35:02,2018-01-16 04:31:05,,,2018-02-19 00:00:00
05c12734a5d14a9b9528b3eb84f30e50,8cda5fa80381ad8d09441fc5b3d5ff46,delivered,2017-05-15 17:50:19,2017-05-15 18:02:40,2017-05-17 14:14:47,2017-06-02 09:53:55,2017-06-12 00:00:00
f640183c8895bffdd9fbe37601bcdfdc,94c515bef144d64e9f9ffee71a396d15,delivered,2017-12-11 18:08:36,2017-12-12 03:39:32,2017-12-13 21:54:41,2017-12-18 23:41:54,2018-01-04 00:00:00
92ecc22dcdb92188d9866d8b120c5428,1c14557efe31e653bb8541d684865668,delivered,2017-11-10 13:14:22,2017-11-11 02:55:46,2017-11-16 19:12:30,2017-11-18 00:21:00,2017-11-24 00:00:00
03053b1cb20006c7f8160754d56f4f6f,1f33d0198032f3cb27bfe03e09064bdf,delivered,2018-02-19 13:18:57,2018-02-19 13:30:46,2018-02-20 20:49:07,2018-02-23 17:53:05,2018-03-13 00:00:00
5588518c1109461f52350bb98249b9f6,31dfa81667218110f94f93dbd22273dc,delivered,2018-04-13 20:40:59,2018-04-17 05:50:27,2018-04-30 13:44:00,2018-05-03 22:16:42,2018-05-15 00:00:00
7a04a9036cd32390e8f17eaccd2dcef4,53fb54e7d01b29d01ba8fc1e6bc911ab,delivered,2018-02-05 23:26:08,2018-02-06 23:29:58,2018-02-07 17:17:42,2018-02-19 23:17:56,2018-03-09 00:00:00
fb16eb7d2922cdf521797850c680dacf,ac9e6e9eb60ce06ba93a4c311618f7f5,delivered,2017-11-30 11:41:35,2017-12-01 11:31:18,2017-12-07 20:51:45,2018-01-05 22:40:45,2018-01-02 00:00:00
b37d46f83322f86eae75b766a515cffe,25a52f95724799f5b375932dfb65c5f7,delivered,2018-03-03 23:19:47,2018-03-04 00:00:26,2018-03-06 18:58:42,2018-03-29 17:44:43,2018-04-16 00:00:00
5e7f9ee66e56d354635709fe765e845c,f43286f8e58ceb554beb28e9f3635a02,delivered,2017-09-24 08:53:40,2017-09-26 04:07:20,2017-09-27 20:08:13,2017-10-02 14:07:38,2017-10-24 00:00:00
cb0909932c118481a0e44396d80ab2e8,68b476a4ea762d1de4bc7eea1942cc93,delivered,2018-04-22 21:15:32,2018-04-24 19:24:43,2018-04-23 23:21:10,2018-04-24 15:32:26,2018-05-10 00:00:00
367085f34fdfc417d0087dfeab08ad73,f7fa34d348d801e384b8372b7877bef3,delivered,2017-09-17 18:24:36,2017-09-17 18:35:25,2017-09-19 20:33:06,2017-11-20 17:54:27,2017-10-16 00:00:00
c3c91195072b499b9d88eda4350a7a55,aba49a59724eb38578ad652f47f1167b,delivered,2017-06-01 11:43:41,2017-06-01 11:55:16,2017-06-06 14:17:31,2017-06-12 11:47:43,2017-06-26 00:00:00
33bb79c28616262f5e3fdcf5e678b266,24fe6e2ab7cb4705716e683ceb471d11,delivered,2017-08-04 14:46:51,2017-08-05 14:35:34,2017-08-08 18:13:28,2017-08-15 14:04:05,2017-08-24 00:00:00
bb2c15f3d9da7de7eef8b4c479efacd2,cd136d3ce441081cd15dff22714a5c59,delivered,2017-04-22 23:14:00,2017-04-22 23:25:08,2017-04-24 12:09:56,2017-05-03 11:40:02,2017-05-15 00:00:00
dabb5a87a6d9cc1388abf76cdcf76e5b,ea846bd28376b61e0da78638d96c5931,delivered,2017-08-28 11:26:24,2017-08-28 11:35:22,2017-08-28 17:58:15,2017-09-02 13:00:03,2017-09-18 00:00:00
139602ce40c8f337484eec9b157ca80c,11473b059ae77d5a128eb0ec59b9b2d5,delivered,2017-04-11 20:04:13,2017-04-11 20:15:09,2017-04-13 08:22:00,2017-04-18 13:44:50,2017-05-03 00:00:00
0bb9b595a2eb418ccff2dc89ff7cc58f,5e02b87345f6fe10a41606943f568ded,delivered,2018-03-02 11:06:45,2018-03-03 11:08:49,2018-03-06 00:36:45,2018-03-09 14:40:28,2018-03-14 00:00:00
2a1826a678534f6229f4d60aedbdbb94,8a80d31944835c9b6cac3e2737bd245c,delivered,2018-05-14 13:03:21,2018-05-14 13:17:30,2018-05-15 12:10:00,2018-05-22 16:22:14,2018-06-14 00:00:00
1a5d21f44c73693b9930d0ca33a9d0b1,a21871375ed19fc3f2d8c62fdc75b9dc,canceled,2018-08-16 17:50:14,,,,2018-09-12 00:00:00
96e427c3f1f84bc2ae037b8ca5d22110,b0a5d29291507b28fdeb2bcdc8141810,delivered,2018-05-06 23:24:22,2018-05-07 15:13:49,2018-05-09 16:18:00,2018-05-16 20:56:56,2018-06-05 00:00:00
ef18f5dcc7b8a44cbdb1a14de4164bd1,4f3505c2d2b2547a60e333a7eaac6cba,shipped,2018-07-04 10:52:38,2018-07-05 16:32:54,2018-07-04 14:18:00,,2018-07-20 00:00:00
5d2d954e72e7ec31baa0a784aa82a1d6,2d1abb9c4b05dc849f5fb26c75f3d710,delivered,2017-07-20 11:20:15,2017-07-21 02:50:25,2017-07-24 17:37:39,2017-08-01 22:08:02,2017-08-11 00:00:00
9423ec5aa2843d66ab1e34407ecb9b74,463b052407aeb5642133392278b2ba38,delivered,2017-08-30 10:34:27,2017-08-30 10:45:17,2017-08-31 14:26:17,2017-09-05 19:37:42,2017-09-12 00:00:00
acba89405234491dd6704dbf3fd8f653,d09e32e1434fea56e44cb50f5e339c04,delivered,2018-05-14 09:49:58,2018-05-14 10:12:29,2018-05-15 14:25:00,2018-05-18 20:24:45,2018-05-30 00:00:00
ce8690397f7d93704f8d39df619190fa,a1d1ecd237076de2d356d68e839faced,delivered,2018-03-07 22:41:40,2018-03-07 23:20:21,2018-03-09 19:22:08,2018-03-13 17:16:30,2018-03-20 00:00:00
77ce4c372403e8665d37213cf52bda56,3440be78d6a33df7bbb82f1d20aa871a,delivered,2017-11-24 13:45:32,2017-11-24 15:54:40,2017-11-28 19:16:58,2017-12-07 19:34:57,2017-12-14 00:00:00
3810ddb734405f64afc7638fd96c9cb5,db424c2dcde1c67aec5681756060f0a8,delivered,2017-03-29 23:48:57,2017-03-31 02:15:19,2017-04-03 17:00:21,2017-04-06 13:28:49,2017-04-18 00:00:00
933cae52f81a96867c679e5251c0a7c5,49d707c4f8c279f291fa063f2d5cba89,delivered,2018-02-25 20:10:26,2018-02-25 20:27:45,2018-03-02 00:22:39,2018-03-03 15:23:11,2018-03-12 00:00:00
c5fd5386640ddd76adc482b72d24a02b,1317dfa9a96a4af1ad9bf06a6f12f1f5,delivered,2018-08-06 05:20:01,2018-08-06 05:35:14,2018-08-06 15:38:00,2018-08-08 13:41:36,2018-08-13 00:00:00
da0831d4484d6bb80afb9ddc8c12068c,d1493b7fc8c69384bae2af1d631a33bd,delivered,2017-05-12 12:38:05,2017-05-12 13:10:11,2017-05-15 10:47:45,2017-05-16 14:12:53,2017-05-22 00:00:00
efdaf1dc3d38b68061394b681ca45ff8,ef7853389475cd296ce1a01dda4babd8,delivered,2017-07-23 18:33:21,2017-07-23 18:45:15,2017-07-24 19:56:41,2017-08-04 18:22:23,2017-08-29 00:00:00
dc1818ff094219ac82bf4d84fb6c6540,ff349ea42c06633992fc3c94c3da0f58,delivered,2018-04-01 23:33:42,2018-04-01 23:47:51,2018-04-04 22:39:32,2018-04-06 22:38:01,2018-04-23 00:00:00
7f685e08cef9cb9c0d7dfff90ece93d9,c9f7f8c891c537fa25fd0456acd01b33,delivered,2018-05-12 10:20:03,2018-05-12 10:34:22,2018-05-14 13:58:00,2018-05-15 18:57:44,2018-05-25 00:00:00
1af4acf47f9833b90e3b7cb326ed85f9,5ec721f1279b850510ac109a5cad14c4,delivered,2018-05-25 14:48:49,2018-05-29 03:31:24,2018-05-29 10:31:00,2018-06-07 22:58:54,2018-07-03 00:00:00
186ab35ad2c07d4b35781c8bb314cbd9,e5c8ac379c73d799fb006f94e2cc001b,delivered,2018-08-01 14:58:58,2018-08-01 15:31:01,2018-08-02 11:54:00,2018-08-07 18:04:57,2018-08-14 00:00:00
79600d8903faf815002622ab515263c4,b4e75503e84a8d6d68d2ca27d627f085,delivered,2017-10-25 15:45:05,2017-10-25 15:56:44,2017-10-27 21:29:36,2017-10-30 13:37:47,2017-11-07 00:00:00
1e2566907e0655a3549bdcb88b0291f1,4574518f4c6e0eef440e205139e125d6,delivered,2017-09-12 16:04:11,2017-09-12 16:10:29,2017-09-13 20:22:50,2017-09-14 18:07:40,2017-09-22 00:00:00
b4cfa6c1beefe05bb9c7d2ec59a3773a,51b6c0ad67128656b6e4c745c947e6b1,delivered,2017-11-08 21:09:12,2017-11-10 03:06:28,2017-11-14 20:16:47,2017-11-25 16:18:44,2017-12-06 00:00:00
59e965eb9a8f7f341a003466fbe14229,8713f2c76cceb801594317bc39ef35bd,delivered,2017-12-28 20:17:58,2017-12-28 20:29:25,2018-01-02 20:32:15,2018-01-11 15:14:16,2018-01-23 00:00:00
938cf86c22cfbcdef5e04f4038fad081,c9eb8a8ef99b47cda776effb97e13b63,delivered,2018-01-22 23:19:30,2018-01-22 23:35:17,2018-01-23 16:38:59,2018-01-29 19:58:44,2018-02-14 00:00:00
cac28bfe44e2fc9411c4f61b768d0081,a15995cdfba8c4758aeec7fc37f1df17,delivered,2018-03-08 16:12:55,2018-03-08 16:55:58,2018-03-09 18:08:25,2018-03-23 14:33:03,2018-04-04 00:00:00
044e7b17d9488e54fc8417df5289f503,a3255cad9ee6596f7c31004ce0b769df,delivered,2018-04-18 17:36:24,2018-04-20 07:15:22,2018-04-20 23:05:30,2018-04-25 22:38:32,2018-05-16 00:00:00
f7667bdd9bdb0953511db7d56f25865c,9d92c0ce43722dbc5cfb9b7046dcce65,delivered,2017-03-16 10:12:09,2017-03-16 10:12:09,2017-03-22 03:22:26,2017-03-27 16:18:02,2017-04-05 00:00:00
779e0845b9e541376ce3e8120c548cb7,669a095be23ecbe06b337b39888bc61b,delivered,2017-09-30 18:43:29,2017-10-02 09:14:10,2017-10-02 17:52:31,2017-10-16 23:03:32,2017-10-24 00:00:00
51624e6ae1a0491539baed0f69d34230,0126c89d5a7c2b7b2bda098668c7526d,delivered,2018-03-21 21:06:54,2018-03-22 11:35:23,2018-03-23 19:02:19,2018-04-03 16:56:48,2018-04-12 00:00:00
785e849a702dab4672f0febcf4c1afc5,8ac12be4103f6d1ad36d0c21efc8fd5f,delivered,2018-04-15 19:32:36,2018-04-16 19:32:34,2018-04-20 18:26:38,2018-04-26 17:09:05,2018-05-23 00:00:00
9e079abd2ca9af66e7584c00d6551890,28ba18b7c28a70239b1c2f9cb61b7d23,delivered,2017-02-16 22:44:03,2017-02-16 22:55:15,2017-02-17 11:24:46,2017-03-03 11:34:52,2017-03-17 00:00:00
69df1d467702671ed04aaa60c5996701,1a56026e25c55e895a50fc6927743c1a,delivered,2018-03-09 23:07:10,2018-03-09 23:20:28,2018-03-13 10:18:42,2018-03-16 13:06:57,2018-03-23 00:00:00
7b07a49f82fe58fb4d678aabda69b963,fbafa37ca426d853ba6afe1c796f8c37,delivered,2017-11-12 20:09:31,2017-11-12 20:26:27,2017-11-14 11:41:29,2017-11-16 20:28:29,2017-11-27 00:00:00
248907ae8054cb8e93d5aa44857779b4,e57a1ac4317d4acd397f88cdb8b086aa,delivered,2017-12-17 05:25:12,2017-12-17 05:36:22,2017-12-19 23:34:32,2018-01-03 22:41:27,2018-01-17 00:00:00
c5bed3a385f406c503841fed148952b9,a900fa42453c67e0168cebea8f69ff33,delivered,2018-06-20 15:46:05,2018-06-21 03:38:45,2018-06-21 12:58:00,2018-06-28 16:18:22,2018-07-19 00:00:00
9cea6943c0d2ab67dc7bde8ab9b03f32,f346b807b1661ec6ca272e79fc2efa04,delivered,2018-08-22 09:09:10,2018-08-22 09:24:26,2018-08-24 06:20:00,2018-08-29 12:38:46,2018-09-13 00:00:00
36dfa5ee84af8da4fc7f9af242219972,c7566e4988f02bd02e875d35d4ae4ac2,delivered,2018-05-19 12:48:19,2018-05-19 13:11:22,2018-05-21 08:25:00,2018-06-05 14:58:53,2018-06-20 00:00:00
2e9ac33fbda5666e258ed040a2def5d6,ac7fdccf1cc317b11daa5bca630c91f4,delivered,2018-07-17 17:57:28,2018-07-17 18:10:26,2018-07-20 13:21:00,2018-07-24 23:46:25,2018-08-02 00:00:00
b2d779a12592e693ae93fcba3b3969be,c707ba7bcdb0d504e6f30943e310e74e,delivered,2018-03-02 18:25:17,2018-03-03 02:51:35,2018-03-05 23:54:22,2018-03-14 20:51:38,2018-03-20 00:00:00
9980064d9817bacc9e261e7f5fcf3fe5,e30e0257e1c7189e6f6ba4ef151e717c,delivered,2017-07-12 06:48:11,2017-07-12 07:03:41,2017-07-12 19:08:19,2017-07-17 20:06:26,2017-08-03 00:00:00
1f1f6cb06f69d4d020c56d12c8943240,cd846b862c51bbaf9ef41facd522906a,delivered,2017-12-18 12:25:40,2017-12-18 14:11:22,2017-12-20 21:27:12,2017-12-26 18:58:47,2018-01-05 00:00:00
a26bdfa860437e3b9199a81b6003d928,863e3a165607322347d4d4d2f051d519,delivered,2018-07-31 07:37:42,2018-07-31 07:50:12,2018-07-31 16:26:00,2018-08-07 21:04:31,2018-08-14 00:00:00
497557705ed42b9e7678b808d1f21dbb,4865a687f12295ad322d56809c3973bf,delivered,2017-09-08 15:00:33,2017-09-08 15:10:22,2017-09-11 23:34:56,2017-09-19 20:58:46,2017-09-29 00:00:00
e3c654307c9b3b9988c35371c5bbf738,6b53484ec2e43f653edc5f35d09d5cf9,delivered,2017-04-15 19:08:40,2017-04-18 03:55:32,2017-05-05 13:06:58,2017-05-19 13:09:41,2017-05-08 00:00:00
57036fa92425953d26c370e6fd4b3943,d824ec16e5d17a3e12b51b5b6fdeb2e5,delivered,2017-03-06 01:03:37,2017-03-06 01:10:15,2017-03-09 09:21:57,2017-03-13 12:15:11,2017-03-27 00:00:00
556a840ca8df33d08ff39fed4a28792b,3e90f244f79cec7fbaba94c4cf081f3c,delivered,2018-08-01 09:54:54,2018-08-01 10:31:44,2018-08-01 15:59:00,2018-08-15 15:09:53,2018-08-23 00:00:00
638407085366c5781b3cf8140fce7423,e12442fd928531ac63187816f2e6e860,delivered,2017-12-04 10:55:47,2017-12-05 04:19:32,2017-12-08 16:39:04,2017-12-19 20:29:01,2018-01-08 00:00:00
881b1412b8cff1e5c88e905fdedd7605,8dff15b503617623491e9bbdd7e6d977,delivered,2018-01-19 13:46:15,2018-01-19 13:58:24,2018-01-25 21:37:21,2018-02-06 16:41:46,2018-02-09 00:00:00
4ba45e01cf325c8c853971e79c9cf7bd,4f6601688da0bd1e6f7d19b8616ae639,delivered,2017-06-19 16:14:31,2017-06-20 10:43:49,2017-06-22 12:33:15,2017-06-23 10:49:38,2017-07-03 00:00:00
d0c4a5b064e0ec72eca6b1c01ade0181,e5451dc58f17a2109be360902da779ca,delivered,2018-06-24 18:51:01,2018-06-24 19:20:07,2018-06-25 11:48:00,2018-06-26 17:33:40,2018-07-05 00:00:00
f162c6cbd93bb5eebd520d6f654cf7cb,9ef0a3bfdd0307c3f1e11e12316732d3,delivered,2017-09-12 17:56:15,2017-09-13 03:36:12,2017-09-18 17:07:29,2017-09-21 19:08:04,2017-10-02 00:00:00
d075def20463f58225a279f6e36d8669,ed633bdf429697a6305355676bf12644,delivered,2017-09-10 21:16:47,2017-09-10 21:25:14,2017-09-11 18:57:40,2017-09-15 18:35:58,2017-09-28 00:00:00
479d2226115d100c027f7dd83622c1ee,f7d7a109457a1d2a80a681cf379a015c,delivered,2018-06-04 20:07:13,2018-06-04 20:31:50,2018-06-05 15:39:00,2018-06-18 19:56:42,2018-07-13 00:00:00
5408eceab061ca3e67853759c88a5fb8,9d298d12056b9264fbf5f9adcf8cd4d7,delivered,2017-04-03 02:14:58,2017-04-03 02:25:08,2017-04-10 14:34:44,2017-04-18 17:28:14,2017-04-27 00:00:00
032b42b17fe9daa676ba9447f3dbbd0a,566725ddad946bd0c0934125dc3126bd,delivered,2018-08-06 22:30:04,2018-08-06 22:44:39,2018-08-07 12:53:00,2018-08-16 20:41:29,2018-08-13 00:00:00
9244c5e7b61a5ec0c86191bb1a727ed2,59ba651277a43bd5a948a7613b731907,delivered,2018-07-22 11:56:07,2018-07-23 11:31:28,2018-07-23 13:53:00,2018-07-27 23:42:33,2018-08-09 00:00:00
0812eb902a67711a1cb742b3cdaa65ae,c6e2731c5b391845f6800c97401a43a9,delivered,2017-02-12 20:37:36,2017-02-12 20:45:12,2017-02-16 09:23:13,2017-03-03 14:23:18,2017-03-09 00:00:00
38930f76efb00b138f4d632e4d557341,0f9043c635f86f7eb1e8fc07704df303,delivered,2018-01-28 13:47:42,2018-01-28 14:00:18,2018-02-02 01:42:30,2018-02-08 19:21:39,2018-04-27 00:00:00
ae60b17185a7a0d74929448e21803329,d75ec94339dfd4d525dac0f255ffa695,delivered,2017-11-15 20:16:30,2017-11-15 20:30:21,2017-11-16 15:34:52,2017-11-22 20:17:35,2017-12-13 00:00:00
51aa2039fc98dc9e49bc883ead78ae54,b36a66381596ca6824c2ed8059e2a63c,shipped,2017-07-02 13:30:49,2017-07-02 13:43:40,2017-07-03 14:56:57,,2017-07-25 00:00:00
334b7054aa71f4d5c7418ba88ea632ac,de7d8ea6e5d44f6cf363c95aba118de9,delivered,2017-08-12 10:00:18,2017-08-12 10:10:13,2017-08-15 17:27:42,2017-08-16 20:04:06,2017-08-25 00:00:00
742bb86f369fadd10d68946fd903aaed,acebd967d532546739f68217c058b29b,delivered,2017-08-31 10:28:39,2017-08-31 19:55:12,2017-09-01 21:22:33,2017-09-05 18:43:04,2017-09-13 00:00:00
27cd425460b501230b37206f151711a6,0fa8935c3781f2a89ea2db7dee3aaadb,delivered,2017-09-21 18:57:47,2017-09-21 19:05:42,2017-09-22 13:26:54,2017-10-04 01:28:15,2017-10-16 00:00:00
6da2f53b79a45c8701e66f227cea7955,53ccb31f1af2d83726c2943b32357f17,delivered,2017-11-03 02:43:08,2017-11-04 02:35:24,2017-11-06 20:18:34,2017-11-17 18:49:02,2017-12-08 00:00:00
387620ec766797a584b7e92a41daad5f,8b35556f6dbc3bc6ec78ca09748154cf,delivered,2017-08-23 18:41:18,2017-08-23 19:15:19,2017-08-25 13:40:08,2017-08-29 20:37:46,2017-10-04 00:00:00
2deab87eacecced409eb4e2f9b2a4372,4633bda7d6d511e0846d74188f9f2af4,delivered,2018-03-05 14:03:00,2018-03-05 14:15:27,2018-03-06 18:46:47,2018-03-07 21:33:01,2018-03-19 00:00:00
a958c924f6b23ca49ded10f6f5aa862a,6677de4eafbe968dcf5088ccc239aa33,delivered,2017-03-03 16:33:56,2017-03-03 16:45:10,2017-03-07 11:41:07,2017-03-09 16:12:40,2017-03-22 00:00:00
d83e73ca49e7e9ec7ba0154139858fc8,e155239b84f65a2131ab4ade06f9fcb2,delivered,2018-08-01 16:43:43,2018-08-01 17:04:06,2018-08-07 14:14:00,2018-08-24 23:11:01,2018-08-22 00:00:00
6acce0b54d9a0e8dab044bda974b383a,c852c0de5625170406baddc488a0f780,delivered,2017-09-25 21:09:43,2017-09-27 03:05:05,2017-10-10 14:42:09,2017-10-19 16:33:52,2017-10-25 00:00:00
b44d71edad65f41824d2e177470ef8f6,ad29d9bb283d87e61e190d40bc7bc15b,delivered,2016-10-10 15:23:51,2016-10-10 16:02:57,2016-10-21 18:02:55,2016-10-24 18:02:55,2016-11-30 00:00:00
91cad3260fc3d7cb677fe27010618ab1,e5665fe8abdc4826e0f15a3d8f113caa,delivered,2018-08-08 16:05:52,2018-08-08 16:15:21,2018-08-09 09:40:00,2018-08-17 16:06:28,2018-08-27 00:00:00
d7f4c7c033cbbcef2916aaf7b594becf,465fd465dfc7d83630b4c1ca4b51deeb,delivered,2018-01-15 05:46:01,2018-01-15 05:54:19,2018-01-16 15:40:33,2018-01-25 17:02:49,2018-02-14 00:00:00
670f31d9ca85d0b5430d0dc8f1d843c0,7e43cf5a5dd354682e8ea42fa88ef9ea,delivered,2017-08-17 18:03:53,2017-08-18 18:24:24,2017-08-21 21:31:53,2017-08-28 20:29:57,2017-09-15 00:00:00
928c456c589166bf1f6a77a4ec6a8165,10b7a2a6d7bb0cdf36516a6e6671e219,delivered,2018-01-26 12:27:45,2018-01-27 12:19:22,2018-01-31 01:03:58,2018-02-06 21:28:57,2018-02-22 00:00:00
9be33ce4878405dfc4be325fe756b73b,8dd661c1d64e61ee187f399133e7cff2,delivered,2018-04-19 13:11:14,2018-04-19 22:54:03,2018-04-23 17:51:39,2018-04-26 18:20:57,2018-05-14 00:00:00
3611ece86e8e8c233f0700db66adf592,86efd204a817f3ed802849995f2f7b26,delivered,2017-06-23 19:21:44,2017-06-23 19:30:25,2017-06-29 14:21:59,2017-07-10 17:25:48,2017-07-13 00:00:00
3927ccce3a002f3ee410b40acac817b4,5d24073c1bf0ec4d86e3462f754bcdbe,delivered,2018-06-11 05:23:24,2018-06-13 02:18:50,2018-06-15 15:07:00,2018-06-18 15:17:22,2018-06-21 00:00:00
ad761416833aee13e3c6c8b579d72f96,3c27d865fbf7aa0b410a5da7b2b210b0,delivered,2018-03-24 14:54:33,2018-03-24 15:10:25,2018-03-26 22:48:54,2018-03-28 17:32:03,2018-04-06 00:00:00
1cc13cb7d2099f1e6d86b81bb6d15446,ff30b76fc9c812f006ee87f55fba0e93,delivered,2018-01-12 10:50:09,2018-01-12 10:59:20,2018-01-12 23:51:55,2018-01-17 19:51:17,2018-02-02 00:00:00
3d34e2eec4245acada65a41a949f2568,f760b1ac2bd99fbc9141d64509cacc13,delivered,2018-06-08 20:45:36,2018-06-08 21:15:17,2018-06-12 14:58:00,2018-06-19 22:03:22,2018-07-03 00:00:00
c0fce857f05e1c89cb59512a02dc3280,e8730c3eecf9daada0e368f2e49885e8,delivered,2017-06-04 23:15:46,2017-06-05 23:25:08,2017-06-07 14:20:20,2017-06-22 14:46:01,2017-06-28 00:00:00
6c004aa51ca258da5f0936ce3a38ab18,da7128a50cbb13d110a14cfa2b017e66,delivered,2017-12-11 11:33:27,2017-12-13 09:30:49,2017-12-15 15:56:02,2017-12-18 20:35:07,2018-01-02 00:00:00
bf1bd9414a575d2bfa50f8d5c66fd161,cfd1a2cc48a14de5918e86a29e606406,delivered,2018-08-01 12:23:49,2018-08-01 13:20:20,2018-08-02 14:15:00,2018-08-20 19:17:13,2018-08-23 00:00:00
32a36b92faf67aebedb4eea534a49c4b,b20eba2c7b0fc410e6802a58f6a36cbc,delivered,2017-08-14 13:12:27,2017-08-14 13:45:09,2017-08-15 20:19:59,2017-09-04 11:43:14,2017-09-08 00:00:00
e417011226af2bd3a4a21d51b2818e36,1df6b5cc0f5be2d7be5bb608075b1fb8,delivered,2017-08-03 17:53:37,2017-08-03 18:05:49,2017-08-04 18:57:59,2017-08-11 21:49:47,2017-08-25 00:00:00
041d39835d57e12ebcd5d992e2cc7360,c4057ab5b47878bfc57f04346a8f2dae,delivered,2018-04-25 07:37:56,2018-04-25 07:51:20,2018-04-25 14:25:00,2018-05-15 21:21:19,2018-05-25 00:00:00
6227de9611e75b006686710c6a29df35,8531003935cdca531082191dd5f53eca,delivered,2018-05-02 15:25:18,2018-05-02 17:31:52,2018-05-03 14:39:00,2018-05-14 14:28:56,2018-05-28 00:00:00
6b0c5f80e463c04c7658b97d1d37aa00,a84df861dda3906c111ac27696b392f5,delivered,2018-05-03 12:32:22,2018-05-03 12:55:31,2018-05-14 13:46:00,2018-05-28 22:35:40,2018-06-06 00:00:00
8d60c8a11e4eefd1b431f3c126e0b3c4,3e3ccfeb474d77e0c85a7c2cd541dc1e,delivered,2017-07-31 00:53:44,2017-07-31 01:05:10,2017-08-01 16:50:04,2017-08-03 21:04:20,2017-08-11 00:00:00
870e6f0cd3ddbb87daf15ccd2926b142,d50cd744c2d765c48a532e083ee77746,delivered,2018-08-21 15:37:50,2018-08-21 15:50:35,2018-08-22 12:27:00,2018-08-27 10:12:21,2018-09-05 00:00:00
402e0a2ad64d2f2b8f0d06d436789aca,84c6bfb65cffd4c4fbaabe31622495f5,unavailable,2017-10-21 10:58:06,2017-10-23 16:49:18,,,2017-11-09 00:00:00
701ddcb0eab1d32958b3638a5e8c4e97,e73a40f7509a5e81a764029d4b7ea836,delivered,2018-01-22 13:16:34,2018-01-22 14:54:59,2018-01-26 18:08:56,2018-02-02 18:41:45,2018-02-19 00:00:00
19642ea4acfa0cbb8b9a990449873396,0c7c88c4e8d60c782527fa7bb1a669cd,delivered,2017-12-01 23:50:48,2017-12-02 00:14:06,2017-12-07 19:33:24,2017-12-20 18:48:58,2017-12-29 00:00:00
acb2afbcbcc3be10924f75fd3b6c98d8,b49bca9a4fca7f417da7a01e96f21295,delivered,2018-07-22 14:17:47,2018-07-23 11:31:33,2018-07-24 07:30:00,2018-07-31 14:03:34,2018-08-08 00:00:00
f29b2ca058a4371e9c8baaae26e7e1a3,e5edd00a011c09b7fcdf595c0da5178e,delivered,2017-05-21 13:03:32,2017-05-21 13:15:22,2017-05-23 11:05:24,2017-05-24 11:56:42,2017-06-06 00:00:00
ee583b507900d107ab6b06567c758504,426a159c2964c5676eb36f71d8310041,delivered,2018-06-07 18:05:05,2018-06-07 18:17:51,2018-06-08 12:29:00,2018-06-16 18:44:21,2018-07-03 00:00:00
3ce3ea3283555ac158b83c7cc2093ca7,b417cb435c44229b6f76ac61dccc1dd5,delivered,2017-08-15 12:54:48,2017-08-16 15:15:26,2017-08-17 19:22:47,2017-08-23 02:57:55,2017-09-06 00:00:00
9a3deccd2b0279aa76825542a6146030,ccd1069d389fdc3a3b3f0845e3515334,delivered,2017-05-16 17:43:56,2017-05-18 02:15:21,2017-05-19 12:00:13,2017-05-31 14:48:09,2017-06-20 00:00:00
81c79eab1c92dee31a9a5194bf6098a4,a9d6d93225edcd259f4cd5e10d5ef656,delivered,2018-06-25 22:49:29,2018-06-26 00:33:21,2018-06-26 17:17:00,2018-06-28 16:51:04,2018-07-12 00:00:00
82ffe097d8ddbf319a523b9bbe7725d5,caed95700dcb091eeaac59a97fe0cb17,delivered,2018-04-23 01:41:29,2018-04-24 18:29:30,2018-04-23 16:52:42,2018-04-24 17:34:30,2018-05-08 00:00:00
13d5232bb40950f3caa1f771ec517044,c4fe53920c6fcc1751d448035da1d447,delivered,2018-01-23 20:25:05,2018-01-23 20:39:21,2018-01-24 17:15:40,2018-01-26 20:00:48,2018-02-07 00:00:00
31ff2ab0bf20340ff13605c65e38387f,fabb60c6365514576783dd1a8a6b8ad2,delivered,2017-10-26 16:03:07,2017-10-27 16:31:25,2017-10-30 22:19:56,2017-11-14 16:59:08,2017-11-24 00:00:00
1e99772772632294dae0c56c2b83bb1f,8fcaa1386b9c1b73fdf89b7ee07d0571,delivered,2018-03-11 20:19:22,2018-03-11 20:30:29,2018-03-13 19:28:41,2018-03-19 20:34:50,2018-03-28 00:00:00
738580878981997bfadf04c4c2fbd013,544e78bf4c62c25f76e384103d1823d8,delivered,2018-07-29 18:14:00,2018-07-29 19:44:14,2018-07-30 14:16:00,2018-08-03 20:28:36,2018-08-08 00:00:00
aeb42a43f79770a6814d16704d4e1f58,cc4806fd92b5bc52c76bd55c80641b06,delivered,2018-05-09 16:00:10,2018-05-09 16:17:06,2018-05-10 13:58:00,2018-05-23 16:22:21,2018-06-01 00:00:00
732a77c453f0b9ea3a2665a575f3ecd3,0802da9993945877f32ed71ab7800b6f,delivered,2018-08-05 19:58:15,2018-08-05 20:10:19,2018-08-07 15:13:00,2018-08-17 08:56:40,2018-09-14 00:00:00
a10025dad19bcbddfb29902513f39ca3,1a6fdce580e785d2b1348c0efd45504e,delivered,2017-03-28 15:29:43,2017-03-29 02:10:34,2017-03-29 15:24:05,2017-04-04 15:32:02,2017-04-19 00:00:00
c765342582f1d08f16285fb827f88b1b,4b4bae6b6b096a30f61fd61b3762e5ff,delivered,2018-02-26 14:58:14,2018-02-28 09:15:23,2018-03-02 18:23:25,2018-03-10 15:27:55,2018-03-26 00:00:00
c9e3d29ede6d60999c59c8626757ec6c,167524bd5f4974df32a4917d03574398,delivered,2018-06-26 22:27:41,2018-06-26 23:10:12,2018-07-05 15:57:00,2018-07-09 16:02:27,2018-08-08 00:00:00
0997090fe6882d45c6a71660aaffaba2,c0ee2597fcfedfe7a39872e74ca75f73,delivered,2018-02-25 22:56:11,2018-02-25 23:08:02,2018-02-27 16:17:09,2018-03-12 22:34:28,2018-03-20 00:00:00
1de9d329321f8409b42988e45098e13e,041c262f0425215f79dbd9ff70e9347f,delivered,2018-02-15 09:06:06,2018-02-15 09:27:43,2018-02-15 19:08:45,2018-02-23 19:13:36,2018-03-07 00:00:00
ff21d2af725ac280e439dc584456e19f,b38d15c7dc1cda6caded2ceb0d63cc3a,delivered,2017-07-13 20:07:41,2017-07-13 20:24:26,2017-07-18 16:06:48,2017-07-26 21:29:24,2017-08-07 00:00:00
5b16a76486ec63a9f3e0460bebc4f63e,5debccf4a73e7443ca65bdc18b606e86,shipped,2018-03-23 13:06:30,2018-03-23 13:28:22,2018-03-28 15:36:28,,2018-04-20 00:00:00
24ceed9729a86f5e36fd61ae94183817,cd24dfdff8d99033e3794d9b104c95d0,delivered,2018-05-03 11:13:38,2018-05-05 10:15:17,2018-05-07 16:31:00,2018-05-26 13:29:37,2018-06-04 00:00:00
8f0c341c40542ef2e5fee0d1ed7ba05b,d31117caa8b76119d6e8c9819f68aa5d,delivered,2017-12-21 09:21:23,2017-12-21 09:34:17,2017-12-21 18:18:47,2018-01-04 02:48:38,2018-01-16 00:00:00
f2c9428d2c7720cb4e9f2a9634673ce6,80825fac1b288cd8a58c4ae40c66a821,delivered,2017-10-22 10:17:43,2017-10-22 10:28:11,2017-10-23 21:32:06,2017-12-27 21:06:58,2017-11-10 00:00:00
936ed73e77adab4aaaf271bddfef8f09,e412a786e2d386eb745399143012e65e,delivered,2018-03-23 07:45:01,2018-03-23 07:55:31,2018-03-28 18:57:23,2018-03-29 20:22:10,2018-04-05 00:00:00
52ffca67c47f7bc4350f82b1d2c20dec,30b783882dd8572d3cf6a4ac7e605272,canceled,2017-11-26 18:42:08,,,,2017-12-20 00:00:00
9c916cda025ac7a244116346b9e82344,f0c31765cb4a75e422a68ba7c3f7f8a7,delivered,2017-06-05 10:32:06,2017-06-05 10:45:16,2017-06-06 11:40:26,2017-06-23 11:39:43,2017-07-13 00:00:00
f845f1fe6a0c9e32eb740bdcc4da2aac,a54c7810d4a0a3563f11fb6ce6acf771,delivered,2017-08-10 19:52:54,2017-08-10 20:05:37,2017-08-14 10:43:07,2017-08-17 19:32:50,2017-08-30 00:00:00
e72511587872c5769d43aeda089b28ca,d5e32f4d48eefeadfbcb1b8e068369fe,delivered,2017-11-27 11:26:16,2017-11-29 11:37:15,2017-11-30 21:51:22,2017-12-14 21:21:33,2017-12-28 00:00:00
659c757231085ed35dafa16a50fa16e8,7a0587a22e604b216a8ef5c8ce07d7fe,delivered,2018-02-04 20:39:14,2018-02-04 20:56:08,2018-02-08 19:16:44,2018-02-20 18:28:00,2018-03-05 00:00:00
d477ea450bb767cf9e8bea5fde7336d8,64e5b5b5abea3d62bf84acc78478f8d9,delivered,2017-04-26 03:54:32,2017-04-27 13:36:39,2017-04-27 10:59:36,2017-05-05 15:23:56,2017-05-15 00:00:00
85179ceed927a62fa1fe00697a17dd5e,299a48f7420ccd62c0efd03c927381ab,delivered,2017-10-03 17:59:56,2017-10-03 18:07:43,2017-10-04 20:58:02,2017-10-11 18:42:00,2017-10-27 00:00:00
ce2d0e7e8a249b93d3cfadb57113023f,47c3a95e8891c38d11c77a4d28194f3f,delivered,2018-08-16 18:31:27,2018-08-16 18:49:32,2018-08-17 15:29:00,2018-08-23 18:41:28,2018-08-30 00:00:00
508f1058f7c9037c12fa29baf78dc417,5dde09cc77f38cbb0ca8360d5702b81e,delivered,2018-06-20 00:20:03,2018-06-21 00:39:08,2018-06-21 11:44:00,2018-07-05 13:38:56,2018-07-25 00:00:00
a3309e7ee5cbc991563c83bc0c41d694,a69d0bacb0c135ea37032600687cd693,delivered,2018-05-16 15:07:42,2018-05-17 03:16:16,2018-05-17 12:55:00,2018-06-07 16:36:35,2018-06-19 00:00:00
c36353bc20e464fa631292ac4a42bd17,f3ccedece830a5bc0302a88efc05a850,delivered,2018-07-04 14:33:26,2018-07-05 16:17:00,2018-07-06 10:57:00,2018-07-10 22:39:40,2018-07-24 00:00:00
0d8e4bdd8a9f84b606ea672b4e722f8f,744ca21d4a6fe2811956757ce2a655af,delivered,2018-03-23 13:00:58,2018-03-24 12:56:14,2018-03-27 23:48:46,2018-04-02 18:40:54,2018-04-16 00:00:00
1a9b9f5f7c4ed24f0e1e7c19cc9510a5,b2c85d49babd60f744c7f30e9d23fafa,delivered,2017-03-08 21:11:42,2017-03-08 21:11:42,2017-03-13 08:07:23,2017-03-31 12:24:37,2017-04-12 00:00:00
683ec1680537670578142e56f09c58f2,219a56cc6da62f9ccbf37b4ec2b2317c,delivered,2018-01-08 15:11:15,2018-01-08 15:27:52,2018-01-17 17:58:43,2018-01-27 17:33:18,2018-02-05 00:00:00
6cfe2a252e18997b4a5b5a0a612e7a0d,0e08577fae71d5176b620f7702a49ef7,delivered,2018-08-10 18:10:37,2018-08-10 18:24:44,2018-08-24 13:05:00,2018-08-27 17:14:53,2018-08-20 00:00:00
b3a32621fc0c7dc8cc99ac717fc61b92,e6d5abbb55cac8e7366b9ac8e3ed09e3,delivered,2018-06-10 18:18:26,2018-06-11 19:02:43,2018-06-12 15:50:00,2018-06-14 23:31:23,2018-06-20 00:00:00
4bcd0329b76295d8f76bf2c18e12f6e7,5cd6552dff79afa05c9e886a280e4841,delivered,2017-02-28 21:44:19,2017-03-01 21:35:21,2017-03-02 11:09:49,2017-03-09 08:05:31,2017-03-20 00:00:00
000576fe39319847cbb9d288c5617fa6,9ed5e522dd9dd85b4af4a077526d8117,delivered,2018-07-04 12:08:27,2018-07-05 16:35:48,2018-07-05 12:15:00,2018-07-09 14:04:07,2018-07-25 00:00:00
64fe1a032e48385440b54e5892d778be,361fdb99ba935f962692efed864a6c72,delivered,2018-04-29 13:12:10,2018-04-29 13:33:58,2018-05-02 21:23:00,2018-05-05 12:04:59,2018-05-17 00:00:00
bf43c3dc9e568e98768cd15b4d526f9f,0f30f95a3b35cec6eb5d7b1fb3d41ba3,delivered,2018-01-16 16:01:28,2018-01-16 16:52:11,2018-01-17 21:03:35,2018-01-26 01:09:23,2018-02-15 00:00:00
472d6b3e92be83f747dea801ed1d461c,762714720007f6df80b89a121d5101e0,delivered,2018-01-26 22:37:19,2018-01-26 22:52:05,2018-01-29 22:26:45,2018-02-21 22:16:47,2018-03-06 00:00:00
dabbf294451b5516e2249d502af6a45d,72f8edf9440d0b002a8c5a83884d879f,delivered,2018-02-19 17:22:40,2018-02-20 07:10:55,2018-02-21 18:57:51,2018-03-07 20:03:51,2018-03-16 00:00:00
520511b04850b7b40c753fb70aca7bcb,3405b496cbf59272a563bfe5f23caec1,delivered,2018-04-11 16:33:00,2018-04-11 16:51:19,2018-04-12 19:13:30,2018-04-18 00:41:14,2018-05-09 00:00:00
186ac860f8928db64590e1fdd744c9f5,c4fb1c069ba21ade36983cf6ad7069c8,shipped,2018-03-08 16:10:21,2018-03-08 16:56:03,2018-03-12 19:48:36,,2018-03-28 00:00:00
c75be4dbb0444f5234b73d0e700bc425,67f3258da9e5f76c4d43570ec14fc783,delivered,2018-08-22 11:24:02,2018-08-22 11:35:21,2018-08-23 15:56:00,2018-08-27 14:06:42,2018-08-30 00:00:00
7dc2cd8c070cb20ae535d75d107741de,415aaffb1107d25fa9ef86ae696613df,delivered,2017-05-29 17:35:13,2017-05-29 17:45:16,2017-05-30 14:31:44,2017-06-07 14:18:26,2017-06-22 00:00:00
5e0ff060a686922559e33f8dbe998e41,ba03825db0f92dbade0ec0278a6e26ae,delivered,2018-07-24 21:30:58,2018-07-24 21:45:09,2018-08-09 15:19:00,2018-08-13 19:16:51,2018-08-15 00:00:00
8f3f26027859349e29776a53fcf17963,77678cf0733734587184d89b548c3517,delivered,2017-04-06 12:12:21,2017-04-06 13:05:36,2017-04-07 15:39:46,2017-04-13 07:39:05,2017-04-27 00:00:00
ee9c09afa667c1baabeefdf51f66148e,24bab961499812074229c80da4daa2bb,delivered,2017-06-24 11:05:24,2017-06-24 11:15:14,2017-06-27 16:52:14,2017-07-10 18:14:53,2017-07-26 00:00:00
16f77b7311d2685235f9c8936da1480f,96d0b462e6455c019d2b68764af1a611,delivered,2018-02-20 18:35:25,2018-02-20 18:50:24,2018-02-21 19:26:41,2018-03-05 21:43:52,2018-03-12 00:00:00
d5fe6827cc4a6ce0562e5e116c627839,b0a556928aa7ebcea400790bfc3565b6,canceled,2017-06-22 17:52:25,2017-06-23 18:03:43,,,2017-07-21 00:00:00
1d69f6b3dd0fc384483cfb2560d8a6a4,222febcc18c882e953a5539e24f097fc,delivered,2017-08-02 11:43:32,2017-08-03 03:10:32,2017-08-07 21:27:54,2017-08-11 19:07:55,2017-08-22 00:00:00
be049b6fa688493e1676db5fafc0bbb3,15ba5913a2d5f80e06202cf53444d565,delivered,2018-05-03 17:43:11,2018-05-03 18:14:54,2018-05-08 14:48:00,2018-05-14 19:52:50,2018-06-05 00:00:00
856a7ab58f3a7cc4560202758d971b38,b4a63ceeb0466c92a04c584e251b4579,delivered,2017-09-25 01:11:48,2017-09-26 03:56:25,2017-09-26 19:48:45,2017-10-04 19:32:50,2017-10-18 00:00:00
df172721d81e6135d97fc547f2bf7666,76bdb58cf8cc2210c81ad6d464e99178,delivered,2017-06-13 13:59:13,2017-06-13 14:25:27,2017-06-16 14:26:03,2017-06-26 15:24:49,2017-07-07 00:00:00
583ad689dbd7bd2d996f11aa82865ae5,ffa6c1b1855a12e84bae4eb85a60fc2a,delivered,2018-04-11 23:24:24,2018-04-13 02:11:14,2018-04-13 18:03:15,2018-05-07 19:32:26,2018-05-11 00:00:00
237bc9f2aa86b56ab439b6a508832d88,7b3bcacef7cca9f803ce7ca9f3c43285,delivered,2018-08-21 16:25:09,2018-08-21 16:35:26,2018-08-22 13:52:00,2018-08-28 20:22:07,2018-09-19 00:00:00
d48ecf850e3d3c67a047a82b3243847e,7b98bc96af5ead5d853ffbec70f51b52,delivered,2017-06-14 15:32:03,2017-06-14 15:45:14,2017-06-19 19:41:48,2017-07-03 15:52:06,2017-07-07 00:00:00
4ef3c842b74a91b2524df4e621606c94,02dfd8931ac72171c45b5c8522cf4082,delivered,2017-06-07 07:29:40,2017-06-07 07:42:40,2017-06-08 06:26:41,2017-06-13 16:09:34,2017-07-12 00:00:00
1f8d2442829de7b25f179e4128b7ed8f,6b362121207fe289ac370990e1df46aa,delivered,2018-01-06 14:01:54,2018-01-09 07:20:07,2018-01-10 20:17:13,2018-01-15 19:59:05,2018-02-01 00:00:00
f1ffa84db833c490ced2c3bc52b1b833,0d1ee76cb9ade0437e79b7d5e081f70d,delivered,2018-08-05 19:41:36,2018-08-05 19:50:14,2018-08-06 11:59:00,2018-08-09 21:36:32,2018-08-22 00:00:00
1f153a6d92d413d94c540554a49e47fb,366bbd2e43543cbe8842b9d6c4c144d2,delivered,2017-12-15 23:53:23,2017-12-16 00:10:57,2017-12-20 20:22:06,2018-01-09 10:54:13,2018-01-18 00:00:00
cab82738404ec4bf9389ddd56a7aa784,06656bf78bcb39c3852e16abd900c1f2,delivered,2017-07-31 23:07:50,2017-08-01 00:45:21,2017-08-01 18:19:26,2017-08-02 21:07:37,2017-08-11 00:00:00
35917730026d50562c5945c14f98318a,eeccbeb8108e336dcfdcae4fd220dff4,delivered,2018-07-17 13:11:26,2018-07-17 13:25:11,2018-07-18 12:40:00,2018-07-24 19:54:30,2018-08-29 00:00:00
546b9703cec4a0b57e4573d7ded4ae12,2b1aeba2eecc28cc25ea11c0fb348706,delivered,2017-08-05 16:44:46,2017-08-05 17:20:12,2017-08-07 20:26:33,2017-08-15 18:53:01,2017-08-29 00:00:00
452659f1bbc22357a8b75386eb2beb34,c3ed98d5b448548f7d7cbd4571641183,delivered,2018-04-23 22:57:12,2018-04-24 19:07:37,2018-04-24 16:52:28,2018-05-04 15:20:51,2018-05-17 00:00:00
e0fd296b15be54dfdffe8accfcd8620e,48fa9cb2371de8de60287de50f79c74e,delivered,2017-07-13 07:04:49,2017-07-14 02:25:40,2017-07-17 16:41:27,2017-07-26 00:05:53,2017-08-16 00:00:00
a445af0d83713885b6b576796191b1fa,c0717bf8d4587e085bfb7bb4e8a52e33,delivered,2018-07-23 19:07:01,2018-07-24 10:31:44,2018-07-24 13:48:00,2018-07-27 17:24:37,2018-08-09 00:00:00
383730d8be253fb34891920a417f2861,456a071d45cbb3cc872071729ec31dd3,delivered,2017-08-01 11:12:08,2017-08-01 11:30:12,2017-08-08 02:19:44,2017-08-08 19:52:11,2017-08-14 00:00:00
f3ab2cdf3ea55d54d480a91a967bb501,976382878bacda15dea36ccd2bfecd54,delivered,2018-08-12 12:57:32,2018-08-12 13:05:12,2018-08-13 12:04:00,2018-08-14 19:11:44,2018-08-20 00:00:00
06b0e5a0e09e97a92ab2614c36c4bea6,80d02feec2eb2a0d3534442afe4e0e2a,delivered,2018-05-03 14:32:27,2018-05-03 14:55:03,2018-05-04 10:49:00,2018-05-10 00:28:49,2018-06-06 00:00:00
5433a0ef395e151f154279cd3fcde661,b2091c657df9c1f4566e2e1c2656a13a,processing,2017-06-11 05:05:03,2017-06-11 05:15:15,,,2017-07-07 00:00:00
b9b7f9bddf7affffff1c6da14e8144b0,a46d903e312bcaabd937e93363cae46a,delivered,2018-01-10 22:20:37,2018-01-10 22:33:46,2018-01-17 14:27:11,2018-02-03 07:12:40,2018-02-09 00:00:00
4699ddfefc61852827c3bc751aff6873,17296c1b3fa2a73cc61cf32378a0a042,delivered,2018-01-20 23:27:24,2018-01-23 03:39:33,2018-01-23 20:51:44,2018-01-31 22:08:52,2018-02-22 00:00:00
67384b4952e4e9da609ba03e96b87394,b99610bbe48a03cb9cb9af9898a4cf56,delivered,2017-03-09 10:42:24,2017-03-09 10:42:24,2017-03-10 15:21:20,2017-03-14 08:45:59,2017-03-28 00:00:00
19c12787aa9334d1ccac97bfab56e576,837ccdfb355e992a4a30a7cb9f79b4a1,delivered,2018-08-04 18:44:03,2018-08-07 04:50:27,2018-08-15 13:50:00,2018-08-20 20:23:45,2018-08-27 00:00:00
35ef29f36793696d79c36f7780a40dab,1415842b09543beb4df7db795479ce9f,delivered,2018-01-02 20:26:37,2018-01-04 05:16:24,2018-01-05 18:15:25,2018-01-12 22:07:18,2018-01-31 00:00:00
a4e716425319a6fefa5bf8c58eeccfcd,e665ff378c7fbc9320f3a9507cd7bfd7,delivered,2017-05-30 09:27:49,2017-05-30 09:43:04,2017-05-31 14:50:01,2017-06-06 09:36:55,2017-06-22 00:00:00
356f68057b81e3a00ee64a8e16051517,243710cf3eaa735289510feca045b51c,delivered,2017-10-03 13:17:00,2017-10-03 13:28:16,2017-10-04 20:03:12,2017-10-07 11:12:38,2017-10-25 00:00:00
1ecf7a9583c0f92f07515fcd970004f2,5c6dceb0afab23a9d5db737499265462,delivered,2018-07-30 12:40:45,2018-07-30 14:30:41,2018-07-31 13:53:00,2018-08-03 13:12:33,2018-08-13 00:00:00
beb200af87856babdcd5d936fa928d41,c9004dd2575225ba9a571106e0f575ae,delivered,2018-04-09 15:04:25,2018-04-09 15:30:27,2018-04-10 18:36:50,2018-05-07 21:16:46,2018-05-14 00:00:00
f0d233590ac45e46128b3300aee30db9,faf0dae677e3f41793027d0a8ee9e899,delivered,2017-11-19 18:41:04,2017-11-19 18:51:07,2017-11-20 22:41:18,2017-11-27 18:57:25,2017-12-19 00:00:00
935e2b59d8831e7e158e0a2bbf8f91c3,82f7ade78fed2e75bbdbbb5c9bfb5be2,delivered,2017-11-02 12:00:16,2017-11-02 12:10:21,2017-11-03 18:13:32,2017-11-17 16:35:57,2017-12-05 00:00:00
8cbc1df0d0a62f36bd6de6496435e51c,9bbf7c5d49d559d76ebd1d3a5ad8b5ed,delivered,2018-04-30 19:02:40,2018-05-01 02:36:42,2018-05-02 07:20:00,2018-05-09 18:04:56,2018-05-22 00:00:00
e317f41180b8a6fa3ce86b6fba6ac3fa,6285f604fa70a13975a094497da3bf6b,delivered,2018-06-25 20:52:04,2018-06-27 08:54:31,2018-06-27 07:37:00,2018-07-05 18:32:09,2018-08-03 00:00:00
cf0e7f7b96ea1d2939d084ae7b99f10a,f844205b357197a0a7a2f6937527d33b,delivered,2018-05-08 02:09:32,2018-05-08 02:32:01,2018-05-15 08:28:00,2018-05-16 12:18:32,2018-05-23 00:00:00
4a7ba6325c33a13c0b278d17d8852b60,97695065d34f80b2740f3b21f7b58493,delivered,2017-05-25 18:10:22,2017-05-25 18:22:46,2017-05-26 14:28:13,2017-05-30 11:21:39,2017-06-19 00:00:00
5a644da87ff0e3010f70d585f486e115,26c5ed84816686663128adfb3472a340,delivered,2018-01-11 19:15:06,2018-01-11 19:27:48,2018-01-15 17:06:44,2018-01-24 13:42:32,2018-01-31 00:00:00
2e167a5acbb1c31fd50faac2ac3986d4,84d873e3af10030dbdf741e8dac59fd5,delivered,2018-07-17 09:56:35,2018-07-18 04:35:13,2018-07-18 12:52:00,2018-07-23 21:28:44,2018-08-06 00:00:00
cfeaf2d533a561edf1924cce57d35cfd,9f8e4ecccb611b74938b089f0c883c00,delivered,2017-10-15 22:48:29,2017-10-15 22:56:25,2017-10-17 22:30:20,2017-10-27 20:37:59,2017-11-10 00:00:00
24496db5f9de478a647819c7eb075504,4c8e4c469add9342e1b2f8b20140625e,delivered,2017-04-28 14:41:39,2017-04-29 14:35:13,2017-05-02 11:23:16,2017-05-09 16:21:31,2017-05-30 00:00:00
bbb39449a277499952671cc64cbd7232,eec09eca4fd01d649cdc17286fb5099b,delivered,2018-04-17 11:12:39,2018-04-17 12:29:53,2018-04-17 22:46:22,2018-04-23 21:14:31,2018-05-10 00:00:00
78288ea406e8bdc11d35c15f1ac36931,25cccd60b48558d02884cfe4ca56cc70,delivered,2018-05-15 18:06:07,2018-05-15 18:34:44,2018-05-17 11:57:00,2018-05-18 21:42:47,2018-05-30 00:00:00
3ad2e497fdcd8a39a30da81b156b3b31,7a50dfdc0a0dec6327ed4d772793e812,delivered,2017-12-10 11:09:43,2017-12-10 11:30:04,2017-12-12 00:38:33,2017-12-18 22:04:29,2018-01-10 00:00:00
92460f9c0d34e466aef5b66f5c2ab91a,44f7cdbdaa2f209f0bbedbc33f49d1d3,delivered,2017-04-04 10:30:20,2017-04-06 02:42:56,2017-04-07 15:46:25,2017-04-17 13:30:09,2017-04-25 00:00:00
8a869c5b11ad7a70c229a9d119f245a8,77052b5023b16260835d701c7040f9b0,delivered,2017-07-28 09:38:42,2017-07-28 09:50:25,2017-07-28 19:32:44,2017-08-03 17:17:52,2017-08-28 00:00:00
aa7e3a2bfaf2aa8869ba241172c7ee1a,5f5147e3ab165c9bd8caa7c7beb0231c,delivered,2018-01-28 20:46:15,2018-01-28 20:53:22,2018-02-02 23:08:37,2018-02-16 23:14:51,2018-02-21 00:00:00
0fe71fb21be89a6d57f98ae7c65d80cb,0c3e6bbb4d61582f912d3acb1adb8981,shipped,2018-03-20 10:06:38,2018-03-21 10:10:25,2018-03-22 20:52:42,,2018-04-24 00:00:00
0f30693cac68f8597594c35a1dc38a8e,9a667cf2c1f4d414eb5f05d55c22318f,delivered,2018-02-26 20:54:20,2018-02-26 21:09:09,2018-03-12 18:32:43,2018-03-30 00:11:00,2018-03-20 00:00:00
e6af9b3f52266ed3aee09ff6bb028afc,1e7669e900934e588bb96f581c45d359,delivered,2018-04-10 13:25:19,2018-04-10 13:50:52,2018-04-13 23:31:36,2018-04-26 20:42:27,2018-05-08 00:00:00
38ac0cc1879cabf9cb23a2e8f217acfe,5fc34cc05aae2598fc6100012d44056c,delivered,2018-02-14 13:11:45,2018-02-15 04:40:36,2018-02-15 18:59:12,2018-02-16 19:17:46,2018-03-07 00:00:00
395524f8aeeae5579f5b660148e450bc,1f31410fe9060920ac77faf5ad2e3632,delivered,2018-01-21 09:03:17,2018-01-22 13:44:32,2018-02-05 14:53:18,2018-02-23 20:49:10,2018-02-23 00:00:00
064330ca980cc4023706283a3c4b89a4,a0be8bd8b97ca99891f726d57b57bfae,delivered,2018-07-29 21:19:49,2018-07-30 12:35:18,2018-07-31 11:32:00,2018-08-01 11:21:00,2018-08-06 00:00:00
1166012db74ae7b2b443c002e1c0c019,9ece655f10c367e6839d25c4a46ad673,delivered,2018-05-09 20:10:03,2018-05-09 20:32:49,2018-05-12 08:18:00,2018-05-15 00:36:44,2018-05-24 00:00:00
28a0a966e6d2214f62b0332d9ed35f5d,8afc445babe482e211f399adcdf5c516,delivered,2018-02-20 22:17:52,2018-02-20 22:30:29,2018-02-26 11:37:11,2018-03-17 17:49:25,2018-03-19 00:00:00
2c9efd6e429c8bfc4f59a509334aabf0,e69ebee136e7b65b641c6839b5f5e743,delivered,2017-11-13 20:44:51,2017-11-13 21:31:37,2017-11-14 18:25:08,2017-11-22 21:28:41,2017-11-27 00:00:00
841a78e6ae7179553c784f4a69955d5b,86aa5fc8f65c55027ad99b9ed5d272b1,delivered,2018-03-02 21:00:22,2018-03-02 21:40:26,2018-03-08 00:38:40,2018-03-14 17:59:25,2018-03-20 00:00:00
7f81a8a172eddc4f7afaf02eb94ab824,85191fae8e27da08a50395638532e838,delivered,2017-11-06 09:50:33,2017-11-07 09:46:24,2017-11-09 18:14:56,2017-12-18 11:38:57,2017-11-22 00:00:00
e22f8395265cb423def2d5c028f0f34b,45360c874acf24110baf02fb5d2314d4,canceled,2017-12-01 01:42:22,,,,2017-12-28 00:00:00
5156f62d18510bbdc946ebbe9846a6d4,e59ea0ab16e4c5d4e49442b7ad210ef0,delivered,2017-08-07 00:18:41,2017-08-08 03:55:47,2017-08-08 19:51:18,2017-08-17 20:47:52,2017-08-29 00:00:00
7900ff338051fc207475b59ae5465060,6b8b4a6e41b8917b1d46ab80502aaaa6,delivered,2017-08-29 15:19:22,2017-08-29 15:35:30,2017-08-30 20:47:41,2017-09-05 22:03:45,2017-09-22 00:00:00
ee3e4667c7774f7a6b61e1990ec78cf4,ad21195ebbb59e7ee06a5f4a769037c2,delivered,2018-01-09 15:31:14,2018-01-09 16:32:35,2018-01-11 22:10:46,2018-01-12 21:56:11,2018-01-26 00:00:00
368df49737936bddc9d47a700a1920b9,ef3603c61b3afedf0cd74652a06dca96,delivered,2018-08-09 03:35:29,2018-08-09 03:55:22,2018-08-09 13:23:00,2018-08-16 21:04:35,2018-08-20 00:00:00
58dfbee60e4d1073dcfe6f7a9d8f6043,fb5984b299eb1ae66a2f6725317a495c,delivered,2017-08-29 14:29:07,2017-08-30 02:11:20,2017-08-31 15:18:29,2017-09-06 22:21:26,2017-09-19 00:00:00
996936689b68af80b51ef3c429a4f386,bf9a4770691ff9b2ddb07f4beb77d4ad,delivered,2017-03-02 08:17:50,2017-03-03 02:15:17,2017-03-03 11:49:20,2017-03-13 11:47:56,2017-03-28 00:00:00
df09698fab7f356cb66e565dbcc436b6,89f3ec66fbc0b0c1da93ba74b37cf743,delivered,2018-04-19 15:54:13,2018-04-19 16:18:47,2018-04-20 21:44:52,2018-04-27 21:03:35,2018-05-10 00:00:00
0652543c9f8586d33500c3d0e4ddc6a6,eb20fef7768b67afc7386c89b07fc19b,delivered,2017-05-11 12:28:01,2017-05-11 13:05:52,2017-05-12 10:05:40,2017-05-18 09:59:34,2017-05-22 00:00:00
915a913fc05ab382dafb7776ea8c9580,42a99ab9bfd1b17172c9d6a31e4958c8,delivered,2017-11-26 18:28:51,2017-11-26 18:53:43,2017-11-27 21:45:06,2017-12-05 15:18:03,2017-12-29 00:00:00
564cf6104644e5122d47adf8bf6276c5,d0de9107620b75a740ddfd310ab01c5c,delivered,2017-12-16 21:21:54,2017-12-16 21:31:34,2017-12-18 21:59:00,2017-12-29 21:48:35,2018-01-19 00:00:00
088858a852d62de0c175c9cc4bc0ddb6,c49ddc57f4de85a5c7694bf37f9b525d,delivered,2018-05-13 13:35:03,2018-05-13 13:52:16,2018-05-15 09:06:00,2018-05-17 21:19:51,2018-05-28 00:00:00
30e20eed39fd29394a3adad92a43f3e2,b435676aab06e1a53ef42f979d671ce8,delivered,2017-12-10 16:42:30,2017-12-10 16:50:49,2017-12-11 19:57:00,2017-12-18 17:34:07,2018-01-04 00:00:00
cd0c854775bce057e6a7e27c79a58f00,4b11226427fb245d9d0cb91d0a339e81,delivered,2017-12-18 14:36:09,2017-12-20 11:50:46,2017-12-21 12:23:53,2018-01-09 19:52:09,2018-01-30 00:00:00
a0d3b62390e72dcfd8fc6b29c1af0061,fe9a30a8c40ddbb91c3399e7bd78c50f,delivered,2018-08-15 18:28:56,2018-08-15 18:43:58,2018-08-16 12:34:00,2018-08-17 17:36:46,2018-08-20 00:00:00
85b65cf0a36d51265b279d78117ea65e,72e7b1a8c79c9f535652bd2515b77781,delivered,2017-10-19 22:35:48,2017-10-20 13:14:54,2017-11-10 20:28:33,2017-11-20 16:58:27,2017-11-14 00:00:00
5a13b2c8622862250d7b78581dfbb759,ecdf8a367907e779938b1b6410c45824,delivered,2017-11-24 14:04:00,2017-11-24 16:13:20,2017-11-27 19:17:15,2017-12-01 20:39:05,2017-12-15 00:00:00
8faff12af96ce78eba0d5b1597d5baa9,4fa01e0af9f436cc5b6b2eb3fbbb6b1d,delivered,2018-08-11 22:51:13,2018-08-11 23:04:20,2018-08-13 14:50:00,2018-08-16 18:42:48,2018-08-28 00:00:00
dd1eff57387644bafd3823d2d49560b7,a6d1f7d3fee8f81223a0baf690ce7557,delivered,2017-11-20 11:47:23,2017-11-20 12:11:32,2017-11-23 18:04:44,2017-11-26 19:09:06,2017-12-01 00:00:00
61c89d7dc798716af59ae91e97643681,574991f8027e5776efdeab8cf4c67c92,delivered,2017-11-24 10:07:13,2017-11-24 11:52:07,2017-12-05 02:35:08,2017-12-12 18:34:08,2017-12-14 00:00:00
f6283491927c2351151a06cf8c22f7d5,bc731f33215a6ba7fd9ec9f2d984f132,delivered,2017-06-28 18:16:49,2017-06-29 18:25:09,2017-07-04 11:37:51,2017-07-20 19:23:45,2017-08-03 00:00:00
0170e40334131d971605ae70efb33e4f,c0c87e50917bad186dc13135c1820d25,delivered,2018-07-18 07:17:35,2018-07-19 04:35:18,2018-07-19 11:02:00,2018-07-27 17:02:28,2018-08-10 00:00:00
288b02fbf09f1c9f2ad1e4ef18124c1e,539c396e8ba2bd4ed701c8b6c80ffa3e,delivered,2018-03-05 21:52:15,2018-03-07 02:28:51,2018-03-13 00:05:32,2018-03-20 10:12:31,2018-04-03 00:00:00
2f7e28557591670c3bafadee171c72b0,26f9fd598531fc99fba0352f45cbbda4,delivered,2017-10-09 19:29:20,2017-10-09 19:42:18,2017-10-11 13:43:59,2017-10-24 17:59:42,2017-10-31 00:00:00
52ccb6a04d727e7ccc854dff8458dfb0,efef3994424e23ccbe4a144fd734e9af,delivered,2018-01-18 15:56:03,2018-01-18 16:16:27,2018-01-19 20:24:59,2018-02-08 02:13:30,2018-02-21 00:00:00
1053f48dab84166419bcecff0003c7b9,7b2cbf1521e98968f700c881a38a1663,delivered,2018-03-09 19:20:38,2018-03-09 19:48:15,2018-03-15 01:48:44,2018-04-19 17:55:26,2018-04-06 00:00:00
df54015966b3fa00a42222b5a0e21348,a100558331df579cc459520c1e39fd0f,delivered,2017-09-11 16:11:41,2017-09-11 17:45:21,2017-09-12 22:13:27,2017-09-18 20:11:57,2017-09-27 00:00:00
fb6d9f2b63d335de19b9df4b1c4a6f51,a8f5f338424e31f8352a3969e8c40a73,delivered,2017-11-25 16:17:31,2017-11-25 16:33:06,2017-12-06 13:52:26,2017-12-18 22:29:15,2017-12-15 00:00:00
3972df2fee6713723d3c001075f1a039,692dd6534618720df0e4d0e06ef0a72f,delivered,2017-09-07 12:35:23,2017-09-09 05:15:24,2017-09-11 20:05:50,2017-09-19 17:49:51,2017-10-05 00:00:00
f74a92993942e72d5f55c192272b02e0,ae4b6534cae9a56678c7eb71960055e3,delivered,2017-12-11 08:39:08,2017-12-11 08:49:11,2017-12-13 17:32:47,2017-12-15 22:18:35,2017-12-28 00:00:00
037f4f91c8f5cd2a6ddd52a63d97fdcc,b5dbaddb7666f875d9a348cb0584823e,delivered,2018-07-18 21:08:44,2018-07-18 21:15:21,2018-07-19 10:06:00,2018-07-23 11:41:56,2018-08-01 00:00:00
4c43459211e81f383114dbcc328b7ac4,87b0f958aaaec28178234d90c137cd53,delivered,2018-06-21 19:23:29,2018-06-23 01:40:18,2018-06-27 08:01:00,2018-07-03 16:19:02,2018-07-27 00:00:00
777f517b51cac586a9532d1d8b596c10,ddf1bb1abaa86fab121917640f8c04e1,delivered,2018-02-26 18:41:04,2018-02-26 18:50:48,2018-02-27 21:26:46,2018-03-16 20:58:54,2018-03-19 00:00:00
839f4f226f1d843a3922ddb8b3637cc3,d53b03fbfa45a0e2be9b4032538bc93c,delivered,2017-07-24 21:11:25,2017-07-26 02:23:55,2017-07-27 14:51:53,2017-08-04 20:28:22,2017-08-15 00:00:00
7f19df33207d507c5b83aef798aff0d2,35939fb9cef5fb267abdccfe56f1de5e,delivered,2017-11-30 11:06:56,2017-12-02 02:51:28,2017-12-04 22:46:47,2017-12-21 21:19:03,2017-12-28 00:00:00
ebfd84fa76eb56fdefe0b656500fac4d,a5ee477d5af9fcafb0b8fee8431d2fbe,delivered,2018-03-22 09:49:40,2018-03-23 02:15:48,2018-03-27 01:06:43,2018-04-05 17:27:50,2018-04-24 00:00:00
12d9b7528c95b9b6d2f087195ba47d60,a91773a9a78bebced761d973bfa12050,delivered,2018-02-02 02:28:34,2018-02-03 02:29:52,2018-02-05 23:12:47,2018-02-15 15:42:47,2018-03-01 00:00:00
6ae192daf1b6e9b99225e7300b79df48,ac12022931d88a2a8688a62d0f583f51,delivered,2017-09-02 20:38:01,2017-09-02 20:54:30,2017-09-07 00:04:23,2017-09-12 17:55:30,2017-09-27 00:00:00
5708ae647d7017fafc39273981150d84,febcf121404f8430f271a004c6d7b29c,delivered,2018-01-28 00:47:12,2018-01-29 00:49:02,2018-01-29 16:26:04,2018-02-05 13:02:47,2018-03-06 00:00:00
fc698f330ec7fb74859071cc6cb29772,e779303d9317edc7bce9f584ccaa59e3,delivered,2018-04-18 09:02:27,2018-04-19 02:32:11,2018-04-20 18:46:27,2018-05-09 18:52:09,2018-05-23 00:00:00
7fece9c7487cb93f6d37df78e2283d07,e34c642add1c46f0904e95997afac775,shipped,2018-04-11 21:29:11,2018-04-12 11:15:25,2018-04-12 22:54:26,,2018-05-10 00:00:00
ad2a607cb972296b63c687849e21dd34,a93aaf1f50fd874a8d2cf3413cc2a9f3,delivered,2018-03-20 12:46:43,2018-03-20 12:56:39,2018-03-27 19:28:02,2018-05-04 13:06:54,2018-04-19 00:00:00
b26aeba3d93317ee71f2902c276eb992,ecd03985c15a896c85a422875492ea22,delivered,2017-09-11 12:24:23,2017-09-11 12:43:27,2017-09-14 18:06:56,2017-09-18 21:22:41,2017-09-28 00:00:00
37d089b7d517ada3881ba31935310e4f,afd8a87f50245eae509882b78dfc038c,delivered,2017-08-06 16:35:54,2017-08-06 16:50:07,2017-08-07 18:07:06,2017-08-17 18:42:50,2017-08-29 00:00:00
7aa4279cc25c67bbcf033b0ffa8e5587,e856f89269e191682aec4066d32ffa45,delivered,2018-08-15 06:58:44,2018-08-15 07:10:18,2018-08-21 15:37:00,2018-08-27 21:18:38,2018-08-24 00:00:00
460d57443ffdcaeba240360239747cf7,2514a33b1704c36bdfbe51840e105cde,delivered,2017-09-03 20:33:37,2017-09-03 20:45:16,2017-09-06 17:45:50,2017-09-12 17:27:30,2017-09-26 00:00:00
cf2b932d25c7f902faa52f469b89c1c2,df65599cd5fdaba371377ec2b8d533ce,delivered,2018-08-10 18:58:47,2018-08-10 19:15:10,2018-08-13 14:24:00,2018-08-15 14:55:01,2018-08-23 00:00:00
cd05165a846200165f408aac54408021,a6bd6725b70ed51d4c079b42b1880c26,delivered,2018-04-27 11:18:46,2018-04-28 03:11:00,2018-04-30 12:47:00,2018-05-07 19:05:56,2018-05-24 00:00:00
d91ebca111fb89e1ebbf4725da3120ea,308667a56967ca75ca916f6f143dcd27,delivered,2017-11-20 11:44:44,2017-11-20 11:56:33,2017-11-23 17:41:08,2017-11-25 12:14:52,2017-12-01 00:00:00
031494323fa558eee8dd1bd06fc34713,13cf269afee757997898d939075f59ce,delivered,2017-11-26 15:44:00,2017-11-26 15:55:02,2017-11-28 20:41:31,2017-12-22 20:49:04,2017-12-21 00:00:00
e37400ea2216206cb88f2d8c87b4aa35,35c5fd514f5eed2913f71df5a01451f2,delivered,2017-08-22 21:03:27,2017-08-22 21:15:25,2017-08-23 20:34:12,2017-09-11 18:52:49,2017-09-18 00:00:00
3c81b1eb31a46822410a4fb9b43f0678,5109f7754f31f131856a4f354bb9d4b1,delivered,2017-10-05 16:48:28,2017-10-05 17:05:32,2017-10-06 13:51:53,2017-10-20 20:29:57,2017-11-08 00:00:00
f0bfdaee5a30958776a78ce4e83a674e,20c55ae838d61c4c013d1a10c50e7d80,delivered,2017-12-12 12:37:57,2017-12-12 12:48:54,2017-12-15 00:46:12,2017-12-15 23:33:44,2017-12-29 00:00:00
c756513ece003700723bfa5e6f8abc65,bff87edaf15e6cfa480094a5717d9f0b,delivered,2018-03-12 09:39:19,2018-03-12 09:55:33,2018-03-15 20:48:28,2018-03-19 20:38:42,2018-03-28 00:00:00
cc72d62c9da97fa8f846e9403f0fe57f,1bf87f7da7bffcc76319558c3f1a2105,delivered,2018-04-15 11:34:35,2018-04-15 11:50:28,2018-04-17 14:43:43,2018-04-25 13:37:49,2018-05-09 00:00:00
b7716ace923ed81a5f2df20115695b2d,cc708205c142818e4e7d22634553b8c8,delivered,2017-08-24 07:55:40,2017-08-24 08:10:15,2017-08-25 21:13:16,2017-09-12 16:05:18,2017-09-28 00:00:00
ca836e631fd3b9408c19cf18ee331e08,49028f064e4f19ec1ce88607c1b40595,delivered,2018-04-04 11:40:12,2018-04-06 03:28:46,2018-04-07 01:42:39,2018-04-13 19:08:30,2018-04-26 00:00:00
4183a895b0b1ecb44aacb723661eec8d,8fbc2f7fecc58a98fbd87a538b03dfe4,delivered,2017-08-01 12:07:39,2017-08-02 03:05:22,2017-08-03 14:07:45,2017-08-09 18:58:13,2017-08-22 00:00:00
739bb3840069271e1c2a54f5b485b695,58be67590e18c3d1e7d611dc65eda107,delivered,2017-08-27 19:49:14,2017-08-27 20:04:54,2017-08-29 20:38:45,2017-09-06 19:37:50,2017-09-22 00:00:00
f3b26a8dbd85e93a90ae813f6d67b2a0,53225ce513466acef19da0494fa7a7c6,delivered,2017-11-24 14:54:11,2017-11-24 17:10:38,2017-11-27 16:49:59,2017-12-06 22:32:58,2017-12-26 00:00:00
2049584f67990d0732321de66fb36c55,ed92d1913b9c8d523d1564eda756d622,delivered,2018-03-02 23:32:54,2018-03-06 03:55:30,2018-03-06 19:07:55,2018-03-22 17:04:37,2018-03-26 00:00:00
8092a6dba7ee1ea9d61883db8a08fb14,5242064c3dba5715dffe970d03bc7f70,delivered,2018-01-06 18:54:39,2018-01-06 19:07:33,2018-01-15 18:38:36,2018-01-22 16:10:50,2018-02-06 00:00:00
e5882de2409ffb5a26782367e95b91ba,7d66a925cb032def39bd1476c0cfa518,unavailable,2017-06-30 13:26:22,2017-06-30 13:43:43,,,2017-08-08 00:00:00
fa1ce52b7f5e83c4473226c0a7ad131a,0750bb350b6dc48f9a8739754b75bf63,delivered,2017-04-26 11:08:57,2017-04-26 11:22:33,2017-04-26 12:26:21,2017-05-10 19:57:56,2017-05-19 00:00:00
4aa95ac048b026918957d83319f5eca6,52a10e6a657afbd2032734f1e9af8428,delivered,2017-02-07 21:24:48,2017-02-07 21:31:25,2017-02-09 08:38:19,2017-02-16 12:12:17,2017-03-08 00:00:00
8c8ab4a6c61aaea6eccaed2958c36231,4b4466ba57ada97066e473b023c99db9,delivered,2018-08-15 09:27:37,2018-08-17 03:10:22,2018-08-18 08:54:00,2018-08-25 00:11:48,2018-08-30 00:00:00
ee43fa4abdcd5f9e2c4ab7f972628c3d,80b980f78e474fd033f298daeb5663f2,delivered,2018-07-10 11:37:03,2018-07-10 11:50:15,2018-07-12 14:34:00,2018-08-03 19:21:59,2018-08-01 00:00:00
dbac9bca550d09c1e25a38dc0086d448,34dc1959beee5ccbddabcbe79132f8b3,delivered,2018-08-18 22:36:58,2018-08-20 10:51:10,2018-08-21 12:25:00,2018-08-24 13:38:52,2018-08-30 00:00:00
572060f1be47253575daf3b88019195d,79a44abc3163fc1830f6afd0dc9acfc7,delivered,2017-11-10 11:05:17,2017-11-10 11:27:15,2017-11-14 22:41:55,2017-11-16 13:34:29,2017-11-24 00:00:00
c4da6253784e49138f9ead8b46280c0c,6ad4ec95ea482c3e3cbddb2295b3d604,delivered,2017-06-09 23:37:22,2017-06-09 23:50:14,2017-06-12 16:46:43,2017-06-19 11:25:34,2017-07-04 00:00:00
646a1b93987d2552d842a2f34db266fd,20a6f66a60ad60d0ad594a9a208093d3,delivered,2017-12-04 13:31:34,2017-12-04 17:14:35,2017-12-06 12:46:53,2018-01-03 17:10:27,2017-12-29 00:00:00
c0e9dcdcd3862119d8650ae98410faff,616466bd090f63f7898fc58b61970ee1,delivered,2017-08-30 22:03:56,2017-08-30 22:15:13,2017-08-31 16:37:52,2017-09-01 17:59:58,2017-09-12 00:00:00
c057007d38fa1eb53e9eaf0602830467,c9cfc1234b16803061a24d2ed1bbcade,delivered,2017-09-15 13:10:59,2017-09-16 02:55:44,2017-09-18 18:05:43,2017-09-19 20:40:18,2017-09-27 00:00:00
8be7a307c750d151af4661da51b2bfa5,671947694b39943052686bffca0fd9b4,delivered,2017-04-19 21:20:47,2017-04-24 23:32:12,2017-04-28 09:49:06,2017-05-05 19:06:44,2017-05-09 00:00:00
7c1775b55c23f7d7c2f85ac8e2e3c549,706c5c694c0a736613b82ea666f1765c,delivered,2018-08-21 19:10:55,2018-08-22 10:55:24,2018-08-22 15:13:00,2018-08-27 20:24:39,2018-08-30 00:00:00
0a814fddd9db7c515225361a87b607bb,1b191050c9ddcb4fcddae8677ae55983,delivered,2018-04-14 22:10:14,2018-04-14 22:31:43,2018-04-17 18:58:34,2018-04-26 19:29:03,2018-05-21 00:00:00
90c9aa0e4721db1de14e8528707b21a2,32ebbfb86919756caf044b0ccca5e316,delivered,2017-05-19 12:41:28,2017-05-19 12:55:28,2017-05-22 10:47:44,2017-05-24 15:04:15,2017-06-01 00:00:00
3568894fa3afedc367d3a4816983dceb,bfbe1fd99d9d53a58d06966a0f4eb5de,delivered,2017-01-24 15:59:17,2017-01-25 02:42:25,2017-01-27 07:05:47,2017-02-09 06:28:44,2017-03-01 00:00:00
b884f6bb613dfe8c46e6dbc9285f3fc7,b30a923086e4f07fff8c0ca08fca2e2d,delivered,2018-05-07 15:01:20,2018-05-07 16:52:53,2018-05-08 10:07:00,2018-05-11 22:05:35,2018-05-23 00:00:00
e53a8a6728d3ba5c3662929455d7a6d3,f2620c7f70e8cf8c8c53de4ad4a80ff1,delivered,2018-08-16 22:03:02,2018-08-18 02:50:59,2018-08-21 15:11:00,2018-08-27 22:18:43,2018-09-03 00:00:00
c2ec5dfbcdd442236f5aa871c8da0593,3e15efae32c4b38d85ae97b8bbd101af,delivered,2018-03-22 18:37:22,2018-03-22 18:47:39,2018-03-23 22:10:46,2018-04-13 02:08:29,2018-04-11 00:00:00
803f15601207b09e8cf7c80a4fdb1e30,98cf5a598b51e6d8e0e169bb54bc807e,delivered,2017-06-30 14:08:39,2017-06-30 14:23:52,2017-07-04 14:32:16,2017-07-18 21:59:31,2017-08-03 00:00:00
246161390a20f964881feeaeea896671,0036875772a8eeb391b8cd7226283fdd,delivered,2018-01-21 22:49:14,2018-01-22 14:03:20,2018-01-24 16:58:52,2018-01-29 23:13:18,2018-02-16 00:00:00
6a5a302850fcda00dc96d742bcb810f2,aab6159a949e85ac6cc9ed3d75bf36ee,delivered,2018-03-19 13:15:31,2018-03-19 13:30:01,2018-03-21 18:36:15,2018-04-11 19:02:54,2018-04-09 00:00:00
9dbaf3879dfddfc43171aaf9a9c0a82a,a36b51ac1817af488ecb95f6e8247cfb,delivered,2017-09-06 22:07:43,2017-09-09 05:15:59,2017-09-11 15:05:48,2017-09-12 12:19:11,2017-09-19 00:00:00
dd1d5e5b6e4be8779186eb9cafd2f44d,f521a7efe39c29935169acd2d1074f76,delivered,2017-08-02 16:03:22,2017-08-02 16:15:11,2017-08-03 15:34:18,2017-08-08 22:06:32,2017-08-22 00:00:00
abf60bca751436919479c6ad94cf5c0b,28a1088aae1930e4e87d05707d06e4fd,delivered,2017-08-20 17:34:32,2017-08-20 17:45:10,2017-08-22 16:18:55,2017-09-06 20:39:57,2017-09-13 00:00:00
15c2d2803c9a7a4ba8f528a65814848d,474ea672696b1f26ea40d7e7e2bf357f,delivered,2018-04-24 13:34:14,2018-04-24 17:42:46,2018-04-25 13:41:00,2018-04-30 15:08:44,2018-05-17 00:00:00
e87fe257e39252f5ed241bcb6222d2f7,619786d432210e74c96960702feae513,delivered,2017-07-14 13:32:08,2017-07-14 13:45:18,2017-07-18 11:49:46,2017-07-25 21:44:06,2017-08-07 00:00:00
2f1a5157e323f52d58fca608db06ac82,0cba5ae69e1d511fdf214aa4ab92740b,delivered,2017-12-10 13:52:40,2017-12-10 14:10:30,2017-12-15 14:56:42,2017-12-27 22:42:44,2018-01-05 00:00:00
625b0b3fa9345b547eac735d4f4257e7,2a296f30a02ae6035b00bd6c1fd2a67a,delivered,2017-08-24 01:42:27,2017-08-24 02:04:42,2017-08-25 12:53:43,2017-08-29 00:17:52,2017-09-12 00:00:00
ad2e046d1a59ee49ddf9ae258360b81b,412ccfcbac9738eaa7df3fe0210d9e3b,delivered,2018-08-15 07:28:01,2018-08-15 07:44:06,2018-08-16 12:21:00,2018-08-23 19:08:35,2018-08-22 00:00:00
ac28921ef185c0a4f81b4fbbdf4d645e,023a2dda10505c5b757b7f9887f5c41f,delivered,2017-10-28 16:36:44,2017-10-30 22:31:39,2017-11-07 17:08:46,2017-12-05 04:10:01,2017-12-08 00:00:00
93f02e3d7633cf1fa948b35b5003cb18,45919ce8424f0a7c9d630e5c18f66524,delivered,2018-03-09 11:58:20,2018-03-09 12:40:32,2018-03-19 19:48:29,2018-03-27 00:26:45,2018-04-13 00:00:00
ace32c3a7cdce2ac7c62d0ca6c39b0bb,26997b17345ddc68675c19aad4a883eb,delivered,2017-11-05 16:50:18,2017-11-05 17:07:09,2017-11-08 18:38:30,2017-11-21 19:56:07,2017-12-05 00:00:00
4ce8d6f2dbc2018073f91128c347de84,0d94d871bfa2907282e049f310f5b335,delivered,2018-02-28 17:07:15,2018-02-28 17:49:37,2018-03-06 14:21:56,2018-03-07 16:37:07,2018-03-13 00:00:00
7fa26263c600a79bed73952426428e65,56971ad39cccab11ebaa0266e87956b3,delivered,2018-05-03 16:31:02,2018-05-03 16:56:31,2018-05-04 13:18:00,2018-05-14 15:12:20,2018-05-25 00:00:00
ca5fde2f82e0bb2a7e7727f165b28abe,04c988f07a548026c43187109042f220,delivered,2018-04-16 21:25:47,2018-04-16 21:52:22,2018-04-19 19:44:35,2018-04-20 20:51:27,2018-05-03 00:00:00
3eb0f85a2cf629b092487dbf1847ff9b,66b4fbad0c2c977805b10a2fcd76c861,delivered,2017-09-02 10:09:12,2017-09-02 10:24:09,2017-09-08 17:41:40,2017-09-20 20:21:59,2017-09-27 00:00:00
88d9499b5882f39b760f29c92acd6f2f,1e2484fadfefda5f6e9cdbc78b909fc2,delivered,2018-02-08 00:28:22,2018-02-08 01:09:42,2018-02-09 17:33:37,2018-02-19 16:46:00,2018-03-13 00:00:00
68129c60d17ca69bb5fb45039751eb42,77a0964ee68f17b3626dce1a80fc54d5,delivered,2017-10-07 16:35:48,2017-10-07 16:49:36,2017-10-09 20:17:55,2017-10-24 20:52:23,2017-11-07 00:00:00
a66719a9e64cf864937c6c2a598d048d,d614da50a33861589e1baa3ff6ffe610,delivered,2018-04-01 21:48:34,2018-04-03 05:35:15,2018-04-04 18:12:17,2018-04-18 17:14:35,2018-04-18 00:00:00
a797f338da66eefca816db5328d5e5ab,2cccb8ea24cb1aaeb3aaa7710517705b,delivered,2017-05-23 15:08:40,2017-05-23 15:23:19,2017-05-24 13:09:34,2017-06-01 11:28:04,2017-06-26 00:00:00
08d19d4c103470970b2f830e48e2d3a2,b419379d557fd4ee484ba77e2603d523,delivered,2017-12-04 15:33:38,2017-12-06 15:31:55,2017-12-08 02:33:45,2017-12-19 20:37:54,2018-01-02 00:00:00
2567b61de29297da09bb8da381d2b37e,58e9cc6f523e29753c2a494f136953ab,delivered,2017-08-30 13:59:06,2017-08-30 15:15:29,2017-08-31 19:47:46,2017-09-04 20:51:35,2017-09-18 00:00:00
debbc667d166dc32a2733fb0d660ca46,7bc4316012cadd7bd72e39fa69b5cc07,delivered,2017-11-29 13:27:11,2017-12-01 11:32:12,2017-12-01 21:19:39,2017-12-19 17:18:24,2018-01-03 00:00:00
993fcce2140b7440c34a447faedea0d6,8451ec0d95319062cc9c6911b2f8924a,delivered,2018-02-04 17:11:22,2018-02-06 09:10:24,2018-02-06 19:22:01,2018-02-19 12:57:36,2018-03-07 00:00:00
110e1980401cf18f27590b4023ff5e32,f0966e2b4cd732ffffaf17f1870e72c5,delivered,2018-05-31 17:48:06,2018-05-31 18:12:51,2018-06-01 14:40:00,2018-06-04 23:29:29,2018-06-26 00:00:00
013aa6ba5077072401773f83f1ee6408,4c91265edcfe58dd5ce2dcdb2fba7813,delivered,2018-07-25 11:31:15,2018-07-25 11:45:10,2018-08-02 13:27:00,2018-08-15 17:55:38,2018-08-20 00:00:00
2db72c1513eb12a34d183d40a7291014,9691726baec5a32ce2780c8a4f40e0ad,delivered,2018-02-18 06:27:27,2018-02-20 07:15:38,2018-02-21 20:46:58,2018-03-12 17:48:31,2018-03-19 00:00:00
5bf19c7e8991698d4f0f3430da7e57a6,f980a49c5ca07a32a7958a75b6d190d0,delivered,2018-07-17 02:07:26,2018-07-18 02:05:09,2018-07-20 13:21:00,2018-07-24 16:17:37,2018-08-02 00:00:00
8dcd08ba1ddd245791d0fe2a764d7c0c,ef47133f0b956dbc78dfe1a7e1d0b9ea,delivered,2018-08-15 21:32:29,2018-08-17 04:09:53,2018-08-17 07:23:00,2018-08-24 21:40:59,2018-09-03 00:00:00
961e941567157246b67c0c448fb7252e,b009979731cd5472c89849587673800e,delivered,2018-05-14 17:28:10,2018-05-16 02:53:52,2018-05-16 10:38:00,2018-06-11 01:32:07,2018-06-11 00:00:00
1a7c68f8b0d5a140d89aa6ab7f7b4409,f3aba96f3eceba3cdf6bd72d2bccb867,delivered,2018-06-26 10:48:18,2018-06-26 11:18:07,2018-07-03 14:41:00,2018-07-07 16:18:27,2018-07-30 00:00:00
1539c0a503a87cb20a5d11a435149b2a,3d86355baeb91ee332daa6a7299b4280,delivered,2017-06-13 16:38:14,2017-06-13 16:50:24,2017-06-16 16:02:39,2017-06-26 10:03:43,2017-07-04 00:00:00
b5ce2ab79c7923ac899f38c6f48ade42,8da4c2f6272f4a9218d9dda0f025495c,delivered,2017-09-06 12:59:56,2017-09-11 13:55:50,2017-09-29 19:51:11,2017-10-16 14:52:01,2017-09-28 00:00:00
e327b0b5a08cf398b21ebfd6a36b38c8,968b4bf6385fe1f935ec48185a1f6a22,delivered,2018-08-08 16:35:30,2018-08-08 16:45:16,2018-08-09 12:49:00,2018-08-10 22:11:39,2018-08-13 00:00:00
5529ec8272cda325d9f9300e9bb09d5d,31f0bfed6ed789da8198c1478815e537,delivered,2018-06-10 11:48:43,2018-06-10 12:17:17,2018-06-12 14:09:00,2018-06-22 22:18:35,2018-07-11 00:00:00
a7881f54a20f4f7547971f089438b078,735fb1ee87aa26987bc7e2416b167054,delivered,2017-03-22 10:35:21,2017-03-24 01:31:49,2017-03-27 13:26:32,2017-03-30 15:07:45,2017-04-18 00:00:00
c04e014dcd8cd03c0965032a263f2a8e,7047310f94a69fcacee337a4a8e5ef66,delivered,2017-11-20 18:05:05,2017-11-20 18:13:24,2017-11-22 18:22:07,2017-12-01 16:22:50,2017-12-12 00:00:00
786cae661e4ef4209fe7721d5b85cc7e,b10f39e5294484ce6a4982575ef56570,delivered,2018-05-10 07:12:19,2018-05-10 07:36:28,2018-05-10 07:39:00,2018-05-16 21:31:48,2018-06-12 00:00:00
04778abaab7b4bdfb0abb1110f1eba52,df6afdec3d39282bbf6d560f15911d80,delivered,2018-05-06 02:07:13,2018-05-08 04:55:33,2018-05-09 15:05:00,2018-05-14 11:52:11,2018-06-01 00:00:00
2f763c623e85177077b5a4ee2d3cced5,c24d9b328fcc64c56fd908be937bcf3d,canceled,2017-05-17 15:46:06,2017-05-17 16:02:33,,,2017-06-08 00:00:00
6cd1a4eb4b9a14b5a991a897f096d443,a68d9bfdc7bad336fab0e1643f01a6d1,delivered,2017-06-04 18:21:10,2017-06-04 18:30:49,2017-06-05 15:10:11,2017-06-06 10:57:32,2017-06-26 00:00:00
a5a854651cfe0d8da9f1669266fd4063,d9cb8278a776ac48ff885e81a08e93d7,delivered,2018-05-06 17:45:59,2018-05-07 22:52:27,2018-05-08 13:58:00,2018-05-15 02:38:43,2018-05-29 00:00:00
c4e2bd2043fbd75b325a47adfabf0d77,1c37c0f0cd1d88d46d9fc9494762abbd,delivered,2018-03-15 07:45:10,2018-03-15 07:55:24,2018-03-27 15:58:41,2018-04-05 12:37:25,2018-04-19 00:00:00
c10b534f7703a278c245f38852273dd5,79ea67d7e6a9a2c589ac7cfa17ae795f,delivered,2017-12-02 11:20:21,2017-12-02 11:38:27,2017-12-04 21:23:02,2017-12-11 14:34:16,2017-12-29 00:00:00
e1faf9211232539926d65299a9067f98,ac273047ab37c8e54e6622c2a58ccdf3,delivered,2018-07-30 22:49:08,2018-07-30 23:05:14,2018-08-02 12:52:00,2018-08-07 15:26:42,2018-08-07 00:00:00
48c0a263a6f5c112effbec24abbd468b,0f4a394b91654a290ad0e948e0eeeb88,delivered,2017-06-27 11:54:38,2017-06-27 12:43:40,2017-07-03 15:19:53,2017-07-12 17:15:43,2017-07-28 00:00:00
059f8a8f4a2c52a1969278f9f484fca6,df7b474d99cd3c9cd819c5a10da7e2e3,delivered,2018-02-13 22:32:11,2018-02-13 22:47:36,2018-02-14 20:42:28,2018-02-19 20:47:00,2018-03-06 00:00:00
b2e7423926537e79e712ccf08ce1a53f,8e791f9f55fe93044d73c6d79b1cce11,delivered,2017-05-03 09:49:58,2017-05-04 10:25:21,2017-05-04 11:12:40,2017-05-09 13:15:18,2017-05-24 00:00:00
349419805b6735ed9a2cf737205fae53,172a8d88b70c30286a8d76ac735b779c,delivered,2018-02-17 01:22:23,2018-02-20 07:26:44,2018-02-20 23:06:21,2018-02-23 00:53:02,2018-03-05 00:00:00
a1082c701ce0f4976085760dfe7fa605,a676968396ccfe1318e256c946c7b38f,delivered,2018-02-28 16:31:46,2018-02-28 16:51:22,2018-03-01 18:42:46,2018-03-02 19:37:37,2018-03-13 00:00:00
7e033da6e10e6a9866ae65fb7e9bc379,63fb4d60175b0adc731e5a481eae9491,delivered,2017-03-18 11:24:06,2017-03-18 11:24:06,2017-03-28 13:56:59,2017-04-07 14:28:28,2017-04-20 00:00:00
857a83273943276ac60eb1d15bbfed5d,a80e0e8ad3f8721eadbb57333aad5957,delivered,2017-02-22 15:16:44,2017-02-22 15:25:17,2017-02-23 14:22:57,2017-03-21 11:14:12,2017-03-23 00:00:00
b7a126656513ca4a59462228783ea29f,6c2f01dd689a62bd11bad852d758ae0b,delivered,2018-04-21 16:19:37,2018-04-24 18:42:22,2018-04-24 23:53:32,2018-04-27 17:22:18,2018-05-11 00:00:00
93801ff5a04f6b018564f462ea790c0f,d2dd888bbde7f2030be8d738074c25c4,delivered,2018-02-18 20:45:40,2018-02-18 21:50:28,2018-02-19 22:36:48,2018-02-28 17:48:59,2018-03-16 00:00:00
4aef3f299b3b56a9e29adf7362dfc3f4,c8ca4bcdd8d22697394008267108810d,delivered,2018-01-18 18:10:11,2018-01-18 18:19:37,2018-01-19 21:07:14,2018-01-26 00:13:08,2018-02-09 00:00:00
0de9e77cb8416394c1d74300fd08213f,37ed0b3fa78fab54b771fc1e2723c5d0,delivered,2017-08-13 13:31:33,2017-08-13 13:43:43,2017-08-14 18:33:00,2017-09-14 11:33:00,2017-09-08 00:00:00
4421a7200d8a1f6a0dd6fbf8c96d01d5,4ffff1067fc518fcf4d439bec4ebbae1,delivered,2018-06-12 17:17:01,2018-06-14 02:57:37,2018-06-20 15:25:00,2018-06-27 14:38:45,2018-07-12 00:00:00
500ae586f3dab7aba8557a29f0073de4,5c26b8a63b6e72f770e385ffeaeca75c,delivered,2018-04-16 23:41:55,2018-04-16 23:55:17,2018-04-17 18:11:49,2018-04-25 19:42:02,2018-05-11 00:00:00
a911df1b9a76faaf67ece263358e285d,6722b211493615e10b66f7aba128121d,delivered,2018-01-11 19:54:18,2018-01-11 20:07:32,2018-01-12 23:22:58,2018-01-16 17:53:25,2018-02-05 00:00:00
5112c764fa2925ae974ee7c77478a4cb,0b3d49ee61dd14be80fe19091b5b4b6b,delivered,2017-06-01 19:55:49,2017-06-01 20:05:19,2017-06-02 07:25:32,2017-06-05 14:46:02,2017-06-14 00:00:00
4735d69a263ba04fa00533b8f3d317b1,0d380cd86105a9cb8abf440e29132168,delivered,2018-05-04 19:53:23,2018-05-04 20:15:17,2018-05-07 12:15:00,2018-05-11 23:56:36,2018-05-22 00:00:00
8f09949ac786439a1e679a535495c409,e64aa02afcaa1e3d4ce21e3bee093bce,delivered,2018-04-12 18:58:18,2018-04-13 19:32:33,2018-04-17 02:44:36,2018-04-27 19:33:08,2018-05-14 00:00:00
12158685d93b3a6dcb6efad25cd8e056,33526320515dc9ca5c0ecc1ad95f8e8b,delivered,2017-10-18 11:37:11,2017-10-20 02:49:23,2017-10-20 19:58:42,2017-11-01 22:14:05,2017-11-13 00:00:00
03c1d25d82f404ea1fdfae8eb0b4c314,18bf077cc226f63f9556ee53ecf916fc,delivered,2018-01-22 10:28:04,2018-01-22 14:16:17,2018-01-26 00:22:27,2018-02-01 21:48:25,2018-02-19 00:00:00
737d1628b4fc7ee47b3380c9f1f41991,604c21ef70f5df8a002db0fd1cb1ab6b,delivered,2018-08-09 14:18:19,2018-08-09 15:15:29,2018-08-14 16:33:00,2018-08-21 23:58:29,2018-08-20 00:00:00
26884dfc89f32e105d001c993035c55d,3bdf57e48177d9e43dad1c9b3253c569,delivered,2018-06-27 18:10:40,2018-06-27 18:31:46,2018-07-03 05:29:00,2018-07-05 22:24:25,2018-07-23 00:00:00
6ec753cc542c4392eb956290ddf47369,d1c60f60819bef9ec9b29e681b84ded4,delivered,2018-01-22 17:56:35,2018-01-22 18:16:39,2018-01-24 14:36:32,2018-01-30 19:39:00,2018-02-21 00:00:00
e4be13e2fd66a70ce8fb95ce428a8709,5d4ae5d223a0e0651cf67856cf17cd06,delivered,2018-04-25 08:57:16,2018-04-25 09:10:28,2018-04-25 11:54:00,2018-05-21 17:26:29,2018-05-29 00:00:00
bbb0f163b011eec0c55e5b764f7811cf,eeb51f4afec8f120dc1bbebb90ee43bb,delivered,2017-06-26 10:49:44,2017-06-26 11:05:11,2017-06-27 11:37:01,2017-06-28 14:41:56,2017-07-07 00:00:00
cc0fd6c51b7543009e47b01e9d14b686,e5894d67ab3b433aa6219918e970baa0,delivered,2018-03-05 15:06:28,2018-03-07 02:35:36,2018-03-08 19:54:29,2018-03-14 20:18:52,2018-03-21 00:00:00
93ddc164704b957c3c891cc9d2c20b21,618f5049ac85aff4279509a3154eee38,delivered,2018-05-13 21:32:05,2018-05-15 04:12:22,2018-05-15 16:22:00,2018-05-17 15:41:48,2018-06-04 00:00:00
66a7368cc39c6a3e93415aaf9e9b863a,3276ac875786ae837f3207b218a6bdee,delivered,2017-05-17 14:27:56,2017-05-17 14:42:23,2017-05-18 13:07:47,2017-05-29 16:57:38,2017-06-12 00:00:00
c3a8c3c9ace4452ea16d331ba3c44c50,bfaa59943933939eb6bfb564519e794e,delivered,2017-07-17 19:35:32,2017-07-17 19:45:14,2017-07-20 20:41:52,2017-07-31 14:33:16,2017-08-04 00:00:00
72be45eab146087612b9ee932e825574,bc225b031d110d0b09ed6f25762f2e83,delivered,2018-04-12 15:23:19,2018-04-13 18:31:07,2018-04-17 17:24:52,2018-05-02 17:38:49,2018-05-10 00:00:00
ee7f4e0a5223e51719a98941129bbc24,fd8c1c13c5a8e810e542362ffe896cb0,delivered,2017-02-09 14:18:34,2017-02-09 14:30:15,2017-02-10 14:29:02,2017-02-14 08:44:35,2017-03-22 00:00:00
3c7a723fc09b996f715cfddba2377163,74aec07f91feb0eda0bc6d6837c89170,delivered,2017-05-29 15:28:10,2017-05-29 15:35:22,2017-05-30 09:20:03,2017-06-05 13:17:59,2017-06-19 00:00:00
3c1c18de3b4459c8116a23272c4599d1,b5c36e7b16994772e98044915c5cdd83,delivered,2017-09-24 23:09:09,2017-09-25 23:27:33,2017-09-26 19:27:42,2017-10-11 20:07:53,2017-10-20 00:00:00
94852b0703b31b852e6c4f73896aa247,b7de4f270639c0be7a1d7acad731e1a2,delivered,2017-12-04 10:33:36,2017-12-04 16:30:46,2017-12-06 23:22:35,2017-12-12 17:43:22,2017-12-29 00:00:00
33baefa752f2d98a008d4330d306d3db,8b764335e86e1a8f8d3db9f119e03a79,delivered,2017-04-23 14:47:39,2017-04-25 08:11:27,2017-04-25 13:24:03,2017-05-05 13:26:31,2017-05-15 00:00:00
8ae758e9dfba42257dd89e48380b3d1e,af3b67a686e5dd9109a40e92ab58b7ab,delivered,2018-04-18 16:29:31,2018-04-18 16:55:37,2018-04-20 22:26:19,2018-05-30 17:33:11,2018-05-16 00:00:00
a49703fda0b42ab0a87e062624ea2f43,bb4d4bc4ae2ade2dfb029a85170842c3,delivered,2018-08-04 13:45:37,2018-08-05 13:44:23,2018-08-06 14:50:00,2018-08-13 17:36:48,2018-08-21 00:00:00
cdf5bd758b0b7d00fc23b2cd6c92f974,a9815cf96d3f5d66843244290d03488a,shipped,2018-04-09 13:28:25,2018-04-09 17:51:21,2018-04-12 12:33:24,,2018-05-03 00:00:00
06a31d324c43e3350e4a83fb663c151a,b80aae7fc5eeb4752b559061d404bc2d,delivered,2018-07-04 10:59:51,2018-07-06 02:51:21,2018-07-11 14:58:00,2018-07-24 16:51:44,2018-07-31 00:00:00
1e33dae93b2e09f84f40c00cc0f0a1af,df4d5135b7dfb755421e5f6b2b998f7b,delivered,2018-05-05 18:30:17,2018-05-08 04:32:29,2018-05-10 09:55:00,2018-05-12 00:08:35,2018-05-17 00:00:00
71385d0c646fbc757cfd07df085986d7,98e5352560be36e212fd37586d7f6409,delivered,2017-11-08 20:47:44,2017-11-08 20:56:03,2017-11-09 17:07:00,2017-11-24 15:38:46,2017-11-29 00:00:00
807c258c31674da775e91946b8c5bf7d,ed29bcc5a5d83815eee31ebe14b54d37,delivered,2018-08-12 22:33:04,2018-08-14 04:24:29,2018-08-14 13:23:00,2018-08-17 21:11:44,2018-08-28 00:00:00
c432657bb18ddf7f48b7227db09048d4,e5bcb726405d10a80aaa80e36b66e50d,delivered,2017-12-12 00:29:08,2017-12-12 01:31:21,2017-12-12 21:21:52,2017-12-22 17:28:04,2018-01-11 00:00:00
2fa74b22c65ece27ba1edf1f40354e19,bdabc3470015248fd35dc88e7709a0b6,delivered,2017-11-30 10:52:33,2017-12-01 11:31:46,2017-12-04 11:03:51,2017-12-19 00:33:51,2018-01-04 00:00:00
5bf1e013121cccb5a168c91859a243e7,df37d6128feaa1009ac151929c362190,delivered,2018-05-31 20:16:37,2018-05-31 20:33:09,2018-06-01 14:07:00,2018-06-05 18:27:49,2018-06-28 00:00:00
e43a8e7bb3db31ab15c10dfc9ef4e419,4daf9bdbb2f515d19c4a054881982674,delivered,2017-09-14 00:12:53,2017-09-14 00:30:18,2017-09-15 20:10:05,2017-09-21 18:22:08,2017-10-02 00:00:00
d4361586dbdf3e45c6de2faac0714711,2091ac2e252cc73275e670e4e8bf30bc,delivered,2018-07-16 16:46:01,2018-07-18 02:41:47,2018-07-18 12:41:00,2018-07-20 15:48:54,2018-08-03 00:00:00
8906f8628f9d017732e7c6f40fbc57a0,8e8f17531981e12cd96f9795a5c1176f,delivered,2017-08-15 15:41:51,2017-08-17 02:50:44,2017-08-24 16:53:49,2017-08-29 17:58:19,2017-09-13 00:00:00
b3c763d35ce46cf0a205b217814323ee,ac760d51d374d2b60448efe5ba3c4a75,delivered,2018-08-02 12:20:01,2018-08-02 13:15:18,2018-08-09 14:44:00,2018-08-16 22:04:44,2018-09-05 00:00:00
feebdd36c3e19b95f31008e3e62dc32e,7c98c68d6cc9df555079f55937b795ef,delivered,2018-04-17 13:22:44,2018-04-17 13:35:10,2018-04-17 22:19:37,2018-04-25 14:22:19,2018-05-07 00:00:00
66cb680674721f9816e366a15a93633f,a9f2b77340d17022d89356ef597b2f3a,canceled,2017-03-28 20:53:24,,,,2017-04-17 00:00:00
1378ae963e03b117d380f928164e9599,0a06694f03b9707bbd095db49e7a70fb,delivered,2017-11-09 20:55:15,2017-11-09 21:10:46,2017-11-10 18:28:08,2017-11-13 19:19:03,2017-11-23 00:00:00
c87d7a80e2ec732b00980f3ea7961603,0798dfe8bcdfc6b4a6e0c4b44300b5ca,delivered,2017-12-16 20:06:59,2017-12-19 11:16:27,2017-12-20 13:42:03,2018-01-03 20:29:00,2018-01-16 00:00:00
29500656822f8cf6e25315bba794b4e8,438af069bdfc2cdff4fa2b35c3cccee3,delivered,2018-04-26 18:16:50,2018-04-26 18:32:09,2018-04-28 07:58:00,2018-05-15 18:28:39,2018-05-30 00:00:00
16e192db098dd55c18aff27770402968,2666adfdf45be751a53e2306f056f01d,delivered,2018-05-24 23:44:43,2018-05-24 23:58:17,2018-05-25 13:15:00,2018-06-05 19:36:54,2018-06-20 00:00:00
bc878545684a3c5063d67725f1113ad5,df0cfe25bfb9db0e491a9791fafe70ec,delivered,2017-08-07 16:06:52,2017-08-08 16:15:10,2017-08-09 18:28:07,2017-08-25 14:13:07,2017-08-29 00:00:00
cb578e3b649e02ffe6afd3eb778d6370,afa337470e2e86d962cd960ac3bcacb9,delivered,2017-09-13 16:43:57,2017-09-14 04:32:38,2017-09-19 20:05:43,2017-09-26 21:48:53,2017-10-17 00:00:00
ea2f9e46eaf5311b2a097a65699bac5c,96a7d07a2240060934473b67ab504430,delivered,2017-11-29 19:56:05,2017-11-29 20:09:58,2017-12-02 15:42:47,2017-12-11 19:53:37,2017-12-21 00:00:00
d5244670e213108e7d21f54a42548613,b960433ecd19b8c8507fa68fc46c30d8,delivered,2018-08-11 20:55:28,2018-08-11 21:05:14,2018-08-13 12:14:00,2018-09-01 00:36:42,2018-08-28 00:00:00
5bc488a3de801a774218a89c00b5db30,edc1c832f561d0817c454538fb98e89d,delivered,2018-06-14 21:09:11,2018-06-15 02:58:43,2018-06-18 16:43:00,2018-06-20 20:26:46,2018-07-11 00:00:00
5b26d9049a86fab0a83280e17de710ee,e7f296f08aa3d473884610e0b275c9a0,delivered,2017-10-16 10:38:08,2017-10-16 10:49:27,2017-10-19 20:38:31,2017-10-27 19:03:48,2017-11-06 00:00:00
ee491eb103d02acce80f7c5950def51d,0b451ba5ecdeaf9cb93c0a67c92c29c8,delivered,2017-10-06 18:27:34,2017-10-06 18:35:22,2017-10-11 20:24:50,2017-10-18 22:37:42,2017-11-07 00:00:00
2285e0e0eee1ab7c740986a3ca10031a,214c4711883185dafca61404d4e9db7d,delivered,2018-04-30 11:18:02,2018-04-30 11:35:37,2018-04-30 11:51:00,2018-05-15 17:16:56,2018-05-28 00:00:00
0e6f08a9522bf9b1287fb24ab250dd81,eda9e4af546874235df9495fd7d9485c,delivered,2018-08-13 22:30:15,2018-08-13 22:45:20,2018-08-15 13:18:00,2018-08-16 16:36:26,2018-08-21 00:00:00
db2591092d4d4eefdacc5957508a3af3,368ef47600586c4e34622f08d6ef08a7,delivered,2018-07-19 20:57:35,2018-07-19 21:10:16,2018-07-23 12:36:00,2018-07-24 17:46:52,2018-07-27 00:00:00
c12a72f72509bcc1317ee119c5ade35b,fba9df63f86cae646f8d1a1f8c6bb85c,unavailable,2017-11-28 12:03:07,2017-11-28 12:14:48,,,2017-12-19 00:00:00
21af7328b2a40a3ece5491affde104fe,c29b0e9ba74c0fca0189b1b68436daf1,delivered,2018-02-14 21:24:49,2018-02-14 22:00:20,2018-02-20 22:33:32,2018-03-01 17:13:17,2018-03-07 00:00:00
ec323db17a13fc07c4b07f0f7f86986d,f9c96252874067d98cead6b1f3859c02,delivered,2017-12-09 17:59:48,2017-12-09 18:10:42,2017-12-13 23:49:37,2018-01-07 14:52:10,2018-01-16 00:00:00
19b37f1efa2ddaf265496e78e245c19a,397860a986b2ba52addbf1178aa4e378,delivered,2018-08-07 00:13:51,2018-08-07 00:25:11,2018-08-09 08:20:00,2018-08-18 02:32:16,2018-08-15 00:00:00
676e56b18ff6a72033c922409a9d3a02,150ef1b6b2d3073c20d4e0b9118e7986,delivered,2018-07-06 13:12:59,2018-07-06 13:31:15,2018-07-13 13:38:00,2018-07-23 22:49:22,2018-08-01 00:00:00
172d924daf19043deff749396e9eebf3,7582ce1690e126ec9b177e0770efc74e,delivered,2017-07-26 10:20:16,2017-07-27 18:35:34,2017-08-02 18:07:05,2017-08-07 20:47:57,2017-08-21 00:00:00
82daccb8bfc3bb76bc1616a4f22c3cb1,d47e69f46624eccc55b349af80fc4c53,delivered,2017-11-22 23:26:12,2017-11-25 01:57:37,2017-11-27 21:48:41,2017-12-12 15:27:08,2017-12-22 00:00:00
b867ed36fe57004358a5c654d886d389,c6ea850448ad7e05a9f46ddeb5673832,delivered,2018-06-07 13:17:32,2018-06-08 02:56:29,2018-06-08 09:49:00,2018-06-19 23:50:44,2018-07-05 00:00:00
17b3a989f0a87769c633d0ed07ad1319,bd3bd5c7496111bd76518b9c9868e462,delivered,2018-05-06 17:48:17,2018-05-07 09:13:58,2018-05-07 15:24:00,2018-05-09 20:11:52,2018-05-17 00:00:00
13ab379ac762d840b29042681a1a6156,922f0518fb56e709d3ee898aa6435d76,delivered,2018-08-05 20:56:20,2018-08-05 21:10:18,2018-08-06 13:59:00,2018-08-14 17:12:03,2018-08-14 00:00:00
61c7b1cf28b58654fe411aaf87fe249d,6e686969d9b330c98d2739cc5d877e75,delivered,2017-12-15 13:05:55,2017-12-15 13:13:10,2017-12-20 22:24:57,2018-01-03 22:36:12,2018-01-15 00:00:00
e0dbf52e0c78f9be2caeaa5d799a83ea,b7c4a65c2ef2735dffd17b8c44a9e685,delivered,2018-05-21 10:32:52,2018-05-24 17:35:37,2018-05-22 14:33:00,2018-06-01 17:25:46,2018-06-08 00:00:00
b9e186a6d042725eb24122a767ea7063,e40a86e78d60c103d448be6806343e52,delivered,2018-03-20 08:50:15,2018-03-20 09:08:35,2018-03-21 18:42:15,2018-04-30 20:12:51,2018-04-17 00:00:00
2e328ffa7af7bf06a2af0b74cfb14f64,216a6db6f1a98e8e2ba140b34bf17d8a,delivered,2018-01-09 14:27:02,2018-01-09 14:38:34,2018-01-11 15:41:40,2018-01-17 00:24:36,2018-01-30 00:00:00
e18ebd6286697a3f0f6fe267d8286cb2,de3488839c20b6109821b6a1af9818df,delivered,2018-01-08 12:09:06,2018-01-08 12:17:25,2018-01-10 21:23:06,2018-01-11 23:16:14,2018-02-01 00:00:00
8d1bc6d158769393c1ec54c05b734652,f084a756e2dfe27a56771ba88b84dbe8,delivered,2017-11-24 22:18:26,2017-11-25 01:16:26,2017-11-28 23:06:30,2017-12-21 20:05:45,2017-12-19 00:00:00
d72a592fb03726e61907b9d4c2c654a3,497999c9db4e7fc8bd760a33a73415ae,delivered,2018-02-15 22:51:37,2018-02-16 20:06:58,2018-02-20 23:49:58,2018-02-23 21:23:31,2018-03-01 00:00:00
53e1b8f33e706e740dc7fb9005d242a0,83363e2b97e2a94fef272c583596704b,delivered,2018-06-10 18:02:30,2018-06-10 19:38:09,2018-06-11 13:45:00,2018-06-28 21:28:45,2018-07-19 00:00:00
deb8ce115f74e504ae38e7db9bdd42e6,a8a702b6be013bb059beb57f4f555800,delivered,2018-06-26 14:22:38,2018-06-27 14:32:13,2018-06-29 14:21:00,2018-07-10 21:27:36,2018-08-08 00:00:00
52e6cb31e6d1cc5510759fc66b3a5385,e7b3dbe663e14bafd654231d7ae5c072,delivered,2018-02-21 11:56:46,2018-02-21 12:28:19,2018-02-24 01:44:33,2018-03-10 00:03:29,2018-03-20 00:00:00
40153acbaa4888eff1e5e778798f30c4,953017cf1d2407656c709e62f0de7d8a,delivered,2017-09-29 17:00:09,2017-09-29 18:07:28,2017-10-02 14:47:01,2017-10-10 20:47:39,2017-10-23 00:00:00
6b51ade033ffeef603f6ee951ce831cd,6063d231ad10ccc79c81b5799fc90a99,delivered,2017-11-27 21:55:38,2017-11-29 02:17:27,2017-11-29 23:09:27,2017-12-06 23:10:00,2017-12-21 00:00:00
1cd6dbd1ca9fa0233fdae069c422f48f,24e7a173733006aca99832f296659e62,delivered,2017-09-18 14:01:02,2017-09-18 14:10:22,2017-09-19 16:27:38,2017-10-10 20:12:23,2017-10-24 00:00:00
11f81f5b3445ad54e4c793afe6337986,f1f4a5639312c4cc925f1633df0bbf57,delivered,2017-08-21 10:33:13,2017-08-21 11:04:39,2017-08-22 19:20:30,2017-08-23 18:55:20,2017-09-05 00:00:00
518f635a71b22cd5e588f9ba98f6204a,1b6dfb571cde0e7d73312c4ac876ee42,delivered,2017-11-17 15:28:09,2017-11-17 15:51:06,2017-11-17 22:26:46,2017-12-05 12:27:14,2017-11-30 00:00:00
2c316630a424abef517f1f8d7295d666,9b2edc09b7b984bc7166ca79d4b7b864,delivered,2018-08-23 09:27:52,2018-08-23 09:45:07,2018-08-24 11:41:00,2018-08-29 16:07:28,2018-09-10 00:00:00
da274e08fb80aeff81a543aae3cf9784,56613e79bf08946fd9e57594aaa83951,delivered,2017-04-25 15:12:44,2017-04-26 09:33:24,2017-04-26 13:19:59,2017-05-05 16:49:54,2017-05-23 00:00:00
01d0cbd002be92b5a970cb8f233349c2,034c3cb26461c58520139e4efb33ed90,delivered,2017-07-21 14:33:49,2017-07-21 14:50:15,2017-07-25 14:33:26,2017-08-11 19:22:45,2017-08-18 00:00:00
f49cd89d6dad6dd5759ecf15dfe4bb19,0f687ed7edef79545319e147f39a290a,delivered,2018-02-19 10:06:26,2018-02-21 06:20:25,2018-03-01 21:08:45,2018-03-14 18:28:23,2018-03-19 00:00:00
6f4a6eb3e4ef9a73f9b63fa7ee3ce425,252c0f494f702d4238a24ea47848b9bb,delivered,2017-02-20 13:31:57,2017-02-21 05:07:43,2017-02-21 12:00:56,2017-03-06 09:41:59,2017-03-21 00:00:00
1b2a8a35effe3c031684be53784ac90c,bace683427e40bae08e7af13660e1436,delivered,2017-08-15 21:29:06,2017-08-18 13:30:25,2017-08-21 14:51:53,2017-08-23 04:55:02,2017-08-28 00:00:00
56e46d1a61ebb9b86fa914b4007d8a97,1ff5c5d5829ba8256f375f90998d2dd9,delivered,2018-04-02 12:28:44,2018-04-02 12:48:29,2018-04-03 18:33:23,2018-04-11 20:28:28,2018-04-24 00:00:00
4477f0fa7855f6d43e17f4b8e6612898,ab1b4c71bb887a820db3346f0af72b14,delivered,2017-05-08 22:37:02,2017-05-08 22:50:10,2017-05-09 14:19:21,2017-05-27 11:42:11,2017-06-01 00:00:00
8fde182213914d24ed0bb9d4b02371a0,2456f8d019f041c966cd1d26e4759774,delivered,2018-05-17 17:56:25,2018-05-18 14:34:53,2018-05-18 14:26:00,2018-06-03 12:58:45,2018-06-01 00:00:00
cdb1faa859205ebd457e594dfab53801,314e23702a993481be492acdce0cebd5,delivered,2017-12-20 09:17:13,2017-12-20 09:30:02,2017-12-20 23:12:46,2017-12-22 17:10:36,2018-01-16 00:00:00
02036bc298ab3c1efc98b116f420d646,1b0555269127c13e727a1f3cb545faf2,delivered,2018-08-23 06:32:15,2018-08-23 06:45:07,2018-08-23 12:28:00,2018-08-27 23:26:29,2018-09-10 00:00:00
7994bcffb9f5d5a702c9fc4f08cca8a9,c8f53bd76eb27e03f19ddf4681646c29,delivered,2017-06-12 09:46:56,2017-06-12 09:55:21,2017-06-12 13:48:26,2017-06-14 09:06:02,2017-06-26 00:00:00
e6ababa4e7ccd58b8bc7282d6bbd66e0,29a5d8a991b0527bda42857a66337abe,delivered,2018-06-08 15:10:14,2018-06-08 16:30:38,2018-06-11 15:01:00,2018-06-20 19:52:45,2018-07-11 00:00:00
878a0241d449fe7ea1bec1cf145b9c9b,05b357d5f3d9238e50e813409c956445,shipped,2017-05-31 10:24:36,2017-06-01 03:50:21,2017-06-01 14:38:50,,2017-06-23 00:00:00
47d346b7368958cb0bd17880b2af14e9,81004804a2d5f73c310aa097c6633778,shipped,2017-05-10 22:45:16,2017-05-11 22:50:22,2017-05-12 15:33:27,,2017-05-30 00:00:00
6b8716747545c11cd3b8592520389749,b8e111b6572fac79a6b4e9dd9534433a,delivered,2018-02-08 13:25:21,2018-02-08 13:35:27,2018-02-09 22:16:32,2018-02-15 12:06:38,2018-02-26 00:00:00
81923dfc527e6776a83b7e7d7b2c8dc4,1f22b24610582cb3c91d898e137f9ee3,delivered,2018-05-04 20:47:16,2018-05-05 02:55:14,2018-05-07 16:05:00,2018-05-16 20:02:08,2018-06-01 00:00:00
94f1c6e75d7f8c25a1094c0f45ac1a07,5bea1d085169c4665aa6490708882fbd,delivered,2018-05-07 11:39:02,2018-05-08 11:35:58,2018-05-09 08:12:00,2018-05-14 12:16:36,2018-05-23 00:00:00
5d0db9d992f9f02d3bdca8a7e64c2c27,228197f0dbebc485b65d117dee5bc7d5,delivered,2018-06-08 16:36:35,2018-06-08 19:31:01,2018-06-14 14:17:00,2018-06-15 10:55:58,2018-06-21 00:00:00
f7535290d652a7fbf7dc0c271209048a,4f3f8578858df89ed5d3cb18b7c28b80,delivered,2017-10-21 16:10:52,2017-10-24 06:33:29,2017-10-25 22:35:47,2017-10-31 21:32:03,2017-11-09 00:00:00
154ff64668cf2822704c69bd957a8c6e,d5fc781810a027b383ef15f761be0959,delivered,2017-07-01 05:14:05,2017-07-04 04:15:15,2017-07-05 09:56:42,2017-07-06 15:57:34,2017-07-14 00:00:00
571ceb25e5db8f2493bdc932ae31e994,e04d54b5ba132b01e15cf50ccde581a6,delivered,2018-01-08 08:53:52,2018-01-08 09:07:58,2018-01-11 01:40:32,2018-01-16 14:41:43,2018-02-02 00:00:00
1a26d081d22cd04e1cbec6f294fa893d,4286665d919e18dd92613a5f46a3f1ba,delivered,2017-05-29 11:19:46,2017-05-29 11:30:21,2017-06-01 13:59:52,2017-06-13 15:58:53,2017-06-21 00:00:00
657e64a0e86917e93318c0c3159bec13,e9b278eff4b7b9f79537436311b2009b,delivered,2018-03-15 09:06:34,2018-03-16 03:45:21,2018-03-19 19:22:25,2018-03-24 01:22:07,2018-04-11 00:00:00
88847f255be578610b9c0233f7dc2b86,dd27a8972166033eeb2e57761329d5db,delivered,2017-08-31 09:53:26,2017-09-01 04:35:14,2017-09-06 20:16:39,2017-09-11 18:27:42,2017-09-22 00:00:00
3d237fd98f6bc4d3fd3a0eadda50b2a6,ac991e5e333b60f5ade4f3b2f7222f3a,delivered,2018-02-21 08:39:03,2018-02-21 11:56:51,2018-03-01 20:49:03,2018-03-22 19:13:00,2018-03-16 00:00:00
50cb20f783b26639e858a27798b315b6,f39a5467ddf0e94e79e09672905b50d0,delivered,2018-08-11 13:00:33,2018-08-11 13:10:12,2018-08-14 08:30:00,2018-08-21 20:58:32,2018-08-30 00:00:00
ef09e0c5ee546ca303e96e3fe4c0c435,bdf828d06745a472fb6fcaba6cd2fff0,delivered,2018-03-08 21:28:02,2018-03-08 21:35:31,2018-03-09 17:12:46,2018-03-28 17:56:37,2018-04-17 00:00:00
0a31fa5371c2046d273b9fb84e3b2988,8713663b0e741841fa3110a6eea7335b,delivered,2017-04-16 12:20:54,2017-04-16 13:05:17,2017-04-18 13:42:27,2017-05-22 16:53:11,2017-05-10 00:00:00
2142bac418a228e6086f5294a8fa88db,02e5db654b2f6b734ed89d5a28cb200e,delivered,2017-06-13 21:52:55,2017-06-13 22:02:57,2017-06-19 20:11:47,2017-06-23 09:31:24,2017-07-04 00:00:00
09c103240d66c0e0d945071a9518d6ee,247741a92e8790b27cea613f7a5d4f79,delivered,2017-02-03 22:33:38,2017-02-03 22:45:09,2017-02-07 17:03:20,2017-02-15 18:55:59,2017-03-02 00:00:00
cbdf436a9a9c8213157a125b91ef27b9,67b9fe15483a807b6a35c1a934631655,delivered,2017-09-21 18:02:06,2017-09-23 02:25:35,2017-09-25 18:55:44,2017-09-26 18:42:11,2017-10-13 00:00:00
b843f3e786e91ebc527779dc682f5487,e9b62718241d8b9a249909e4036f29c8,delivered,2017-02-12 01:27:41,2017-02-12 01:43:03,2017-02-13 12:19:21,2017-02-17 10:37:58,2017-03-10 00:00:00
c4d7f25ccb1c6a9d798bcce9b814ab02,660e0623f4de30009f70361ecc027b49,delivered,2018-04-12 16:15:24,2018-04-13 12:55:53,2018-04-16 21:34:35,2018-04-30 17:38:42,2018-05-07 00:00:00
d77d1461e81c281918bbfa4c878bdcc3,db8d5969bd8a72001e6f9e26caf31d6b,delivered,2018-06-11 07:03:41,2018-06-11 07:15:15,2018-06-11 14:08:00,2018-06-14 16:51:03,2018-07-05 00:00:00
309d9fa2b3c76ea52c4ab89132f38adb,bdf4339fff7a233baab4173fcc20bb8b,delivered,2018-05-17 16:53:40,2018-05-18 00:55:16,2018-05-18 14:53:00,2018-05-20 17:19:36,2018-05-25 00:00:00
d47c3e59ac03430c6e743c61f7e6bb6c,76c0d64a9adad6e6b3b7238dd8b4f16d,delivered,2017-03-17 20:31:09,2017-03-17 20:31:09,2017-03-20 09:26:50,2017-03-24 14:57:40,2017-04-05 00:00:00
57e27e0f4ce02fc858627e4c46e51e9d,0277bd798b42071cb092b1795dbae947,delivered,2018-04-03 19:04:17,2018-04-03 19:15:24,2018-04-04 20:39:35,2018-04-12 20:58:59,2018-05-11 00:00:00
59b67c775c6a905fc4faac69ca74b5cb,aba2b5ee08c838ca0d89220cba929d11,delivered,2017-11-29 11:03:40,2017-12-01 12:31:35,2017-12-07 15:22:42,2017-12-13 17:27:16,2017-12-27 00:00:00
e21a100114f52ef8f28601cf741b3ca4,7cdb10c80796456cb0750c312ef21844,delivered,2017-06-20 11:18:37,2017-06-21 06:43:17,2017-06-21 19:03:06,2017-07-04 14:23:19,2017-07-20 00:00:00
fa98ac229e1905528d35a47acfe95733,5df745fd89c4f2b7c871a74ef0bc1c0c,delivered,2017-11-29 10:29:48,2017-11-29 10:59:55,2017-12-06 15:47:27,2017-12-20 21:07:21,2017-12-22 00:00:00
7e3fe9574a9ef4caef1b086d2abfd412,657bd8d56d4c6c86c5f78ac46995a5fb,delivered,2018-01-24 11:42:41,2018-01-24 15:08:01,2018-01-26 23:44:52,2018-01-30 18:41:09,2018-02-16 00:00:00
443bc8cc2feef50a6b416a0645dbf7b5,bca356cac6ba081296797634c4037941,delivered,2017-03-21 14:46:40,2017-03-21 14:46:40,2017-03-22 10:07:47,2017-03-27 10:14:57,2017-04-07 00:00:00
58fa3cd471625c6384fc92e41508b3a6,708e93cac3d323459af22061a0556f26,delivered,2018-01-11 17:17:15,2018-01-12 17:09:19,2018-01-16 00:18:27,2018-02-02 17:46:21,2018-02-09 00:00:00
827440c00ada8331c87737e4c4fbcd2e,bc0c0aa08ab385899161812b5afe630c,delivered,2018-04-23 22:20:20,2018-04-24 22:15:11,2018-04-25 14:33:00,2018-04-30 22:12:54,2018-05-10 00:00:00
13d45a0fb42d1b8691a1824859519e4e,63ac9058c1f1f1ec7f174e8d80d36ae9,delivered,2017-09-22 11:08:46,2017-09-26 04:07:17,2017-09-29 17:43:43,2017-10-17 20:12:55,2017-10-19 00:00:00
65efd756608003e865eb8d80f66a3ebb,b91d240f382eadc3b867e8a28a56f7ba,delivered,2017-03-07 23:19:46,2017-03-07 23:34:02,2017-03-10 10:06:50,2017-03-16 12:22:14,2017-03-30 00:00:00
d9494fe15b74723b8b3b97835ab05246,b93a09d7bed0875933bab5ae8f928e89,delivered,2018-08-11 18:04:36,2018-08-14 04:25:23,2018-08-14 14:31:00,2018-08-17 20:24:44,2018-08-27 00:00:00
b15a1712256b8250cd6f952c85e4c65a,8de81ee7c1797e4052eecf95867f2be0,delivered,2018-08-20 09:01:07,2018-08-20 14:32:24,2018-08-27 13:25:00,2018-08-30 16:02:18,2018-08-27 00:00:00
4973b3b81af1585534c0b3de209acec6,723409d11424a9f6ea00c73150a9ee1c,delivered,2018-08-15 21:14:20,2018-08-15 21:44:12,2018-08-22 10:21:00,2018-08-29 11:21:38,2018-09-11 00:00:00
54df3693869c9e8423b07e0287194059,b7e86ff5028fe8cbcdff42b0421fdb79,delivered,2017-09-22 23:46:36,2017-09-23 00:06:26,2017-09-25 16:00:34,2017-09-28 19:33:53,2017-10-16 00:00:00
68442190a6c60659698fde46bcaf0e9e,929e321fd1897048b1bc0825d394f9ae,delivered,2017-07-07 21:13:47,2017-07-07 21:25:15,2017-07-14 21:51:50,2017-07-26 00:57:59,2017-08-07 00:00:00
6df3204d235cde9188ca8235366848b7,bcd3b772c85178c6ed242c4583634ee5,delivered,2018-03-21 11:28:35,2018-03-21 11:48:06,2018-03-21 22:05:20,2018-03-23 18:22:13,2018-04-13 00:00:00
3efb84891f27efd4a1ad0e11ca4fb36b,2ee30957e8f33b2bb55367f1eb929c03,delivered,2018-08-03 15:30:58,2018-08-03 15:45:11,2018-08-16 14:46:00,2018-08-24 19:12:37,2018-08-24 00:00:00
5154e5ccfca219d687ea397ab3b64f34,f05818797057c484bbb553b2f08702a0,delivered,2017-10-24 21:22:15,2017-10-24 21:35:23,2017-10-25 19:27:55,2017-10-26 16:04:16,2017-11-06 00:00:00
b77e196ee314322dcec6124fa3e38b6b,672648fbe0bfcb8f8edff0592f1095fb,delivered,2018-08-18 21:16:18,2018-08-18 21:30:11,2018-08-22 14:52:00,2018-08-28 00:21:41,2018-09-10 00:00:00
7f949bbc94c8580ad60e90fd93358395,236ec63256bb9c3e17bf8a07a310e353,delivered,2018-02-14 23:28:31,2018-02-15 20:46:36,2018-02-16 21:22:24,2018-02-27 00:41:38,2018-03-13 00:00:00
a87d8e4358ec8697c2eb5dbcc42f8330,7fb60bfe0fc82857d599d184dcbb92e5,delivered,2018-08-01 18:27:35,2018-08-06 23:31:34,2018-08-02 11:54:00,2018-08-07 17:41:32,2018-08-16 00:00:00
287b0bab443f35ac8aaeef8efdbc3a74,ca428a8967c35219bc97f4080b3c2fa5,delivered,2017-10-30 21:42:35,2017-10-30 22:32:06,2017-11-03 15:57:53,2017-11-14 19:59:02,2017-11-16 00:00:00
0e2fe4a9435f66fade2904a904a0adaa,51fc4f4614c406974c4bfd7a5a5ff8c2,delivered,2017-03-01 20:47:26,2017-03-01 21:02:17,2017-03-02 08:48:41,2017-03-10 09:27:35,2017-03-22 00:00:00
b23014161ca1bc596a96e77112ee5360,02fcd25668a084094acb25e5e6211544,delivered,2017-05-31 21:45:32,2017-05-31 22:02:16,2017-06-16 16:20:48,2017-06-27 16:58:09,2017-07-07 00:00:00
f4c004e98b41b61d8b656fed541bbd99,4acb0997ad21d8f66d203e0d3c566993,delivered,2018-07-25 17:22:27,2018-07-25 17:35:17,2018-07-31 13:26:00,2018-08-01 13:44:51,2018-08-06 00:00:00
3830e6067665c6a4bf2cc393fae31996,7491318eb8eb374b87259c25a9b2e024,delivered,2017-03-27 13:14:39,2017-03-27 13:25:10,2017-03-28 11:07:07,2017-04-04 13:08:26,2017-04-28 00:00:00
ef3b2daac9052922ef4f38c5e552393f,ffba8d414efad51ed575616d51e326b5,delivered,2017-11-12 18:04:56,2017-11-12 18:15:30,2017-11-14 19:14:50,2017-11-22 21:26:53,2017-12-06 00:00:00
d032dd122bc93c30a420b6ee101c7f69,95a33b9e31d7f366c9e8be44c7f402e2,delivered,2018-01-16 21:24:31,2018-01-17 09:30:54,2018-01-22 14:17:25,2018-02-05 12:53:24,2018-02-16 00:00:00
de273694b3cd5827467dbc63a115382b,89ee21657f18986bd7717fdbd961b001,delivered,2017-07-16 21:16:38,2017-07-16 21:30:11,2017-07-17 17:12:27,2017-08-01 16:03:44,2017-08-09 00:00:00
bfe3860674d71c4a8693185caa8b2c65,ebdfcd4a2112eeb988b61dbeff6fc860,delivered,2018-04-21 11:09:04,2018-04-24 19:03:43,2018-04-25 01:03:32,2018-05-03 16:36:39,2018-05-17 00:00:00
7798ed7e55f7cf0896e6a09f442c69cc,fedad553036c744cca336c2ed0722e3c,delivered,2018-01-22 01:37:30,2018-01-23 03:52:55,2018-01-23 16:22:41,2018-01-29 19:36:49,2018-02-20 00:00:00
741a088353f3774474ff3b2d7da8f0de,729bfe0a9c4c09edbff5510098c592b9,delivered,2017-05-08 04:21:55,2017-05-08 04:50:16,2017-05-09 15:39:45,2017-05-16 17:22:00,2017-05-31 00:00:00
c530daceee851aa18846a89c050d4dfe,60ab2ed589060f33a8c6e6ac86e29135,delivered,2017-07-02 17:02:59,2017-07-04 03:50:27,2017-07-04 15:43:43,2017-07-05 17:33:24,2017-07-14 00:00:00
bbd5320df89920817b0cc073770a9c8f,220c0d585ecee4fa50f3c996c16432d4,delivered,2018-01-12 16:30:25,2018-01-12 16:50:00,2018-01-15 17:52:58,2018-01-18 20:33:02,2018-02-02 00:00:00
58b2ca9b8b218fc08e5f37b778393005,bdfe2149db79b5a84c482c3a98ad355e,delivered,2018-07-22 12:17:33,2018-07-23 11:31:34,2018-07-23 14:42:00,2018-07-26 12:48:21,2018-08-07 00:00:00
36870d717737ef5f4b201e7787c3ea6f,b0fdd38d459d6c7fc8118dd3ed73d096,delivered,2018-07-04 23:04:01,2018-07-05 16:35:32,2018-07-05 14:43:00,2018-07-11 18:40:56,2018-08-01 00:00:00
69727f8e9f934f9177e36f31d1865c2a,b1f3cd39358d18f19a2893ad3c3bcf1f,delivered,2018-04-09 12:41:50,2018-04-10 04:10:18,2018-04-11 23:56:53,2018-04-13 16:49:31,2018-04-27 00:00:00
776a18d9c6d83661a0f788e219f4acba,f7e12fa6272eb4c6f54c7d8aadab4349,delivered,2017-09-29 01:56:43,2017-09-30 02:36:26,2017-10-03 00:15:05,2017-10-06 16:10:15,2017-10-24 00:00:00
1b48e0e9948536f454c10a2a97426f11,ef818121a19d344c36de34bd067b03c7,delivered,2018-05-03 15:19:21,2018-05-03 15:35:09,2018-05-15 07:39:00,2018-05-23 16:22:52,2018-06-06 00:00:00
175825d48ba5a2082a843888ac1b08fb,3a0c8119f309fd45eba9438633c4bb90,delivered,2018-01-15 11:46:18,2018-01-15 16:37:22,2018-01-24 18:21:47,2018-02-16 19:16:40,2018-02-26 00:00:00
1c03b97f7acb4f04662663e0d1b58e17,3aaca6ae62be8d951cfcdeaacafbe32f,delivered,2017-06-02 10:20:51,2017-06-06 13:15:27,2017-06-07 12:58:34,2017-06-14 15:39:25,2017-07-05 00:00:00
83351d37493926bef518c18c8ece3a9f,bb2fe4792c031d30447e25a2f70bbdd8,delivered,2018-07-22 18:57:35,2018-07-23 12:32:24,2018-07-23 15:44:00,2018-08-01 18:58:24,2018-08-06 00:00:00
c3e3277d66bf2f2038ae5a5ec155cb5f,57f5750cba88748f13624f2e51dafd21,delivered,2017-08-05 10:51:10,2017-08-05 11:05:14,2017-08-10 15:13:25,2017-08-28 20:22:11,2017-09-06 00:00:00
776cdb75db89297ce0fd26c15adac1a4,1b9fb3a5ba819d423e454654ab33b595,delivered,2018-07-14 18:10:22,2018-07-14 18:30:21,2018-07-17 10:29:00,2018-07-20 21:32:49,2018-08-10 00:00:00
1046a71a57b33b4a92f9f932237f1ab0,4ad47cf6d7f04b49d4816debe22e9275,delivered,2018-07-31 13:56:17,2018-07-31 14:05:11,2018-07-31 12:57:00,2018-08-03 17:12:13,2018-08-17 00:00:00
657ea9232c582c9e40330a60f68dc189,37dc44dfae678962e8b35133ab925246,delivered,2018-08-12 16:01:45,2018-08-13 15:55:18,2018-08-15 14:30:00,2018-08-20 19:55:45,2018-08-23 00:00:00
f774c1e75cb8cc6d1d8a30c56d16bcda,ad431c9c10552fa9a09d9c42bbb4c49d,delivered,2018-08-24 09:09:11,2018-08-24 09:24:22,2018-08-25 07:47:00,2018-08-29 22:33:29,2018-09-19 00:00:00
867c38cfbcd204534450b238734e4bbc,04d7495f50a021d8db9893b0820a774b,delivered,2017-09-18 14:42:38,2017-09-21 12:35:18,2017-09-21 17:36:52,2017-09-27 17:35:46,2017-10-09 00:00:00
4a110536f892fd4dd11c3c74dada0d1a,3b4045e6537d8e41d9c827d51a5f28e9,delivered,2017-03-01 16:21:50,2017-03-01 16:35:22,2017-03-02 09:41:26,2017-03-09 15:45:19,2017-03-24 00:00:00
10c2b05e3b425d09cb2a1fa7f08d701f,4d45f5b1f311c511f6410974f00b7e23,delivered,2018-02-15 20:10:16,2018-02-15 20:26:25,2018-03-02 14:17:55,2018-03-15 18:06:24,2018-03-23 00:00:00
d6199904747af716384a5ddfde0e4b9f,5c021e3084ad3e3217045ef92245ef06,delivered,2018-03-06 11:53:40,2018-03-08 02:29:27,2018-03-09 17:36:33,2018-03-21 01:12:35,2018-04-04 00:00:00
a3397fe4e0daa3278bc7de9c39a5e601,fd58e83220f721f32907fe4d3ff345d3,delivered,2018-03-01 14:27:17,2018-03-01 15:15:26,2018-03-06 22:51:46,2018-03-15 18:54:44,2018-03-21 00:00:00
0c46fe7e5915cf8413d797e298c50dba,e16a28ecd0cf7f1010c6719d14666d69,delivered,2017-11-03 16:55:46,2017-11-04 04:35:32,2017-11-06 20:46:41,2017-11-15 00:21:28,2017-11-28 00:00:00
a5ec4b722860bf18fd1ff9fd35fbfff8,0d0e02f035f84b429d470d83437aad47,delivered,2018-05-21 02:46:48,2018-05-21 03:37:39,2018-05-21 16:03:00,2018-05-23 21:08:18,2018-05-29 00:00:00
bca23b0c0c24178fcf6fb1838fadbe86,42d2d2023056a7b8a7cab5c68fad2fd8,delivered,2017-06-09 16:40:56,2017-06-10 02:45:36,2017-06-13 07:15:37,2017-06-19 12:55:55,2017-07-04 00:00:00
9682e213157788365257ba787969f33b,4e8cad1ddf8145e68b56b4fc79b61637,delivered,2018-06-10 17:44:38,2018-06-10 19:12:33,2018-06-12 13:25:00,2018-06-13 16:42:05,2018-06-20 00:00:00
1032cdde705c24776a43441b77855fe6,d03e957168b70cdef000379fa0aab72b,delivered,2017-11-24 18:40:50,2017-11-24 21:55:56,2017-11-27 19:04:51,2017-12-04 15:49:00,2017-12-18 00:00:00
e8051e65754422caf457412193df751d,723eb4ba0ff9ab7d9b964b4bf7d30438,delivered,2018-03-10 16:44:09,2018-03-10 18:00:23,2018-03-12 17:22:53,2018-03-27 21:26:34,2018-03-22 00:00:00
a1119e009d1d91655405307f4c095818,f9059cdd98d27efa3952f1e0a42adb8e,delivered,2018-08-05 00:48:16,2018-08-05 00:55:27,2018-08-07 14:57:00,2018-08-16 22:22:48,2018-08-14 00:00:00
330f4c4ce3d46e9f892b06e6f0bc9aad,14b614cf1dd2da6594c658a69fbbeb54,delivered,2017-01-30 22:18:53,2017-01-30 22:32:45,2017-02-01 15:34:22,2017-02-09 10:14:40,2017-03-21 00:00:00
935cbf337f50d03fc7ecfb5a601dc7fc,78e5e5a5de6f4de446c8eb4509755a13,delivered,2018-07-25 08:15:09,2018-07-25 08:25:14,2018-07-26 13:44:00,2018-08-01 20:35:40,2018-08-15 00:00:00
ff014de83d667807820e68d8ea975281,4f41913e9ec8b0688894cac083489228,delivered,2018-06-19 20:32:03,2018-06-20 20:37:34,2018-06-25 15:41:00,2018-06-29 18:16:41,2018-07-13 00:00:00
664fffdda32d46c6b21de73112d0a468,7ecd15f6d34699808a3234da75bb1fec,delivered,2018-06-08 13:41:52,2018-06-08 20:31:50,2018-06-18 11:55:00,2018-06-20 02:08:28,2018-06-28 00:00:00
591bbdc0cd7aae35890765d570a3f0b1,35edc87c2142977597491383fc6ad092,delivered,2018-03-05 09:47:52,2018-03-05 10:09:30,2018-03-09 03:10:55,2018-04-02 20:34:33,2018-04-03 00:00:00
7e1aa5eb9a99e5ea0681a7dd4bf95e08,154e754af04fd5ba0b7afaad0a638616,delivered,2017-08-18 18:04:27,2017-08-18 18:30:17,2017-08-21 22:46:42,2017-08-25 10:23:21,2017-09-08 00:00:00
64d6282bba1a1c015acbdcacca391253,9f4d56b7ac45461cb350b204ab9347e1,delivered,2017-05-15 17:24:42,2017-05-17 04:10:24,2017-05-17 16:34:25,2017-06-05 13:06:39,2017-06-02 00:00:00
543dbae182bd4940d1db691141165e0a,e12a48d77b46d7e64fd1480133932637,delivered,2018-02-20 15:41:09,2018-02-20 15:50:30,2018-02-26 20:17:16,2018-02-27 19:42:14,2018-03-06 00:00:00
3137ad5aa5e36a39d95147f1e5678290,aad1444f5011eff5c501ed9598fb5265,delivered,2017-04-18 14:26:21,2017-04-18 14:42:20,2017-04-19 11:05:22,2017-04-27 14:11:24,2017-05-10 00:00:00
2fb7dfe5fec51c8a96ee5349c1faf9c0,572791c601e0c0a2331c6a900425d3f1,delivered,2017-08-16 11:14:55,2017-08-16 11:45:14,2017-08-22 21:25:32,2017-08-25 18:41:40,2017-09-13 00:00:00
7d593cfb475e1e80058d84bbba5aef55,4044c34776305b044569d12d0211b0d4,delivered,2017-11-26 09:28:58,2017-11-26 09:54:21,2017-11-30 19:37:07,2017-12-28 22:28:40,2017-12-20 00:00:00
4010af255873d6e26073000d24a8f52f,82c595ab5dcb46ee4c08bcef2ba09981,delivered,2017-02-23 16:39:13,2017-02-23 16:50:26,2017-02-24 15:24:52,2017-03-07 19:42:02,2017-03-20 00:00:00
26a4c5b97bdf4e499a22334ea494e883,1acd80f827bb4f30d15edf43b2e05dc1,delivered,2017-07-31 19:14:08,2017-07-31 19:25:13,2017-08-01 18:22:17,2017-08-23 19:05:49,2017-08-22 00:00:00
ae3ecd7aadd6785fc80415c76a3ee139,2e3053ee55d4b333b97718d232cef54b,delivered,2018-06-11 11:45:07,2018-06-12 07:57:47,2018-06-12 08:16:00,2018-06-27 17:10:33,2018-07-05 00:00:00
7aa518be998a5e4ae20ebc594ddc96e0,732fd821e30b8a31ff30c0650239eb99,delivered,2017-09-23 10:49:53,2017-09-23 11:04:29,2017-09-26 19:49:46,2017-10-21 13:07:55,2017-10-23 00:00:00
0927272c1caea73a32570e9de18c2bb7,c0186800fe9bb6579c73f2b2345cce4c,delivered,2018-05-28 13:31:20,2018-05-28 13:54:44,2018-06-05 12:35:00,2018-06-15 20:17:54,2018-06-20 00:00:00
638fa07954d987db6c7cc971c365eca5,bb6d19b76e0f5f72f87d72c33ade1136,delivered,2018-02-20 23:02:50,2018-02-20 23:15:30,2018-02-23 23:11:58,2018-03-02 15:09:05,2018-03-19 00:00:00
ec7fe8ab2dc8752a229cd9a28a91bc57,3df3fcf0aee44c306ffc6e98b8643e3f,delivered,2017-05-09 16:33:36,2017-05-09 16:45:15,2017-05-12 11:49:55,2017-05-25 11:26:57,2017-05-31 00:00:00
cd2f659fa071787c2e90002891bbea4b,4c5eb8e3394ac94270ce5d9a7c22e6a9,delivered,2017-05-29 16:56:59,2017-05-29 17:10:06,2017-05-30 10:40:16,2017-06-12 16:50:03,2017-07-05 00:00:00
5d963a08322bbf0e9d783716d6e9c1a0,52efb714ec49e013cc9dd247bbd7ffb3,delivered,2017-09-30 22:45:32,2017-09-30 22:56:16,2017-10-03 16:40:12,2017-10-04 17:42:12,2017-10-18 00:00:00
a63144d37a00c28ef382668a5d5ece8b,af4cda2d3ad3e63a2e7eb0d75379f1d8,delivered,2018-02-08 13:55:48,2018-02-08 14:40:26,2018-02-08 23:08:10,2018-02-21 14:35:19,2018-03-16 00:00:00
1194afa31e54aeee123be8df42e3f573,b383a778278d061c8b275a611c26ca8a,delivered,2018-06-05 16:56:38,2018-06-05 17:15:38,2018-06-07 08:38:00,2018-06-13 18:48:54,2018-07-11 00:00:00
b9a9373fc111512d93f74cbafd0d15e5,b61c656c330cd99a4d2cd8e90a498c84,delivered,2018-01-27 20:34:58,2018-01-27 20:52:18,2018-01-29 18:25:07,2018-02-09 23:35:20,2018-03-06 00:00:00
fc187810529ecab8ec6fbf1b4b1d27ae,39daea6250bbdfeccb17472c1592ff9d,delivered,2018-01-23 10:25:39,2018-01-25 14:19:58,2018-01-26 16:03:22,2018-02-06 20:52:06,2018-02-20 00:00:00
ebfd75154f8fdbc98038250a80a41875,746df46c283df87d8ffc0ac45309b6cf,delivered,2017-04-26 09:34:47,2017-05-01 22:32:53,2017-05-04 15:59:01,2017-05-10 15:38:49,2017-05-15 00:00:00
202b0e2a72ae812b73b645d02a6b1bc0,428d17477be86381ead9c16e52c0528c,delivered,2017-09-20 21:08:06,2017-09-20 21:25:06,2017-09-26 17:12:28,2017-10-03 19:58:08,2017-10-18 00:00:00
5770d4a84c1a09336d4c93063323d21d,9b8959f26f86edc945df217520cbeaa2,delivered,2017-07-19 12:11:51,2017-07-20 12:15:15,2017-07-20 17:12:16,2017-07-27 14:34:23,2017-08-08 00:00:00
c0677fabaec4a0491225d78c6ee269f5,11e9bbf2b2029587516b04cafb81a3fc,delivered,2017-07-08 23:07:10,2017-07-08 23:15:19,2017-07-14 19:12:14,2017-07-31 15:02:45,2017-08-15 00:00:00
20cc195f7abe525abd0697163e2c8e0d,8e8d4784516e71494188748e6f45f260,delivered,2018-02-16 16:35:17,2018-02-16 16:46:59,2018-02-19 11:22:43,2018-02-26 22:38:27,2018-03-08 00:00:00
80341e701b91f4e9f068a3ec40fb0440,006d300ffcb82917c9866dd5a507dbe6,delivered,2017-02-16 15:53:00,2017-02-17 02:25:15,2017-02-20 15:17:35,2017-02-24 16:07:25,2017-03-24 00:00:00
a33a09b1320a130c61d1d5d9b8aec5ee,3e05c1ad118dc0a4304a93b6b6012d5c,delivered,2018-07-06 19:08:05,2018-07-07 19:05:47,2018-07-10 15:54:00,2018-07-16 12:24:44,2018-08-08 00:00:00
4c1eb4e6d52d42048614e4c46f3c5f9e,a830ee143fc6569553949bd8b06fc776,canceled,2018-08-03 18:52:57,2018-08-04 04:10:22,,,2018-08-22 00:00:00
9de38c42ea4d33af19aac6c4d6c4b146,90a0c453124d8012f583f1bdbd77576f,delivered,2018-06-12 16:12:29,2018-06-12 16:51:18,2018-06-13 08:22:00,2018-06-19 11:47:24,2018-06-29 00:00:00
779b6f84b404177ab8f8f5cfd0137216,21558b7b6743818a6667a0bae27ad407,delivered,2017-09-20 10:31:47,2017-09-20 10:45:20,2017-09-26 19:39:47,2017-09-28 15:07:39,2017-10-05 00:00:00
2e2b499ad1ed9178bdd1cdb83f3f6000,51bb4e7ac0c888104aecba5a46ec01b1,delivered,2017-09-01 10:13:27,2017-09-01 10:25:43,2017-09-04 19:36:34,2017-09-12 16:21:24,2017-09-20 00:00:00
0bcde0684eba5746bbb90d6d9089570a,774858779c1de29d2be62401459a8ca0,delivered,2017-11-01 20:57:34,2017-11-01 21:31:25,2017-11-06 14:13:06,2017-11-13 19:23:46,2017-11-24 00:00:00
b1dacd22636963809c005e934e4f382f,dcc0ef7e6533ad77e9f1e7b9f5e7de5c,delivered,2018-02-04 10:22:33,2018-02-04 10:35:19,2018-02-05 23:06:34,2018-02-27 18:25:36,2018-03-13 00:00:00
aaab96ab260f2839451f9c2839d59109,ca54aaa4768b5a9c668f503810b15aca,delivered,2017-10-04 21:41:08,2017-10-05 03:07:15,2017-10-06 17:13:58,2017-10-18 23:13:52,2017-11-03 00:00:00
416bffd2b6f30043b4c631f9109782f3,fe543dcaf0106197870ae1c21d36076e,delivered,2018-02-20 06:39:52,2018-02-21 00:07:40,2018-02-27 17:22:19,2018-03-10 00:54:34,2018-03-21 00:00:00
3578f604ba267d1491f68d8f929dbf28,24f0ff8f458c6b9f0f8222b516699b9c,delivered,2017-02-07 20:58:44,2017-02-09 02:45:18,2017-02-10 13:52:33,2017-02-21 13:18:29,2017-03-08 00:00:00
47a4127cb0dbefba62b1f27417f295e5,f21be077bde5af59e7bc499c7dfe788c,delivered,2018-03-06 09:32:41,2018-03-07 02:10:45,2018-03-08 00:09:34,2018-03-09 17:48:47,2018-03-16 00:00:00
4b161afded0b38a94b63850c4bb48f91,abd11737bb2ce323c9f72b71cdf68907,delivered,2018-06-03 18:49:11,2018-06-03 19:12:03,2018-06-04 09:41:00,2018-06-22 15:59:28,2018-07-18 00:00:00
a2c93edc2fa319d3e6aa9e18dc4b3b19,ecd3026f2f4b19561b6c62b22fb0ef1f,delivered,2018-03-05 21:11:57,2018-03-06 03:55:57,2018-03-07 23:04:28,2018-04-04 15:55:50,2018-03-27 00:00:00
9d241238f3827aced623154ace551dd9,7b8602bfd7410fdbd226bd6834947b3e,delivered,2018-03-08 19:46:59,2018-03-10 03:48:52,2018-03-12 23:27:24,2018-03-15 16:37:50,2018-03-21 00:00:00
c4ee82a6c0873cfdbe96e41596698248,c9be31eee5d42b016032f115e6640689,delivered,2018-08-03 12:28:01,2018-08-03 12:44:04,2018-08-07 14:24:00,2018-08-14 00:08:35,2018-08-15 00:00:00
9aeaadde646cd9e4c51638f24ecf63cb,b9f1e74e29e518dde4d453acdcd1c7e6,canceled,2018-02-09 16:25:56,2018-02-09 17:00:25,,,2018-02-23 00:00:00
774948f6702fc1d316b81f28fea3de9b,b1e400431e457864b28ee85866c790a5,delivered,2018-06-04 16:27:31,2018-06-04 16:52:49,2018-06-07 14:23:00,2018-06-14 18:22:29,2018-07-18 00:00:00
39036e9122762c9b45c239ddbc452651,c008f3bac9e5d451c760f32c168394a1,delivered,2017-10-25 18:30:49,2017-10-27 02:55:31,2017-11-01 21:12:19,2017-11-14 12:59:31,2017-11-22 00:00:00
8538cceabb941edabecc8ac62f6813c9,3756b6c32606779d7afef1ab970fcae2,delivered,2018-05-17 16:56:01,2018-05-18 04:36:15,2018-05-21 14:01:00,2018-06-06 16:56:38,2018-06-18 00:00:00
5e444d1399cf9f3de87152edcb0ff8d6,1d2900a05deae2e263b233eeecfda1ad,delivered,2017-03-31 07:55:21,2017-04-04 05:55:22,2017-04-05 08:55:37,2017-04-18 15:44:40,2017-05-04 00:00:00
1175d97a3d270dddf3146abe7f5e4934,1c60caa82a933780279e85c4b7846bc0,delivered,2018-08-20 08:11:26,2018-08-20 14:15:32,2018-08-21 15:11:00,2018-08-27 16:42:40,2018-09-14 00:00:00
fdff9465ac9ce1a793bb30fa94c6f241,845b824eb080c574067dc1f73e58e09e,delivered,2018-07-29 00:10:39,2018-07-29 00:24:15,2018-08-06 17:33:00,2018-08-07 18:17:49,2018-08-08 00:00:00
95f552c5bebbb2d3c6ff73da9ff5e2ad,531848f78249503b665b3dfa71732bed,delivered,2017-05-16 11:42:33,2017-05-16 11:55:17,2017-05-23 12:37:41,2017-05-24 12:15:02,2017-05-29 00:00:00
7efcc78e753fc4f4bf1a4c52af34eeb9,dc92bb0592372c62b31cfbda4653c56f,delivered,2018-04-29 10:20:54,2018-04-29 10:35:16,2018-05-04 15:54:00,2018-05-08 20:46:50,2018-05-23 00:00:00
27ad3cde457631774a337c7d7bad4285,bc0f4c2538125d909fe157f49492cfd3,delivered,2018-05-11 20:07:49,2018-05-11 20:30:27,2018-05-16 15:14:00,2018-05-19 13:42:03,2018-05-23 00:00:00
f1c5e5967b0cd0144bd3b56958f7da43,af8172141c0b941edc73d75ad7264d84,delivered,2017-11-24 20:40:15,2017-11-25 05:35:43,2017-11-29 15:23:06,2017-11-30 12:18:46,2017-12-08 00:00:00
73befa10ba4ce911961d44fc641180e6,7bffb6d111f174bd77cb1a8e8d737812,delivered,2018-01-14 12:32:18,2018-01-14 12:48:29,2018-01-16 19:39:30,2018-02-02 16:34:23,2018-02-19 00:00:00
7b103f0841bda2b0b9e208b7840a762c,8ee3fd6fd24dd4a5a53bd6127af30d2c,delivered,2018-04-12 11:15:03,2018-04-13 12:55:45,2018-04-19 21:03:43,2018-05-07 16:59:12,2018-05-02 00:00:00
235120dba37dd89b962dea1d7a2cb3bc,d990b72223e95b999126c15954cd6fc0,delivered,2018-01-05 14:42:11,2018-01-05 15:47:18,2018-01-10 22:57:15,2018-01-26 12:38:48,2018-02-23 00:00:00
3c4f4a215516b1f6013a569c7013f45d,46e56e344cf9b8255312e845f7d0b1ff,delivered,2018-02-20 21:04:15,2018-02-20 21:40:25,2018-02-21 23:49:15,2018-02-22 23:47:09,2018-03-06 00:00:00
ed8e9faf1b75f43ee027103957135663,14fcb7be0e0a5868f190e1cda895d6fa,delivered,2017-11-29 15:10:14,2017-12-01 11:31:53,2017-12-04 19:48:46,2018-05-21 18:22:18,2017-12-19 00:00:00
f76a4a871a67dc644379c09dc683c967,c1b119e6aba121f22bbc8c84b41dd47a,delivered,2017-09-22 00:12:54,2017-09-22 00:30:14,2017-09-27 19:52:49,2017-10-13 21:52:21,2017-10-18 00:00:00
606449909d777e082c5043319f58c6dc,12af1b4304576908180963085a624693,delivered,2017-06-19 15:24:21,2017-06-19 15:35:12,2017-06-23 10:29:59,2017-07-14 19:53:52,2017-07-24 00:00:00
aab6724caaf81418088249e2a0ea5d17,fbf7bc76c6c3f2fdd47489cc38542f64,delivered,2018-01-16 19:58:37,2018-01-16 20:10:37,2018-01-17 21:04:59,2018-01-23 17:24:24,2018-02-07 00:00:00
c5f43352377291361dad9a7366ae1c89,f9796700c0a1d4455471776293bbbc09,delivered,2017-11-22 14:15:15,2017-11-22 21:48:22,2017-11-27 18:57:23,2018-04-06 21:52:36,2017-12-18 00:00:00
113e0c165fdf93f9e1017dae01292548,8ed69cbab6a80fa4eb8ccb13bee2e667,delivered,2018-04-01 16:19:09,2018-04-01 16:35:18,2018-04-02 19:34:51,2018-04-03 21:33:02,2018-04-13 00:00:00
b2a7488d3bfedd8a8abd53fff6127807,4596b32d78313ebf60d4b14a6a95ff87,delivered,2017-11-24 07:04:41,2017-11-24 07:14:32,2017-11-24 22:13:14,2017-11-30 23:23:48,2017-12-21 00:00:00
ceb35b18f6b84c1c75f02859ce3160d9,eff19fbf43cda74b8fb9959b4ffbaaa1,delivered,2018-07-28 20:51:37,2018-07-28 21:04:13,2018-07-30 14:16:00,2018-08-06 16:26:07,2018-08-15 00:00:00
a6288025a106ed8a4db8010e42d44577,5585bc3f707bf7755cc669076c92b15d,delivered,2018-07-28 18:54:26,2018-07-29 18:45:19,2018-08-09 10:16:00,2018-08-16 23:18:35,2018-08-27 00:00:00
d779d1f64c00cb888484f4b2f5eab951,7adeb9ef7256f00660337f5959bcaaf6,delivered,2017-12-15 15:23:33,2017-12-15 15:35:17,2017-12-18 19:03:17,2018-01-04 22:47:52,2018-01-24 00:00:00
ab588e77cdbcc3d63e479ba2862256a5,795c7957e005b7c433e0406269b6aa59,delivered,2017-10-01 16:55:36,2017-10-01 17:07:13,2017-10-05 16:13:55,2017-10-10 17:28:20,2017-11-01 00:00:00
6942aa7dee89fafe04b6ff790e74912e,b9e6598bfc63561d92e38ba3af29aeca,delivered,2018-04-08 21:59:45,2018-04-10 03:55:26,2018-04-10 18:58:36,2018-04-14 04:42:04,2018-05-07 00:00:00
da53168e1e12e3408d193c03604f260d,baa44e1b7be98ae9c59021a99509a628,delivered,2018-07-05 10:00:59,2018-07-05 16:05:29,2018-07-05 10:23:00,2018-07-10 22:03:28,2018-08-01 00:00:00
0e889e74cffcea6930673d6011321633,067ccd26a1e4082be06995121d90c1db,delivered,2017-12-05 09:21:15,2017-12-05 10:48:17,2017-12-06 23:27:16,2017-12-10 14:37:35,2017-12-28 00:00:00
448a4837b41e7f24ad7dabafe574c842,85e150f36bbcdbcee982caee4b0238c9,delivered,2018-06-14 14:28:01,2018-06-14 14:58:51,2018-06-14 14:20:00,2018-06-25 16:18:43,2018-07-17 00:00:00
ac8a7a5a2eb68fd70147207a05c5e9d9,bf1642bd31cb9d9bf2c1902832a53bd2,delivered,2018-01-19 23:02:16,2018-01-23 03:39:32,2018-01-25 23:42:15,2018-01-26 13:22:57,2018-02-05 00:00:00
2748d44e65a8c2df3289434a7c117709,f861df6a9d89749b16e001dcc96f3011,delivered,2017-12-29 14:55:59,2017-12-29 15:07:12,2018-01-02 21:41:47,2018-01-08 17:53:14,2018-01-23 00:00:00
b4b6e2f2f9dd2c4cfe524993ff72f49d,13fe07f5797fee846b2064d426ca4b71,delivered,2018-06-03 14:10:52,2018-06-03 14:31:08,2018-06-05 14:45:00,2018-06-19 18:59:48,2018-07-05 00:00:00
fc6c2b2dc641e9b43804f733841f943e,27cb94d7e0d417891e662f211e26136e,delivered,2018-06-13 20:00:40,2018-06-13 20:20:47,2018-06-14 15:29:00,2018-06-20 17:37:54,2018-07-17 00:00:00
9b441adcb57c2e78cb12352908df3ea8,a1a93deddcf69a6a55df0275e2be062e,delivered,2018-02-07 19:34:43,2018-02-07 19:49:35,2018-02-16 14:27:43,2018-02-23 22:34:25,2018-04-10 00:00:00
7b2224d2541bc6874a3767724399a203,fbbf2375a1b32cec004f68916082efb1,processing,2017-12-11 16:20:06,2017-12-11 16:30:28,,,2018-01-08 00:00:00
0e3737a398f635ed0c0957a0320781ec,7e54da0c70661ce35754a113fcda1208,delivered,2018-01-07 12:57:21,2018-01-07 13:07:18,2018-01-08 20:50:19,2018-01-10 19:07:59,2018-01-24 00:00:00
d52ec59371d4477349b3a26e9607dc2c,0f99c31bedc34957e0dd7689d593a3b6,delivered,2018-05-07 18:09:56,2018-05-07 18:34:54,2018-05-08 13:57:00,2018-05-10 23:03:29,2018-05-18 00:00:00
b5d232a923d0c5bcfd5a7434173bddc0,59f7e332be41c01c24636cf11a8f2fc6,delivered,2018-04-09 19:23:57,2018-04-10 19:30:45,2018-04-12 17:22:19,2018-04-16 23:11:36,2018-04-27 00:00:00
22ce839b4cf363dd05a5cde6a91e53de,7638ebb9a062fb69f8646c668dd5e3d6,delivered,2018-06-20 15:27:17,2018-06-20 16:01:17,2018-06-21 12:05:00,2018-06-26 19:41:56,2018-07-13 00:00:00
177f8b6f0cfd6ef224d0caf1e59d89bd,e1fdfa0695ef19dbfa1018d021dec182,delivered,2018-06-09 16:12:08,2018-06-09 16:29:07,2018-06-14 14:18:00,2018-06-20 16:56:57,2018-07-11 00:00:00
ae9f9adfeb3a33fe59da5bab6678e5cb,2c7ff1f9724c87a046e3c9979316b202,delivered,2018-02-24 08:42:23,2018-02-24 11:47:26,2018-02-26 23:13:42,2018-03-07 19:34:25,2018-03-16 00:00:00
c283d7942d2bbca2c27a9c15ee2a390e,aa1c88ef1c54651170df45bffe3c2a87,delivered,2017-11-26 21:27:45,2017-11-26 21:35:21,2017-11-27 18:42:45,2017-12-21 19:52:04,2017-12-27 00:00:00
7401e9523d2377080c54f7ac11967b95,f1fb68ca7cf1c4dab0dd844d4cea2c4b,delivered,2018-01-08 11:32:38,2018-01-08 11:48:55,2018-01-11 19:20:05,2018-01-17 15:09:26,2018-02-05 00:00:00
c01b52b26b2be81e5712a958631d858e,83b1928fbc6df37e7c6e0d47a051cdcd,delivered,2018-04-21 13:54:24,2018-04-24 19:24:56,2018-04-23 17:37:47,2018-05-07 21:34:51,2018-05-16 00:00:00
25e4af6ebff2dfb6213c8cc7e36ecbed,921df0e199c57f4fd686b8a141fb9b86,delivered,2017-02-07 20:31:37,2017-02-07 20:45:20,2017-02-21 06:06:14,2017-03-03 16:54:03,2017-03-08 00:00:00
b1b6f4555a67701822ee36e2d35d7043,f9e7b0ff9161b2eab0a9b8b1d71052f5,delivered,2018-06-29 16:22:54,2018-06-29 16:35:19,2018-07-04 11:55:00,2018-07-06 17:18:21,2018-07-23 00:00:00
f002422b59aa21ebc2c12136d1ab4019,752b76f403f16b021896686a71396435,delivered,2017-10-25 17:18:43,2017-10-27 02:55:18,2017-10-30 15:55:01,2017-11-06 18:32:00,2017-11-24 00:00:00
ac9ec0af6e2e654e5b2b88f0ee326b4c,95d79a8ccca128b750566cb18e316ad1,delivered,2017-08-01 14:34:44,2017-08-02 02:36:19,2017-08-04 17:06:03,2017-08-17 18:44:30,2017-08-23 00:00:00
3f3e73711d749f4c39da2d5e55927d84,80fe00c958babb51185da03abe8adc1e,delivered,2017-04-12 12:37:01,2017-04-13 06:35:13,2017-04-18 17:00:03,2017-06-27 14:43:31,2017-05-23 00:00:00
f8046b5049a674585e048bb954e3b494,62027a3235ec0eb7e75e53ac09ad6e55,delivered,2018-08-21 22:23:01,2018-08-22 22:24:38,2018-08-23 12:35:00,2018-08-28 23:26:37,2018-08-30 00:00:00
aa1849549928a6c6d3f8b27f1bcf3a22,92c4389a799f9f07a254d8c7519106eb,delivered,2018-08-10 10:22:10,2018-08-11 02:44:35,2018-08-13 14:43:00,2018-08-22 17:32:08,2018-08-24 00:00:00
905f99d528bb299e8c62c67657cd8ccc,d54e62fa217090b11232a26706a67604,delivered,2018-02-10 10:14:24,2018-02-15 03:51:41,2018-03-07 22:36:30,2018-03-10 00:57:17,2018-03-16 00:00:00
6c2df3329834884b60365f14e084c043,b079e41d8e7a4fcb68b16b1334e1f878,delivered,2018-01-18 09:30:17,2018-01-18 09:50:10,2018-01-19 22:28:42,2018-01-25 17:07:09,2018-02-08 00:00:00
29d81f9fcfa8f77ad68afa83d9fbf83b,6da05f4c39571b239acb72979c20bd71,delivered,2017-07-07 11:58:48,2017-07-07 12:10:14,2017-07-07 19:37:52,2017-07-18 21:09:12,2017-08-09 00:00:00
b6f5e3bc6360fbc485ff34695b7b3fdc,88b4ee07501ad4605dc58366d31f09d3,delivered,2017-09-02 16:43:04,2017-09-03 17:15:11,2017-09-08 16:46:27,2017-09-09 13:08:52,2017-09-15 00:00:00
9c8b1a249b8f2acf28a69ae5526256c5,0afdec8c17187b3049a69904ef1cab59,delivered,2017-09-19 09:24:34,2017-09-19 09:35:10,2017-09-19 18:22:21,2017-09-20 18:55:01,2017-09-29 00:00:00
efe5bb701ff507ffa4736a7c07be50d2,243a74d750e4a5b7cc57b953746cdfd0,delivered,2017-03-22 12:27:15,2017-03-22 12:27:15,2017-03-23 09:32:27,2017-04-07 18:52:42,2017-04-24 00:00:00
4497ba9d409157ae7bc8aaf8fd113307,a3b7f155a78c8d463ba072cb1a11a3ed,delivered,2018-08-07 20:19:43,2018-08-07 20:35:14,2018-08-08 13:33:00,2018-08-13 18:51:49,2018-08-14 00:00:00
723fdebe8280ea74fca298382c4d7ac7,bb7a94644a9bd3b4116876c4a6380e1b,shipped,2018-08-12 21:51:12,2018-08-12 22:04:26,2018-08-13 15:19:00,,2018-08-16 00:00:00
aac567189889ebd3f40e46a0f8a5a63c,b5d25eb3292eb12a072039a8803e68b7,delivered,2018-03-20 10:17:27,2018-03-20 10:28:16,2018-03-22 21:51:34,2018-03-29 21:58:41,2018-04-17 00:00:00
a14a2e543b33add9891cabe38fd844c8,84c391f6583d7b5bd71ead8b85f36d31,delivered,2018-04-15 10:55:24,2018-04-15 11:10:27,2018-04-17 18:03:30,2018-05-10 18:48:53,2018-05-15 00:00:00
180d9087d153ffddea224f2996463f46,f581423e26b5520519407f034c1e5680,delivered,2017-12-04 20:19:08,2017-12-04 20:35:21,2017-12-05 16:57:54,2017-12-14 20:52:33,2018-01-02 00:00:00
380a1cd01e1d188bf799fb08276e32da,eaca42ceea47b823f2265aa4dd3b2a57,delivered,2017-12-18 22:46:30,2017-12-18 23:51:35,2017-12-19 19:42:00,2018-01-02 23:23:39,2018-01-22 00:00:00
514290e30cb76393d6623ca6d7d79ee0,a26ebecf1eada5cc98c25bfd8b36d71a,delivered,2017-03-12 19:33:03,2017-03-12 19:33:03,2017-03-15 10:01:35,2017-03-21 12:08:37,2017-04-03 00:00:00
1762d5c6c1f5efce31b1d21339212730,e0e9f2360f3bfc062e29e83f96aa50fb,delivered,2018-01-25 19:36:42,2018-01-25 19:52:29,2018-01-26 18:48:54,2018-02-01 19:16:53,2018-02-21 00:00:00
6d8660f8e645acd678cc75068d4fbcf0,ea3a22583524fd4920f5e3caf9d50968,delivered,2018-02-06 15:18:57,2018-02-08 07:50:25,2018-02-09 23:28:59,2018-02-20 23:54:30,2018-03-13 00:00:00
03b936f126145f2bb36600400aedb13a,f1f51e74435d2a80493b83c3d90598ac,delivered,2018-02-18 08:42:06,2018-02-18 09:46:25,2018-03-02 21:53:34,2018-03-24 15:09:50,2018-03-14 00:00:00
cd02e1b6a025f2d7003c4c8b2ef28baf,ca077dd95290191565abb393a580bbfc,delivered,2018-02-19 13:38:51,2018-02-19 13:50:43,2018-02-20 19:19:17,2018-03-08 19:45:24,2018-03-29 00:00:00
e4ace38893f7d4e22939778dd93b3dee,9dbda8f2ce19f108d4c32d085ec6ffa3,delivered,2018-08-15 16:12:27,2018-08-17 03:15:27,2018-08-17 13:58:00,2018-08-23 01:21:34,2018-08-29 00:00:00
e5bc6c7594c02f53761ea092c5c9af1d,0f3303966706b6737bc7a6a198d9caef,delivered,2018-07-12 20:05:49,2018-07-13 15:45:16,2018-07-18 15:06:00,2018-07-25 20:32:56,2018-08-06 00:00:00
d0c5da1cf512738b0f7bef215b1e12c2,54b176f522b30ea31266ef985a114348,delivered,2018-01-02 14:48:36,2018-01-02 14:55:28,2018-01-03 18:09:00,2018-01-05 21:23:52,2018-01-22 00:00:00
016fbc333d66b414be541c6159576c40,83fc79bfef5a8fb84c5d77f3748e0064,delivered,2018-05-30 18:09:10,2018-05-30 18:30:42,2018-06-01 14:58:00,2018-06-11 21:28:42,2018-07-24 00:00:00
a6e88e8981bb9dbb574107cfd606e4ba,d31acfce2bfa2a4ed0fb7fb1159c2114,delivered,2017-12-13 20:05:31,2017-12-13 20:17:28,2017-12-15 15:19:34,2018-01-21 14:42:49,2018-01-10 00:00:00
747c10818501d15381c0718ba37eb2da,82d8d50f9aa1a509e6578984e298c96d,delivered,2017-02-13 20:37:21,2017-02-15 02:43:20,2017-02-15 12:31:52,2017-02-24 17:35:44,2017-03-16 00:00:00
23941956ac5ebb846fc41ddbf76e7ccc,63e6159a468d15ffee3037bacc550c29,delivered,2018-07-15 17:29:46,2018-07-17 04:32:03,2018-07-17 13:00:00,2018-07-25 21:09:48,2018-08-17 00:00:00
fa79b2c18a8bd1dd7fe6c20ea3986434,d4fb0906b93ba1b93329aecf0c2d0e73,delivered,2017-07-29 17:49:34,2017-08-02 02:35:12,2017-08-02 19:32:45,2017-08-11 18:40:03,2017-08-24 00:00:00
2e120d53ec1baa3432c6af11aa2b930c,9ae3d63d920443417fbefb4e2a03f45a,delivered,2018-04-24 23:16:07,2018-04-25 00:22:17,2018-04-25 15:42:00,2018-05-09 14:12:56,2018-05-23 00:00:00
fd0342fda6ba083712b6ed0d4e6ac483,1d3e643209846ffadac771cc5dc1ed4b,delivered,2018-07-23 16:24:27,2018-07-23 17:21:07,2018-07-24 15:28:00,2018-08-01 23:46:21,2018-08-14 00:00:00
1b3cd8f4c4ebba4139eb750ccf233e63,b4bfd1ea3d936462015549270cee273a,delivered,2018-03-26 14:22:35,2018-03-27 03:55:48,2018-03-27 20:18:57,2018-04-05 01:57:31,2018-04-27 00:00:00
e3f6de94179bede8675ff97d0f3f3245,e7be4eaa39a7bd5d8f48f7810f07930f,delivered,2018-03-19 06:48:59,2018-03-21 02:55:53,2018-03-26 19:37:18,2018-03-31 16:06:39,2018-03-29 00:00:00
f001655c8c646cd1b5185bbc2e7534f3,ce210e14256d0dea4b6b487c2ed032d0,delivered,2016-10-04 23:45:54,2016-10-07 16:37:42,2016-10-21 16:25:22,2016-10-24 16:25:22,2016-11-28 00:00:00
f9343125e70ddf02e5f091885f0d7920,35596f8957cb98a5db59435c2bcc5816,delivered,2018-04-12 19:49:26,2018-04-13 13:14:08,2018-04-16 20:08:44,2018-04-23 18:21:14,2018-05-04 00:00:00
a139ecd5f1989a8f5d829cc03aa1a046,a6fba43413c5d37fd7dc3173432f6ab2,delivered,2018-08-17 09:01:51,2018-08-17 09:10:17,2018-08-20 11:40:00,2018-08-28 01:54:49,2018-08-31 00:00:00
1c0eb7262ceb60db69b3825f1fb1deb8,8012949cfd95d37e09a3922c3d8e3183,delivered,2018-01-07 14:28:19,2018-01-08 14:28:02,2018-01-09 16:54:54,2018-01-12 21:09:14,2018-01-31 00:00:00
084ba8afde2ae7dcc7610239f97b7d43,5d1f4036c008db431004d390d7920638,delivered,2018-03-12 14:56:44,2018-03-12 15:10:30,2018-03-13 22:32:31,2018-03-19 13:58:49,2018-04-05 00:00:00
4fa0555af785b01d6fd80634b8c3a87a,d9fbc5310983b8d38e97846ce8dc46a5,delivered,2017-03-15 19:08:27,2017-03-15 19:08:27,2017-03-16 11:40:44,2017-03-23 07:29:23,2017-04-05 00:00:00
cea71c0d8880d36a8492d52bd76b0e0b,679eab96828b70b85627bd192a717de7,delivered,2018-04-18 19:39:08,2018-04-19 13:31:34,2018-04-20 23:48:38,2018-04-25 21:36:59,2018-05-21 00:00:00
b8f95bd45718008c382f10f416a3581d,a7f052daff637569a9a4dbf03164e14c,delivered,2018-01-15 10:33:44,2018-01-15 10:54:14,2018-01-17 17:30:38,2018-01-26 19:53:17,2018-02-19 00:00:00
f08964bf6d23a9bb805d8fb23de64a87,75604d6ffd10e7e95b7e37fcf4078a5f,delivered,2018-04-13 13:06:51,2018-04-13 13:35:24,2018-04-16 18:06:28,2018-04-26 18:48:38,2018-05-18 00:00:00
cc7b37be243e081241f0929776e0ff3e,759e55aef569d8052456f43b65cb9bda,delivered,2018-02-08 23:47:44,2018-02-09 00:07:48,2018-02-15 22:34:04,2018-02-25 11:16:44,2018-03-02 00:00:00
c7334d7e05d30a59be01b74a71a53b9a,053bccd4465d25600d95df22e1eaa46d,delivered,2018-01-11 14:18:08,2018-01-11 14:27:46,2018-01-15 15:24:52,2018-01-19 22:42:20,2018-01-29 00:00:00
9831b84779bb2216541f702f5ed7c331,e4810f3375c0f016838e715c1b7a0339,delivered,2018-02-17 20:56:20,2018-02-17 21:07:07,2018-02-19 18:18:52,2018-03-01 23:19:29,2018-03-15 00:00:00
c6d7cba27932e1d0cc2d052db5a2dce6,6f78bc73edfd91d21466c92cf0a43b00,delivered,2018-08-20 13:37:54,2018-08-20 16:01:30,2018-08-21 13:15:00,2018-08-23 18:54:24,2018-09-04 00:00:00
12c624f532907ae11e5db7518dc6c917,6920a12554f2b5a6763c56fe38b84510,delivered,2018-01-11 19:55:17,2018-01-11 20:07:26,2018-01-17 16:44:42,2018-01-26 20:26:44,2018-02-09 00:00:00
cf72ba515bbb8a0ee1723579cc7d0380,91567d33ff85c9c6b6b6d244870bcb01,delivered,2017-10-18 16:20:32,2017-10-18 17:06:35,2017-10-23 17:10:27,2017-10-24 14:59:03,2017-10-30 00:00:00
9ad64fee55d24429134f71a2955bc677,59f1d52390a00b2dd217bc83dea3aac0,delivered,2017-11-25 19:08:13,2017-11-25 19:18:37,2017-11-28 20:02:42,2017-12-01 18:33:54,2017-12-11 00:00:00
7fd7130d7e48470b9e4782edb0401a44,3560402b2a4ff51a8fc728b55234539c,delivered,2018-02-02 20:27:32,2018-02-03 02:53:53,2018-02-05 13:35:02,2018-02-15 13:16:27,2018-03-07 00:00:00
7222c3a8696a84d8f538ee8db5832c67,9fc04c616b5152752cf00b3e8c520a94,delivered,2017-11-12 21:15:48,2017-11-12 21:30:21,2017-11-14 16:49:36,2017-11-30 19:33:12,2017-12-14 00:00:00
d44cb52677c0960afb3e43a96d79a25b,f47f3a8480b7a19fad8c129983945370,delivered,2017-10-29 20:33:19,2017-10-29 20:45:41,2017-10-30 16:51:54,2017-11-03 20:53:37,2017-11-17 00:00:00
3eb6d6c16c2b144b83985bcacd6ed72a,49cb929dcf7af515d4a1d1ba19387317,delivered,2017-07-04 19:59:17,2017-07-05 17:43:05,2017-07-10 18:22:21,2017-07-11 14:18:46,2017-07-18 00:00:00
b1fcaac6e8a89bb18db51bcb62c4a4e6,1b60bc9ccf0b19e5b4cf1e59c76afc5f,delivered,2018-05-14 13:40:33,2018-05-16 03:55:02,2018-05-17 08:27:00,2018-06-01 11:08:39,2018-06-06 00:00:00
bc21fd56e19626007f06da1b7f7b6c39,ce48eb5adf120b207900d03d7cd52c39,delivered,2017-11-06 21:19:16,2017-11-07 04:31:19,2017-11-16 23:08:43,2017-11-20 17:37:34,2017-11-23 00:00:00
be4c0eb384232a183463d7d7604842d3,28c6bfe9a3f5185dd1edba41d9e6a975,delivered,2017-08-31 13:14:14,2017-08-31 13:25:46,2017-08-31 20:24:22,2017-09-11 18:52:06,2017-09-27 00:00:00
f2710c3e65b68cfc927a8aac6ecebe83,88be8e039439308b5ec70c4994293485,delivered,2018-01-04 17:50:02,2018-01-06 09:56:20,2018-01-11 17:09:32,2018-01-16 12:08:07,2018-01-29 00:00:00
e55650ed198645300501994955043aef,a1f313b024c7909e99246bf7f4e3e7a4,delivered,2018-04-24 20:55:50,2018-04-24 21:13:00,2018-04-26 07:03:00,2018-05-21 18:28:51,2018-05-21 00:00:00
707fec00567dfaa251bc610a0c0cd056,443f468da5abf42fc6a182ae8dd86dab,delivered,2018-08-14 22:07:12,2018-08-16 04:35:08,2018-08-17 12:04:00,2018-08-20 11:51:35,2018-08-22 00:00:00
d527c6337841d7474102cbb7396891de,49a68cbaafb9101d1b168de68aaeeeeb,delivered,2017-04-05 15:15:05,2017-04-05 15:30:16,2017-04-06 09:18:01,2017-04-13 17:38:01,2017-04-28 00:00:00
6ef946c23a02ae5e2cfe4779ad34d805,bd62dc4bf97bb0039dd1d87c34b6dbf8,delivered,2018-01-09 23:04:22,2018-01-11 02:48:30,2018-01-26 18:39:03,2018-02-14 12:21:20,2018-02-14 00:00:00
f5d9f447bc24dbd0e76b74d0bbe0b4ed,5415819ad5ed256b3851eabbbbfe25aa,delivered,2017-09-18 08:34:17,2017-09-18 08:45:11,2017-09-18 18:37:26,2017-09-26 18:48:04,2017-10-10 00:00:00
4deb2316dadf42f0daa6b8965d384ba8,b22ca452dbb41139048975084d8a8f1e,delivered,2017-01-29 14:46:06,2017-01-29 15:31:07,2017-01-30 13:22:34,2017-02-06 14:37:20,2017-03-17 00:00:00
f62e6208120b502c087a5bbd9b2567e4,48430ed054d8d4f37f6ee4f17bb2d920,delivered,2017-08-16 16:32:17,2017-08-16 17:50:11,2017-08-18 13:24:31,2017-08-24 20:52:30,2017-09-13 00:00:00
5cc6d864fa9e1a90eaf5207737549ffc,8b574f4c72ba3539b5a1cfe2429352a4,delivered,2017-11-07 19:49:52,2017-11-07 20:06:58,2017-11-08 19:28:45,2017-11-15 16:22:59,2017-12-01 00:00:00
2e32dea8a4d1ae5499a67674b387bc6a,7fd973e7865ee210512c6222d387e7aa,delivered,2016-10-06 02:53:39,2016-10-06 15:53:39,2016-10-21 16:32:48,2016-10-27 14:02:34,2016-11-28 00:00:00
44c652443459cd095f4298d1d1daa389,ff8fa0e333a5b7b5362e76311b4ae90a,delivered,2018-03-21 23:05:27,2018-03-23 13:28:29,2018-03-27 18:11:22,2018-04-18 14:26:42,2018-04-13 00:00:00
cc585bf1df31232b1654bde95ef0730e,3fee10e96b1e1fc1a04c37d8bbe41fdf,delivered,2017-02-04 10:06:56,2017-02-04 10:21:40,2017-02-07 09:13:32,2017-02-08 15:48:48,2017-03-01 00:00:00
802a4ce6a0333eb94effff686abc8f27,77d20cce54e3b6b20b7207081077b084,delivered,2017-06-06 09:24:17,2017-06-06 09:35:15,2017-06-08 13:36:27,2017-06-21 17:54:39,2017-07-05 00:00:00
4ce0d39282d4d45834a51b1ca7fbb311,33b83055b03f489566ebb99c68d45cee,delivered,2018-02-01 09:11:43,2018-02-01 09:31:15,2018-02-06 00:48:33,2018-02-21 21:55:15,2018-02-23 00:00:00
7844d511767a3dbe9411602e49a0ac38,d8045e6cc95ece813867ea4938cf6fa1,delivered,2017-09-03 18:41:07,2017-09-03 18:55:10,2017-09-04 21:47:50,2017-09-11 21:15:19,2017-10-03 00:00:00
7eff82e591eb71184b50c3dfbfc7fd45,ca825b3898a4679cb0b6be754c778310,delivered,2018-04-25 07:16:14,2018-04-27 03:51:07,2018-05-03 19:06:00,2018-05-08 19:21:22,2018-05-04 00:00:00
34385ebc27efd3685674932151f86368,43c81caa01b8ac5a989eecda84d57906,delivered,2017-12-13 12:45:21,2017-12-13 12:56:20,2017-12-14 21:32:24,2017-12-15 20:21:39,2018-01-02 00:00:00
1a182abfca408087bb3d24dd41101c96,b76fff9cefb1ae3c0bd44fbffd31957e,delivered,2017-12-12 14:29:33,2017-12-12 14:49:19,2017-12-12 22:35:06,2017-12-21 22:51:25,2018-01-08 00:00:00
d78e5c7a11bcb261103cb4269bd37fcf,56c0118c75dff04412ba1c7c41243dd3,delivered,2018-08-11 14:35:56,2018-08-12 14:30:17,2018-08-20 14:02:00,2018-08-24 18:03:44,2018-09-03 00:00:00
11200294ab90161f54f7effdea8d9466,389dfb5774ff4738514d05e7165f172e,delivered,2017-09-20 12:26:50,2017-09-20 12:37:58,2017-09-20 19:08:15,2017-09-25 14:13:38,2017-10-17 00:00:00
1777a8edd4a86d8162c65687bce598b4,6b3b47e89d4f0d5784fa3225a598f331,delivered,2017-07-09 18:21:19,2017-07-09 18:30:11,2017-07-13 21:47:30,2017-07-26 10:57:43,2017-08-03 00:00:00
c63d42eaa9f87b513dcf03cce7097bea,11c2b07099015f6a90a1793c9863edec,delivered,2018-06-13 08:31:10,2018-06-13 15:37:23,2018-06-14 14:20:00,2018-06-18 22:43:48,2018-07-03 00:00:00
27f1701adfc69c0a85e9f59345b795df,f6ced24a98fd8ab53c50ebbfdf6c1375,delivered,2017-04-18 12:47:15,2017-04-19 02:45:19,2017-04-25 08:12:31,2017-05-14 05:14:53,2017-05-15 00:00:00
46e0dd5cd4dd2530f0e9563886d82e09,6b57e6a310995d960e19f631db8459c3,delivered,2017-12-18 08:37:49,2017-12-18 09:38:23,2017-12-19 23:27:02,2017-12-20 21:15:15,2018-01-05 00:00:00
0c5c8063a673f3c44b6499053e534ccb,3b0841e521dffa992a8ef9e4e00b2c9e,delivered,2018-01-08 20:04:06,2018-01-08 20:12:30,2018-01-10 19:28:08,2018-01-17 18:59:02,2018-02-06 00:00:00
8b5be28b78c96b28adca40358eed3d7b,4652920f1cba5bd776eb8a737b0b66f5,delivered,2018-05-20 13:38:25,2018-05-22 08:33:51,2018-05-23 13:39:00,2018-06-07 21:08:56,2018-06-18 00:00:00
fa6d52aa0f15a0a03c1f945a1d0f996f,6e6c13044b516b5e91d5a57c951e5662,delivered,2018-08-09 14:05:20,2018-08-09 14:26:10,2018-08-10 12:59:00,2018-08-21 00:15:34,2018-08-21 00:00:00
f0a82a328fd64b2796242bbfddb7e1d4,500f22fc596ab5a23d2e5ce64ee64859,delivered,2017-10-06 18:22:19,2017-10-06 18:35:26,2017-10-10 20:05:41,2017-10-30 20:54:05,2017-11-06 00:00:00
2cb5ed8e391a8ef966fe938d480510b1,6ea342594088a8d78a51e55e38053887,delivered,2018-03-03 10:12:47,2018-03-06 03:35:42,2018-03-06 19:27:31,2018-04-11 16:59:50,2018-04-06 00:00:00
63f1ad378cef16f74bb7480a3a01e3b4,4d29ad32fd31342f84b2973da2ee9cc6,shipped,2017-12-11 14:48:49,2017-12-11 15:10:40,2017-12-15 14:17:59,,2018-01-08 00:00:00
381cb353cd30a73a5e49e5f42e583c43,9b7f1cfafd9c7e59d94be3f1a9b02814,delivered,2018-08-06 16:59:54,2018-08-07 11:45:24,2018-08-14 16:18:00,2018-08-20 18:22:45,2018-08-17 00:00:00
dbbed4924867c581971797d61fd69230,1ba528f37985c821f99ecaf28db21d81,delivered,2018-03-26 22:29:08,2018-03-26 22:47:26,2018-03-27 20:56:38,2018-04-04 17:05:32,2018-04-13 00:00:00
1d52ba7197c7acebbb4f826f6585536f,c9c7fe860d602373a9e93f8bfe9d877a,processing,2017-02-13 18:32:55,2017-02-13 18:43:55,,,2017-04-04 00:00:00
488f659efac45e9067e284ded2bf7daa,be5f889aa121640fd2a60a253fb70120,delivered,2017-05-27 21:10:18,2017-05-27 21:22:05,2017-05-30 14:33:31,2017-05-31 09:04:26,2017-06-09 00:00:00
e0740375ce45558ac111af54a98325e8,70a6c2f433d5e8ea6e042c06e0589a5c,delivered,2018-04-07 20:48:13,2018-04-07 21:08:30,2018-04-09 21:34:33,2018-04-16 20:18:30,2018-05-02 00:00:00
a27eb404169bf0159dcee550b59b9d5e,517776a386c72774906153b1648f8689,delivered,2017-05-06 20:11:53,2017-05-06 20:22:17,2017-05-09 14:49:49,2017-05-12 19:06:03,2017-05-19 00:00:00
d10be1718c45ae0bd50cbfb5b3814089,cb0a6db21e3691fc30b737162fee045c,delivered,2017-11-19 10:55:19,2017-11-19 11:10:20,2017-11-20 21:16:57,2017-11-23 21:05:43,2017-12-07 00:00:00
6a45bd0eaa9f36460b442d6c149fb97e,f7200667802fa98c58b8110f7191bcee,delivered,2017-07-27 13:19:29,2017-07-27 13:30:25,2017-07-28 19:27:30,2017-08-02 18:43:07,2017-08-16 00:00:00
5552927954803697ef5ebf1431693061,b835dce98400fd0669dc5756e8fabb42,delivered,2018-07-14 09:54:59,2018-07-14 10:05:09,2018-07-17 14:16:00,2018-07-20 17:22:38,2018-08-13 00:00:00
be7ef653148b80c79b5d9b8500c47949,de5411657929e994c0100062f9a7d61d,delivered,2017-10-04 10:31:14,2017-10-04 10:49:44,2017-10-09 21:49:59,2017-10-23 20:56:09,2017-10-30 00:00:00
73f078f94fbf270913ba09b8bb2d0f93,e943e6bedea48751d312af66c93f0592,delivered,2018-04-17 13:00:55,2018-04-17 13:15:18,2018-04-18 00:28:44,2018-04-23 22:46:48,2018-05-10 00:00:00
ef1cba939b3e4639c534c42c2617fa9c,111c5f3477e53f51efb1d524e8cb7f20,delivered,2017-02-04 15:51:22,2017-02-04 16:05:12,2017-02-07 15:21:16,2017-02-13 08:14:12,2017-03-01 00:00:00
27bbbf29930f786db682f681aa56219e,ad587c8d6f7e1ba99d2cd8215682a0a9,delivered,2017-08-15 20:13:06,2017-08-16 20:55:16,2017-08-18 22:55:34,2017-08-28 18:55:48,2017-09-13 00:00:00
2c476f0148a99ce31bffe7659e5aaf4d,aff0c0e7798a7fef6652d453c0121eb0,delivered,2017-04-11 15:22:25,2017-04-13 02:42:35,2017-04-13 10:36:15,2017-05-11 09:24:00,2017-05-15 00:00:00
2e1205ef23c9d6445449283ddfe660ad,6c8dc19e9aa79a2c4fe646270a690ee1,delivered,2018-08-14 18:06:34,2018-08-14 18:45:10,2018-08-15 13:39:00,2018-08-21 21:31:56,2018-09-14 00:00:00
3c630824cefd356b7289838656c9cdbc,199ead1f7765436813bea595273e98f9,delivered,2018-07-28 17:40:23,2018-07-31 03:55:07,2018-07-31 11:17:00,2018-08-01 16:12:51,2018-08-06 00:00:00
bdd829bf1090cb56da3e6106c1fd768f,22084eb4b3c2bd7f03c726aa0fc4ba5d,delivered,2018-04-26 18:25:39,2018-04-27 16:53:05,2018-04-30 16:16:00,2018-05-18 17:04:10,2018-06-01 00:00:00
d1ea55f7318ed68dab3622af81e15141,7882d91898341a59ddd07cc20b613d40,delivered,2017-08-26 19:57:52,2017-08-26 20:10:20,2017-08-28 18:10:57,2017-08-31 14:32:17,2017-09-20 00:00:00
9680f3fdc078a63f1a4d5fca0f7790d8,5b568ab7c02d7f4a30b1441d020feac3,delivered,2018-03-23 15:53:12,2018-03-23 16:08:46,2018-03-28 21:21:37,2018-04-02 22:38:41,2018-04-16 00:00:00
a1c4ab09bfeec2b1739a1a7c2e4c4634,64cbcc173ff7fd1895b8fda13bd90ded,delivered,2017-10-20 22:20:36,2017-10-24 03:35:18,2017-10-25 23:22:24,2017-11-11 04:57:08,2017-12-12 00:00:00
5e29bb4d91686c8d61f87779502db614,8059726e1bee32796e83bf37aa97ee5d,delivered,2018-01-25 08:48:39,2018-01-26 03:15:48,2018-01-26 19:39:06,2018-01-30 20:58:08,2018-02-09 00:00:00
bd5a9582291175251c3dee0c4a87761a,4ef66ffdf74658c7f365451460599f0c,delivered,2017-07-21 16:26:42,2017-07-22 14:23:05,2017-07-26 11:21:43,2017-08-09 17:34:54,2017-08-28 00:00:00
2047712d309c37ea8b67d413cd8632e1,8688c18df2ad90ba2e2bfae32068eebc,delivered,2018-02-16 00:27:07,2018-02-17 02:07:56,2018-02-20 22:37:39,2018-03-05 17:28:53,2018-03-14 00:00:00
a1f5afc5fe7a4ee4bef93aab1e95772f,dc53883e94804c81b4afdf2c23478d97,delivered,2017-05-06 11:09:15,2017-05-11 23:31:25,2017-05-09 08:48:36,2017-05-16 08:05:15,2017-05-29 00:00:00
123bea8dab4550ec2592468bff3e0866,936ba96509c9bd5b74f051c834d1fda3,delivered,2018-04-01 20:26:00,2018-04-01 21:10:27,2018-04-04 18:34:53,2018-04-06 18:07:47,2018-04-13 00:00:00
b7a592c88818dcacf25f151e67f0bd8c,9df082314a3267c298bfc605619007f9,delivered,2017-02-27 08:03:48,2017-02-27 08:21:35,2017-03-01 19:04:10,2017-03-09 16:32:22,2017-03-24 00:00:00
a9f75df1cef311cb1a83706ed6992b41,c84a6e2da1eeb1774d66c63160a82805,delivered,2018-01-19 17:49:59,2018-01-19 18:20:30,2018-01-23 12:28:33,2018-01-26 20:32:59,2018-02-09 00:00:00
72af7514238e36c16453f0a9146ecb52,1ea8e45ffebf367b2f046c8b3c8ff230,delivered,2017-12-01 15:40:46,2017-12-03 15:35:50,2017-12-04 22:52:24,2017-12-11 16:58:43,2017-12-19 00:00:00
ad07fbbd9ee2c6dead53c1af4ba90f02,4de9ad1196d093560d7f48d6b0a43b38,delivered,2018-05-17 18:00:51,2018-05-18 03:16:13,2018-05-18 13:37:00,2018-05-21 20:34:40,2018-05-28 00:00:00
d7b749382b06fe2551235b118a962dfa,2853fd4b314b078f6a16bf500bcb1a0c,delivered,2017-03-11 18:46:30,2017-03-11 18:46:30,2017-03-17 06:57:41,2017-03-23 10:34:33,2017-04-13 00:00:00
f9b79ac2c05f12bab607bfe35b4a2ad2,3c932993d41c2ba7c0d1027658a2fc6b,delivered,2018-03-05 16:48:49,2018-03-05 18:31:25,2018-03-09 23:06:33,2018-03-20 22:32:30,2018-04-18 00:00:00
62529dde2b3d81415417822b4bc91581,a513b34c2f98a4777c23077339806088,delivered,2018-04-15 22:34:55,2018-04-16 08:32:25,2018-04-18 21:02:38,2018-04-19 21:08:51,2018-04-30 00:00:00
6dcf0aeb8b1eb4021c26e1d0e9394979,8d10ccfe7c979ef982e4964bbff62637,delivered,2018-08-09 20:37:34,2018-08-20 15:59:18,2018-08-14 13:05:00,2018-08-15 19:06:29,2018-08-15 00:00:00
dc15c503e5d31267bef467c8c63476c4,bd845f13db0ebdbb3dbd88dbbe69848a,delivered,2018-08-25 13:21:23,2018-08-25 13:30:23,2018-08-27 14:13:00,2018-08-28 21:03:38,2018-09-14 00:00:00
bb5a46301dcca0ca265b0bd999f9dd52,dfb8efcf14ab981879b8a2cdc810a496,delivered,2017-07-22 17:43:05,2017-07-22 17:55:09,2017-07-26 11:07:51,2017-08-01 20:44:59,2017-08-22 00:00:00
3579ad4440247fd01709d8583ae2c137,0c2350ac90a7c2d4a6f04bf7fa330125,shipped,2017-11-30 10:31:05,2017-11-30 11:02:21,2017-12-04 21:22:06,,2017-12-26 00:00:00
c7575bc6637b30826bd659a47a475a03,08efabeffd06ee1f8e522463f98370ed,delivered,2017-12-14 17:13:04,2017-12-15 10:59:26,2017-12-16 15:43:20,2018-01-02 23:18:33,2018-01-15 00:00:00
7911b64405b6667c48cb3f1334f85432,b01ef4421b00f84fed4e522f7774bc00,delivered,2018-01-21 22:49:13,2018-01-22 14:03:22,2018-01-25 00:15:49,2018-02-06 18:13:18,2018-02-15 00:00:00
b0cb43bc4638d44188430b7d42b35866,574c519c49cd1be818c075ed1ca5c6e6,delivered,2018-07-31 11:08:37,2018-07-31 12:31:14,2018-08-02 12:46:00,2018-08-08 16:26:52,2018-09-04 00:00:00
2c9b1f7bef0f4fd1ff94ce18f9ddc0bc,df7430050b2e4f6ea2a199eb90bc4d7b,delivered,2018-01-16 17:40:20,2018-01-16 17:50:40,2018-01-17 20:22:04,2018-01-30 19:31:49,2018-02-15 00:00:00
ef42ca96b36e758b3da05888aa8ad723,c09c9145125e2082c928a5c3de5664fb,delivered,2018-04-22 22:00:53,2018-04-24 17:44:29,2018-04-23 23:04:02,2018-04-24 23:42:47,2018-05-02 00:00:00
07ff1545b26c5800dc2d25ab88055082,7ca700079250fbfa899bb7d098b8b108,delivered,2018-03-05 18:12:13,2018-03-06 03:49:43,2018-03-09 22:42:08,2018-03-20 14:38:43,2018-03-21 00:00:00
7eceac74a363199f9c55074132fb8641,bc8910a25e3275b36bef3f8ee1578b14,delivered,2017-10-27 19:42:17,2017-10-28 02:55:51,2017-10-30 19:06:53,2017-10-31 18:52:09,2017-11-09 00:00:00
6f0a798b4aff8cc383e1dcafa67f857f,938d6edb57b6ba2e71a1fad51d1d242d,delivered,2018-03-19 22:45:32,2018-03-19 22:55:33,2018-03-20 17:44:42,2018-04-02 12:06:59,2018-04-06 00:00:00
e24373f05b66f5a4b1e9baf8ce94baad,3eeb68ce636168223e76a15d52f2a3ff,delivered,2017-03-16 09:19:40,2017-03-16 09:19:40,2017-03-27 13:08:28,2017-04-01 09:08:36,2017-04-19 00:00:00
ecc8938463a0c1e33dc2b5d4e1139146,dede24a5c9620b955fe473970014f937,delivered,2018-06-18 23:25:55,2018-06-18 23:57:03,2018-06-19 11:52:00,2018-06-22 15:08:36,2018-07-11 00:00:00
8d3cd96a636e59a3a47b52cedd6e9bbd,433d2182c7ede2cd82ab34f10ba26e2e,delivered,2018-06-20 14:48:16,2018-06-20 15:19:11,2018-06-20 15:18:00,2018-06-26 23:51:00,2018-07-18 00:00:00
4066e404b7be2a4a7331bc62da6fdbeb,fce9f15b7b5a66f5a59662b601f72c58,delivered,2017-08-17 11:36:12,2017-08-18 02:35:21,2017-08-18 23:22:47,2017-08-21 14:58:12,2017-09-01 00:00:00
8599e76adf580692cddfebfcea8042f0,d19edad236156a06d87428469b342205,delivered,2018-02-24 15:42:33,2018-02-24 15:55:38,2018-02-27 14:22:46,2018-04-04 21:14:54,2018-03-22 00:00:00
61224c4690fa8613b56e0469cea9415c,d660cc394eb24b0a1fbf68174a1531e3,delivered,2017-09-12 18:17:51,2017-09-12 18:30:34,2017-09-13 15:36:45,2017-09-25 17:37:09,2017-10-05 00:00:00
561dd928c7f7e63277e02e6662bcce48,73635479fad73f30aaa47cff4accb763,delivered,2017-11-06 08:53:06,2017-11-08 03:46:17,2017-11-10 22:50:54,2017-11-27 18:02:43,2017-11-28 00:00:00
cd5e56b5a3ac9bab0513602f1feb6d08,985f30bfa1eac3c9171f0140a9e0d666,delivered,2017-10-05 17:06:27,2017-10-05 17:25:32,2017-10-10 15:44:10,2017-10-23 18:57:45,2017-10-27 00:00:00
d75453a8573dc79bc97ce070166e34ac,6489126dded265a9baf0211931e508c2,delivered,2018-05-14 20:37:44,2018-05-14 20:50:20,2018-05-16 08:51:00,2018-05-24 13:32:24,2018-06-06 00:00:00
3171f1efdad00e249ba4ba19af1726eb,00624707c8556199de70cac1593e7088,delivered,2018-06-21 08:46:52,2018-06-21 09:17:47,2018-06-21 14:26:00,2018-06-28 20:47:52,2018-07-20 00:00:00
892e01736ad734f028d207bb6578ff85,83564e084d6459291605b2d7fd3ef239,delivered,2018-01-07 15:00:06,2018-01-07 15:09:27,2018-01-08 18:52:37,2018-01-16 21:34:54,2018-02-05 00:00:00
3675f490195ac2070f7f45581da241c9,64e3c3576b1c76841c56d4fec94c5264,delivered,2017-11-22 16:45:16,2017-11-22 16:54:38,2017-11-23 13:14:34,2017-12-05 15:33:45,2017-12-12 00:00:00
d21d7411b251f35ead1b210dc946ca70,cff157deadf46de66ac1eb7ead76deb0,delivered,2018-01-15 22:54:08,2018-01-15 23:10:45,2018-01-16 18:42:08,2018-01-22 19:27:55,2018-02-16 00:00:00
71c04eba03595f13adc87878455ffa92,e0064e1417dc16cadb558d1c5c0db377,delivered,2018-03-08 23:18:44,2018-03-09 00:32:23,2018-03-19 23:34:30,2018-03-27 16:58:31,2018-03-27 00:00:00
ea974c111a2a711f43305d2968ffa86e,25cc5042606c108675729a1e2967486f,delivered,2018-02-22 23:33:58,2018-02-22 23:47:52,2018-02-26 22:17:43,2018-02-28 22:12:58,2018-03-12 00:00:00
4911bfcdd33739f5324b35e82e0104de,9eb0519e897f87ed0debce219b38c5a0,delivered,2018-05-11 12:20:35,2018-05-11 12:35:15,2018-05-11 16:32:00,2018-05-21 20:28:19,2018-06-04 00:00:00
721cdd34c6ff27fe0fb9f2c21f27d444,fa3e181e11d9ccc0daf16b77fdb5ae05,delivered,2018-07-16 10:21:31,2018-07-16 10:30:19,2018-07-17 14:19:00,2018-07-23 19:16:57,2018-08-02 00:00:00
ed618f64e1dcd86615595645269fc0f2,98633d385a625996e77868705db2169f,delivered,2017-02-12 21:47:21,2017-02-12 22:02:57,2017-02-13 15:40:51,2017-02-16 14:54:38,2017-03-14 00:00:00
8341d1e71471e5648920efec5acd822c,14140fd1c37b9be37a147bf90ecb6060,delivered,2018-02-14 15:25:48,2018-02-14 15:35:38,2018-02-16 02:12:30,2018-02-19 19:03:53,2018-03-01 00:00:00
20e7a6f048b842f51258e0b90b76339b,3f443551fca1f7c1820002a3a06496ec,delivered,2018-01-29 22:54:56,2018-01-29 23:11:31,2018-02-01 01:06:49,2018-02-03 02:22:21,2018-02-15 00:00:00
fc24613395700f29adf22b2383c12bb0,81f561520e52174150b1900259863a99,delivered,2017-07-29 01:28:34,2017-07-29 01:35:18,2017-07-31 16:41:59,2017-08-08 22:03:40,2017-08-23 00:00:00
e86938345405d046452bd662085b127b,87219fc2699ef5362ed6652ed3eff170,delivered,2017-11-11 15:23:08,2017-11-11 15:30:38,2017-11-16 21:34:40,2017-11-24 21:14:51,2017-12-12 00:00:00
eb504f547e9f4d8c739ddcf0d8efc9a7,f65a77a160b54821f47499e62dad9ecd,delivered,2017-07-09 19:24:21,2017-07-11 03:50:34,2017-07-11 18:07:39,2017-07-21 19:07:53,2017-08-01 00:00:00
ef813fad9b922ac63fe19839a24d9aa0,dfc0fe4a8cbe5e299345a08f7cbdca5b,delivered,2017-05-01 15:44:00,2017-05-03 14:25:58,2017-05-09 15:37:59,2017-05-19 11:21:18,2017-05-23 00:00:00
cb82f50adcd9978f835fe94951603fad,8dac7b837322f0519cab6ee542842cd7,delivered,2018-08-13 08:08:16,2018-08-13 08:24:21,2018-08-13 15:19:00,2018-08-15 20:51:17,2018-08-23 00:00:00
db4c181f6ac63a558233e98861beda3e,fe86f452d3595048dd7000032a0283aa,delivered,2018-02-26 11:11:05,2018-02-28 09:29:40,2018-02-28 22:54:41,2018-03-23 21:22:52,2018-03-23 00:00:00
9980a5ade25fc8add3023440935ef36d,39c3f481e938b5d378f444f0bbda5a36,delivered,2017-02-05 21:37:59,2017-02-05 21:45:16,2017-02-10 08:45:14,2017-02-13 14:35:15,2017-03-01 00:00:00
d2e9aead95751dd6bd0ce80e7d506c53,d40e29db86a4db2aeaf8fa2b22c48f5e,delivered,2017-01-16 23:25:16,2017-01-16 23:35:20,2017-01-18 09:47:00,2017-01-23 14:13:07,2017-02-28 00:00:00
10be01428d12ec7ed39d0058c3e224f7,bb0c8fe6fc83eae94e358e1b9d9e6caa,delivered,2017-09-18 22:16:48,2017-09-18 22:30:12,2017-09-20 17:50:11,2017-09-25 18:47:50,2017-10-04 00:00:00
e8e55eaa809f3091cc5060cc53735660,2ca5f0111cef8030082e8adf6a068f6d,delivered,2018-02-02 18:46:41,2018-02-02 19:41:59,2018-02-06 00:57:40,2018-02-20 18:52:32,2018-03-06 00:00:00
9b883472f4826d7c694d8c52038a8c67,d9640e2b44e3b7b5b31551ee62cc4a14,delivered,2018-04-01 21:47:43,2018-04-01 22:10:26,2018-04-03 19:47:41,2018-04-05 22:03:25,2018-04-18 00:00:00
5c4e4e1d3abaee058758731094e9a7cc,2b60fa486873939bde1170b15b8ac6ac,unavailable,2017-12-04 10:49:52,2017-12-04 16:32:05,,,2018-01-04 00:00:00
27fee5c620c806ed4f239ed553fca699,9dca8837b7f9fc25ae379a58bb66094d,delivered,2018-05-22 12:27:08,2018-05-22 12:56:01,2018-05-22 15:36:00,2018-06-03 18:39:37,2018-06-07 00:00:00
6a756c298a96106ab0907b1b1df28e31,0099a73bb9e6010fad1106f3dbadfc1d,delivered,2017-04-17 11:34:34,2017-04-17 11:45:19,2017-04-18 14:36:29,2017-04-27 14:46:24,2017-05-08 00:00:00
da6e14bf496bcc88c9a7e04053030e11,2c9aff9e7bc8f51885fcccf14cb2ed3d,delivered,2017-07-19 04:52:55,2017-07-19 05:03:19,2017-07-19 14:07:01,2017-07-24 19:37:39,2017-08-08 00:00:00
85f64d0cfe65f28d287067a0032a3b4c,36bafbf5ea6442ced7966411c8b9584f,delivered,2017-10-18 17:01:49,2017-10-19 10:46:06,2017-10-20 11:24:06,2017-11-15 15:38:50,2017-11-22 00:00:00
302e27012670f8e2db4418e6c619f54c,4221d4ffdad18996eb11c8a829d6a073,delivered,2018-02-16 09:17:44,2018-02-16 09:35:28,2018-02-19 23:31:19,2018-02-27 18:28:43,2018-03-15 00:00:00
594ad966cb8b56ec21f4b3c9b7048505,8c215a516a5d40f140276e5ae77e02ff,delivered,2017-06-27 19:41:50,2017-06-29 02:50:33,2017-06-30 16:09:18,2017-07-07 19:19:43,2017-07-17 00:00:00
d10e0c39bed8e7a489486b5d621830c7,3ce4bd5e629bc800593c0abfea2d0da6,delivered,2017-11-26 23:16:20,2017-11-26 23:33:14,2017-11-29 20:30:13,2017-12-04 14:44:38,2017-12-18 00:00:00
908e9be16fe93027637f6ffadae3bd15,fcf34db4bf62be566ac41f0e19c1ae48,delivered,2017-03-13 13:33:07,2017-03-13 13:33:07,2017-03-16 15:17:36,2017-03-22 09:14:59,2017-03-30 00:00:00
c347fb49d9d46619d71b2551fc83d6cf,c7f38a25ab50a30f2fe0e9859b92d474,delivered,2018-03-28 02:57:59,2018-03-28 03:10:08,2018-03-28 20:03:10,2018-03-31 12:22:22,2018-04-10 00:00:00
9a72b635fdd4396e5656a6028d13d09a,ae4c7a6bb591543c410facd14b571ea8,delivered,2018-02-19 11:51:35,2018-02-20 09:47:45,2018-02-21 15:59:13,2018-02-23 21:24:50,2018-03-05 00:00:00
982727416ef47cb3095b02dfccb621bf,8f6849cd321a103102fe1fa422567e9a,delivered,2018-07-03 12:50:48,2018-07-05 16:21:53,2018-07-05 14:13:00,2018-07-13 23:05:01,2018-07-27 00:00:00
5f517c344edea684043f8c69608b7f47,93e2b668f75cb137a4318ad4aad0a984,delivered,2018-02-16 07:39:47,2018-02-16 08:07:36,2018-02-20 00:42:32,2018-02-25 12:42:44,2018-03-13 00:00:00
7c2ee08449e6b8b55158e518778dbe83,58456fe345a47eddb73e11a8c91a1b69,delivered,2017-06-12 17:14:01,2017-06-12 17:25:22,2017-06-13 14:43:51,2017-06-14 15:17:00,2017-06-30 00:00:00
0c2cbbfae44e4f2bd7c747a2c2b05bbe,a4bb40b4e438a106bb16b7724273e120,delivered,2018-07-24 18:50:07,2018-07-24 19:04:23,2018-07-25 13:27:00,2018-07-26 16:32:43,2018-08-01 00:00:00
9ba2e8784e3e43f617fd0faa356d309d,475cd64aa7fcd579a93e4db98984450c,delivered,2018-05-24 11:07:21,2018-05-26 02:31:54,2018-05-26 08:16:00,2018-05-28 17:27:48,2018-06-11 00:00:00
4b07e96261a6c3f0dd713dd75a1d0658,f7bef8c9b7bede863c07ff21309f1b80,delivered,2017-12-12 18:04:22,2017-12-12 18:16:17,2017-12-14 21:35:15,2017-12-18 16:37:59,2018-01-15 00:00:00
12905797f6a5f67c41d036a0ea9a40be,fd6ddc090d4815733d4ff3ebb14c7d20,delivered,2017-09-17 12:59:53,2017-09-17 13:10:13,2017-09-18 21:04:16,2017-09-22 18:28:52,2017-10-09 00:00:00
0b9bb234d95f41600497d59b42087c39,0e708437e125673358d0d0143b692131,delivered,2018-08-13 14:31:00,2018-08-15 03:15:35,2018-08-15 09:57:00,2018-08-29 16:46:46,2018-09-19 00:00:00
fb89dbec79bc8b1f0d12165058cb1cb3,9f26cf541e3e5cc2e1dafa5555cc78ba,delivered,2018-02-24 13:28:11,2018-02-24 13:47:36,2018-02-27 20:24:08,2018-03-08 19:44:28,2018-03-21 00:00:00
ca7296a83aa279afb28c2388a4f48891,daada56f7d2e74dfd291d652b7e03ac2,canceled,2018-02-07 09:48:08,2018-02-07 10:10:17,2018-02-08 23:26:57,,2018-03-07 00:00:00
2d6c9f00e3d35a0f4e742fff1191d675,7b6c9b3a1320537ea96a805c11acd5b6,delivered,2017-09-13 12:17:25,2017-09-13 12:30:18,2017-09-14 19:16:45,2017-09-25 22:27:42,2017-10-06 00:00:00
7fd1ad3183dcd535e1fbbd709f095a4a,e108cd9fef87ab8a6d33ff941da84e27,delivered,2017-10-15 23:33:59,2017-10-17 03:56:29,2017-10-20 18:57:42,2017-11-01 19:09:58,2017-11-10 00:00:00
5adb95fe0aa8a0d29d029194724df6b7,189a9545272771a0c7b0d302f8361b3f,delivered,2017-09-10 19:08:15,2017-09-10 19:23:30,2017-09-12 19:56:33,2017-10-17 22:23:20,2017-10-16 00:00:00
13c4458bd01775ea4f9050a041c1fd96,b873918db61e889c411d5f027e87145c,delivered,2017-05-25 01:04:34,2017-05-25 16:30:15,2017-05-29 08:26:40,2017-06-05 13:29:49,2017-07-04 00:00:00
008dd5e80ebf8f849aa0c5bf4e22ce7a,3c138c472fb6f243ea59fa2589b20440,delivered,2018-03-20 20:31:23,2018-03-22 02:56:19,2018-03-22 23:48:27,2018-03-23 18:04:16,2018-04-02 00:00:00
b2d1902261f105c5c09ca05dc05c2aa0,cffb78db58e0c8f599ae18ae859f9a31,delivered,2017-12-25 21:55:55,2017-12-25 22:08:31,2017-12-26 19:23:41,2017-12-27 15:41:40,2018-01-15 00:00:00
908f072f2390700728e47735f17c16ee,5cdaa50ad19e5560423eb9be41542e5f,delivered,2017-06-03 22:47:49,2017-06-03 23:02:25,2017-06-05 10:46:47,2017-06-13 16:14:54,2017-07-06 00:00:00
46f8ad0d98c5c3731e1e7988e45f4a4c,c2c6de553b9ae7dc0ca347bbabfa376b,delivered,2017-12-25 23:24:59,2017-12-26 13:28:43,2017-12-27 20:47:55,2018-01-10 20:13:55,2018-01-26 00:00:00
6c9841106812441f8d244c22b9d07ba3,18a7334e84d18a1258eb22367af3498d,delivered,2018-03-03 17:02:40,2018-03-06 03:50:42,2018-03-07 18:05:51,2018-03-23 11:18:33,2018-03-28 00:00:00
cf9b4bc8a0831980b324e030bf8cf1f3,91f82b10ee276b5877b6bed27525b58d,delivered,2018-07-13 21:06:25,2018-07-13 21:24:08,2018-07-17 15:18:00,2018-07-24 00:31:20,2018-08-08 00:00:00
1f9acfb03ed5bcc65242f54f6fec83a6,59f9594aa10c39878b6011b738956d1f,delivered,2017-08-28 20:23:50,2017-08-28 20:35:10,2017-08-29 16:56:23,2017-09-04 13:57:54,2017-09-15 00:00:00
415b2e06cc983409682f271b0e908117,369ccab6e4d6df1c10a32d98cce08d61,delivered,2017-12-11 22:35:29,2017-12-11 23:36:00,2017-12-12 17:19:07,2017-12-27 00:09:05,2018-01-10 00:00:00
8cf11d602132cbba5e8cda3631ad5552,969f82ea6c0e993d213d162a61e53fa0,delivered,2017-11-18 13:16:48,2017-11-18 13:30:42,2017-11-22 19:52:08,2017-11-25 14:12:07,2017-12-01 00:00:00
855ae4582654ba4a199f982c721df826,c996c4d9566ecdb973f7a3f326a5869a,delivered,2018-01-25 11:30:52,2018-01-25 11:53:01,2018-01-30 17:33:18,2018-04-26 23:26:34,2018-03-05 00:00:00
a182c021b0561e70031de925b3991fb3,1d93c38087f43927ad29cdbd73a1a01b,delivered,2018-04-02 20:25:56,2018-04-02 20:35:17,2018-04-04 18:13:12,2018-04-11 11:14:31,2018-04-25 00:00:00
11b1470a79108e6d6dde223c40bf2c4d,825f58ca9af74f7fed6d0e24f5e12fe2,delivered,2018-07-05 03:38:19,2018-07-06 02:51:16,2018-07-06 09:20:00,2018-07-11 14:18:45,2018-07-27 00:00:00
b811c8ca07716586e80c0bc4f2a6e39f,a7dd8bd4bdbdc55196a8ee7fd336dde7,delivered,2018-04-20 18:29:15,2018-04-24 18:49:01,2018-04-23 18:28:42,2018-05-01 00:32:42,2018-05-21 00:00:00
a6414c6610d79fef8ecb35e54989d566,31d517c2ccda6a4b33898d5f738ecb3b,delivered,2017-08-07 16:51:16,2017-08-07 17:10:12,2017-08-09 18:24:26,2017-08-14 11:03:44,2017-08-31 00:00:00
bcd3587deb2f53804e0d3c39de932ec4,db0423dd92a3e1b5b52d158f40ceb777,delivered,2018-01-12 18:17:38,2018-01-13 02:09:11,2018-01-17 19:13:52,2018-01-24 19:13:05,2018-02-22 00:00:00
104b8d0ca41aec23f0847323c4cb8177,4654d165d5c3a8e7c52566a5ec9f8994,delivered,2018-02-05 19:51:29,2018-02-05 20:10:49,2018-02-06 19:16:56,2018-02-26 17:09:16,2018-03-13 00:00:00
341f9a0cecbdf48fcb1ba6975fe2cbda,6be3f8f4586a72b9b577b7a366fb1f70,delivered,2017-10-15 13:05:52,2017-10-15 13:14:22,2017-10-16 18:43:03,2017-10-17 14:13:18,2017-10-26 00:00:00
8c22d7e0d7c5b5642258a6da3a5458c5,a351443c0558c6661ad5bf0ced4e848d,delivered,2017-03-01 11:31:23,2017-03-01 11:42:26,2017-03-06 17:11:39,2017-03-09 13:05:57,2017-03-22 00:00:00
8ee530ebcd1df2efa8f0f5b08ef3beb7,a2f887a154a4978b280e0430deed9d05,delivered,2017-10-10 22:25:06,2017-10-12 03:00:11,2017-10-13 20:36:54,2017-10-24 20:52:19,2017-11-09 00:00:00
3d60cbc30fe424ccaa1b75c0c2e1cd90,adc067863a867fe26b2313ab479df918,delivered,2017-08-20 14:46:04,2017-08-22 03:45:25,2017-08-22 18:07:06,2017-08-30 16:06:06,2017-09-25 00:00:00
e8c74b2f4746d1c6048aa585a61c87ec,4f31e27037f93a14ee32b11bacf4b36b,delivered,2018-04-21 11:13:48,2018-04-24 19:17:11,2018-04-25 15:00:00,2018-05-04 12:24:38,2018-05-18 00:00:00
ba714b832c8a26b8b6ce921e0ecbc886,44e901b8be5f6dd05a27589aa95f7679,delivered,2018-05-11 13:38:26,2018-05-11 13:50:59,2018-05-11 14:33:00,2018-05-18 14:19:04,2018-05-30 00:00:00
6f6471df0c58534cf3912656d77d46dd,3309389d570651c38b9de3c4df4e667c,delivered,2018-06-17 10:36:37,2018-06-17 11:01:06,2018-06-18 14:18:00,2018-06-22 22:57:31,2018-07-12 00:00:00
818869c4c6740ee23979a7cbf298e31c,378516f0506604e67868c3517983caec,delivered,2017-06-19 15:53:15,2017-06-20 11:23:54,2017-06-20 13:50:34,2017-06-28 14:04:31,2017-07-11 00:00:00
0d758f79408829d623e331723ac19569,a88d6106a6f0351a07bd7c3532e35309,delivered,2018-05-08 23:17:15,2018-05-08 23:34:27,2018-05-09 15:43:00,2018-05-14 15:19:26,2018-05-18 00:00:00
95d31d53ccc53bca2c13fcd535d67526,345243f3e37e32114d9cf17eb7a11c29,delivered,2016-10-07 14:40:45,2016-10-07 14:52:25,2016-10-15 12:33:31,2016-10-18 01:37:54,2016-12-05 00:00:00
bbc13e09a09a77b4f6ea6a981a399473,7822a6861b0a8c3a5b4ed5f42268eab0,delivered,2018-05-28 22:11:08,2018-05-28 22:35:37,2018-05-29 14:04:00,2018-06-05 13:12:51,2018-07-04 00:00:00
00d94e8901b75ee0d6ef1f87f947b666,9d797a1a7d8ddb192708608d25197161,delivered,2017-05-01 14:11:11,2017-05-01 14:25:13,2017-05-03 14:11:32,2017-05-23 05:55:05,2017-06-05 00:00:00
695eed4f6656d10f32a49760523169de,a11b36966cf39cc44a686c7c6a085375,delivered,2017-02-14 19:54:06,2017-02-14 20:05:12,2017-03-13 15:31:32,2017-03-22 04:04:15,2017-03-13 00:00:00
469ebbc645e0d5bdfc7e2dc9c5a25f75,8c55c34b514bc8c604b3552a140b5f13,delivered,2018-01-03 09:43:58,2018-01-05 02:35:26,2018-01-12 20:51:50,2018-01-27 18:18:45,2018-02-23 00:00:00
c5edb2bc00fb701345fbe2bd9aedaba4,ff34375909b5d34349b21a75dc6abce6,delivered,2018-05-03 03:26:26,2018-05-04 08:32:16,2018-05-07 10:08:00,2018-05-21 19:42:07,2018-05-29 00:00:00
37a9cd356ab386c137066c705c927937,7365b52db410252fe2550d7897a79a6f,delivered,2018-02-19 11:32:25,2018-02-19 11:47:37,2018-02-20 19:16:41,2018-03-06 16:36:55,2018-03-13 00:00:00
13834646826ae873256bfc9e6d22a019,8512e3ca55e22431ebc529ee0dda929b,delivered,2018-03-21 18:26:33,2018-03-21 18:49:09,2018-03-23 21:52:45,2018-03-28 17:32:45,2018-04-11 00:00:00
d5068130956ac251d7995450e9627aef,7d4b34a3bad8615a6a8c7dbb11753f6c,delivered,2018-07-25 08:00:03,2018-07-25 08:15:20,2018-07-30 12:49:00,2018-08-04 09:11:03,2018-08-13 00:00:00
d470b00bc3d705453cd02a793aaddb07,0b66eb99b1af5a704c8bb97390d2ea76,delivered,2017-07-21 02:13:24,2017-07-21 02:22:47,2017-07-24 10:43:58,2017-07-29 10:55:35,2017-08-15 00:00:00
200e0548bbc2cbdcafa92e6c5ab73fb6,21866995bb1dd2c15eea9269bfa0a8dd,delivered,2017-08-02 10:20:00,2017-08-02 22:23:33,2017-08-16 19:10:15,2017-08-24 14:57:35,2017-09-11 00:00:00
dc74c9cdcf62efe4b49193373730111c,4373e14c9a936c5033553ff232ab132f,delivered,2017-11-25 23:53:16,2017-11-28 03:38:30,2017-11-28 22:17:17,2017-12-05 19:13:03,2017-12-28 00:00:00
cc008d324278200689ee451a547b97c3,35c8b0889f907434cf3cc776569ba7e2,delivered,2017-02-01 12:34:54,2017-02-01 12:54:06,2017-02-06 08:37:51,2017-02-08 15:45:29,2017-03-08 00:00:00
ca232f56f19ba1b6db4b6cfea0d514a2,15bfdceb03d6b5ef90c02a14a9bf7ea2,delivered,2017-10-16 14:05:49,2017-10-18 02:53:37,2017-10-20 18:37:48,2017-10-26 14:50:04,2017-11-10 00:00:00
ce6773b2916ebbc43dcaa762c0c6f9b2,667c857bad32b1b14826b5d48a1d5f41,delivered,2018-07-30 18:36:41,2018-07-30 20:00:27,2018-08-01 08:15:00,2018-08-02 20:32:07,2018-08-09 00:00:00
42f42f42e7e1be68ce691280f140b2b6,63bb651df1ecc3911737bf73a6cf1abe,delivered,2018-03-28 14:43:02,2018-03-29 03:15:20,2018-04-03 23:05:15,2018-04-05 00:52:51,2018-04-10 00:00:00
126dbef0d053f55ed2e3b23e88efab4b,52dd02a7f957b228e887536623fc94b6,delivered,2018-03-13 08:51:11,2018-03-13 09:08:39,2018-03-13 17:56:30,2018-03-21 20:52:31,2018-03-29 00:00:00
d1ed1dbbec11c2374190e2365d37d2b9,2451db6c90e7c206d648b5136b715433,delivered,2018-08-07 20:40:26,2018-08-07 20:50:26,2018-08-08 14:49:00,2018-08-13 15:18:35,2018-08-27 00:00:00
2bd14036d2219176010c4c89aa4c9a19,380dc573dc0a5307da8e92e6f1edd891,delivered,2018-05-09 21:38:18,2018-05-10 03:36:57,2018-05-10 10:56:00,2018-05-14 14:47:52,2018-05-17 00:00:00
b8d8e7c7fe850dd45f9e3762c8b4b940,c6afd539f661cdf66e12f37802d274db,delivered,2018-06-26 19:50:52,2018-06-26 20:07:50,2018-06-27 10:39:00,2018-07-03 00:55:04,2018-07-20 00:00:00
bfede3e7101b91bd335e6cc5d153bf2c,704692ee897946827f620097cf141e09,delivered,2018-04-05 15:24:37,2018-04-05 15:35:27,2018-04-07 00:31:13,2018-04-16 23:31:07,2018-05-08 00:00:00
7b30aa29f313756594c6bfad78eea84a,50fc555de6aad7ded46154a31fa91d89,delivered,2018-04-07 20:22:01,2018-04-10 13:29:58,2018-04-12 18:49:46,2018-04-26 16:04:06,2018-05-03 00:00:00
efb4de6556b343a36237a04683bbbb06,d006a3f71c4203792241734805108bbf,delivered,2018-03-17 19:38:32,2018-03-17 19:51:02,2018-03-28 19:12:55,2018-04-06 01:19:10,2018-04-23 00:00:00
e3ecf67f9ab4a010b9ca17cc8df843bf,5462583276f0a69a8769f0ba888fba97,delivered,2017-12-11 18:21:15,2017-12-11 18:33:30,2017-12-12 19:57:07,2017-12-20 23:24:44,2018-01-08 00:00:00
f6ba6de181266b918292db17ba6616b8,85f0f9defc06d13591f7a594d0e71ece,delivered,2018-02-22 16:12:52,2018-02-22 16:49:19,2018-02-28 21:58:31,2018-03-07 18:17:27,2018-03-21 00:00:00
8057ce8ffded1481446ada68f97941d6,2efa8d107eb5b62a6506419325b8fc28,delivered,2017-07-05 08:48:20,2017-07-06 08:55:11,2017-07-13 20:47:34,2017-07-19 17:06:26,2017-08-02 00:00:00
f406a7c4fc4512aa60c7240e3973597e,8d5468776b1d29922168cc8b6f91591d,delivered,2017-07-07 14:10:04,2017-07-07 14:23:36,2017-07-10 19:34:55,2017-07-14 21:12:14,2017-07-27 00:00:00
e3ece21d7c72cb7ccac97cf62de62891,87fb98f4e2e75710737171902c080422,delivered,2017-10-19 02:12:45,2017-10-19 02:28:14,2017-10-23 22:27:39,2017-10-26 23:11:58,2017-11-27 00:00:00
70809734fe201ea6db6d4577b84a3022,288544a7acdc67a0118c3bce401c1494,delivered,2018-03-04 22:39:40,2018-03-04 22:55:35,2018-03-23 20:48:29,2018-04-02 17:44:22,2018-03-29 00:00:00
d86e34fb55dbe6507acb469ef5d50906,34ffb9a7e46914a4e9cd359ef1cd8335,delivered,2018-02-07 05:01:53,2018-02-07 05:15:21,2018-02-08 14:19:49,2018-02-14 20:03:27,2018-03-05 00:00:00
1651e8159581ae560e31bcd322831f89,c6fa0b8e7a3f6679d53485285de58389,delivered,2017-05-18 18:08:56,2017-05-18 18:15:21,2017-05-29 14:09:38,2017-05-30 07:36:35,2017-06-07 00:00:00
af4812c0286cb623517321205ffb5d1e,4ef4f77528c601288dcfb9c522fcf103,delivered,2018-07-08 14:22:14,2018-07-08 14:30:15,2018-07-10 14:39:00,2018-07-11 16:18:32,2018-07-24 00:00:00
8c4f076c43382bd3ae1748c6ee72f993,bc530a094537f0c6a7645e89b29bc650,delivered,2017-05-04 12:40:54,2017-05-04 13:10:22,2017-05-08 22:13:59,2017-05-23 14:52:16,2017-06-06 00:00:00
364aedfbbc0fa797cdee61d4dc4d2dcb,b9dd2402a49f032e7942c2e126e34f52,delivered,2018-07-18 00:04:57,2018-07-18 00:21:48,2018-07-19 08:51:00,2018-07-24 21:21:27,2018-08-07 00:00:00
e357bd17c927530e59b1740987b906d9,2d8ac47c29ec811ab30529fb46ec4e03,delivered,2018-05-06 21:30:39,2018-05-08 19:35:04,2018-05-09 17:12:00,2018-05-10 11:02:59,2018-05-17 00:00:00
4897e89eeabd9f378a6c3fb314f441f2,1181666aa724f10233a91c2d04a13ece,delivered,2017-03-07 15:13:01,2017-03-07 15:25:15,2017-03-07 17:01:53,2017-03-10 04:57:48,2017-03-24 00:00:00
366b94daa22781675a0ffffbcbd517a9,e3b2363f99d58cd6fe161ffe0ee40a95,delivered,2018-02-24 16:23:28,2018-02-24 16:30:55,2018-02-26 23:37:25,2018-03-06 18:11:38,2018-03-16 00:00:00
afb8e7d292d49589f6583efcdbda2058,e02c67c745a0ed9e6b0a907408503e2e,delivered,2018-07-23 09:24:50,2018-07-23 12:40:23,2018-07-25 12:18:00,2018-07-31 18:11:33,2018-08-09 00:00:00
7f9b0e95f333a0afb5cce5b78afa17c5,13f6a00a74008c004462cf5c90e11f03,delivered,2018-05-02 09:47:51,2018-05-02 10:13:36,2018-05-04 15:19:00,2018-05-10 19:11:40,2018-05-22 00:00:00
4273eb19832c1ba5b1d96ec21fcc2d1a,79c79e48306a6e400f3095ef216acf8c,delivered,2017-08-12 10:28:37,2017-08-12 10:45:08,2017-08-15 16:57:19,2017-08-18 17:53:35,2017-09-01 00:00:00
b2206d0ce2ecabdb39fcd5ce941805ad,7b11c617863d7b6170f508363593b4bb,delivered,2018-05-14 13:12:20,2018-05-14 13:31:06,2018-05-17 12:42:00,2018-06-08 17:32:09,2018-06-05 00:00:00
a3f904ec7f40c56ce2987ccb9c73d4c3,cf5f546249072bc99cedea6d064c9d0b,delivered,2017-11-22 15:18:47,2017-11-23 02:47:30,2017-11-24 22:10:18,2017-11-27 19:49:03,2017-12-05 00:00:00
b17edd32e0d8b5d4a23e4b72cc4b90b4,92f6a212f24d45405feafb6c093f7c69,delivered,2017-02-19 19:20:56,2017-02-19 19:32:02,2017-02-22 03:38:51,2017-03-09 16:48:07,2017-04-10 00:00:00
f888aadfaf9861131a6b24882e4c5ee4,ead3600e85d8eb332081f04815d0f381,delivered,2017-07-08 15:38:35,2017-07-09 18:30:12,2017-07-11 18:47:48,2017-07-18 17:09:47,2017-07-28 00:00:00
40db7d3bf12d45bd93dc3548101e8909,2fed9017cfbf84c0b29f857db50bbf99,delivered,2018-03-23 23:12:34,2018-03-23 23:48:15,2018-03-26 23:24:00,2018-03-29 20:22:56,2018-04-05 00:00:00
0e83ca298ee53c0b92b5d46350262470,c58f1066bbea8063d18312d59f73882a,delivered,2017-05-16 16:01:38,2017-05-16 16:15:18,2017-05-16 16:27:18,2017-05-25 23:39:41,2017-05-29 00:00:00
25be1d2d060ffdd6d8f10daceda67087,811148a7f154ead231a5f3c0ee7b667a,delivered,2018-02-06 19:40:28,2018-02-06 20:31:21,2018-02-08 14:21:58,2018-02-09 21:29:07,2018-02-26 00:00:00
01bae920aea13b891b50bc1543634a65,57a5790d63d19ab68c8eb882a24cff8e,delivered,2017-12-21 20:04:26,2017-12-21 20:14:24,2017-12-22 18:03:20,2017-12-26 20:09:59,2018-01-11 00:00:00
1466219eb36318493e16297ec7a2d87a,b78fe4e3522d5ce3859f83ed1746eaf5,delivered,2017-05-30 12:23:02,2017-05-30 13:11:15,2017-06-01 06:49:55,2017-06-14 14:32:18,2017-06-22 00:00:00
f91dcb4d9c1f886ee0e187dba0de6828,d7e97bb9c2ea415d1b1d1178198048a5,delivered,2018-06-06 16:23:53,2018-06-06 16:55:05,2018-06-07 14:09:00,2018-06-08 19:57:26,2018-07-03 00:00:00
bdc979bc2bbd601781c4d37fc8a8eeb6,dbc1a1b144802a54bc5b1addffcb8067,delivered,2017-03-01 11:21:58,2017-03-01 11:35:12,2017-03-02 11:35:10,2017-03-06 13:24:48,2017-03-21 00:00:00
4879204a6b45d7ba10b3d703ba460778,09f43bf7af6341180e8e334b0cd50a3b,delivered,2018-06-10 12:37:00,2018-06-10 12:57:07,2018-06-11 20:01:00,2018-06-12 18:12:50,2018-07-23 00:00:00
e6ab8245f96b5c84ade5edfb8e0c2753,edf066c026b6d8fd9afb633fbd4ae0e5,delivered,2018-05-07 14:00:49,2018-05-08 04:54:35,2018-05-09 08:25:00,2018-05-16 01:05:46,2018-05-23 00:00:00
427ab04bb9a88ee00929a510651d77c2,c85dee4c2d489b0a3108b2b4484c5644,delivered,2018-04-12 08:10:13,2018-04-14 02:30:20,2018-04-19 01:16:41,2018-04-25 00:05:18,2018-05-08 00:00:00
618f64df06c611bd4ea802bafba3e20c,68648ee2755091f79fe88e87b8cd8622,delivered,2018-08-05 10:32:56,2018-08-05 10:45:11,2018-08-06 15:14:00,2018-08-13 19:32:07,2018-08-29 00:00:00
b33f1a863ad391e162a9f459117f53e9,89eeb5f63b668897a8bfe8f4f479acc1,delivered,2017-07-20 13:34:15,2017-07-20 13:45:19,2017-07-21 16:55:31,2017-08-01 16:35:49,2017-08-11 00:00:00
6413bab2628f99100c492390a5a54231,28b6a58f9e82d9982327e7776bff2e47,delivered,2017-08-11 11:14:27,2017-08-11 11:30:15,2017-08-15 20:48:43,2017-08-17 17:33:04,2017-09-08 00:00:00
3f2d65e9302a444056b6b65922647a10,d8d046fd90e2f29cc28ce93796173e3b,processing,2017-08-02 12:48:57,2017-08-02 13:03:37,,,2017-09-01 00:00:00
109294a0d68947b6b49c0a59a8f951cd,8ae959794f60d02d60abaaeae9628760,delivered,2018-06-13 09:53:57,2018-06-13 10:19:24,2018-06-15 11:29:00,2018-06-16 15:07:45,2018-06-25 00:00:00
e1c161cec46262db2bdd7b36d9ee2450,25b659cdb72b96f7848aba71af036fe6,delivered,2018-06-14 07:07:06,2018-06-14 07:35:33,2018-06-14 13:10:00,2018-06-18 21:28:32,2018-07-11 00:00:00
89e7c74fa7b7671a581e7e36485f88da,c63ec7f1e7b5e7465652930f83c5e3e6,delivered,2018-04-23 11:04:21,2018-04-24 18:46:16,2018-04-25 12:24:00,2018-04-30 13:44:49,2018-05-10 00:00:00
350038b23604468ee252b66f20af1443,4ed9c0afa4ea1132e602cff348fe99f1,delivered,2018-06-11 08:52:27,2018-06-11 09:12:03,2018-06-11 14:21:00,2018-06-15 23:21:52,2018-07-16 00:00:00
4c5c035bb0cad9e1d11415f3d74d6751,ad02ea72fea6c2bd4706e9a36ea06517,delivered,2018-02-06 21:37:07,2018-02-06 21:50:49,2018-02-08 21:54:53,2018-02-14 20:34:13,2018-02-22 00:00:00
9320dfc3fd49dc6e3fb9f688c8ea6c37,914cd02d51a7024210cb68c41d4db0a0,delivered,2017-05-24 11:25:23,2017-05-24 11:35:24,2017-05-29 11:46:01,2017-06-12 15:37:09,2017-06-26 00:00:00
e8253edb8afd8c06fed540435eac942d,6c435ed0cfd0b31d333015f5a2cdb2d5,delivered,2018-07-17 18:27:15,2018-07-19 02:42:34,2018-07-20 13:20:00,2018-07-28 00:58:37,2018-08-07 00:00:00
ae8e71cc131340d44221ce1ad4a31867,b21da898daa207545ab06e59254b57ed,delivered,2018-02-21 19:52:58,2018-02-21 20:09:31,2018-02-22 19:25:13,2018-03-11 17:26:43,2018-03-13 00:00:00
89243c8b1f29ba7a225bdad8061fb473,7c8dba54b348b5f16f4e74a3042136c9,delivered,2018-08-04 13:54:21,2018-08-04 14:10:14,2018-08-07 12:10:00,2018-09-03 23:37:44,2018-08-21 00:00:00
980b9aef670d4659912793b2fffdea29,f765ec8cbb703a2467541a10355863ce,delivered,2017-11-04 22:08:08,2017-11-04 22:25:27,2017-11-06 18:12:14,2017-11-10 18:02:45,2017-11-27 00:00:00
c1eae222313b3a7eac740761313cbd27,819d8a9b81c0d3e3204e5b80252660ca,delivered,2017-09-05 12:48:49,2017-09-05 13:03:38,2017-09-06 13:30:08,2017-09-13 14:58:56,2017-11-06 00:00:00
82419d35f3c2a4d515d9bd272ecbc050,94053bde7b4b7845017b84a2f540ca91,delivered,2017-12-17 13:43:43,2017-12-17 13:54:24,2017-12-19 14:28:58,2017-12-26 16:14:39,2018-02-13 00:00:00
8ea705b6d457f1b50272b5ae5a7a9099,6e99b4a37b2d5aa40cb85bdfcf9dc0eb,delivered,2017-06-14 12:52:00,2017-06-14 13:05:08,2017-06-19 08:12:07,2017-06-19 19:35:51,2017-06-30 00:00:00
88ef4dd86ce9168daf5579d4f878f93c,94bcf8baf19461186b00908eaaab6057,delivered,2018-05-06 17:07:23,2018-05-07 16:53:05,2018-05-08 13:14:00,2018-05-18 16:33:34,2018-06-01 00:00:00
2ed75ffbf396fcdc6341f17d1a16ef5d,7c5f8c2e42af586aa1b1cc8d6bc40732,delivered,2017-12-12 20:54:42,2017-12-12 21:11:32,2017-12-13 17:19:04,2017-12-14 22:57:41,2017-12-29 00:00:00
4b7f3bc13a8180b1cb4de82745278846,14c9e6c08c67f35306e26da826b1b4af,delivered,2017-12-23 17:36:05,2017-12-23 17:49:13,2017-12-27 13:45:09,2017-12-30 11:38:36,2018-01-31 00:00:00
a8858a23008217d160630ef24a83f155,9ed458b6c128228cc98433539b2027b2,delivered,2017-05-14 10:01:03,2017-05-14 10:15:17,2017-05-15 10:08:27,2017-05-17 10:12:40,2017-06-19 00:00:00
c882b9080c3622f37c41a25458378b69,3e6b478fcfd7aa346af38ec71ec159ae,delivered,2018-04-16 11:10:13,2018-04-17 05:49:57,2018-04-17 21:51:53,2018-04-23 20:48:42,2018-05-03 00:00:00
d310b57747a742fc3a54a009114a77db,02bcb5c3c7be18d730eb163301b658d3,delivered,2018-08-03 11:15:31,2018-08-03 11:25:10,2018-08-03 13:06:00,2018-08-09 15:48:42,2018-08-21 00:00:00
1cb9cb32b2b54f1580e375ba45d744c4,081ea0387c6abab704e37f4c9bc965bc,delivered,2017-12-26 18:24:08,2017-12-26 18:32:22,2017-12-28 18:39:15,2017-12-29 13:37:08,2018-01-15 00:00:00
85155db432ac11f95d0c59fac9f4974b,107def0a7b2abbe0805a5f19d9d358a0,delivered,2017-06-10 16:30:10,2017-06-13 04:02:44,2017-06-14 10:37:38,2017-06-19 17:46:49,2017-07-12 00:00:00
b157dd3a8db0279fe95e9272103e8078,c60ab291fa81cdc130dc021ab4b79f53,delivered,2018-04-17 09:13:49,2018-04-17 09:31:32,2018-04-18 22:07:38,2018-04-23 21:17:13,2018-05-15 00:00:00
934583479bac4ab37120cace4120596a,c61712069fee480dc1e288d0b9019dbb,delivered,2018-06-07 14:56:01,2018-06-07 15:19:24,2018-06-11 18:38:00,2018-06-19 12:40:59,2018-07-13 00:00:00
f53fa17609006c9c6669b5371ce08044,3654b6ccbba27cc2fc3fc52ac93ba937,delivered,2018-08-26 20:58:26,2018-08-26 21:10:28,2018-08-27 15:14:00,2018-08-29 20:32:21,2018-09-04 00:00:00
efa4b51113fdedfdef6dee22876271ca,06dd86569c44f30ad3f0e3154e4d03d8,delivered,2018-01-12 14:10:25,2018-01-12 14:47:52,2018-01-15 22:27:43,2018-02-06 21:48:59,2018-02-09 00:00:00
26df1f409adf3bbb2f057e1ebb11b019,d0b19458cf51e7e8db284742e3f1d96d,delivered,2017-07-23 13:38:32,2017-07-23 13:50:18,2017-07-26 21:12:43,2017-07-28 20:17:38,2017-08-15 00:00:00
a1074f1de8cb7cb5f4ce95be13541ac0,3c47d4719df5c69ac15d62f9867019e9,delivered,2017-05-02 10:41:46,2017-05-04 02:50:47,2017-05-09 08:36:29,2017-05-15 10:52:06,2017-05-26 00:00:00
9e1eccc08685bb903c6eee8ade67a23b,48c594f3ccd405bda0218861a37eefc0,delivered,2017-05-17 15:42:02,2017-05-18 02:25:52,2017-05-23 12:02:00,2017-05-29 16:28:16,2017-06-19 00:00:00
5970ae5c335f20241fd65ed1379fe3a1,b168b6c101fbb2ba0b62622259b9e2e1,delivered,2017-11-16 12:29:58,2017-11-16 12:48:20,2017-11-16 19:02:47,2017-11-28 17:53:56,2017-12-12 00:00:00
1acc110c076e80f4bfa1375a2b31d1d1,3f413e6af818b68f8f3f23283540358b,delivered,2017-08-15 21:29:58,2017-08-15 22:15:21,2017-08-17 13:03:32,2017-09-19 17:37:21,2017-09-11 00:00:00
97bfa91db4bea5977d7f4d5802d186b1,5e772b004f705143cc7b1930de75284b,delivered,2017-05-04 23:31:24,2017-05-04 23:45:07,2017-05-05 11:37:50,2017-05-15 15:41:39,2017-05-29 00:00:00
e95de39b06926e7e123cb18e3a99dbf7,1e02ab3ce71522db7370acdae82e6b64,delivered,2017-11-24 07:23:43,2017-11-24 07:32:24,2017-11-29 17:37:25,2017-12-11 14:58:38,2017-12-14 00:00:00
4347279deb067c6731c1c97237921d18,2ba3edf091e33c433e095b2f53716362,delivered,2017-05-25 11:32:14,2017-05-25 11:43:18,2017-05-25 14:40:17,2017-05-31 14:07:34,2017-06-19 00:00:00
61dffbf220e7df65d65f1ea067fa0b1b,b24995c172c3ba6760ae339c7aa8b94b,delivered,2018-01-19 19:53:50,2018-01-19 20:16:41,2018-01-23 17:34:45,2018-01-31 17:22:41,2018-02-21 00:00:00
93cae495607755570d9b4c0c2d0474e6,2eaeb6168aa4c77889f4c92ff8923288,delivered,2018-03-18 09:34:24,2018-03-18 09:48:01,2018-03-20 19:42:10,2018-04-03 23:45:38,2018-04-12 00:00:00
c9076d0a5b9df9fd2e5e808fff91f425,812570c83feb2a2bcec548ddc36b0d0b,delivered,2018-05-15 17:51:09,2018-05-16 17:57:50,2018-05-17 12:23:00,2018-05-21 17:55:47,2018-06-07 00:00:00
af92012b9c9ebac7f18b1a219e2474fc,beb1179c24f5eb219e9906c440fc59ff,delivered,2017-04-20 15:12:24,2017-04-25 07:55:44,2017-04-27 15:33:36,2017-05-07 12:03:09,2017-05-26 00:00:00
a9c89bb4f8fdb0f08903c73d7d4e8822,e1416ec3b88d8041d327cac02b6d8e8d,delivered,2018-01-10 07:58:55,2018-01-10 10:31:30,2018-01-11 18:26:55,2018-01-13 00:38:39,2018-01-26 00:00:00
c6701e6d9b17bfd2a252ecb5aa4c7949,685b324496cdde685f878afd7c329cee,delivered,2017-07-23 02:05:55,2017-07-23 02:15:08,2017-07-24 17:35:46,2017-08-01 14:28:32,2017-08-15 00:00:00
6a32c701681d4c31dac221f9a2848c80,81774f458697acd21ab7e2ecc86720a9,delivered,2018-03-28 12:34:09,2018-03-29 03:09:12,2018-03-29 16:57:44,2018-04-07 03:46:33,2018-04-30 00:00:00
5545b19e008b4a2989c495761e53456a,9c0e68320c244cf91a86cfc2602ed325,delivered,2018-06-17 10:37:01,2018-06-17 11:00:58,2018-06-25 14:24:00,2018-06-29 14:08:42,2018-07-17 00:00:00
b6be905f6deafa5ddd73c0152e4d4b3b,1c551577e8bbbcdb2f249d626bf53c66,delivered,2018-04-23 16:53:50,2018-04-25 03:15:17,2018-04-25 14:20:00,2018-04-30 19:32:12,2018-05-15 00:00:00
15565710182cd35455ee0abf4b701ea9,5e7bb90d4342e8086e9a9acc1360a1e0,delivered,2018-02-17 08:27:55,2018-02-20 07:27:53,2018-02-23 23:14:50,2018-03-02 23:29:03,2018-03-16 00:00:00
06eda05597492635e3b91e00aa434332,0d50609a16197a4158052601ce51d830,delivered,2017-05-22 23:20:39,2017-05-24 03:05:27,2017-05-24 10:07:21,2017-06-01 12:51:31,2017-06-13 00:00:00
0136390286be8a34efdc801ed150568f,a666bb7a77916be2716fa1420c73c56f,delivered,2017-07-16 12:26:05,2017-07-16 12:35:15,2017-07-20 12:12:32,2017-07-24 11:38:47,2017-08-10 00:00:00
fd6ddc28c261b6bd4f68c9205d40e9e0,7859881299efaa8a5fe772a7c1d7b215,delivered,2018-08-13 13:48:46,2018-08-13 14:04:33,2018-08-13 14:06:00,2018-08-17 18:02:51,2018-08-28 00:00:00
9ee8c4e95442d267ec52b5c452928131,bb385eba2380679c7a9f02ca9b339d5b,delivered,2017-05-12 20:41:40,2017-05-16 03:42:44,2017-05-16 16:02:11,2017-05-22 13:39:48,2017-05-31 00:00:00
e2210e9067554988ff724209b5b7a474,1e9c542107046dc0a616dab2c63b1b93,delivered,2017-08-14 17:23:48,2017-08-14 17:45:18,2017-08-15 18:17:56,2017-08-28 18:34:23,2017-09-15 00:00:00
837bf2d48f18fc4d6e2e32cac9941960,c8d7c9a0047bba418f7a0ea9eda4976e,delivered,2018-05-26 12:46:18,2018-05-26 13:10:56,2018-05-28 15:12:00,2018-06-08 23:05:22,2018-07-13 00:00:00
3a09813d447f4054ac696debe1e6220d,83a087d99ce9ccfbb2a77ba78b165c2d,delivered,2018-03-06 13:14:30,2018-03-06 14:00:21,2018-03-09 16:50:37,2018-03-23 21:09:27,2018-04-13 00:00:00
31c421113f181dadede6afbef5d48075,06f0e084bc0ee932148f0094af2da58b,delivered,2017-03-12 14:32:22,2017-03-12 14:32:22,2017-03-18 03:45:48,2017-03-28 14:15:41,2017-04-13 00:00:00
9a50b650295303f506477ad430996e9d,83393704da3eacab2980fb5c41db4fab,delivered,2018-03-09 03:53:22,2018-03-09 04:05:24,2018-03-09 23:28:24,2018-03-13 21:12:23,2018-03-21 00:00:00
23668eb221a7b13ecb9e591f262e977b,045103dd48f804644731c10cfeaab4ae,delivered,2017-06-28 10:20:58,2017-06-28 10:35:09,2017-07-01 08:32:51,2017-07-20 21:55:05,2017-07-31 00:00:00
f35e931a720c89ba31489a6f86fbf985,58c0558cb537c7099b095b9f637b0709,delivered,2018-05-15 15:04:26,2018-05-15 15:15:26,2018-05-16 14:02:00,2018-05-21 15:29:52,2018-05-29 00:00:00
ad950ca26cf8bcb793630d2d8652a562,c6f9b478f1fd8409f4220e7c2a0b35f0,shipped,2018-06-04 14:51:21,2018-06-04 15:11:14,2018-06-07 13:48:00,,2018-06-20 00:00:00
551b1f7008ab0e7ccc85caaaa27f8a42,85ea40a9684026fe82ea78356c8d1eaa,delivered,2017-11-25 15:28:04,2017-11-25 15:35:02,2017-11-29 21:05:00,2017-12-14 17:58:55,2017-12-22 00:00:00
73b6ddc94c65c2002e53a5cb71257232,97966ccb9ebeb90699f50c21714848e0,delivered,2018-08-07 16:20:01,2018-08-08 03:24:58,2018-08-10 12:13:00,2018-08-11 12:06:22,2018-08-16 00:00:00
8734071c7bfc4d453e59546b22c5ce0e,78bebfa74709728a62d4a98efbde8ac0,delivered,2017-10-07 09:50:07,2017-10-07 10:05:52,2017-10-23 19:15:16,2017-11-28 22:24:42,2017-11-10 00:00:00
a31768d1614db23dfc711f738b2b774f,774aa06c60fb3845b46b5d97508521f3,delivered,2017-12-01 21:25:52,2017-12-01 21:37:31,2017-12-04 16:54:59,2017-12-11 18:52:46,2017-12-26 00:00:00
771d515757315655434c93d52615af6d,63acf2ff67f7e843a45a2201eb7bd925,delivered,2017-05-24 22:37:32,2017-05-24 22:45:18,2017-05-25 09:27:11,2017-06-01 13:15:43,2017-06-27 00:00:00
1a4dc88681af860f27b5e7af0cf35ecd,cdefa555b31181f8be693ab16ce1a8d6,delivered,2017-04-24 10:53:28,2017-04-25 11:05:17,2017-04-26 12:16:49,2017-05-03 12:20:11,2017-05-15 00:00:00
7d52b962726f481292e1faae3fcb31d6,17ebde2c7188073ca37d90c062e25aed,delivered,2017-12-14 13:29:50,2017-12-16 13:32:17,2017-12-19 21:22:46,2018-01-05 21:59:17,2018-01-17 00:00:00
e2ea1c8dd335be5a191a54a8de85770e,f4069d40ff2d2afe0053efe63932deda,delivered,2018-08-15 19:04:44,2018-08-15 19:15:20,2018-08-16 14:25:00,2018-08-20 20:53:05,2018-08-22 00:00:00
169bbd065798362db04a47a4f8abf551,2b242f218f7b5a466b6c01574da53cbe,delivered,2017-11-13 22:06:58,2017-11-14 17:10:05,2017-11-16 18:14:34,2017-11-17 17:28:46,2017-11-27 00:00:00
26d5146a6a102a692d0b159821a3d520,590f9970d3a259fef3bd11c3f0207f91,delivered,2017-07-09 10:09:54,2017-07-11 04:15:30,2017-07-12 14:52:14,2017-07-26 18:46:19,2017-08-09 00:00:00
cf4e2fbc22f6efdf6c5988003626bf48,71a6ab0f5f611b05e407f11a655e8c38,delivered,2017-09-22 15:23:01,2017-09-26 04:04:34,2017-09-26 21:18:55,2017-09-30 15:24:52,2017-10-09 00:00:00
7e8a02cddca8f2dccebedb8b6b75ba5b,8825ddd25aa90c9895c662c03975ba06,delivered,2017-12-05 13:50:32,2017-12-05 13:58:27,2017-12-07 23:09:03,2017-12-11 21:42:23,2017-12-22 00:00:00
d75779e6c1a84594d2f0721948133e6e,80bfc87185a9c58d5cd94377c31e8d88,delivered,2018-08-20 19:26:55,2018-08-20 19:49:54,2018-08-22 08:07:00,2018-08-28 16:30:44,2018-09-03 00:00:00
e6973efb7531da53045bc278f46665f8,79153fe008151c401cc66931835b78c6,delivered,2017-11-28 16:07:11,2017-11-28 16:18:36,2017-11-30 18:23:43,2017-12-06 20:22:11,2017-12-12 00:00:00
724d164fcba4e6b5fdcffe2ef8d3bb9a,36382579f4df4413cf0d5122f890b973,delivered,2018-01-29 14:39:36,2018-01-29 14:55:23,2018-01-30 22:36:52,2018-02-08 23:21:51,2018-02-22 00:00:00
bb18e3fd27d453f8966cc3b57c5b75f6,4e91e8b56d8681a7002d2487ca151c92,delivered,2018-06-14 16:20:35,2018-06-14 16:58:19,2018-06-15 12:36:00,2018-06-20 12:16:55,2018-07-16 00:00:00
78b5b205705f30bb989c4a6c7f8822e4,6ca87302fa8a0163488bce8e49f9996c,delivered,2017-12-17 16:32:26,2017-12-17 17:31:27,2017-12-18 22:08:14,2017-12-19 12:58:25,2018-01-05 00:00:00
a46dac4a7a15e660ad481ebac20f3d3b,2a55b31985ca766806f4be2033977429,delivered,2018-04-09 18:14:34,2018-04-13 12:34:24,2018-04-13 22:21:22,2018-04-19 19:24:52,2018-04-26 00:00:00
80897d5d4e8f07edd515daa585302e6b,1df202848b9d575c667c29519f38249e,delivered,2017-04-11 10:31:19,2017-04-11 10:42:30,2017-04-17 08:57:48,2017-05-10 06:42:16,2017-05-03 00:00:00
b757c5b68510d1d1390243961552792d,6141a788cd69f6a184d68dd2c6588b84,delivered,2018-05-09 12:30:16,2018-05-09 12:55:48,2018-05-09 15:07:00,2018-05-17 19:14:36,2018-05-30 00:00:00
8c29553a081ec9b93f3a0407e902822a,8fc7a81939dca5b49b050cc3110bab57,delivered,2017-12-03 18:43:36,2017-12-03 18:54:22,2017-12-07 01:12:48,2017-12-08 20:54:27,2018-01-02 00:00:00
1e7047105c023a4482c75d1a99880426,2ded964aec3168c8f62dea30b72f447d,delivered,2018-03-02 20:58:58,2018-03-06 03:49:29,2018-03-08 15:03:39,2018-04-03 22:16:49,2018-04-04 00:00:00
0b2942062fff77e603cf4837c421e9a5,c59308d2a8b807a93f3a7d00e9f2b222,delivered,2017-02-07 11:34:57,2017-02-07 11:45:14,2017-02-09 10:23:44,2017-02-14 16:53:49,2017-03-08 00:00:00
0bff3ac704b2ab4cdb69873f3f551ce1,1aba9d2a7b717187271edc2f163c1d89,delivered,2018-04-09 17:55:42,2018-04-09 18:10:25,2018-04-11 16:14:36,2018-04-24 22:48:50,2018-05-07 00:00:00
3f5ee98124031535645a99b8c198833f,69102d5701c84308921872f27b7f77c0,delivered,2018-06-29 08:16:35,2018-06-29 08:35:17,2018-06-29 15:20:00,2018-07-10 14:04:57,2018-08-03 00:00:00
def59cab0d40fb6e73cf4a05911344df,aaac580394d307641eaa83279b83fbdd,delivered,2018-06-17 15:15:27,2018-06-19 03:36:41,2018-06-19 15:45:00,2018-06-26 00:31:59,2018-07-24 00:00:00
206a3a8906ca90cfd9c9d3b330e518d3,d9cd408455221dba113986ba36665863,delivered,2018-03-13 14:41:48,2018-03-14 02:50:51,2018-03-14 18:38:35,2018-03-21 02:42:31,2018-03-29 00:00:00
13ba09b4ffd7128425cc35a9c382245f,9193133f3eb8df6f70cc93b069b56f09,delivered,2017-05-18 15:10:11,2017-05-18 15:22:51,2017-05-19 10:17:57,2017-05-29 09:52:51,2017-06-16 00:00:00
4982b38c3eaf8479ef8d65755b2d0b14,50ca20518ce814665c93ce9b39832c3b,delivered,2018-04-19 14:57:36,2018-04-19 15:11:44,2018-04-20 16:43:00,2018-04-28 00:05:17,2018-05-17 00:00:00
735a1710773d59e9194b5851b2e2ecc0,d25b76e1c12a151d2cc509f1dd2ece55,delivered,2017-06-15 15:48:19,2017-06-15 16:02:51,2017-06-19 20:10:15,2017-06-28 12:57:02,2017-07-06 00:00:00
09dd119f5cafd6888b0e67ebcff86a45,084c08c188cff70f6cc25048290ffbae,delivered,2017-11-26 21:38:50,2017-11-26 21:54:12,2017-11-29 01:16:45,2017-12-22 14:04:16,2017-12-15 00:00:00
7ecb65884485f612cd43998556999634,152145022a0e395ebe376ff5fc7ca128,delivered,2018-03-30 13:29:51,2018-03-30 14:15:19,2018-04-05 17:56:38,2018-04-07 00:33:43,2018-04-12 00:00:00
60022778f5467e9ba090ac42f6739e90,570d9fcd6871c5c4ab7116938dd8a719,delivered,2018-02-15 19:20:14,2018-02-15 19:30:46,2018-02-20 02:51:55,2018-02-26 12:22:23,2018-03-09 00:00:00
338fbd3c36de682efeb03bf89d62ae95,c54724802874343ade44ba9e89f5d6d6,delivered,2017-11-20 23:27:27,2017-11-20 23:34:44,2017-11-22 21:07:55,2017-11-23 14:41:51,2017-12-01 00:00:00
6145340f417b2ec892ce4c053d245a0f,5cabdfd4f9760bfb7c2b51fc1f934980,delivered,2018-01-07 15:30:59,2018-01-09 07:25:48,2018-01-09 22:41:35,2018-01-12 20:38:02,2018-01-31 00:00:00
bd079e124423421864694666ae29277c,82bf9449be249defb5aefcf47ab81435,delivered,2017-07-20 21:21:53,2017-07-20 21:35:11,2017-07-21 19:12:17,2017-07-29 16:49:37,2017-08-15 00:00:00
756707b801841459446c7e0e8c0862bc,c4eb325091a03f5a95a8b188eea38273,delivered,2017-10-19 10:00:15,2017-10-19 10:14:32,2017-10-19 21:15:50,2017-10-26 13:23:13,2017-11-08 00:00:00
dd9aa4781edd47b13197cd4745fa846b,79c0aec7e6a81127ed9cc488a0cbc077,delivered,2017-12-30 11:34:58,2017-12-31 19:18:31,2018-01-05 22:11:04,2018-01-09 22:20:07,2018-01-18 00:00:00
ec1ecce6ed2f4a351a045a8de255e3af,6680ee2ede756c3fa20357158525bc98,delivered,2017-09-17 09:59:15,2017-09-17 10:10:20,2017-09-18 16:20:04,2017-09-21 13:07:52,2017-10-04 00:00:00
853927b32b0ebc007ece729a314338cd,be0e2abfe1e57a99b37f471ba7380aa6,delivered,2018-01-24 15:42:08,2018-01-24 15:58:13,2018-01-25 14:52:43,2018-02-21 00:19:44,2018-03-05 00:00:00
a4bebb3e6a897abebb5afdb45e4c710e,577c74c217aca976789bb195b3f57b20,delivered,2018-04-24 19:09:29,2018-04-24 19:29:30,2018-04-25 15:16:00,2018-05-02 15:41:57,2018-05-18 00:00:00
d858d63e625f2b1e5273f8e9312802a4,1d765a5fdf1ac0e849b0d72df63540c1,delivered,2018-03-08 09:26:20,2018-03-08 10:28:29,2018-03-09 00:10:47,2018-03-27 17:36:55,2018-03-26 00:00:00
aae50e3ecf0a52e135b59e3df0d18c84,9d79c4397c82efe150bef59588b4913a,delivered,2018-01-04 16:22:45,2018-01-04 16:31:22,2018-01-08 19:07:49,2018-01-19 16:13:13,2018-02-02 00:00:00
e7cae8a5597c537df32f554f5b938de1,36122b844a5f69861decff38a343c58c,delivered,2017-11-26 12:53:03,2017-11-28 02:58:36,2017-11-29 18:56:57,2017-12-01 21:19:17,2017-12-11 00:00:00
92719473371fb9439b386d53d12470a8,5944fcd0423637dc7497ef10187e073b,delivered,2017-10-13 19:25:59,2017-10-13 19:46:38,2017-10-16 20:12:41,2017-11-23 21:13:07,2017-11-06 00:00:00
70b125b1e127de57a1145f484705786c,0f6798f2376fb8eb072c4954e4650bf7,delivered,2017-07-16 19:32:18,2017-07-16 19:45:11,2017-07-19 18:57:44,2017-08-04 17:46:11,2017-08-10 00:00:00
9399731dd679003e21c7f24ad39ffa32,bb98e27058a8d72162176e336a2b97a2,delivered,2017-09-07 20:12:30,2017-09-07 20:25:11,2017-09-11 20:05:23,2017-09-21 17:54:38,2017-09-28 00:00:00
63bd0403bf8eb2bb94cdcf79ce0e5ebb,d0918bc69be2f249f9105e579fa5bab9,delivered,2017-08-13 00:20:21,2017-08-13 00:30:13,2017-08-14 13:37:46,2017-08-17 17:17:34,2017-09-01 00:00:00
177a359958777d9b5cebb4257016c35c,6326db5a7fa1bed7b29c5a8c08a3d4c9,delivered,2018-05-30 23:33:44,2018-05-30 23:50:12,2018-06-01 06:42:00,2018-06-06 21:07:03,2018-07-11 00:00:00
e601f404ef484e156f2242dc5ebd5554,e10cea5ba6297bd8736856b0ab6bde8b,delivered,2017-11-25 19:06:49,2017-11-25 19:16:33,2017-12-08 16:48:55,2017-12-14 19:07:59,2017-12-21 00:00:00
c23e171590482930d50c033857c85deb,a487a105dc1bd823498c831bc39e3d8f,delivered,2017-12-07 11:31:42,2017-12-07 15:01:32,2017-12-14 14:15:18,2017-12-15 20:53:27,2017-12-26 00:00:00
63770e5bb4dbde814360a6e2ac62caef,7dc919067ead3c078025c82e800efab7,delivered,2017-06-24 20:54:22,2017-06-27 03:55:19,2017-06-30 14:02:49,2017-07-07 17:12:38,2017-07-18 00:00:00
fa44b98d202360f1246681a3e0405db4,ef95061d7fabce59a19b991b10e9bfc5,delivered,2018-02-05 20:25:11,2018-02-06 04:32:07,2018-02-10 11:54:41,2018-03-17 17:57:18,2018-03-05 00:00:00
4b4a19bd8b1065ce9a4f227eff142150,68e39b15a421a9bbc7df0dd39c3a2bff,delivered,2018-02-16 15:07:18,2018-02-16 15:26:52,2018-02-21 10:04:14,2018-03-14 20:36:23,2018-03-15 00:00:00
5b939ecc014a32ab25d16b70ffdb0426,249993996f32a34654f8429baed4a7c8,delivered,2017-06-30 16:15:33,2017-06-30 16:25:19,2017-07-03 14:57:02,2017-07-11 16:51:31,2017-07-24 00:00:00
cbe4899758da52362c07db6f9b3f9f33,41c584ea27753451d9bf606771103289,delivered,2018-01-26 14:53:43,2018-01-26 15:15:02,2018-01-29 20:17:09,2018-02-01 00:41:12,2018-02-09 00:00:00
c0d2a0a9c8dd829896b7a78d33456674,c34265a8d593cde117e3bdce3fb30e90,delivered,2018-03-22 08:24:38,2018-03-22 08:35:34,2018-03-22 21:28:52,2018-03-27 02:26:49,2018-04-10 00:00:00
1762aa0ce22469c003348a42e46f5269,68b7ace943722094081442259c9b3f2e,unavailable,2017-08-20 19:52:24,2017-08-22 04:11:09,,,2017-09-14 00:00:00
4d6de9e9aa5820e340e8438ed218931e,2c2a91fc56f4732272b4e94f61fb250b,delivered,2017-03-20 16:15:32,2017-03-20 16:15:32,2017-03-22 09:11:57,2017-04-04 16:07:54,2017-04-12 00:00:00
443ddf06ec0f23c8bf94bccb583714e2,c8ab96590456234a5973445b7b25555d,delivered,2018-05-03 22:29:29,2018-05-03 22:52:43,2018-05-08 10:15:00,2018-05-10 16:24:57,2018-05-17 00:00:00
cd3558a10d854487b4f907e9b326a4fc,0004164d20a9e969af783496f3408652,delivered,2017-04-12 08:35:12,2017-04-12 08:50:12,2017-04-12 17:05:42,2017-04-20 16:12:26,2017-05-04 00:00:00
cbad84cbc3469e39f8f765362e2a9ae4,870b6591df0299937f00101427284649,delivered,2018-05-17 14:06:50,2018-05-17 23:33:34,2018-05-18 13:51:00,2018-06-06 21:38:31,2018-06-06 00:00:00
6e5fda4cd8dbfe3f9c8485b8d10d7503,b5ed78953b6b308d4335360d6246bcc4,delivered,2018-03-13 15:27:37,2018-03-13 16:08:15,2018-03-15 19:36:52,2018-04-20 17:49:09,2018-04-26 00:00:00
484ab8a13180429b94330c723289a4f2,8ebb42233d9090807b6879b1eb1631bc,delivered,2018-07-18 11:43:30,2018-07-19 11:42:55,2018-07-20 12:29:00,2018-07-21 16:38:39,2018-07-26 00:00:00
7068f14af6c3c575490f74b6aaf2f05c,30fc4a8a18b770f84c381b09eccd9b8d,delivered,2018-04-11 12:34:56,2018-04-12 12:31:56,2018-04-12 23:48:32,2018-04-30 18:33:14,2018-05-16 00:00:00
e4b86afb67e591d71050d108a2672dbb,aa5de1c726fedb2c495cea4ead03d6d8,delivered,2017-09-20 07:40:23,2017-09-21 02:50:39,2017-10-13 19:19:04,2017-10-19 16:10:15,2017-10-18 00:00:00
641260b6b13348c1853886a738a7f9b0,e343ad14711724b0fd9b239b534cf4f5,delivered,2017-10-29 22:02:15,2017-10-31 04:07:21,2017-10-31 16:51:35,2017-11-10 22:58:43,2017-11-23 00:00:00
3becf59664a588ac335a36f2a08e2d2b,2fef57f217a4ccfd0d8e3bfe20ed20d8,delivered,2018-08-03 07:43:41,2018-08-03 07:55:16,2018-08-03 17:43:00,2018-08-08 13:18:41,2018-08-20 00:00:00
3b5066af438aa1723c4e22290fe8dabd,9448711e9143b3cb9f54d8526bc8655d,delivered,2017-08-02 19:20:02,2017-08-03 03:04:44,2017-08-04 18:43:50,2017-08-12 15:05:50,2017-08-24 00:00:00
8192ab7fdf1ebdc4ed10c42d0e211ba6,572d8ac5c8e475a51cbd27d7e1f94ae9,delivered,2018-02-13 21:20:34,2018-02-13 21:35:23,2018-02-14 23:13:01,2018-02-15 14:35:56,2018-03-01 00:00:00
0232512713ff84ce6ae5c96971894149,dd697a2e78207fa7b19293cccfb33729,delivered,2018-03-25 11:20:56,2018-03-27 03:55:46,2018-04-10 18:26:48,2018-04-11 18:48:49,2018-04-23 00:00:00
6076a8694fc911c2ed0a2bac1c30a9c5,57934d36535621517dc2b60295108836,delivered,2018-03-15 15:43:30,2018-03-15 15:55:27,2018-03-17 18:58:41,2018-04-02 21:33:26,2018-04-11 00:00:00
e2b405a4cccf1e66eb8d2b73a4bba700,6af12e8e6fdd92d3e49abf9eac301d63,delivered,2018-06-02 09:23:01,2018-06-02 09:35:22,2018-07-04 06:38:00,2018-07-09 18:51:08,2018-07-26 00:00:00
a49ef06443dbe442d78f3fa3b26848d2,ed3cfc1db77dc98f707d942af216e4fb,delivered,2018-03-01 11:03:34,2018-03-01 11:15:33,2018-03-02 19:08:12,2018-04-03 20:22:16,2018-03-27 00:00:00
1f06e0b20a4b5a839950bf1f9f779957,b3e20bc2f01a785db7cf2ca23a0929fd,delivered,2018-08-04 21:52:27,2018-08-04 22:05:09,2018-08-06 14:21:00,2018-08-09 14:57:52,2018-08-16 00:00:00
be32306676f1b65193ce87367ecf3e34,0cbfb11934fdfab3cd95e2224b6c84f3,delivered,2017-11-06 15:04:50,2017-11-07 07:30:34,2017-11-08 20:26:48,2017-11-28 21:58:39,2017-11-29 00:00:00
4d1f435f8c84cb13a87a5d79b5813566,84136a4330f1da183e8cb4db7448b838,delivered,2017-05-17 18:26:21,2017-05-18 02:15:46,2017-05-18 10:04:22,2017-05-24 15:53:36,2017-06-08 00:00:00
cfe5649887c20d8a27d7a9a2302a9d9b,7c9e2de99b4d853ad2849bf211810bcf,delivered,2017-12-04 15:12:16,2017-12-04 17:22:41,2017-12-12 00:25:34,2017-12-26 22:25:27,2018-01-04 00:00:00
fd700d48d34b0b4f75767e4502c3fce2,54fbfd8234200d91cf277f159fdeae7f,delivered,2017-09-16 22:43:48,2017-09-17 01:10:11,2017-09-20 17:27:38,2017-10-09 22:33:46,2017-10-10 00:00:00
d28f2bc60aaf4da8d97ff1319fdffab4,91c6fb2b7b643426eb8f72f1a3e422d1,delivered,2018-03-15 22:00:27,2018-03-15 22:10:28,2018-03-16 20:42:03,2018-03-20 19:08:48,2018-03-28 00:00:00
ecfdcaa1a2dacb4e5297d8251b115002,2dffab2135e36d25087cad94f4e559ab,delivered,2017-01-17 22:26:00,2017-01-17 22:42:15,2017-01-19 08:14:56,2017-01-27 10:07:33,2017-03-07 00:00:00
337d06bdab986563a27e4f5c1885e887,92cec1d7f2e6c75ec8f274aa1f8757cc,delivered,2018-06-21 17:30:49,2018-06-21 18:21:22,2018-06-22 14:24:00,2018-06-26 01:36:36,2018-07-13 00:00:00
c1b86a370f491b37cc3adb8ef0a21fe5,5c5689c7522389a8ff3e28ead3a4cd55,delivered,2017-03-21 10:09:06,2017-03-26 23:32:51,2017-03-30 16:32:07,2017-04-20 08:05:23,2017-04-28 00:00:00
3e927dfcc405632ef96885c77e6e5d83,2ae858711010fa5c644f51532b9d4fb4,delivered,2017-10-10 17:15:26,2017-10-10 17:35:42,2017-10-13 17:22:24,2017-10-20 00:24:53,2017-10-27 00:00:00
4c5277b8c416e92df5b5b5b3882b4d58,7bba4420a869ab8dba1c7096358c1d66,delivered,2017-05-10 19:59:24,2017-05-10 20:05:14,2017-05-11 10:09:25,2017-05-16 16:29:11,2017-05-30 00:00:00
4bc45b40b7495543f90c2cfb8c409035,86911781ab615c91b809029803289020,delivered,2017-11-25 01:00:22,2017-11-28 02:58:23,2017-11-28 16:37:58,2017-12-07 18:19:01,2017-12-18 00:00:00
1f151cb71f4f48164123b34c0b753ddf,f7c37ea4c192ca34a41159557f27837b,delivered,2017-10-13 23:03:01,2017-10-13 23:14:21,2017-10-17 17:10:14,2017-10-26 19:22:32,2017-11-08 00:00:00
7b8cdadf6b13903fc09049ba85f5ecb3,4615d07e73e4c684ccc9cb865c0388ca,delivered,2018-06-02 10:47:36,2018-06-02 11:10:56,2018-06-04 13:40:00,2018-06-05 16:36:25,2018-06-20 00:00:00
650db225e0b89075a07e6ca5e4c2d941,feb7f40c64907e499efe3f92867ca5b1,delivered,2017-10-19 10:48:03,2017-10-19 11:06:23,2017-10-20 15:29:52,2017-10-25 00:43:04,2017-11-17 00:00:00
b9886766c7d03ad40eb4f341af209a88,773e44148a162cd665cec3f70a9f4fa2,delivered,2017-03-25 09:45:45,2017-03-25 09:55:19,2017-03-27 13:45:14,2017-04-03 15:43:56,2017-04-27 00:00:00
f9ec88f49637ef75f91d3b52f89b2809,f9221637539179d48001ecf3e5311cc9,delivered,2018-04-12 16:54:10,2018-04-13 02:32:07,2018-04-13 17:32:29,2018-04-30 19:06:47,2018-05-14 00:00:00
606a4d197c2fcc7ea1b91a89c0843f1e,3ba4c54a45fcf215d16b7c5fd916deaf,delivered,2017-11-16 17:02:47,2017-11-17 04:26:12,2017-11-23 18:29:09,2017-12-22 20:45:13,2017-12-14 00:00:00
94534dca4b70b22116250b471102602e,f413d1831bd15a64a7b73db89282fa77,delivered,2018-08-06 16:07:50,2018-08-06 16:24:38,2018-08-10 08:51:00,2018-08-22 15:48:45,2018-08-30 00:00:00
8e287e7d7db7206c7a9d0184e97014ad,0e8be41ec287f1d9753fa200dd8741c4,delivered,2018-01-05 13:10:52,2018-01-05 13:19:24,2018-01-10 22:07:43,2018-01-24 00:48:44,2018-02-09 00:00:00
e5d931ebd7214cd492fff71fb6a2aeff,f19622365d4c40c686c8ca3bec559e48,delivered,2018-05-14 17:56:57,2018-05-16 03:15:21,2018-05-16 13:25:00,2018-05-23 20:31:55,2018-06-14 00:00:00
658028ee7633b50e656cea96a31274b1,f4d8c57bfbabb88c86d1a25df8cb21df,delivered,2018-07-12 09:21:49,2018-07-12 09:35:12,2018-07-17 14:16:00,2018-07-23 22:28:25,2018-08-14 00:00:00
e7b463065498659c48a3b2ac3b1cc6b0,b130f5c1fa1e3568060539a4d106f7ca,delivered,2018-03-16 22:10:36,2018-03-16 22:28:16,2018-03-19 17:22:39,2018-04-18 17:46:45,2018-04-13 00:00:00
00c8be06a8029e300dabd52c7d4c6ad2,5508ab552ed2d4da9d21e777849034d0,delivered,2018-02-11 00:36:56,2018-02-11 01:48:42,2018-02-14 18:23:20,2018-02-27 21:08:12,2018-03-09 00:00:00
0c61d8257611b6d6465f9c8ec5674b0a,57196a49e744d8cf881f433e8f3c583e,delivered,2018-01-06 17:32:57,2018-01-09 16:10:41,2018-01-15 16:22:19,2018-02-07 21:13:32,2018-02-14 00:00:00
e4dedbcf41b39d53b8ac735d22ce670c,cbd56f1f7c2f1d3c0adcdddce4a4bd42,delivered,2017-10-12 09:34:58,2017-10-14 18:33:51,2017-10-20 19:58:10,2017-10-25 19:55:18,2017-10-31 00:00:00
9827713c2434c817eacd058f8dcc5628,4bec36f049ff3fbeaca9ecafcfd3baaa,delivered,2017-09-24 22:09:17,2017-09-24 22:25:52,2017-09-25 19:57:30,2017-09-29 19:41:48,2017-10-18 00:00:00
409d692c7314744b643ae98e8a11e1b5,15f254150d0e0f1fc6358514691f65bc,delivered,2018-08-14 09:27:24,2018-08-15 03:05:23,2018-08-15 16:16:00,2018-08-20 23:11:50,2018-08-31 00:00:00
504b7c1b22122e429928dcd1ecab50c2,6b0ce605437c4dc06f3ceabbe52ec569,delivered,2017-09-12 12:57:09,2017-09-12 13:10:18,2017-09-14 16:01:37,2017-09-22 17:14:49,2017-10-09 00:00:00
911caddee9193485ecfacba64e139beb,a33988fde632872a5c5458823b9c2d01,delivered,2018-08-12 21:16:42,2018-08-12 21:30:50,2018-08-15 12:12:00,2018-08-23 18:53:44,2018-09-10 00:00:00
79db7436f36c45d0ec5cd158424d7ce4,eeffdeb610ba67edfdf863936785eb90,delivered,2018-03-21 12:06:10,2018-03-21 12:47:39,2018-03-23 18:36:53,2018-03-28 23:54:38,2018-04-12 00:00:00
63d2c28920a6381ffb2fff191e6e0ff9,e3b811c775c529afa4bcffcad0a28c40,delivered,2018-02-27 20:02:55,2018-03-01 02:48:23,2018-03-02 01:24:53,2018-03-26 18:22:43,2018-04-02 00:00:00
3c404e64aaee40b3b597aafff9795b4a,372ce05cb86e4dcf20c8493ad417ebbc,processing,2018-04-13 20:44:27,2018-04-13 20:55:28,,,2018-05-21 00:00:00
d03428478ca1e760e9c5898acc54665f,96d6b58803716cf4a2d006f34c6eb590,delivered,2018-08-14 22:23:39,2018-08-14 22:44:10,2018-08-16 15:18:00,2018-08-24 18:03:51,2018-09-04 00:00:00
828bedfd74953fea90c650c36afbd36a,061d8030d0f605af68c6ef004ca15700,delivered,2018-02-17 15:08:48,2018-02-17 15:26:43,2018-02-20 19:04:26,2018-02-26 21:23:43,2018-03-09 00:00:00
1ac347121eefa52ab9ed2cb87693afb0,f84d4f781159bcacddf2359446f5e346,delivered,2017-05-25 22:40:09,2017-05-25 22:50:13,2017-05-26 11:56:08,2017-06-05 13:47:57,2017-06-21 00:00:00
df147d110784e81110ece3cae5fafee2,15fbd33f76e4ccb6d4a8cf129f863e76,delivered,2018-01-13 06:24:46,2018-01-13 06:32:38,2018-01-16 20:32:21,2018-01-17 16:09:34,2018-02-02 00:00:00
60b570df9018c6b6441017314a2dd081,dd3f1762eb601f41c5e289fa08dbc6bf,delivered,2018-07-18 12:59:21,2018-07-19 02:45:20,2018-08-07 17:17:00,2018-08-10 21:38:34,2018-08-31 00:00:00
4dac5a355ca2b9da23d60ed243be5673,6c0a32063bce9f24338b38d689988b98,delivered,2018-04-14 16:11:37,2018-04-17 06:11:36,2018-04-30 13:44:00,2018-05-07 20:49:01,2018-05-25 00:00:00
7f1dd57d5e14f6ee8a3946e2f58b5396,aac168607cd6ec6ca4faa538b9b6a65b,delivered,2018-08-18 19:17:49,2018-08-18 19:30:10,2018-08-20 14:54:00,2018-08-21 19:22:04,2018-08-27 00:00:00
b1e786caeddece12e5efd30580eaaabc,7241aae1af5ffcdb5411a9d23be378ea,delivered,2018-04-20 08:04:26,2018-04-24 17:46:25,2018-04-23 12:34:51,2018-05-02 21:38:37,2018-05-21 00:00:00
ac9a25281ccc31b31fc2e9cdac94d9f2,69fefe761b19d32ae23f141f73004e4f,delivered,2018-01-14 21:18:04,2018-01-14 21:30:36,2018-01-19 14:19:31,2018-01-26 23:08:57,2018-02-08 00:00:00
a2b4be96b53022618030c17ed437604d,ffa87b4246c4848711afb512bd51f161,delivered,2018-07-22 09:54:03,2018-07-23 11:31:46,2018-07-23 14:48:00,2018-09-27 02:24:33,2018-08-17 00:00:00
5c2049caca936695cfa43805ebe7d8e3,427be35f79110d97b5624f9791d8714d,delivered,2018-02-05 19:25:42,2018-02-05 19:50:04,2018-02-07 19:28:58,2018-03-20 18:18:31,2018-03-15 00:00:00
55a4f9b50beced29f599c03bf4df76e0,f91f25c334f44970a6b8e4b2f3b24f5f,delivered,2018-08-03 21:28:57,2018-08-03 21:44:06,2018-08-06 14:06:00,2018-08-18 10:32:19,2018-08-23 00:00:00
477140a02351a2a01918ec67d2d68ac2,822b607b23f20ca968363147e061d6c6,delivered,2017-04-08 23:32:32,2017-04-08 23:42:20,2017-04-11 11:26:59,2017-04-21 08:20:06,2017-05-11 00:00:00
2bfe52167cb0f38cfbbdca7154dc3da4,6b4407e55115a2b1ca3e6172366b9a79,delivered,2018-07-09 12:30:20,2018-07-09 12:45:14,2018-07-09 15:44:00,2018-07-12 16:03:33,2018-08-06 00:00:00
3f6efc4ada967d7b5ad1b6c30ca43b96,b107800c872a68d1703ddfe3c2dc961d,delivered,2018-01-14 16:56:20,2018-01-16 03:51:08,2018-01-16 18:36:45,2018-01-22 20:32:47,2018-01-30 00:00:00
1b39d154e72f232a67b97d1d2545d527,67b653733fd05d8f600e4bfb12d70964,delivered,2018-05-16 23:26:04,2018-05-17 00:17:25,2018-05-18 14:26:00,2018-06-04 22:50:32,2018-06-08 00:00:00
fd38d5793a4393e031ea8da57e094f88,26da56b4fbd69a10435bd728443fd107,delivered,2018-06-03 16:35:46,2018-06-03 16:50:40,2018-06-05 10:36:00,2018-06-08 21:38:33,2018-06-28 00:00:00
08504a0dce0a3cd13b3f7971d29fb991,07ea600bb145c172bb93190abb2081b9,delivered,2017-11-05 15:24:14,2017-11-05 15:35:35,2017-11-06 19:41:31,2017-11-08 23:27:32,2017-11-17 00:00:00
0e54e7e8b39dfc550dfab97b23c7b582,7c1cc4e0ecca23fe35bd3d79a02f8abe,delivered,2018-05-12 12:02:50,2018-05-12 12:15:14,2018-05-14 14:20:00,2018-05-17 16:21:02,2018-06-05 00:00:00
e9e9b31ec2faa5bb868dc5fa0c66b0bd,a48ffc7cf9fca7c48a49af83e7261ebf,delivered,2018-01-17 20:58:28,2018-01-19 02:37:54,2018-01-20 01:09:05,2018-01-31 18:28:56,2018-02-01 00:00:00
490f9c9fc86a9e753c5729f7119e84d7,0d9406fc091e557580d0d2171f268d88,delivered,2018-05-04 10:46:21,2018-05-05 03:50:28,2018-05-07 13:16:00,2018-05-10 15:18:47,2018-05-24 00:00:00
d630523e4ead4d29e7dd497f1a47b90e,563decc20c79fc58f6adaacdfb49ba66,delivered,2017-03-06 13:02:08,2017-03-06 13:15:25,2017-03-07 18:07:48,2017-03-15 16:41:43,2017-04-11 00:00:00
4610355b7b9a4c4d4c176acaf273b7e2,cbc69ea8e3b1fdb3cbc421f7d3f72fc1,delivered,2017-05-11 10:17:37,2017-05-11 10:25:23,2017-05-16 11:22:31,2017-05-24 08:37:41,2017-06-05 00:00:00
3312588178a16638759fca54495ef50d,08b0db04ac8d73532750572156241d88,delivered,2017-01-16 18:36:49,2017-01-16 18:50:16,2017-01-18 15:49:05,2017-01-25 13:58:39,2017-02-28 00:00:00
6f393015477564624446a2b4c948c0f0,3a5a12157eed55b77ae6432e30efc4ae,delivered,2018-01-17 22:38:14,2018-01-18 22:37:14,2018-01-23 15:55:30,2018-01-31 00:08:27,2018-02-15 00:00:00
eb07db9884e44e51d9f3f7e6ef2715d9,d742132fa21774454b21f5a511f05769,delivered,2018-08-23 11:48:36,2018-08-23 12:05:51,2018-08-24 12:17:00,2018-08-29 18:59:52,2018-09-10 00:00:00
d6418b6fa2a27ebf8c1e2d4ca0d14492,e785a41a19890a8f11551aa3b026f253,delivered,2017-03-25 11:58:44,2017-03-25 12:10:47,2017-03-27 14:51:05,2017-03-29 19:52:23,2017-04-13 00:00:00
9769371d54296310103ef23ba69b4af2,ea2137d588244819f6be7b1d8f00f82b,delivered,2017-09-30 21:38:11,2017-09-30 22:20:10,2017-10-02 15:16:47,2017-10-16 19:09:09,2017-11-06 00:00:00
fbc5d211d0c021def45daa17a0d271ba,da97d12c6f90c983ae3d35f42d1bf2ce,delivered,2017-09-11 15:17:10,2017-09-11 15:30:18,2017-09-14 22:52:37,2017-09-15 20:02:45,2017-09-26 00:00:00
791ecfcf358d8482338314a266c01fc4,f65235e8410545c21b41ecc9194cee27,delivered,2018-02-01 23:12:23,2018-02-01 23:33:35,2018-02-07 16:55:03,2018-02-20 21:39:34,2018-03-01 00:00:00
a6ea59851ffee8cb73761179fc7bcb6c,4f431dee2efccd72a2b5707929dc85bf,delivered,2017-11-28 12:18:08,2017-12-01 12:31:34,2017-12-01 21:17:41,2017-12-15 22:28:37,2017-12-28 00:00:00
b316c449e8b0f35e4766fcb0583fcb20,5f2c12cf37ffc577d7e7a30b93d160d9,delivered,2018-03-31 14:53:08,2018-04-02 15:32:47,2018-04-03 18:33:24,2018-04-16 18:48:24,2018-04-23 00:00:00
09d3f9f1be63c067456cc619076685a1,b6f05b99667a02c3722610a7bb6b4062,delivered,2017-08-23 15:40:22,2017-08-23 17:33:57,2017-08-24 16:25:25,2017-08-29 21:36:55,2017-09-13 00:00:00
f244841f5a461472de8de82f023b1371,58b3208913cae35dadfac41929721901,delivered,2017-06-25 22:22:30,2017-06-25 22:30:15,2017-06-27 10:35:41,2017-07-04 13:17:30,2017-08-08 00:00:00
ef1d282a121e2bee046bbab7f9f88331,1a8ee097c14bb88b04f6a66b4e966d21,delivered,2018-02-25 17:16:35,2018-02-25 17:30:29,2018-02-27 22:51:36,2018-03-19 14:03:55,2018-03-21 00:00:00
711b9be9c346d9ecdb9d38a5e1e7e39b,81e4aed5ab4253757305267b80712689,invoiced,2016-10-04 13:38:37,2016-10-04 14:08:38,,,2016-11-24 00:00:00
8f41f6ee6b11dbc12bd14d1d0ce1641e,c45842da0f866f6c40b7ba3f7c1aac20,delivered,2017-04-10 11:53:07,2017-04-10 12:05:32,2017-04-11 14:54:36,2017-04-17 09:52:48,2017-05-04 00:00:00
d94486278633cac5f50e370851d24de6,d0615859a639a94c1fe472eba57d4a7c,delivered,2018-03-15 18:07:49,2018-03-15 18:28:40,2018-03-16 18:55:44,2018-03-19 16:52:07,2018-03-27 00:00:00
d598cf8c9a25d482dcf98cadd21713e3,f8acc8de4fad06eb697f8f46bde183aa,delivered,2018-06-29 14:49:56,2018-06-29 15:11:13,2018-07-02 14:15:00,2018-07-06 17:48:43,2018-07-20 00:00:00
0a45b0373a9b1178357bb9d93243ed18,5e47108744501cc098879b44a9252a03,delivered,2017-11-17 20:01:53,2017-11-22 03:07:57,2017-11-23 21:32:24,2017-12-03 15:55:02,2017-12-08 00:00:00
eef2a734891eb6818c0c74bce088a982,9e04bd3d7097e259b856e101b34316c1,delivered,2018-05-03 11:43:17,2018-05-04 02:51:34,2018-05-04 15:19:00,2018-05-17 20:06:39,2018-05-30 00:00:00
1c0e2a041cbb546001e7259526d26e67,922881c74bf4747371821f55d4c1c5e5,delivered,2017-04-22 12:16:19,2017-04-22 12:30:22,2017-04-24 11:10:19,2017-05-11 21:45:52,2017-05-23 00:00:00
d4b3b00396bf3d72f49b2e06219f385e,60febc34fb19061d99caf9ddf1f6a4d3,delivered,2017-12-05 09:51:41,2017-12-05 11:12:13,2017-12-09 09:58:35,2017-12-15 20:37:03,2017-12-28 00:00:00
d9a34b9554a76f98e59becbf5b49a871,f607992590df1ce8b149279c589e2421,delivered,2017-11-02 13:09:35,2017-11-02 13:25:21,2017-11-07 10:32:37,2017-11-15 14:09:26,2017-11-29 00:00:00
8ab0c0ecda227b5dbcee5c23f28f0ef4,7c914fa77c2a8f1179c445cf9f539d0f,delivered,2018-02-19 22:26:15,2018-02-19 23:30:27,2018-02-22 21:42:52,2018-02-23 15:53:57,2018-03-05 00:00:00
4dd4745f66dc08de8b825edf6155ce4b,9ea7875477b41433fd8e2f65a65a1d1f,delivered,2018-04-16 16:27:46,2018-04-16 16:53:31,2018-04-17 21:16:53,2018-04-23 20:06:51,2018-05-23 00:00:00
5290c34bd38a8a095b885f13958db1e1,92af427e290117f39d9ff908566072e0,canceled,2018-08-21 10:25:18,,,,2018-09-06 00:00:00
53b28c9fd34d5fa0747bfc3032b0a8e7,405caa28d9c6401723a5a6a42af30545,delivered,2017-06-04 22:40:48,2017-06-04 22:50:17,2017-06-07 15:53:09,2017-06-12 11:24:36,2017-07-10 00:00:00
11746f9dc3d55313aadc6e6bf8464595,dcb15692eb3de5de08f5c4f51e1ca6bb,delivered,2018-04-23 00:23:12,2018-04-24 17:24:08,2018-04-24 17:05:50,2018-05-02 18:32:27,2018-05-16 00:00:00
4efbb5172eeaa8a9dd5a9483cfae3637,0b50844de62819a161d73310474dcef9,delivered,2018-01-18 09:10:39,2018-01-18 09:17:20,2018-01-29 23:58:52,2018-02-05 20:48:43,2018-02-16 00:00:00
ec61362ddd74b12ee8f72f43752044f8,957902364a8b89fa36fa1aef9e9c7907,delivered,2018-01-19 07:21:57,2018-01-19 07:35:06,2018-01-19 19:14:31,2018-01-22 15:36:36,2018-02-05 00:00:00
e86118c5fd6d905b7346a83baca017e2,dbfcf7c2a286c626b8ab695e310045d0,delivered,2018-03-12 17:27:41,2018-03-12 17:49:23,2018-03-13 23:41:41,2018-04-07 13:51:05,2018-04-03 00:00:00
c8b09d2fb2d0f23332a7e6a4e5e43d66,e296f6ea21a8f1a35626704cc0e62087,delivered,2018-02-18 12:39:45,2018-02-18 12:46:55,2018-02-26 17:42:31,2018-03-07 23:14:02,2018-03-22 00:00:00
a10231eb95955f12c2bbc1e34e25c950,ebc886e9e3226e7da3ccb10bba7c5c4e,delivered,2017-01-31 17:14:07,2017-01-31 17:25:17,2017-02-06 10:16:07,2017-02-14 18:09:22,2017-03-07 00:00:00
94b860984e79a390fa2d4793ddd46404,a7a2f43c562c74d555c0bf1e19fcca4b,delivered,2017-11-26 12:35:58,2017-11-28 12:37:57,2017-12-04 21:43:04,2018-01-03 18:39:36,2017-12-26 00:00:00
7bbb2b4fd60b56329b20353470ec4080,5569bcb7a89df3b049ddcbdd4d4b8542,delivered,2017-10-28 19:15:46,2017-10-28 19:30:49,2017-11-07 20:42:02,2017-11-16 19:11:45,2017-11-23 00:00:00
e33f532fabfd63c8b0e637d99e3dfdbc,c23053e4513a5142d344eb5efdb17635,delivered,2017-12-23 12:47:59,2017-12-23 12:54:36,2017-12-26 21:52:22,2017-12-28 19:52:34,2018-01-15 00:00:00
9f978ecad138d859f6e9e08ed6b7cbda,05514af0c7b72bac8a4515ff7d4cd9e2,delivered,2018-07-05 19:26:53,2018-07-05 19:35:17,2018-07-06 11:16:00,2018-07-26 17:18:40,2018-08-08 00:00:00
2baf80a0f30b1660ef1d0653314c04dd,2247fcbb5b0868e23a64ec1bdd6564ec,delivered,2018-06-26 14:25:06,2018-06-27 11:03:47,2018-06-28 12:56:00,2018-07-04 13:52:41,2018-07-31 00:00:00
3b97562c3aee8bdedcb5c2e45a50d5e1,065d53860347d845788e041c0dae53e7,delivered,2017-04-14 22:21:54,2017-04-15 22:30:19,2017-04-17 09:08:52,2017-05-17 10:52:15,2017-05-18 00:00:00
c76aedd9fd59ea0c51535fd72fe97d9a,c5a94d20980806febe5ae3c0b653dde0,delivered,2017-12-09 16:44:19,2017-12-09 16:55:47,2017-12-11 17:33:40,2017-12-20 19:48:03,2018-01-04 00:00:00
0380d4bc2621c9c80b674b729d4c6c02,ce66a27f4a8c469e2f21230797f9e90a,delivered,2018-02-15 12:26:54,2018-02-15 12:35:27,2018-02-19 21:22:43,2018-02-20 22:07:28,2018-03-02 00:00:00
c862d307944b0dd344a6e4310a345564,e8f20063fbcf5a7c9e38ff7da9bd55cb,delivered,2018-01-08 19:07:35,2018-01-08 19:17:40,2018-01-09 16:19:29,2018-01-22 22:26:56,2018-02-06 00:00:00
8dbafac7422903530bd67f9cc974a094,531eafaf2305e3496674cded18b84cf0,delivered,2018-08-17 07:32:27,2018-08-17 07:50:13,2018-08-17 12:01:00,2018-08-22 17:12:24,2018-08-31 00:00:00
c7a7c97d430f40628efc0f1e41f723b1,829da742aa5592be758793631d4afcf4,delivered,2018-07-05 09:39:44,2018-07-05 16:15:56,2018-07-05 14:58:00,2018-07-11 19:12:24,2018-08-01 00:00:00
d9ed186abc625ccae42014887b7af04d,f2a7cb551d698023215eb95ed489ccb6,delivered,2018-07-31 13:23:40,2018-07-31 14:31:37,2018-08-10 14:13:00,2018-08-16 15:33:00,2018-08-20 00:00:00
4d9f7ee0798052190a19d19bb0f31a40,46b8d6f92df858df6185ee301ede80ef,delivered,2018-08-13 09:36:38,2018-08-13 09:50:20,2018-08-14 11:02:00,2018-08-23 23:52:41,2018-08-28 00:00:00
e821c71ba6efed0813bbc0a01a95f24d,e92f244376eed380877c6aab4cc5b0e0,delivered,2017-12-14 21:05:56,2017-12-14 21:16:21,2017-12-15 23:59:01,2018-01-08 16:11:15,2018-01-18 00:00:00
315da0cfbc485bb00c12a581077cf7b2,1ff98f738e6baa6c7d6c262757e82720,invoiced,2017-01-26 22:52:01,2017-01-28 10:32:01,,,2017-03-10 00:00:00
f8348a1010449c16817a418fbb9e3620,8110c15004d4a39eea1ca78bf5e6cfe6,delivered,2018-06-19 14:04:57,2018-06-19 14:17:46,2018-06-19 15:07:00,2018-06-21 20:33:16,2018-07-04 00:00:00
38ad398ccb6f45911c35e8625cb68087,2e0a5105023223e3adfa0a30db67f80c,delivered,2018-07-04 18:37:46,2018-07-05 18:35:19,2018-07-06 11:12:00,2018-07-10 23:18:54,2018-07-25 00:00:00
7131224bb3afd2aa3e6b81ca40bd8e4a,6d17655475970195afeb70c1f2fa4b80,delivered,2017-12-14 10:19:21,2017-12-14 10:33:32,2017-12-15 17:59:18,2017-12-17 16:36:41,2018-01-03 00:00:00
ee9ca989fc93ba09a6eddc250ce01742,eed931d3a5222a9a511d18be7fd2a5ba,delivered,2017-05-12 16:24:51,2017-05-12 16:35:21,2017-05-18 15:24:38,2017-05-24 12:26:59,2017-05-30 00:00:00
4942bdcf4479ff8d6885299338758784,2941159daf7b19262ea372b0c1faca2c,delivered,2017-10-12 15:13:13,2017-10-12 15:28:14,2017-10-13 20:36:55,2017-10-18 16:13:35,2017-10-31 00:00:00
9b0159dd88a0319b71984d8d973472c2,da631d8690cf9ef15f9e3c113fb40fad,delivered,2018-08-06 20:01:30,2018-08-06 20:15:18,2018-08-07 14:00:00,2018-08-20 20:24:36,2018-09-03 00:00:00
acf46500e7a3027d1314833501c92fe1,19e8f4d4466c9f0a4b63bf4d4e64c49f,delivered,2018-02-06 15:52:42,2018-02-06 16:11:49,2018-02-19 13:28:51,2018-03-09 14:31:15,2018-04-09 00:00:00
0fa05bb83efc10205ac8f4224f10c336,3298a35f24f353765e2570b3648550f4,delivered,2018-04-26 12:47:48,2018-04-26 16:52:49,2018-04-30 11:59:00,2018-05-14 17:52:36,2018-06-13 00:00:00
07e481567db300783aa22d7cd202f1b8,e963d9adbf9ceb6f1dab520661946e3e,delivered,2017-05-22 11:04:34,2017-05-22 11:15:20,2017-05-23 14:43:44,2017-05-29 07:00:10,2017-06-07 00:00:00
d487b6355486e731b46ab592494f65e9,c4776e481ae20a17b45fdb45497a6874,delivered,2018-04-12 10:20:46,2018-04-12 10:35:14,2018-04-12 20:46:32,2018-04-20 19:12:42,2018-05-17 00:00:00
eeb17181fc1852d99c92171ac3efd4e6,884d810803084b58c977aa975b1f3c33,delivered,2018-04-02 20:23:04,2018-04-02 20:35:31,2018-04-04 17:38:38,2018-04-09 16:52:07,2018-04-25 00:00:00
6fa204b6cf6dcfe6c9adca7dc53aa32a,56dfafb543cfa4c2edcc08b9b2c5f0c6,delivered,2017-08-01 18:52:12,2017-08-03 03:04:48,2017-08-03 16:17:38,2017-08-05 12:14:47,2017-08-21 00:00:00
62c2d78676c10f5c78087b70543d2b16,0d322d00e59c4e1f3487753c793d89a8,delivered,2018-06-28 16:27:33,2018-06-30 02:52:30,2018-07-03 11:29:00,2018-07-04 17:46:34,2018-07-12 00:00:00
42113e78f28f6201edc22b1a9f50ca81,9002b566a0a335d74116ee1978d5ade9,delivered,2017-04-21 18:00:02,2017-04-21 18:10:14,2017-04-25 11:25:42,2017-05-02 16:31:15,2017-05-15 00:00:00
ec0fa04fd1dffd9f00f92312214d7eac,647b6836dfd886cce7c2ac2601daeb0f,delivered,2017-09-22 13:10:51,2017-09-23 02:30:39,2017-09-27 18:30:19,2017-10-03 19:04:18,2017-10-18 00:00:00
c05cb9c2c6907494337ded1d059cbc7d,15e4fb3182251c06c80f9cdc5014df1e,delivered,2017-11-26 12:29:17,2017-11-28 12:37:13,2017-11-28 20:11:07,2017-12-07 20:21:35,2017-12-22 00:00:00
1011743f27a84fef8503f748cb1d951e,e2f0a1baa756cddbbfdd66856ecd91de,delivered,2018-07-23 12:04:15,2018-07-23 13:44:13,2018-07-25 11:59:00,2018-07-26 17:22:46,2018-08-01 00:00:00
75eb778608f606e7f4b3cbf2092be146,95b0e44cb4e131ade1701e243dbb340a,delivered,2017-09-10 09:22:43,2017-09-10 09:35:08,2017-09-11 17:31:47,2017-09-15 16:12:04,2017-10-02 00:00:00
9b1d0dd42862c68280468732a4399034,6d7dae0835c48b8cf7ad6a03b9105132,delivered,2018-08-08 14:24:20,2018-08-08 14:35:18,2018-08-09 08:03:00,2018-08-16 20:21:46,2018-08-29 00:00:00
100db0fb5000a9f02f0d3ee2470c85c1,44548d1fd6761aa2423f6713c0d8ca75,delivered,2018-03-18 08:50:06,2018-03-18 09:08:01,2018-03-21 21:25:44,2018-04-09 18:08:35,2018-04-05 00:00:00
9ddba77d69c77e988ac02c012a59d058,3547196c69672a750204ffcbc71f186d,delivered,2018-03-01 08:17:59,2018-03-01 09:09:14,2018-03-05 18:54:31,2018-03-08 15:32:58,2018-04-11 00:00:00
b9a703ce4f5ae752f1ea894775d250ff,a905d4b3fe690160573204533764b6df,delivered,2018-08-15 14:43:32,2018-08-15 15:05:13,2018-08-17 15:15:00,2018-08-20 11:58:29,2018-08-20 00:00:00
33c1911ef3652a03c6cb098b9399b1d3,70f95a47532d0a1ffd3b15302f61a1bf,delivered,2018-07-03 15:14:01,2018-07-05 16:32:54,2018-07-04 12:14:00,2018-07-09 20:26:43,2018-07-27 00:00:00
a5396462aef45aa15381d92b777b7cfb,6381ff1e268f6d25f9100f30d333f60b,delivered,2018-05-05 09:39:00,2018-05-05 09:55:24,2018-05-07 08:20:00,2018-05-15 00:11:47,2018-05-24 00:00:00
6666c6388feee9456acf73eb0c0b2e6e,f5e160702969b16b3e1195b81bcf4899,delivered,2017-07-24 19:45:27,2017-07-26 02:25:33,2017-07-26 16:19:32,2017-08-01 20:53:37,2017-08-15 00:00:00
2ac8de6b0905ecba2257dd9c59282d0a,d3b11e1b5c7ab076348544e22f666aee,delivered,2017-05-05 13:18:58,2017-05-05 13:30:20,2017-05-09 10:57:23,2017-05-19 11:04:34,2017-05-30 00:00:00
bfd5957bdfbc86a1882ee0dfa7a36a47,c220f2e1cccbcffc95cfe20d771d33fc,delivered,2018-02-02 10:03:35,2018-02-02 10:16:03,2018-02-02 22:52:17,2018-02-08 01:15:25,2018-03-08 00:00:00
5a4c4faee643fc4fdbe78f3aa2bf4ae3,b049b4481eca74b1f9914208f59be120,delivered,2018-02-28 20:43:51,2018-02-28 20:55:58,2018-03-01 19:45:44,2018-03-05 19:38:44,2018-03-21 00:00:00
95ecc4683cb56cd525c1488adf228175,66803c74df107dfbfc7492cd887c7401,delivered,2017-06-07 07:04:25,2017-06-07 07:15:14,2017-06-08 15:42:08,2017-06-26 10:25:49,2017-06-30 00:00:00
275bdc3d32ed65dee689eecaa10e7a80,b2ac8556d487da9ab904b45d97e5e779,delivered,2018-06-25 12:34:17,2018-06-25 12:54:25,2018-06-27 11:41:00,2018-07-03 22:32:54,2018-07-20 00:00:00
0b50f9db645dbb8c98ebe37fab6ecb3e,2c6882de19e82ab91b7cd3dd2c49873e,delivered,2018-01-04 19:15:58,2018-01-06 14:14:05,2018-01-09 20:24:55,2018-02-02 20:26:10,2018-02-02 00:00:00
315ab79b5d15b5e9304d729579d36a42,04c70b7e1a619d16dbd79757e543cc59,delivered,2017-03-10 11:45:28,2017-03-10 11:45:28,2017-03-10 13:44:54,2017-03-15 16:15:42,2017-03-29 00:00:00
f7304a98cc4161f1b8e3e05fdfb6b644,556f3c41f6a00f2a9fa4d469ae57a2ea,delivered,2017-12-27 23:45:29,2017-12-27 23:54:24,2018-01-02 22:11:26,2018-01-11 16:53:15,2018-01-31 00:00:00
f2125ad278ab03d4779ded7001337ee1,f231bfa6a643f23fa187394cf9a8c98d,delivered,2017-12-01 16:51:00,2017-12-03 16:53:45,2017-12-06 18:17:03,2017-12-19 18:09:25,2018-01-08 00:00:00
8564695f6dfb1c4384d76dcf8e96ca35,268618e50b74d8bcdd12b134768be28a,delivered,2018-05-03 09:44:40,2018-05-04 10:15:18,2018-05-07 15:05:00,2018-05-11 16:56:49,2018-05-22 00:00:00
ec0fa4ef7da067eb3a57abd8fc504352,83dae5cbc60eaacca05d4a26063bbf2a,delivered,2017-02-02 08:38:44,2017-02-02 08:50:16,2017-02-06 10:16:15,2017-02-16 13:09:23,2017-03-01 00:00:00
dd7e0efbe1cde6192eff0ea57a7b2888,60a0d861a188676b4415c2b9b0c60c94,delivered,2017-08-01 13:29:51,2017-08-01 13:45:19,2017-08-01 21:27:24,2017-08-09 17:33:32,2017-09-11 00:00:00
f82a3c6e1e4ad29964e50eb40ba50ea8,8e921bf23e862c652097101085894db6,delivered,2017-07-11 21:19:06,2017-07-13 02:55:38,2017-07-13 17:07:44,2017-07-22 17:37:33,2017-08-03 00:00:00
aeeb0a68040240daa8065187ca9d0770,6d1f22bd0825cf224f21a5e3a5f90dee,delivered,2017-06-14 19:28:01,2017-06-14 19:42:45,2017-06-23 12:52:09,2017-07-12 13:59:41,2017-07-07 00:00:00
e9dc230425f2e6480a1ff929cd2582d5,6a54b14b9e3beb628bf3489862bb8281,delivered,2018-02-24 15:14:47,2018-02-24 15:27:26,2018-02-27 01:38:48,2018-04-05 17:12:09,2018-03-22 00:00:00
6d10445e2d4cfc53db33470b19b33ec8,132f0e561c32662c9a19fe2042816573,delivered,2017-11-25 13:56:27,2017-11-28 02:58:29,2017-11-30 23:43:06,2017-12-07 01:48:38,2017-12-15 00:00:00
c195e207709acb5b45f5b8d6e67899e3,fa865c3b6a22d9eae6d21cb673649062,delivered,2018-04-18 09:25:19,2018-04-18 09:35:17,2018-04-20 21:24:59,2018-05-10 21:42:38,2018-05-28 00:00:00
a5f52ebb3569cc7357f500d755314c0d,ba7db023226291bbdc8edc4ec2a8f896,delivered,2018-04-17 15:37:12,2018-04-18 05:11:25,2018-04-18 18:32:49,2018-04-19 18:53:24,2018-05-04 00:00:00
0681ba84087325819dc1f41d4f79701d,28819969e45ae09705dffba8895b30b6,delivered,2018-03-26 12:36:24,2018-03-26 12:47:39,2018-03-27 20:12:30,2018-04-10 15:46:58,2018-04-17 00:00:00
d2b0a763647d885d0d3db2ee534ec02a,f112c661d9149f3844db8894fa301fc3,delivered,2018-06-20 18:42:20,2018-06-22 04:35:58,2018-06-26 16:52:00,2018-07-09 16:26:44,2018-07-18 00:00:00
4139faf4f621fe4b49e3e0d71bce665c,c459a3e01cf597d97c9b5c1795852405,delivered,2017-09-10 16:14:45,2017-09-10 16:25:16,2017-09-13 17:42:09,2017-09-16 14:27:54,2017-09-22 00:00:00
ddfa1e68bf845862d55c2616b5ca20ce,3f8a26a3def48cf9e839630cf45708b7,delivered,2018-07-27 20:21:49,2018-07-27 20:30:49,2018-07-30 09:12:00,2018-08-06 17:19:25,2018-08-13 00:00:00
e04abd8149ef81b95221e88f6ed9ab6a,2127dc6603ac33544953ef05ec155771,delivered,2017-02-18 14:40:00,,2017-02-23 12:04:47,2017-03-01 13:25:33,2017-03-17 00:00:00
e48949fd6c2be8f0fa6dd91af8f0f50e,94ffefe39393f5189eb81b8a023fdb3d,delivered,2018-07-19 19:59:06,2018-07-19 20:10:19,2018-07-20 12:31:00,2018-07-27 20:57:28,2018-08-17 00:00:00
ed290fabcd8f57622249dcd888cb4ba5,4b7cc6a668f938434efccce03496ea7c,delivered,2017-03-23 11:56:35,2017-03-23 13:03:27,2017-03-24 13:36:04,2017-03-27 17:14:17,2017-05-04 00:00:00
362cdbf5a3b5f297257f6e67be534a27,82a8363331889ef3b94f20ffc543284f,delivered,2017-09-11 13:16:22,2017-09-11 13:30:17,2017-09-13 21:35:09,2017-09-21 20:44:08,2017-09-28 00:00:00
00d88c00221ce96a1cfcaca9f2fceb3b,2726ee187e4908c9683ac2a8a0424af1,delivered,2018-03-06 23:02:01,2018-03-06 23:15:29,2018-03-08 20:50:34,2018-03-28 15:49:01,2018-03-28 00:00:00
7cba130d7fd9cbf1fa889eaaf7c89d29,6721a9af688cfa69d376ccb13bbe9ae7,delivered,2017-11-23 14:49:21,2017-11-23 14:56:22,2017-11-27 17:27:02,2017-12-01 11:51:09,2017-12-13 00:00:00
3ea80782fbbd337428a6a454c4a297c3,753c1896b701191a973a7b3e7aded7b1,delivered,2017-11-21 13:01:18,2017-11-22 15:46:52,2017-11-23 17:41:09,2017-11-29 21:58:40,2017-12-01 00:00:00
6dc67cb39f917644a71c8f9410d6505a,498e133a13395236012aed36ccde9a42,delivered,2017-11-24 22:43:20,2017-11-25 01:31:23,2017-12-01 16:48:53,2017-12-07 20:32:09,2017-12-18 00:00:00
5619f8b4b37f9ee0474d22b309272c62,ba9fa21d16fa22ad6a806358b58e2be0,delivered,2017-12-02 10:56:04,2017-12-02 11:10:34,2017-12-05 00:19:42,2017-12-05 15:15:20,2017-12-28 00:00:00
a3870b955884ebd4ac62ddb02b2ff255,d1aeaf4af6e5fba532e16458013a1b56,shipped,2018-06-26 15:19:32,2018-06-26 15:36:26,2018-06-27 11:05:00,,2018-07-24 00:00:00
e1143a99ea4cc1bd3a625b3501484dce,4365105acd83090125fa618ff76889f4,delivered,2018-04-29 12:51:18,2018-04-29 13:11:09,2018-05-02 11:51:00,2018-05-04 21:49:03,2018-05-28 00:00:00
ac5191d38d98b832e91b416ce1b61e3d,021633f35ba9c0e00fce2f9a31281c71,delivered,2018-07-01 20:45:14,2018-07-01 21:10:07,2018-07-04 11:36:00,2018-07-12 14:48:45,2018-08-10 00:00:00
b5874324518a48132da83d062f675fb3,5d53ff4379fe5b9f2d798ad420f65bc7,delivered,2018-01-18 23:01:45,2018-01-18 23:16:42,2018-01-23 21:58:49,2018-01-25 17:49:21,2018-02-02 00:00:00
d147b8649ff39d53cabf136b36c79a13,51fc971a2dc09640199c605fafef9b90,delivered,2018-04-30 12:03:48,2018-04-30 12:15:48,2018-05-02 07:56:00,2018-05-03 21:27:36,2018-05-15 00:00:00
fb520e46696d1669a96549c252ed177d,438bad05055d60b6e82e9f244a8a1024,invoiced,2017-02-08 23:17:29,2017-02-08 23:30:14,,,2017-03-22 00:00:00
64c61c97b53cc497fd3bf4887d7bbf8c,f06a8774fd0ce546ae9896c44884edc6,delivered,2017-05-31 20:18:48,2017-06-02 04:25:39,2017-06-09 16:47:26,2017-06-26 13:17:38,2017-06-29 00:00:00
fdc9d53919c301a0d27f2aad205c5aea,c72574999d02567190f02835c3af476a,delivered,2017-11-26 01:02:57,2017-11-26 01:10:56,2017-11-29 15:06:55,2017-12-14 19:35:11,2017-12-18 00:00:00
292690a1c17b64307e5b90203f3adc84,1d456d2cad6541c5722961039c02ba09,delivered,2017-07-01 20:23:30,2017-07-01 20:35:14,2017-07-03 18:22:10,2017-07-10 17:44:03,2017-07-27 00:00:00
d576291e922fc07924f5811f867ed79b,6a92d9b18a6811e74eef28f1042fff82,delivered,2018-08-11 13:55:18,2018-08-14 04:50:28,2018-08-14 13:18:00,2018-08-23 19:13:53,2018-09-05 00:00:00
6ae8d599fd407bfba5bce00a72c32544,43e4c6f57db5fdfeaf385fef9ccc2d46,delivered,2017-07-22 12:59:47,2017-07-22 13:10:18,2017-07-26 04:46:50,2017-08-25 18:00:08,2017-08-30 00:00:00
8c22c3283ad37daaacdf8d641f1c9cea,25135fbe738fe3ce62142b08c20a5208,delivered,2017-10-08 20:15:06,2017-10-08 20:28:20,2017-10-11 22:43:03,2017-10-19 18:12:20,2017-11-01 00:00:00
adc1786f217f05f2ce9f08234ad1acbe,111eff7a75b8309e3cfb2ec731e13466,delivered,2017-04-12 20:12:42,2017-04-13 20:22:02,2017-04-19 11:47:38,2017-04-27 16:22:22,2017-05-04 00:00:00
b242b34edbc41ec738a3ff3cc4c0ae89,99194ab42c89146967b2403939935312,delivered,2018-02-09 12:03:09,2018-02-09 12:15:39,2018-02-09 22:12:09,2018-02-26 17:14:21,2018-03-01 00:00:00
3d86b76dd4cf276f21ad4c62da992b5e,d122afa2eb34aa5560b4d786381110ee,delivered,2018-06-08 18:02:21,2018-06-08 20:42:01,2018-06-11 09:52:00,2018-06-16 16:22:21,2018-07-17 00:00:00
55a54184af6cdb5cbd95d124883c2dbb,6633e658356d7a598fe1cd44a46cbf34,delivered,2018-06-27 06:56:08,2018-06-27 11:18:24,2018-06-27 09:57:00,2018-07-05 19:03:34,2018-07-26 00:00:00
5a87e8c67abd6328a86c6165a91a547d,c01b8d38e70bb40c4a1703933a095d15,delivered,2018-05-03 16:43:36,2018-05-03 17:31:29,2018-05-04 14:46:00,2018-05-16 14:38:21,2018-05-21 00:00:00
faacd0beba2277101f227f7968ddbc57,47e2a3bafc1d9ca14fcfb1bc14ac4d1e,delivered,2017-10-28 11:37:17,2017-10-28 11:50:10,2017-11-20 16:22:51,2017-11-24 15:25:29,2017-12-04 00:00:00
6a3bbd282ed61602136e45cb799f5e80,cb69b6e3e313f40f75fdf15057d81e62,delivered,2018-01-18 21:27:36,2018-01-18 21:38:25,2018-01-19 23:33:03,2018-02-08 19:54:38,2018-03-01 00:00:00
83b3ec68c2f23b553f392eab2bbcc07c,264309a71b792b40150ec69524c25603,delivered,2017-06-30 15:28:08,2017-06-30 15:35:13,2017-07-06 15:22:20,2017-07-11 22:09:41,2017-07-20 00:00:00
d2116792f51c05e63040003857b5fb91,af1a02da78f2e9aab4a69b123263b3f6,delivered,2017-06-26 15:59:30,2017-06-26 16:15:17,2017-06-27 09:39:57,2017-07-04 16:46:26,2017-07-14 00:00:00
bc0ccb298ff96bfc777b62cfe75899c1,27c98b58cd9c685c41301f06ecc8cf7f,delivered,2018-04-06 17:12:41,2018-04-06 17:30:22,2018-04-10 17:51:46,2018-04-11 18:44:34,2018-04-18 00:00:00
724c7b9d5d226631f82c0c09a9f51685,ef588805eee0e2362fb49f347db06922,delivered,2018-06-29 16:03:27,2018-06-29 16:15:13,2018-07-02 13:50:00,2018-07-05 19:16:37,2018-07-30 00:00:00
2261ff9e6868359245db75320f7e768c,01592d05fdd8a6deb7716ed80a0d18a1,delivered,2017-11-29 23:56:39,2017-12-01 11:31:46,2017-12-01 18:34:17,2017-12-04 18:23:25,2017-12-15 00:00:00
827d8ae687faef2e9c2bc79196b26f6e,bb837c97a08ecdabcf131bfd33098c27,delivered,2018-01-16 15:06:44,2018-01-17 03:34:38,2018-01-17 17:22:32,2018-01-24 17:18:57,2018-02-06 00:00:00
fcdaba27fd62777362e818998aa76b94,ac547427f9b41bb8d04e4d0c01ae1078,delivered,2018-08-25 22:41:57,2018-08-25 22:55:11,2018-08-27 14:11:00,2018-08-28 12:34:52,2018-08-31 00:00:00
0dba8cb0559eb37cc0217a28496b5f07,f6243ddedb1bf96ae357422c43bb883b,delivered,2018-01-09 22:50:43,2018-01-10 10:32:05,2018-01-11 17:43:29,2018-02-28 23:48:36,2018-02-09 00:00:00
2cf60e81bd122e58c99e87fa99fd24cb,e3866f2f23d3f1f9c3e11b31191be3aa,delivered,2017-08-22 21:16:51,2017-08-22 21:30:10,2017-08-31 15:25:01,2017-09-13 19:52:21,2017-09-28 00:00:00
70b3137c66efb2783c73b76b78215401,b38f618992aaf66a48b289e2624199cb,delivered,2018-05-13 18:19:47,2018-05-13 18:32:25,2018-05-15 06:25:00,2018-05-18 17:42:42,2018-06-04 00:00:00
f4a6242e6c5e57a7e2736e663352032a,1c2042fcc1e820e5b082360eb63e50a5,delivered,2018-04-25 21:12:32,2018-04-25 21:30:16,2018-04-27 13:45:00,2018-05-02 14:28:48,2018-05-14 00:00:00
9d0ead55b274d0c21fe95108b4b3ffe8,e72a02b24f008733f01b595c3b58200a,delivered,2018-07-24 15:27:57,2018-07-25 15:25:15,2018-07-27 11:30:00,2018-08-04 15:32:01,2018-08-09 00:00:00
21357c1f6313b781c9807522f57746cd,d386575005b06f165208d28d5fd7d344,delivered,2017-02-01 14:51:46,2017-02-01 15:05:38,2017-02-02 13:04:04,2017-02-07 11:15:01,2017-03-14 00:00:00
b29403efd8bacde6cfde49d511ada5fc,afa8c5e2e861d880271bf62d022b0525,delivered,2017-03-07 22:15:34,2017-03-07 22:25:18,2017-03-08 12:12:24,2017-03-15 10:24:50,2017-03-30 00:00:00
db986cb6dd75db5b02034f98fd00cf7d,d6fc5f88bd61861e269ea0d4fadcfb87,delivered,2017-02-09 21:01:59,2017-02-09 21:10:20,2017-02-24 15:33:29,2017-03-04 06:51:26,2017-03-14 00:00:00
b0220dd81253d8ca2c9dd8be8caf49b5,36cc031ab99b639ada133b4cb346f826,delivered,2017-03-24 06:12:05,2017-03-25 02:33:45,2017-03-30 16:32:54,2017-04-17 08:06:51,2017-05-05 00:00:00
358a4d03ca7ff11e1005742a0fac54bf,bbd5210b3e2717166e17ca01df3411f9,delivered,2017-06-20 11:08:11,2017-06-21 02:23:28,2017-06-21 09:00:09,2017-06-28 14:35:00,2017-07-10 00:00:00
a4ba5f471acc707087cf478a5145f0e7,e1979cea70a08572ee93f5a366d9efb9,delivered,2018-01-30 21:29:41,2018-01-30 21:53:42,2018-02-02 22:59:10,2018-02-23 19:43:34,2018-03-01 00:00:00
1973095f2596945f9dcc773608d8cad2,412d6c1ff4aa0c2a06f3dca0b237e464,delivered,2017-02-08 21:42:21,2017-02-08 21:50:25,2017-02-09 10:31:05,2017-02-13 22:55:29,2017-03-09 00:00:00
9edc784457fc74368eeab9b7012495f0,cd37bc7c650eaf90f1675508bb70c809,delivered,2018-01-03 23:40:14,2018-01-04 01:07:52,2018-01-04 22:37:05,2018-01-12 20:59:11,2018-02-01 00:00:00
72c6b387a8a7211c63a087c477cc8458,822fc3ec67d529e9601ead70e60a48ef,delivered,2017-10-27 11:14:34,2017-10-27 11:30:34,2017-10-31 16:41:36,2017-11-04 12:13:49,2017-11-17 00:00:00
b63188e48794609460e6d33e5cb7b480,861744f1359cbaff09e3bbe61ce0fc08,delivered,2017-06-13 18:45:57,2017-06-13 18:55:31,2017-06-22 13:45:34,2017-07-03 17:33:40,2017-07-14 00:00:00
a92232b41fcd16d21f69ff9d11648bbe,1eb56edd49bc10e943716ab0188dd6de,delivered,2017-12-05 13:37:09,2017-12-05 13:53:46,2017-12-06 17:16:39,2017-12-19 23:56:44,2018-01-10 00:00:00
823e1b55f87736972904ce20e4e90f0a,151b1695d3bed9df99aeda2c19ea3e2e,shipped,2017-09-18 22:16:48,2017-09-18 22:30:11,2017-09-19 15:40:31,,2017-10-04 00:00:00
c2fc568bac1a8c9f99c41a918cfbc6b0,6c83be548d91172d26144f4b00363c47,delivered,2017-12-13 16:16:13,2017-12-13 16:30:52,2017-12-15 21:26:45,2017-12-18 18:08:56,2018-01-02 00:00:00
f8fe2e394d3641489e6a2ca1cc40651e,6edb1e0e082c4b68f129489f442f1e60,delivered,2018-03-16 08:45:57,2018-03-16 09:07:26,2018-03-21 21:25:44,2018-05-16 15:22:52,2018-04-19 00:00:00
59db0cf65fd439e6e76ec105e3aa421c,1d2b981cedb5a187a9eb0c2ecbf0df2a,delivered,2017-01-27 18:47:11,2017-01-28 10:32:15,2017-01-30 13:20:35,2017-02-20 15:36:08,2017-03-16 00:00:00
7ccc11577ae58791fde9fe83f4c7f106,b7dbc8874c0f2dca8ff7b3cbd24c4f00,delivered,2017-11-26 19:20:04,2017-11-26 19:34:34,2017-11-27 20:39:44,2017-12-12 13:42:42,2017-12-12 00:00:00
b45b66d3543568daaa1fe2290859d88a,2afda983fb05aca314929a1352960eaf,delivered,2018-07-05 10:50:58,2018-07-05 16:19:59,2018-07-06 11:28:00,2018-07-10 15:22:01,2018-07-18 00:00:00
7ff5516d271630c6a60fa2fa469d7b89,ce0160296bc8dda40eaa1a3d6f321f2b,delivered,2017-08-18 11:21:40,2017-08-18 16:50:10,2017-08-22 19:29:47,2017-08-24 23:03:10,2017-09-08 00:00:00
95a7461400781a93765157b8f5fa2b6a,3887ca56ecb04770a526eeb6898db6b9,delivered,2017-02-22 17:50:33,2017-02-24 02:42:28,2017-02-24 15:27:52,2017-03-09 05:26:33,2017-03-27 00:00:00
c8086b4492f0deb3456e98d734f85d5d,8fc770c599b24a6353628d32cd069285,delivered,2018-04-12 11:45:10,2018-04-13 12:50:12,2018-04-17 19:56:41,2018-04-23 18:22:06,2018-05-09 00:00:00
fc9cfa2de496ffeee8c591c87070664f,9b187cb857bde65d3cd2864986ca8fd3,delivered,2017-09-13 17:04:21,2017-09-13 17:15:29,2017-09-14 15:55:59,2017-09-15 18:32:48,2017-09-25 00:00:00
1f790c9e3bb6e08d226245a5d1d781fa,3231b84e6605fdf9e9d0a9fd4bc290e9,delivered,2018-01-14 11:38:15,2018-01-14 11:49:24,2018-01-15 17:13:02,2018-02-01 00:33:10,2018-02-14 00:00:00
e01371016351ae4493ecbd7a8c5a33f5,e1a191d6a40b0deefd2d37b132049e56,delivered,2017-12-26 15:29:42,2017-12-28 10:18:26,2018-01-09 19:03:01,2018-01-17 13:51:48,2018-02-19 00:00:00
d5b01c154bfa35f8f18cf115336714f4,eda6b1598114de1c2eb5afb5a6d21018,delivered,2018-06-19 13:20:51,2018-06-19 13:57:23,2018-06-20 15:44:00,2018-06-25 10:58:34,2018-07-18 00:00:00
7d68f1da2ad6d6fa877e000788daf541,e7a503a253ff229e218670d750c36c9c,delivered,2018-07-04 14:45:47,2018-07-05 16:33:22,2018-07-06 10:31:00,2018-07-13 15:38:43,2018-08-06 00:00:00
1a54edac5c05d136c2dd2203344e314e,2c255a49a69bc58dd3e08c4e3fd4def9,delivered,2018-01-19 23:18:00,2018-01-23 03:53:05,2018-01-24 14:22:41,2018-02-06 23:04:40,2018-02-16 00:00:00
2caedb75be9b0acd4a4aa3562e5f898f,5673c1a8ea753d43497e49fb1be74b2d,delivered,2017-07-21 13:26:25,2017-07-21 13:35:54,2017-07-26 11:12:31,2017-07-31 19:37:52,2017-08-14 00:00:00
858d0cd014b03937ba15cb012ad42277,fe24c8bec5996d4bef3eeed6222aeeb3,delivered,2018-04-23 11:33:43,2018-04-24 19:28:09,2018-04-24 19:45:09,2018-04-30 23:22:18,2018-05-16 00:00:00
ddc6faf8f6c347a8c369d7c2b7cc6989,c223939860940fd82bd05c7e02db0673,delivered,2018-05-29 11:59:12,2018-05-29 13:18:53,2018-06-05 12:34:00,2018-06-15 18:03:26,2018-07-04 00:00:00
9e4b90eef41ed5a85e2e2f8bef415075,bc0c9c6cb264837628cec0ce57cd91a6,delivered,2018-03-28 17:03:47,2018-03-28 17:27:53,2018-03-29 20:48:47,2018-04-07 00:28:50,2018-04-10 00:00:00
03fe9fc6d464322a67f3a221777a82d3,7a096b2118d6b610b1a4efb484f76750,delivered,2017-04-25 20:09:27,2017-04-25 20:22:39,2017-04-26 12:16:58,2017-05-02 08:17:54,2017-05-12 00:00:00
18c48366114e65c415b2c19448f7c146,a7bfe37a3126d9f69b7388135be12f1e,delivered,2017-09-21 20:55:09,2017-09-21 22:45:32,2017-09-25 18:25:55,2017-10-03 17:58:53,2017-10-24 00:00:00
2dc89150e25e0d36a6b80cea3c8a1290,0454038eb49c9d4f0fbe5f2c7896980b,delivered,2018-05-03 23:51:46,2018-05-04 00:52:55,2018-05-04 12:50:00,2018-05-09 20:18:25,2018-05-22 00:00:00
8f3440c3e7e7b3e7162c1c7edbab894d,7be16f4343bb4890564d03bdb43fbbe8,delivered,2018-03-22 15:50:27,2018-03-22 16:30:24,2018-03-26 14:46:33,2018-04-03 21:54:50,2018-05-09 00:00:00
d3764fd6a2c04354a8cbde8508cc0ba0,2df17a523b839dbca5cf6e2465f91817,delivered,2018-04-16 13:34:03,2018-04-17 13:32:44,2018-04-18 22:36:33,2018-05-10 14:37:37,2018-05-10 00:00:00
2c6317c88d6837efdfecf7cb190c0cd9,0f6523f5cb5fd85eb6e608726696f690,delivered,2017-11-08 08:26:59,2017-11-09 04:31:12,2017-11-13 16:18:34,2017-11-17 20:56:29,2017-11-29 00:00:00
db26bf0c66e8320dd106b9b39ca56fec,11be3313da4285772a39dc6fa8a18cb9,delivered,2018-04-17 15:54:45,2018-04-17 16:30:39,2018-04-19 19:43:40,2018-05-02 17:36:45,2018-05-17 00:00:00
0093cbf16a6afb7f0ab7cc821b6f9e92,dce4e5a6bad0519b5c92cd5c4bc880d5,delivered,2017-11-11 13:05:52,2017-11-11 13:26:57,2017-11-16 20:27:16,2017-11-25 14:46:58,2017-12-08 00:00:00
247d40d57494c99a2d2112878041d45e,e3974693d9b53a66adef4344fd921dd1,delivered,2017-11-16 13:19:25,2017-11-17 04:10:29,2017-11-21 11:15:34,2017-11-25 11:09:05,2017-12-11 00:00:00
7643fb0ecfc2447d800aa40f62ef7fdf,52b70e1407555bb7531ae05aa2c4ccbe,delivered,2018-01-15 17:12:41,2018-01-15 17:29:37,2018-01-16 17:19:39,2018-01-30 15:16:45,2018-02-08 00:00:00
6d0f0280ebfb3b857b70731c9df2158c,8c03553b0a2bbfac8eb64cd9dd356187,delivered,2018-05-13 15:27:32,2018-05-13 15:51:52,2018-05-14 13:34:00,2018-05-17 12:22:01,2018-05-30 00:00:00
7aa23447e2b8d82e2355605aeac705b4,8a32dae8c7971078dd401865dba395fc,canceled,2017-11-23 20:24:34,2017-11-23 20:31:30,,,2017-12-07 00:00:00
8798b3a8e3d4a597bcde0dab8ad1de17,1a55eb1f27ee730a8fb638821c22a4c9,delivered,2018-04-04 12:18:48,2018-04-04 13:10:03,2018-04-10 19:18:37,2018-04-13 13:52:50,2018-04-24 00:00:00
b28d46b1868c3e5ad7bec94c220e36ef,a2df3f2abba350e6bbe53f43eafb781b,delivered,2018-04-02 21:38:23,2018-04-02 21:49:11,2018-04-03 21:51:27,2018-04-10 14:02:57,2018-04-18 00:00:00
b7aeacfc25789063ab26dcbed69401a3,9b1cf85143c429c569ffa542f24ce20a,delivered,2018-01-21 17:28:33,2018-01-22 13:55:17,2018-01-25 15:52:54,2018-01-29 17:13:54,2018-02-14 00:00:00
fea2633d3d1605bfdccc813bcf843ac8,4818f4fe96d4948850d3b4673feb1da8,delivered,2018-04-19 18:41:17,2018-04-19 18:51:54,2018-04-20 23:30:56,2018-04-24 22:14:36,2018-05-04 00:00:00
b33fb23930b882d67b4b114c33f2e6df,a2141dae4f56fd98148f8d8956f2c10a,delivered,2017-08-17 13:52:16,2017-08-17 14:30:19,2017-08-21 14:14:56,2017-08-29 17:25:15,2017-09-11 00:00:00
5384eba8f22866695801e33c6dc25745,afb5732a3293a4a7b3083314a9d1ac5b,delivered,2017-03-03 15:38:39,2017-03-03 15:50:22,2017-03-14 10:27:53,2017-03-28 17:24:41,2017-04-03 00:00:00
98974b076b01553d49ee6467905675a7,dc7cdb748679fb6f280f66d7582c5e59,delivered,2016-10-04 15:44:44,2016-10-06 15:57:59,2016-11-11 15:29:15,2016-11-17 08:38:57,2016-11-24 00:00:00
15bf8f6816bf9ff38c4262721f55bf54,d206278798571fd6765608ead0dcd8db,delivered,2017-08-16 10:07:24,2017-08-16 10:25:10,2017-08-17 19:24:36,2017-08-21 18:58:15,2017-09-05 00:00:00
573131fe2b7df5e3ce4d88bf7702f6d0,c6178bc9698c804aa6325efaabfd1b79,delivered,2018-06-28 18:18:26,2018-06-28 18:32:17,2018-06-29 14:41:00,2018-07-03 22:05:10,2018-07-19 00:00:00
e710c7377f2f29b3d369420d354b5abb,5d46c6f789e97a55abccf09df0f3c597,delivered,2017-08-02 16:29:21,2017-08-02 16:55:12,2017-08-11 19:14:07,2017-08-21 20:55:06,2017-08-30 00:00:00
913ad8619a18dac3ea5b944b82d289a1,f795c720615c514b5a76aba21942dfce,delivered,2018-02-15 20:07:54,2018-02-15 20:26:16,2018-02-28 18:27:05,2018-03-19 16:12:04,2018-03-20 00:00:00
72fcaaf6f276ca11244c4a82bb009eaf,8dc2fd6452f3e7e9a88fcc99525d4294,delivered,2017-10-07 14:35:35,2017-10-07 14:49:26,2017-10-10 19:53:58,2017-10-19 18:03:41,2017-11-01 00:00:00
50450e6dcc1a32535adfec1b01e88659,d2c218bda8ec8cab8e5d1930408fe95b,delivered,2017-08-25 19:17:14,2017-08-25 19:30:23,2017-08-28 20:04:02,2017-09-01 19:05:08,2017-09-19 00:00:00
5b9a0e4cbfc2d6a1347472c847a4a4e1,3e54f09108285b0c493b8485d3593351,delivered,2018-05-19 14:35:15,2018-05-22 09:14:33,2018-05-23 12:31:00,2018-06-04 14:03:39,2018-06-13 00:00:00
60fb7d6bc05727392e673b4035dfee7e,ae036209dfd6655f7acf9a485fd04dc6,delivered,2017-05-12 19:20:57,2017-05-12 19:30:11,2017-05-15 13:44:05,2017-06-01 12:32:56,2017-06-13 00:00:00
37732eb932f8b2b2b3d7cef77833eec1,614b18112402859120ee75b1ba6b07c4,delivered,2017-10-22 22:09:04,2017-10-22 22:26:16,2017-10-23 17:24:13,2017-11-01 19:32:34,2017-11-09 00:00:00
ea3da9210148306e5b1bbb843c19e65f,aae85afe0d3dfab5268e0092b41959d2,delivered,2018-02-23 01:55:20,2018-02-23 02:29:00,2018-02-23 20:48:57,2018-03-06 13:42:33,2018-03-16 00:00:00
4d5f4d9f45924156c57a69d5ef886822,038eba7c093b00abd73987d7c22c6f06,delivered,2018-04-19 15:03:51,2018-04-19 15:15:20,2018-04-20 19:26:33,2018-04-24 01:02:40,2018-05-08 00:00:00
c75dfb74f7e634744d13799759233b78,2612bdea8da13840fcf41e580f3aecc5,delivered,2018-02-09 09:48:04,2018-02-10 09:47:53,2018-02-16 22:34:52,2018-03-05 20:50:52,2018-03-06 00:00:00
c38d701768413a3f8569e83aac1a3179,38da30c823492d655d0779e26e6d477e,delivered,2018-07-28 09:44:17,2018-07-28 11:35:12,2018-07-31 14:36:00,2018-08-02 02:03:31,2018-08-03 00:00:00
e19e0055828458457bb47794c262b00e,63c27e2aa9bf68a1c484ef91d4c1f247,delivered,2017-07-14 17:02:17,2017-07-18 05:50:17,2017-07-19 19:18:33,2017-07-22 14:05:01,2017-07-27 00:00:00
1b9de9a0409d983102d4ce529265112a,5f7b2adac6bc47d3b426270f4f620b77,delivered,2018-03-28 13:16:01,2018-03-28 13:30:22,2018-04-02 19:58:53,2018-04-10 23:23:20,2018-04-16 00:00:00
195194e3dbfe59a81261af1a6ffe7c47,61ff2315be831a0ef27a4e5a3fac4cee,delivered,2017-12-26 15:04:57,2017-12-26 15:14:33,2017-12-27 15:29:08,2018-01-03 15:57:09,2018-01-15 00:00:00
8c06de33065ff82ad2d811b7e81a5f7a,b54ba0f5011c40abe78ab10056ea0712,delivered,2018-04-28 22:29:19,2018-04-28 22:53:14,2018-04-30 13:27:00,2018-05-05 15:03:25,2018-05-23 00:00:00
6d206f309ddf213a7977318bbe5d3cd0,8fe1a699c51916b203ee684f642d234a,delivered,2017-08-16 19:49:56,2017-08-16 21:24:55,2017-08-18 10:13:39,2017-08-23 19:37:29,2017-09-14 00:00:00
2bd2198690a2c150fe5fdc4e064ba521,01288d72df4b2a4fb61182da4113ceab,delivered,2018-02-18 11:02:12,2018-02-18 11:15:31,2018-02-20 21:49:23,2018-03-20 23:34:54,2018-03-19 00:00:00
cb1d3422684cab64f603f1b70a68e2ef,dbc3d77db84c3142dceb08cdd254f21f,delivered,2018-06-08 00:46:32,2018-06-08 00:56:47,2018-06-08 14:01:00,2018-06-11 14:11:28,2018-06-19 00:00:00
f2f276797fe0c5bb220e8fceefd0220b,c27703a50050afbb4661ad22ea030c7c,delivered,2017-05-25 10:07:59,2017-05-25 10:22:56,2017-05-25 13:12:05,2017-05-31 14:25:53,2017-06-19 00:00:00
d8578262363755dd9a09ce0b4110a1cd,0722cac4e97a1d3381723e1770a60391,delivered,2018-02-07 20:57:04,2018-02-07 21:10:30,2018-02-08 16:28:25,2018-02-15 22:39:50,2018-03-05 00:00:00
d74cdf7dea16668a34d57964004f0e94,0d084e109d08dc18e40858b407ce7c6b,delivered,2018-06-16 21:49:37,2018-06-19 04:16:51,2018-06-19 13:17:00,2018-06-25 20:32:44,2018-07-11 00:00:00
aeaf2bf4d5560c9cb99fa0d61adc0ae0,aec8714e858d57cbd3ce1be905ec2477,delivered,2017-06-12 11:51:18,2017-06-12 13:06:44,2017-06-19 19:59:21,2017-06-24 10:37:37,2017-07-05 00:00:00
33719438c660a7964c608082a59a58c6,1777f8820f1331cc996abb92c3fa03d0,delivered,2018-01-01 12:51:04,2018-01-01 12:59:18,2018-01-02 16:19:18,2018-01-05 22:14:20,2018-01-24 00:00:00
f5d7c7844669e4addcf57dd9c9b703a5,437ab8c619c372caf63fc4b6c8117290,delivered,2018-04-09 11:22:45,2018-04-09 11:30:17,2018-04-10 14:53:37,2018-04-27 23:11:32,2018-05-07 00:00:00
e39fd2e5443413710adca912ade28b4a,47b0f9a44d1904590dd06ebe72bd3723,delivered,2017-09-10 19:09:22,2017-09-10 19:23:28,2017-09-11 21:05:45,2017-09-20 20:25:05,2017-10-03 00:00:00
f061e8818fe8193a51388d6773625505,b7e921dc4c40998b54af80352b06d7d4,delivered,2018-07-04 20:00:33,2018-07-06 02:35:16,2018-07-09 15:10:00,2018-07-20 19:48:46,2018-08-07 00:00:00
5107023bd9539bd8a56cb295ae688400,7b0ef84b81f16d16583ccb6b987a0ed3,delivered,2018-01-05 16:29:24,2018-01-05 16:36:18,2018-01-09 15:09:28,2018-01-30 18:03:34,2018-02-07 00:00:00
ffc5d47e40567b5f153d5cd17138eb89,6a259f105654c36924187507b16c4a04,delivered,2018-05-21 09:15:31,2018-05-21 09:36:59,2018-05-21 14:44:00,2018-06-24 17:28:45,2018-06-08 00:00:00
18905a8655f8255bf50d2eeadce2641e,1aed7bcb3469dbda3ebc61b12938a4ba,delivered,2018-01-25 23:32:16,2018-01-27 02:52:27,2018-01-30 14:17:11,2018-02-07 17:27:46,2018-02-26 00:00:00
8748f09f5b3de56a89acecb0b56618ae,c3764161b7278ea2efdea0137dd37abc,delivered,2017-09-19 20:29:14,2017-09-19 20:44:24,2017-09-20 21:21:58,2017-09-21 16:13:29,2017-10-03 00:00:00
7efe7d821a28e5891395832097475428,13eecc109755d75fffcf60091efa0661,delivered,2017-04-10 13:30:36,2017-04-10 13:45:18,2017-04-11 12:09:41,2017-04-18 12:30:07,2017-05-04 00:00:00
e0f04a1acc50a7daf0cbb0654d438725,fa2ecb119951fe7045f5608dc046ee0f,delivered,2017-08-30 18:37:23,2017-08-30 18:45:18,2017-08-31 17:35:03,2017-09-11 22:18:45,2017-09-21 00:00:00
aa6bad8e7c086d7f65fbd2dd0131cf84,d7316275d71440d2ac7993048c3b3428,delivered,2017-08-12 17:27:21,2017-08-13 17:46:12,2017-08-15 21:42:21,2017-08-28 20:19:41,2017-09-05 00:00:00
4dd1f29debee7ab872c8919f35a80070,51cfe38e55dc309dc27164c60fe75107,delivered,2017-04-06 15:06:48,2017-04-07 03:15:57,2017-04-13 17:38:15,2017-04-20 08:51:44,2017-05-04 00:00:00
9c3d371454ceddff5d8fa8aa86ac7c1e,e8d796c25778bdcfe7e82a408b7d50da,delivered,2017-04-19 17:50:59,2017-04-19 18:05:17,2017-04-22 13:07:48,2017-05-18 13:55:40,2017-05-09 00:00:00
5a583547086c7958be6668ef932708cd,a6df8d7ce4d964e64ad1103730ffbc4c,delivered,2017-06-08 09:18:19,2017-06-08 09:30:17,2017-06-08 14:08:35,2017-06-19 14:27:46,2017-07-03 00:00:00
0953ccb40a8fb30d5fd5ce0c06bbf4ad,b08d8e609d55b8d13dafb964bfed9acd,delivered,2017-11-23 19:50:30,2017-11-23 20:00:39,2017-11-24 19:04:33,2017-11-29 21:57:02,2017-12-15 00:00:00
c69c8612c1fa919f232d370c41cbffd7,0241277be857dc59ae544ccac12b3e19,delivered,2017-04-19 08:56:39,2017-04-19 09:05:16,2017-04-19 15:51:57,2017-05-03 00:09:39,2017-05-11 00:00:00
8c9cc9d7e2dfc4cb091854203914cade,f5bc53444f46ca178517d520d40bfdb4,delivered,2017-08-01 09:48:08,2017-08-01 10:05:21,2017-08-04 18:17:27,2017-08-18 20:13:25,2017-08-29 00:00:00
b5a290773b1946d7fd79425b488b0e8b,95fda3c2a70a5834ec54463c77b5f10e,delivered,2017-04-21 19:21:21,2017-04-21 19:35:39,2017-04-27 11:24:46,2017-05-03 16:26:45,2017-05-17 00:00:00
7b1dc739a78d04563a4fd62f5a6b454f,b6d43bdf1d5537d9a1d9011e8044eac6,delivered,2018-01-03 19:46:53,2018-01-03 19:52:23,2018-01-05 11:43:15,2018-01-09 17:14:07,2018-02-01 00:00:00
31f2497110f1ac4723c65060cd81dd92,18a4c896676ed4abae6395f7b521ab38,delivered,2018-05-11 20:27:51,2018-05-11 20:56:59,2018-05-14 06:25:00,2018-05-16 14:54:01,2018-05-25 00:00:00
fa7809f6cdf09dfab24cfc2669964ecb,58b75381b97c75d94e51fb72db47f4da,delivered,2018-06-04 21:18:04,2018-06-04 21:30:41,2018-06-08 14:03:00,2018-06-21 04:54:19,2018-07-11 00:00:00
2e571b4487c7119502acdb48043efcee,2f1d78af6de0800385a0cc5cf4b7a794,delivered,2017-12-03 15:57:22,2017-12-05 04:12:10,2017-12-06 18:58:57,2017-12-15 22:47:41,2017-12-27 00:00:00
08158c9f50214fc5872aba47814160e7,d34e0dba89b89a8aa2e00cb8b289f565,delivered,2017-03-15 14:37:37,2017-03-15 14:37:37,2017-03-22 10:51:59,2017-03-27 11:38:04,2017-04-07 00:00:00
4aeb09d2415c840cd427f9b0e5dabfb6,611ef20bd95ccb865a0fac20facab883,delivered,2017-07-06 10:09:27,2017-07-07 02:50:19,2017-07-07 19:14:51,2017-07-18 21:06:09,2017-08-03 00:00:00
755eebcb667b0fc5148bdcee47fe9f28,5bf5c7cc1ffdd2a2b72a8a7a3c780beb,delivered,2017-05-12 08:47:47,2017-05-13 03:02:49,2017-05-17 09:23:57,2017-05-22 16:13:40,2017-06-01 00:00:00
a84565af4cdf9483cc1cf6b94686a95f,b66124b45e367a0aa230614c0ad309d3,delivered,2017-09-11 20:01:57,2017-09-11 20:15:24,2017-09-14 19:52:51,2017-09-20 15:51:43,2017-09-27 00:00:00
e2b7031b8151dd5de69d77a161b19c44,08ad03bbb59f24c6f7842e991d1c6324,delivered,2018-02-13 13:18:09,2018-02-13 15:00:32,2018-02-14 19:08:33,2018-02-27 20:39:02,2018-03-06 00:00:00
5d384e0ab579db9d8e3e60baa0637f91,7d319cee0908bb2b366ca6d07a8b1b9b,delivered,2017-10-18 14:34:23,2017-10-20 02:49:39,2017-10-20 18:03:36,2017-10-31 18:19:05,2017-11-10 00:00:00
a0fb1c238c7bcff487ee3095d577be86,cdc7e49dd029bf91db3bd652c2353ffb,delivered,2018-02-21 18:12:18,2018-02-21 18:32:19,2018-02-22 20:03:49,2018-03-05 22:35:10,2018-03-13 00:00:00
a78b0514381a2ddd033d250ffcdacc13,453cdbb7bf3b55c4811175bbf25730e1,delivered,2017-02-15 13:38:38,2017-02-15 13:50:21,2017-02-15 14:48:36,2017-02-21 16:22:05,2017-03-16 00:00:00
2f987d84716580b1465f39247276a59c,aa4a725263c6983512c603c3ae6aa188,delivered,2018-01-15 16:19:51,2018-01-16 11:57:32,2018-01-17 19:22:43,2018-01-19 21:39:10,2018-02-01 00:00:00
0c021596b865eb54c02ad64bf7d55aea,407b735b2eaad546c9f7c2eb72b1538d,delivered,2017-10-04 00:03:23,2017-10-05 03:07:14,2017-10-05 19:03:45,2017-10-14 00:50:00,2017-10-26 00:00:00
268611f7d2f0106b616e88e532e05a2b,f564999c9ed6db59430410f9472c8bba,delivered,2017-11-24 03:30:42,2017-11-25 07:50:30,2017-11-27 15:58:13,2017-12-09 15:42:43,2017-12-14 00:00:00
4bb2ee0b9741faceac3deb03a2e53fa6,98dbd4d2aa22a4b4a06bf84781432636,delivered,2018-08-10 10:56:10,2018-08-10 11:05:13,2018-08-14 16:06:00,2018-08-20 21:15:06,2018-08-28 00:00:00
dd3d73f70b77e2a07f64360620621ca4,38f1fb4bd44289ca591479b76905cdbf,delivered,2018-01-02 09:45:15,2018-01-02 09:54:22,2018-01-02 17:19:20,2018-01-04 12:41:45,2018-01-18 00:00:00
dc8a41c3b06bd915d57fcd0e89973744,90c5c0ff339811cdbf13a8a618821c68,delivered,2017-10-04 11:26:24,2017-10-04 11:40:17,2017-10-05 19:48:03,2017-10-10 19:43:55,2017-10-30 00:00:00
218bc576cc67d1b76c855f861eb24bcd,a64528d4c047cd670cfe7fd2dcda67fd,delivered,2018-04-15 12:53:24,2018-04-15 13:10:27,2018-04-17 17:41:50,2018-04-20 18:38:27,2018-05-09 00:00:00
6cc4f76a3cbfa54f4dd7d78df8e4bb85,f21e6e54bf3f2bc45847f3e23e70b677,delivered,2018-03-19 18:24:26,2018-03-19 18:35:36,2018-03-20 23:12:15,2018-04-16 12:33:00,2018-04-16 00:00:00
cb26769d014df1d16ffd4de9098e95d7,d44fac4c94cd149d441c40511abd27bd,delivered,2017-11-26 18:20:48,2017-11-26 18:32:39,2017-11-27 18:38:24,2017-12-04 20:43:16,2017-12-19 00:00:00
5dbd736e8af7fa0c1c7528c53b2d2f5c,21e69ff635b0200760b86b80ed80e7f1,delivered,2018-06-17 18:20:59,2018-06-17 18:34:08,2018-07-02 13:43:00,2018-07-03 19:06:47,2018-07-03 00:00:00
dca3b709f4c0389495cb4fa1a063440c,e672223579b2241f67b57c34d7aad49d,delivered,2017-07-19 18:22:52,2017-07-19 18:35:23,2017-07-28 11:32:45,2017-08-02 19:54:55,2017-08-08 00:00:00
3b42ad87f3292fab60e143988d332da1,4a63a260154fea565815aa2eace75155,delivered,2018-03-11 22:24:13,2018-03-11 22:35:30,2018-03-12 17:26:26,2018-03-15 19:41:58,2018-03-28 00:00:00
75c65b37911c3543a4efd45a45ee4a92,037fefe4072b01df6c29d233b2196a23,delivered,2017-09-07 18:27:27,2017-09-07 18:35:11,2017-09-08 21:04:36,2017-09-26 16:18:19,2017-09-28 00:00:00
59aeb2ec44b9400fafd0b59e842959d1,f927f7178bfe24dfb3e036785eadc000,delivered,2017-08-22 19:18:10,2017-08-22 19:32:07,2017-08-24 21:12:44,2017-09-13 19:21:51,2017-10-02 00:00:00
1d6a2a632c284f1c4fd53baf9e705693,a06cdf060608a4a80705bf5860bc8f58,delivered,2018-03-29 13:40:53,2018-03-31 09:15:08,2018-04-05 00:04:16,2018-04-09 22:42:41,2018-05-03 00:00:00
c2038cc607e5462400ad6606b091ceca,f034510b61dadeded57a79a657d3e3d9,delivered,2017-11-02 22:41:18,2017-11-03 00:35:49,2017-11-08 15:07:52,2017-11-24 21:16:58,2017-12-01 00:00:00
7fb803b61e1301dc6887ef9d54cfcf26,0977e0b93fd518fc88b277900af29e65,delivered,2018-07-26 16:11:51,2018-07-27 16:10:25,2018-07-30 11:41:00,2018-08-07 16:27:43,2018-08-24 00:00:00
3602a80b09d914236f74c733631f3b8b,367000b9bd508db790e048df2f6d6af9,delivered,2018-01-31 20:38:38,2018-02-02 08:55:51,2018-02-02 18:48:35,2018-05-18 11:06:52,2018-03-19 00:00:00
5460a05579eef48f6c8d54ca6c3f2249,1336c066de955f70e1508ce21670b72e,delivered,2018-07-05 10:06:44,2018-07-06 02:51:20,2018-07-10 15:48:00,2018-07-13 18:38:26,2018-08-06 00:00:00
134dd47f025f4b13cd82ce9e771800bb,ddfecd4bb5e482fca16929e5ece6574a,delivered,2017-03-02 23:17:18,2017-03-02 23:25:15,2017-03-06 07:31:55,2017-03-13 14:31:05,2017-03-27 00:00:00
6ef8f6ed00303d5d81cdab508d586dcb,e3b618cc7416f6c66245395873691ffe,delivered,2017-10-13 17:43:55,2017-10-13 18:07:19,2017-10-16 11:44:58,2017-10-19 18:57:12,2017-11-06 00:00:00
e5220ef7f976cab4427f16a5e1d6c29c,f920395e4693d8730802e67e57e3d3b6,delivered,2018-05-01 09:36:46,2018-05-01 09:57:05,2018-05-03 11:09:00,2018-05-10 20:48:34,2018-05-28 00:00:00
52f308ce830731bfdfea4539e140073f,8a86b00cbfc4091cc8b0b1fd597b9a53,unavailable,2017-08-02 11:11:01,2017-08-03 03:04:51,,,2017-08-23 00:00:00
023aa4b0585594124bc50e55e0e11a5f,678c7714cdd189c7aca5cd7e6c70fb94,delivered,2018-04-01 23:03:34,2018-04-03 05:48:29,2018-04-04 21:57:32,2018-04-09 11:46:41,2018-04-18 00:00:00
8d8a1fb20cc3bcbed0c51fd0c70bc538,8b80d650dc2282d7175ab30a8b417280,delivered,2018-02-03 17:24:51,2018-02-03 17:35:28,2018-02-05 23:53:49,2018-02-27 16:49:07,2018-03-14 00:00:00
9803d53681d599da06e759c5935f89e6,d43e2e7c5f8e31be75ee558015546c93,delivered,2017-08-14 09:28:45,2017-08-14 09:45:07,2017-08-16 15:50:08,2017-08-25 15:54:12,2017-09-06 00:00:00
961f1793d1fa464e0ed6686562936da8,04c79718e69bce669782d1cdbfa6f138,delivered,2017-08-01 18:21:25,2017-08-01 18:35:42,2017-08-04 22:41:41,2017-08-17 20:25:00,2017-09-04 00:00:00
a77a378498a60424c73641a2bce561f8,a165af70cc13470e311ddcd4fd33c070,delivered,2018-02-14 19:01:46,2018-02-15 06:30:26,2018-02-16 19:12:09,2018-02-21 23:29:06,2018-03-13 00:00:00
afa17ebff8d7e00d7c9e04860c7ddcea,a40c9c907d645ac0394aa28875d5986d,delivered,2017-02-10 21:12:19,2017-02-11 21:22:59,2017-02-15 09:14:41,2017-02-21 18:21:54,2017-03-16 00:00:00
80c343549e07922070b0793b2eb87df4,c635d6979164aafc07fe03ee6c2ff9ae,delivered,2017-10-24 22:06:45,2017-10-24 22:26:16,2017-10-26 00:33:53,2017-11-01 20:35:59,2017-11-14 00:00:00
47e1801bc1f8eddb9969bf5fd8563712,2baba98379e3fb1bab9d4feba6b83503,delivered,2018-04-01 20:44:55,2018-04-01 20:55:39,2018-04-03 19:47:10,2018-04-07 20:16:31,2018-04-25 00:00:00
88131f6562db887981cc8ab363deb03f,0d05af7e5a21aa81bdc60f6cb6ae91cf,delivered,2018-05-18 14:14:07,2018-05-18 14:34:53,2018-05-21 15:02:00,2018-05-23 20:24:37,2018-06-13 00:00:00
44437f0cd12aae191555f66ce8dc2d5f,a35ef33a28a474a499c0452e297e3b4c,delivered,2017-10-21 15:07:40,2017-10-21 15:21:21,2017-10-24 18:22:39,2017-10-30 20:27:25,2017-11-16 00:00:00
7bb63f3e1c995473fbe6450a65fd8cfe,b23e3f110598a3783b8bf7cf6e342d31,delivered,2018-02-14 17:16:33,2018-02-14 17:30:34,2018-02-15 20:09:23,2018-02-16 19:59:02,2018-02-26 00:00:00
a90d54c4e730c3f73f5fbf256ebe58e2,cbe499bf7af1964f5924dbe8e244c75c,delivered,2018-05-04 23:22:26,2018-05-04 23:35:10,2018-05-07 12:08:00,2018-05-10 23:08:45,2018-05-23 00:00:00
94caf828558aed4dc7cb9da3711a5c5a,ce6d725ed1334c3edb9af03a7c53c84d,delivered,2018-04-21 11:06:56,2018-04-24 19:28:44,2018-04-24 21:29:44,2018-05-18 16:21:57,2018-05-16 00:00:00
c5f9505b4bf9db0433b371002f7be6ff,d7837537f0fbe29cade1ee024539bbbc,delivered,2017-04-23 18:02:49,2017-04-23 18:10:16,2017-04-24 13:21:59,2017-04-27 12:30:21,2017-05-11 00:00:00
aa1370235ef192d1702585435015b9b8,f90c0b67909aef5401de1537c2ccac12,delivered,2018-02-23 11:25:38,2018-02-27 04:31:22,2018-02-28 18:25:37,2018-03-09 00:34:30,2018-03-26 00:00:00
7d07b6c1321e0ae86b7d6205e015f0a1,2cdced5335b76d6e563bfa3a40bcf7a4,delivered,2017-04-18 23:33:17,2017-04-20 02:55:40,2017-04-20 12:22:11,2017-04-27 05:57:48,2017-05-10 00:00:00
caa321f911edb4b272c5e4aa6df6be81,cbd7f2280c571b565374cff6887d1ab7,delivered,2017-07-16 20:13:21,2017-07-18 06:10:24,2017-07-21 16:36:01,2017-07-26 04:41:55,2017-07-28 00:00:00
6ddda171d214be5f13055479d8b41364,3efd6634c0d7ebbdcadfb0f56b75ceef,delivered,2017-10-10 21:33:47,2017-10-10 21:49:28,2017-10-11 20:20:01,2017-10-17 20:42:07,2017-10-31 00:00:00
4e7a31bc83274853a6cc6c41c0193830,ff02f44d3f50bba74d4e8679fb6f8a13,delivered,2018-03-26 19:02:57,2018-03-26 19:15:17,2018-03-28 00:46:40,2018-04-09 19:12:07,2018-04-17 00:00:00
198078b833ce5c6249ea278d2bb3e220,1871a12ac5e835c89fa644d16d17dd22,delivered,2017-07-10 09:44:10,2017-07-12 02:10:42,2017-07-13 12:17:40,2017-07-26 00:51:22,2017-08-09 00:00:00
0f286dcb49da58061b9ae488027e4033,227b4936c1389b6feb5a4b2d5a1a168c,delivered,2018-01-23 13:02:09,2018-01-23 13:18:22,2018-01-24 21:10:01,2018-01-29 18:46:39,2018-02-07 00:00:00
21838957166e38f71ea42879c0a5c3db,321e587bfd564d724fa0883998543eac,delivered,2017-09-03 21:00:23,2017-09-04 21:10:12,2017-09-09 13:42:39,2017-09-13 20:47:56,2017-09-21 00:00:00
dced68d765c92476f957de16fe116ecc,8e56b369b27a5321224f09113c0ef99c,delivered,2018-08-17 18:20:27,2018-08-17 18:30:15,2018-08-20 15:01:00,2018-08-25 17:29:35,2018-09-06 00:00:00
6fe4c985918734d29a35419f12b76570,529cdd66b36605936a5c313cfe7427f4,delivered,2017-05-23 13:35:47,2017-05-23 13:45:18,2017-05-24 14:24:19,2017-05-26 13:19:35,2017-06-19 00:00:00
4b776c02a3be0e30b22a7e5ff6a72136,3de50cef5f608ce966220a332bafba21,delivered,2018-04-04 15:33:51,2018-04-04 15:50:12,2018-04-10 00:55:19,2018-04-13 20:48:34,2018-04-19 00:00:00
da6c1b5c9a1106ebca4a15148d062c0f,3bc2fc702019bd075e33a4ee86cbfbef,delivered,2018-01-25 15:32:04,2018-01-27 02:41:26,2018-01-29 22:26:41,2018-01-31 18:27:14,2018-02-09 00:00:00
390056468c27192af8354d708051054e,c450d2558dd77bc0cd8b290f5af4f5fa,delivered,2018-08-23 10:27:06,2018-08-24 03:05:16,2018-08-24 13:27:00,2018-08-28 20:17:39,2018-09-05 00:00:00
b33c9bb2caa1d2b9f219b70f6dba7dce,891adb1fb4da5da2b8b8c367bf9801d1,delivered,2018-08-26 23:45:45,2018-08-28 03:45:15,2018-08-28 14:30:00,2018-08-30 22:04:58,2018-09-17 00:00:00
540c5ef7f6c23f2547a73029172643da,9da0a4eaab687888548003b3c4e35830,delivered,2018-01-24 17:31:53,2018-01-24 17:59:10,2018-01-26 16:52:27,2018-02-14 17:22:52,2018-02-26 00:00:00
47cdb12caf2067098633bc9a0d3679f7,4d833833ec5cc5bb9e6c230820e4bc54,delivered,2018-06-24 11:32:26,2018-06-24 11:58:02,2018-06-25 12:09:00,2018-06-28 22:03:55,2018-07-16 00:00:00
493d1ad7e1ae4e8a6733d84bc34c6b0c,40291ba05fac951d2fe586191112b3c6,delivered,2018-04-30 00:00:01,2018-04-30 00:25:27,2018-05-03 19:01:00,2018-05-04 13:12:22,2018-05-11 00:00:00
a7652ffa94af425f684a2d55cc06945e,85691bd7ec5c294433df4e88b54bc4f9,delivered,2017-08-04 10:14:35,2017-08-08 04:04:20,2017-08-15 11:25:18,2017-08-22 16:15:36,2017-08-30 00:00:00
d839387d867d8d152843b37c4b8b09e8,de3fa59dd658cd8b47a1634125047c01,delivered,2018-03-25 19:15:06,2018-03-25 19:30:28,2018-03-27 00:58:38,2018-04-02 12:31:40,2018-04-12 00:00:00
f16010e0add047ba483e2b3eefa7c60e,19792d55f9db2e2fb3864dc90966eb86,delivered,2018-01-19 08:02:55,2018-01-19 08:15:43,2018-01-19 19:22:56,2018-03-12 18:48:26,2018-02-15 00:00:00
84a1e5108acf2786feaa63a12cdf0c09,6b5f177df1eeee9358cffadc5b8c39c7,delivered,2017-10-25 12:23:46,2017-10-27 03:10:28,2017-10-27 18:51:29,2017-11-07 19:52:03,2017-11-23 00:00:00
6bf6d79b7a1a551ef6621a52c435ed1e,666c0f64c30e46fc3d1e3c6c1974224b,delivered,2017-12-09 13:00:26,2017-12-09 13:30:53,2017-12-11 23:25:07,2017-12-14 17:29:25,2017-12-28 00:00:00
64c4f910545582c5d0fa5bed30292b4c,ef14bc7bc7f8a385f119d6d67e9d7fa9,invoiced,2018-06-03 10:59:22,2018-06-03 11:10:46,,,2018-06-28 00:00:00
93c4655e5be1df1a5fad75de93847cd4,d08075d02a6c66fbf4b1117c31862443,delivered,2017-03-09 20:19:12,2017-03-09 20:19:12,2017-03-10 08:59:21,2017-03-21 13:39:07,2017-04-03 00:00:00
6428d066760796cd8507fb537438172d,0a389ea18d794fc404c7bd3ae4b7cdfe,delivered,2018-04-03 13:22:38,2018-04-03 13:35:15,2018-04-05 00:46:49,2018-04-11 00:46:49,2018-04-27 00:00:00
5a6bd2554afa06bed4854ea73c7e2e33,6d9256a80c8c0dd00015b9de77cfc08b,delivered,2018-01-18 16:19:01,2018-01-20 09:10:14,2018-01-22 14:33:29,2018-02-07 22:51:49,2018-02-23 00:00:00
1724ccd8176515fc4b2676226b895ea1,85c770d9479d48f9130bf6a4eee132ba,shipped,2018-08-18 19:11:09,2018-08-18 19:30:16,2018-08-21 13:53:00,,2018-08-28 00:00:00
1cb0438d7946ea7aa92ad2ef1904822e,914fbfc75fde173611bb46bb7e594358,delivered,2018-02-18 23:09:38,2018-02-19 00:10:29,2018-02-22 03:28:40,2018-02-28 21:09:45,2018-03-12 00:00:00
b29696b3c00ec6ac4adfa001a2c7cd3f,29a0ad4e09da9eb0e041692da531026a,delivered,2017-08-19 10:49:59,2017-08-20 10:55:23,2017-08-28 20:35:59,2017-09-11 20:31:57,2017-10-05 00:00:00
b5781a5976dad5a78067d528713ef47e,daa2305279978c8d98ad9b317c9a9965,delivered,2017-10-21 15:40:00,2017-10-21 15:49:35,2017-10-23 20:04:06,2017-10-31 20:22:04,2017-11-17 00:00:00
2e4d78cc067d04eaaf791ecbfb2bc3ce,5234fd7181ad48cc892aeffb5cca652e,delivered,2018-04-14 09:18:34,2018-04-14 09:31:32,2018-04-16 15:19:27,2018-04-17 23:18:32,2018-04-26 00:00:00
cacc1fb58a377d93574c303d6c901986,82750cc54b85f69aa3d33e87bcbfd55c,delivered,2017-11-07 08:53:13,2017-11-07 09:06:11,2017-11-14 20:17:11,2017-11-24 15:39:45,2017-11-27 00:00:00
0542a77eb7f00f9ed2f08c1dba22a43c,81bf8b2387b9d3716a34a33be63c45ea,delivered,2017-05-11 14:40:14,2017-05-13 02:55:22,2017-05-16 11:44:35,2017-05-25 08:18:49,2017-05-30 00:00:00
b208c52c9ab77c2efee93366dee571bf,12b87b1952a8cba761d2c59013865995,delivered,2017-12-08 20:40:46,2017-12-09 02:34:27,2017-12-12 22:21:39,2018-01-06 16:54:13,2018-01-08 00:00:00
afd45bab98f18c383881df9850a519fc,7870ab8f62d9d80cc37ff5482d6cb2b4,delivered,2018-06-19 13:26:42,2018-06-19 13:57:23,2018-07-03 14:45:00,2018-07-06 18:32:51,2018-07-27 00:00:00
275ae19d3b5b88d41fe617cae7a1e056,d9d16f838d9b54ce3beeb5ba6e5793cc,delivered,2017-12-12 13:04:27,2017-12-12 13:14:29,2017-12-13 21:29:49,2017-12-19 13:33:37,2018-01-09 00:00:00
635f576ffd2031b8aba271d85a739949,aaaacadacc4a1f2d0df016ddd73609cb,delivered,2018-06-18 16:29:28,2018-06-19 09:18:23,2018-07-03 11:28:00,2018-07-06 17:41:00,2018-07-24 00:00:00
a663eb567d6e0db6362cc10977fef5a2,4cad8026a6d4456f6dca8c9c40e0f349,delivered,2017-10-13 08:57:11,2017-10-13 09:14:30,2017-10-16 16:25:41,2017-10-24 23:18:04,2017-11-10 00:00:00
5cf5c176bf686e84240099820ce175ac,d71307c0c7df552b660c6d58721f8df6,delivered,2017-10-12 12:32:45,2017-10-12 12:49:14,2017-10-13 19:27:40,2017-10-18 19:17:49,2017-11-09 00:00:00
69f57d3eb1a981a8fd71d99c39bb6109,9923c6304b55166c7bdb59470d76e262,delivered,2017-10-29 07:43:05,2017-10-29 07:50:08,2017-10-30 17:53:57,2017-11-13 19:07:03,2017-11-27 00:00:00
79b690847d556fdcccfe7dfdd9d77dd4,8417fd15df3d45a797fb476587eda385,shipped,2018-04-06 19:15:26,2018-04-06 19:28:46,2018-04-10 20:14:33,,2018-05-10 00:00:00
de290900c1991d72fda0212682ecf3e2,4037ca7516bc3ef58110885dc2cc0612,delivered,2017-11-24 22:00:40,2017-11-25 01:31:42,2017-11-28 23:03:07,2017-11-30 17:04:30,2017-12-14 00:00:00
9d532b51b8f3d1f0103c34fc72fe1816,197db000773478f3cf1bbca20cdd20fa,delivered,2017-08-03 20:01:55,2017-08-03 20:15:20,2017-08-07 20:18:41,2017-08-19 12:07:53,2017-09-01 00:00:00
1354bddf21d7082f73e70872571f55ed,20eca38e2ac0e9eb29a3f670b053389f,delivered,2018-01-20 17:53:37,2018-01-22 13:55:20,2018-01-24 18:59:22,2018-02-14 14:48:45,2018-02-20 00:00:00
e762633655ca1d869d2036864e96fb6f,b45ef5a4dd1e77011397f8a96bf60f07,delivered,2018-08-05 22:41:40,2018-08-05 22:55:17,2018-08-10 19:12:00,2018-08-13 23:26:26,2018-08-13 00:00:00
0070092bb6004faafa287e5fc35971e9,399d1e628c48b7c3b6389098be566cfd,delivered,2017-07-25 11:42:58,2017-07-25 11:55:24,2017-07-26 10:47:53,2017-07-27 21:34:24,2017-08-14 00:00:00
5525c00bfd980bae1cac46f7dcf88224,d2697a7d9526f4714dc4b718cbebbf82,delivered,2017-01-31 11:22:14,2017-01-31 11:30:17,2017-02-02 09:43:43,2017-03-14 11:13:56,2017-03-09 00:00:00
a33709a7ca5c9d407f00018a7ea3a533,74995386e99bd410ea7472ee048f7432,delivered,2018-01-16 12:38:47,2018-01-18 02:12:08,2018-01-18 16:37:39,2018-01-26 23:22:59,2018-02-09 00:00:00
f5faad333010a9fc0ecb1ac6014a842a,cfa3a48a9585c921958523e0735cf5a3,delivered,2017-09-04 14:31:32,2017-09-04 15:44:20,2017-09-08 15:28:10,2017-09-18 20:17:42,2017-10-02 00:00:00
55772fc319b3906e897cc43fae9c1835,fe2f0691a0934f97140ea0b83b7178b1,delivered,2017-08-17 11:56:42,2017-08-18 12:05:18,2017-08-18 21:31:53,2017-08-28 20:27:48,2017-09-11 00:00:00
fc395bfc7bc0ca54d0fa3e4cc90d055f,1f09c5f1dca56a5017be0bf4642d6c5a,delivered,2018-04-21 10:58:18,2018-04-24 19:02:32,2018-04-23 20:52:45,2018-05-10 13:09:44,2018-05-24 00:00:00
befb5a47055c761fb52d876ae90724b6,16eea50d8e5db016deda7008a9c6d5d6,delivered,2018-02-06 21:27:56,2018-02-07 07:10:21,2018-02-09 14:21:07,2018-02-28 18:13:48,2018-03-13 00:00:00
12404c66f4ea97b16664395ecbf61889,d91269dd81b9bce4f785fb94e5189872,delivered,2017-11-24 07:24:37,2017-11-24 07:32:24,2017-11-25 14:14:55,2017-12-04 18:35:18,2017-12-14 00:00:00
26a8b70dd60471873b430431e691d222,9a46b6d481ab33d2f3f90472f526f210,delivered,2017-11-20 19:08:54,2017-11-20 19:28:31,2017-11-21 20:12:10,2017-11-22 20:21:59,2017-12-01 00:00:00
ad0e80cb90ad456f01f1533e4cdc1f0d,38a210aed00016125db0e5206d6f300f,delivered,2018-02-07 08:18:53,2018-02-08 14:10:44,2018-02-09 18:58:59,2018-03-01 23:59:05,2018-03-21 00:00:00
31c2a1051b9b9899d82d9b980ec8775d,54bbff656de1454e0926dfe57185ab92,delivered,2018-02-24 11:46:26,2018-02-24 12:08:11,2018-02-27 20:18:47,2018-04-04 01:38:49,2018-03-16 00:00:00
7474d7f84129b6a4fef9e0cb53e2a081,108b9f81ac5b441daf5927b6f402951b,delivered,2018-04-12 19:29:44,2018-04-13 13:29:50,2018-04-16 15:44:43,2018-04-18 00:02:12,2018-04-30 00:00:00
3afcb1b9c83fabca41c1668a879550a4,e5c92aca4cb7445d37790d511cf5bee1,delivered,2017-11-22 13:21:14,2017-11-22 13:35:04,2017-11-27 22:27:09,2017-12-01 16:57:05,2017-12-06 00:00:00
18bb4acb90913593d37049c601660009,591cb16ea1a6d8f7eebd0a349593bea2,delivered,2018-05-01 09:25:32,2018-05-01 09:56:57,2018-05-07 15:12:00,2018-05-18 21:34:38,2018-06-07 00:00:00
330a5c6006c3128d1a4345251ccd3ddf,4a48b28dbf436ba2317b6dbd6983511f,delivered,2018-03-27 16:37:37,2018-03-27 16:51:06,2018-03-28 18:13:30,2018-04-09 21:12:24,2018-04-25 00:00:00
06c9818464bb97d2f13568dd66e904a9,64a7f1076e9d17d6f5208d3ce76a7eb8,delivered,2018-02-16 13:17:13,2018-02-16 13:30:24,2018-02-19 18:47:47,2018-02-21 02:59:09,2018-03-02 00:00:00
0d3528428e45b7c383b746222c715332,ee44d2be8e1662dc62aeadc5cc6b0965,delivered,2018-01-02 14:54:52,2018-01-03 04:37:40,2018-01-04 20:27:11,2018-01-13 00:19:13,2018-01-26 00:00:00
333977327b5c548879a21a3b1fc87c48,a2ce3bbb37aad72f3635ecea09345970,delivered,2018-03-11 11:49:08,2018-03-11 12:30:52,2018-03-14 18:58:42,2018-04-13 20:09:21,2018-04-03 00:00:00
937ca79de438593867663c25fd34ea4b,2d12c6935dea7173e8c94c416ef44ed1,delivered,2018-08-19 15:53:57,2018-08-20 12:16:09,2018-08-20 15:51:00,2018-08-25 13:18:34,2018-09-17 00:00:00
0d24d62857c1f2d00801a3512dce5d1f,4eba4e54a08ee98d9031561c10c499c5,delivered,2018-07-19 10:49:10,2018-07-20 04:55:24,2018-07-20 10:26:00,2018-07-26 12:46:54,2018-08-10 00:00:00
b2a5b4b96f199f352ee45d82ac6dfd24,60c999fc7c67585b3140facf9f12d9e6,delivered,2018-03-06 23:17:43,2018-03-08 02:16:24,2018-03-08 21:09:33,2018-03-15 21:19:46,2018-03-26 00:00:00
b9e6b3135dcdfc054568883b2bcf1e5e,5d3dc874f9c79b6b16ab0a108588bd15,delivered,2018-02-28 10:35:30,2018-02-28 10:55:33,2018-03-06 21:04:51,2018-03-19 23:05:08,2018-04-02 00:00:00
99c9fec8ab028336e605f216e55337e6,1795d4e196e92788373519059c0e6897,delivered,2017-12-01 09:05:03,2017-12-01 11:30:58,2017-12-05 03:06:31,2017-12-18 18:35:16,2018-01-04 00:00:00
0ef549b2d7f694d7da546831e4003906,36dcd1ca06a31b26bf8f9f56576412cb,delivered,2018-06-17 23:54:56,2018-06-18 15:17:20,2018-06-21 11:33:00,2018-06-25 21:52:03,2018-07-12 00:00:00
96a03487818c437031605930844f4432,2b00c4e8dcc89e244018fc054bdecf62,delivered,2017-10-15 16:10:27,2017-10-15 16:48:49,2017-10-16 16:48:00,2017-10-24 22:33:18,2017-11-07 00:00:00
78f62098f3fbba55d5a6fc9b2e072cc2,5df52c00bb3e854f687e11b615d99945,delivered,2017-12-05 15:00:56,2017-12-05 15:14:53,2017-12-12 21:37:03,2018-01-23 17:51:39,2018-01-08 00:00:00
c66e710fc8f55a69556bf33b68b19843,663422ed729b1aa171b0b5d740827771,delivered,2018-07-12 22:37:07,2018-07-12 22:45:15,2018-07-24 16:07:00,2018-07-30 20:04:28,2018-08-17 00:00:00
d7af03d172cfda274c7a7083bbaca11a,f7e7801b2e6ddc11047c166b4f440769,delivered,2018-03-21 12:40:53,2018-03-21 13:27:59,2018-03-22 19:36:49,2018-04-09 11:56:45,2018-04-17 00:00:00
0176e50f3853fa068127afa3daff6402,20899a98f69e29ac34d852719a64f431,delivered,2017-12-14 16:45:18,2017-12-14 16:54:49,2017-12-15 17:31:46,2017-12-29 15:53:03,2018-01-19 00:00:00
1452442fe3e8cc6d3a1a8d8fc92dc019,8b9e671a305b19a4f7a11ce24badf10e,delivered,2018-04-19 00:41:11,2018-04-24 18:37:45,2018-04-23 23:17:36,2018-04-30 19:28:46,2018-05-14 00:00:00
9f353d55cebbc63a3eb1bf5d53774ab5,652c90c96d514383465d6ae2b89dc861,delivered,2018-02-05 13:05:33,2018-02-05 13:30:37,2018-02-08 00:26:55,2018-02-09 21:11:54,2018-02-21 00:00:00
932917bf5776b6b41c8184cde607a9bd,241510e91b641dc4a5646cb954e58cd3,delivered,2018-03-20 23:22:54,2018-03-20 23:35:31,2018-03-21 21:54:30,2018-03-24 02:06:09,2018-04-03 00:00:00
9cdf9fb8b53e82a2a63e2618f49dc28a,a3d1f8a6e8d708098fe416a1d62789e8,delivered,2018-03-02 07:45:13,2018-03-02 08:50:31,2018-03-02 18:05:56,2018-03-11 13:11:06,2018-04-03 00:00:00
f98ae4bbfd1a32ea2104c8cf1f64dabf,427ebd67be61503c00a75d8915080a71,delivered,2018-02-25 18:53:53,2018-02-25 19:07:29,2018-02-27 22:51:38,2018-03-27 22:06:48,2018-03-27 00:00:00
683f04dde2c04fd7b5a1a520a4abe379,d81753bcd5b30d81d6c07b603142ca6f,delivered,2018-03-26 15:49:49,2018-03-27 08:07:33,2018-03-28 23:05:36,2018-03-29 15:29:48,2018-04-06 00:00:00
e68012ad88e7d6ba2e95112045faf3e3,ec5b7c2e69bc8d387c31867ce2eaa513,delivered,2017-10-13 18:25:38,2017-10-18 03:07:05,2017-10-19 18:57:32,2017-11-01 23:03:42,2017-11-07 00:00:00
00119ff934e539cf26f92b9ef0cdfed8,7dd2e283f47deac853cf70f3b63c8d86,delivered,2017-08-06 00:42:49,2017-08-07 00:35:12,2017-08-07 21:12:34,2017-08-16 17:29:59,2017-08-31 00:00:00
7a9d100d2a88bd95c3f8acd4af29d3e8,6f203f614778c173ade2490e6684c399,delivered,2018-06-01 22:35:25,2018-06-01 22:51:28,2018-06-02 08:45:00,2018-06-07 21:33:59,2018-07-05 00:00:00
14130f70a2038f80f97d9fcc6e590ba8,d88efaaddfde753a7d05f6b1cb1b5411,delivered,2018-03-23 17:22:23,2018-03-24 17:27:48,2018-04-09 23:08:40,2018-04-24 20:25:47,2018-05-09 00:00:00
84e340f8ce26dd8b76b86f8d2c84debd,759395ee0edd9984b572964443e98a81,delivered,2018-04-06 18:01:18,2018-04-07 02:48:22,2018-04-10 16:15:29,2018-04-16 22:41:08,2018-04-30 00:00:00
6416f07d133c720705c402021f612b58,5abbebd3409e7e53552e7611993dd9c0,delivered,2017-11-25 19:38:33,2017-11-25 19:54:49,2017-12-01 14:37:10,2017-12-16 00:13:43,2017-12-19 00:00:00
565ccfa6f9e28da74700c42da9deb949,a6bd20291ac4e6a4229459c6af42f828,delivered,2017-08-30 16:22:12,2017-09-01 04:32:57,2017-09-04 13:14:58,2017-09-20 15:52:25,2017-09-27 00:00:00
2296fa4ebace1edacb9f91509766eb18,6982d29c7336cb81ba41937fbf3660b1,delivered,2018-07-21 19:57:05,2018-07-21 20:10:20,2018-08-06 14:27:00,2018-08-07 20:18:46,2018-08-14 00:00:00
a475f984a1a51c9e1f8a76e8a8e8b955,b66b3c9110b9c8bf6d402a76fdbfbc49,delivered,2017-12-29 11:36:45,2017-12-29 11:47:28,2018-01-02 23:38:46,2018-01-05 21:37:30,2018-01-19 00:00:00
87db440948f84c0c68a2311dba047650,d1e8d2dce7cc66c32405d66e9eda6b82,delivered,2018-02-14 20:41:35,2018-02-14 20:55:50,2018-02-15 12:07:31,2018-02-27 23:59:07,2018-03-08 00:00:00
266a1f6959fbb6cd5b50201b10a0d46f,ad2645579addc9b0fbfbbbcd8eb422be,delivered,2018-04-15 11:30:25,2018-04-15 11:50:27,2018-04-16 17:21:46,2018-04-25 14:56:57,2018-05-07 00:00:00
234e664f4418bb97ea8f387244a9538f,98e164b3750e0b9e0eddb3612fb8d617,delivered,2017-05-22 12:59:04,2017-05-22 13:15:12,2017-05-24 09:34:25,2017-05-26 14:41:35,2017-06-02 00:00:00
4637ca194b6387e2d538dc89b124b0ee,a73c1f73f5772cf801434bf984b0b1a7,canceled,2018-09-03 14:14:25,,,,2018-09-10 00:00:00
e2532fe843f45b7a1aa7ede9474ca960,8ac0a23bbeb76d7c5244660c19f9d552,delivered,2018-04-03 07:08:31,2018-04-03 07:28:15,2018-04-05 23:32:49,2018-04-06 22:00:17,2018-04-16 00:00:00
5b35972421686a8a4758f542bf3fce74,2e3ae3d38cd0aaf455b2d381b4d8ac34,delivered,2017-07-27 15:39:21,2017-07-28 08:30:25,2017-08-01 18:17:50,2017-08-08 19:48:01,2017-08-29 00:00:00
dda7cf31684a98205550865020745d09,78f4e8387f5e3b93ddc0c1a77968b8d9,delivered,2018-04-27 00:09:05,2018-04-27 00:29:18,2018-04-27 14:36:00,2018-05-21 19:59:54,2018-06-06 00:00:00
4dcbd5ebfc13eef35e0fcb0ca1c2807e,033be315f82e41697260be39939d3662,delivered,2017-10-22 16:39:09,2017-10-23 17:49:12,2017-10-24 21:03:32,2017-11-08 18:28:44,2017-11-16 00:00:00
fd0926fd1e8031a9cf228b88589a085b,04ac10c2ecdfe490a4bf9339c3c145c3,delivered,2017-03-20 14:14:31,2017-03-20 14:14:31,2017-03-22 08:48:00,2017-04-07 18:46:48,2017-04-19 00:00:00
d1d58708c4e171bc6cfc3b36b7c5a798,0630577acd0476a6b31ca9aef210f00e,delivered,2018-06-14 13:42:52,2018-06-14 14:26:42,2018-06-15 12:03:00,2018-06-19 22:03:41,2018-07-04 00:00:00
9fff263519b16922d71e07a6706a0ef8,fda0335b2cc8ceacf98e89f40daaa7cc,delivered,2017-02-25 10:09:02,2017-03-03 02:30:29,2017-03-03 15:53:34,2017-03-14 10:46:02,2017-04-03 00:00:00
390f7b0eca6e233bfe1584c54f97c39e,154019d49417fd66f52109220b1c6e43,delivered,2017-05-17 21:21:13,2017-05-19 02:23:44,2017-05-19 14:41:50,2017-05-29 09:09:40,2017-06-08 00:00:00
1e906c082a3aa57596a2fa25a7e6cf25,1c0e9c6e7bde47b5745198ab7e521c1e,delivered,2018-03-11 07:54:57,2018-03-11 10:01:27,2018-03-12 23:04:36,2018-03-16 01:07:48,2018-03-22 00:00:00
f56432d05172df07d256233e2b1f36dc,f7c730eaa324c05033ac44482660fe07,delivered,2017-11-16 19:50:58,2017-11-16 20:12:20,2017-11-22 17:41:18,2017-12-12 21:58:58,2017-12-12 00:00:00
96cf4805d2e98446035e05b0874255bb,6b6d9a374c988f07d7da7033df7b0914,delivered,2018-01-16 23:04:15,2018-01-16 23:13:21,2018-01-17 21:35:40,2018-02-01 16:56:13,2018-02-09 00:00:00
bb04237dd8964e0983c1d0bc623dcfeb,8d7f8d52118558f4c05875c0147aa4ff,delivered,2018-08-06 11:19:54,2018-08-07 11:15:20,2018-08-24 15:05:00,2018-08-28 19:30:47,2018-08-24 00:00:00
1839c69dd9dbf835d82480c05964cbd4,b3792fdf98c0b1beb9a20639840d24cd,delivered,2017-12-27 17:48:18,2017-12-27 17:56:22,2018-01-02 18:17:08,2018-01-17 12:08:51,2018-01-22 00:00:00
64a58e424494f1f8ed5895885b9dfe16,35c4894c0ac3f346ebe6bb4eafe572b7,unavailable,2017-10-23 13:19:27,2017-10-23 13:28:24,,,2017-11-03 00:00:00
ae8978d20234f0da191a909faba05574,c3ff12f28cbe59029c7100a1f9d5ae44,delivered,2017-07-20 18:01:45,2017-07-20 18:10:13,2017-07-21 18:56:59,2017-07-27 18:27:38,2017-08-02 00:00:00
587904dc1c873ebfb6078160b4819d8e,ea2677769a5160cb3664a4ee9e6dcddd,delivered,2017-11-25 00:25:35,2017-11-28 03:32:18,2017-12-01 22:09:15,2017-12-06 19:43:34,2017-12-15 00:00:00
fe8c0bf415cf9f05b4f32539a80f83fa,665c34ff341e053c821487e3f9431206,delivered,2017-09-24 20:37:43,2017-09-24 20:50:12,2017-09-25 19:21:14,2017-09-28 22:47:45,2017-10-17 00:00:00
777b4b0b8467866361a717d277ef1b1f,c21e32dc14bf1951f1cde9b3d149f35b,delivered,2018-04-02 22:55:40,2018-04-02 23:10:16,2018-04-03 21:08:55,2018-04-16 20:56:46,2018-04-19 00:00:00
701ed63cdee1bf7a8aeb7f690acb04a2,05f0ba650e96816117cc49d9194cf3f5,delivered,2018-08-13 13:11:04,2018-08-13 13:25:14,2018-08-14 11:37:00,2018-08-21 17:06:48,2018-09-03 00:00:00
2cee7217cf66ac4e8027f60d3b105524,f1ae790334c90d9bbec5fa1861e1f9d5,delivered,2017-04-02 16:09:55,2017-04-03 20:10:16,2017-04-05 13:47:48,2017-04-20 17:34:11,2017-05-09 00:00:00
17eba629ec542978d1ea929d473d4f19,9a07fda0035700318ceb77ce80c7e42d,delivered,2017-02-04 20:09:10,2017-02-05 20:15:18,2017-02-07 09:41:35,2017-02-14 15:24:06,2017-03-15 00:00:00
61417f74f6caf083ff60fa4dc315f050,ab9909098ee1c7b2dc687e351d6373a9,delivered,2018-01-19 02:33:59,2018-01-19 02:52:06,2018-01-20 00:54:43,2018-01-24 15:49:10,2018-02-07 00:00:00
752c20debb41dbddf6f5898e8d83e766,7703821c2658d5b334972740e5eb7c35,delivered,2017-06-23 18:21:23,2017-06-23 18:30:14,2017-06-26 14:35:55,2017-07-10 17:23:16,2017-07-17 00:00:00
d1d598b9c6fa6d135849e528650082c0,c0cfd65a6d4bd318ef871d81a9f387e2,delivered,2017-08-07 23:40:16,2017-08-07 23:55:07,2017-08-08 22:10:06,2017-08-11 16:42:07,2017-08-25 00:00:00
adc4e509a9b11c13575e75e6defef283,dcacd076b56aad562162f9093d7698fa,delivered,2017-07-06 00:45:29,2017-07-07 02:44:22,2017-07-13 20:33:02,2017-07-22 15:11:58,2017-08-03 00:00:00
4877379c51fc3c3826e6a62427675966,9408bd679b8ccfd8de92376ac0cf405b,delivered,2018-03-02 15:06:54,2018-03-02 15:29:07,2018-03-05 19:49:02,2018-03-23 23:08:32,2018-03-27 00:00:00
1e34943faee67957ebdc93ece5a8f906,e7d9c6487ba15bee967f0f1305c75c8b,delivered,2018-03-26 21:34:55,2018-03-27 21:30:12,2018-03-29 23:18:31,2018-04-03 15:13:01,2018-04-19 00:00:00
817f6bab5398dc6c74b74ac820418d16,4764d14d044d8a476a85262a3bd65273,delivered,2018-03-17 18:18:01,2018-03-17 18:31:46,2018-03-22 01:09:46,2018-04-05 14:28:29,2018-04-09 00:00:00
7ad12b91a27a5b94bdd5a1f444d29783,f8f17b5c6c08d31d25a3bdee0cf4eb23,delivered,2018-02-23 14:58:08,2018-02-27 04:31:20,2018-02-28 22:53:06,2018-03-03 01:12:18,2018-03-09 00:00:00
d99ec4acbeb86fccf934f257ebd6baa3,493705fc389e90a33771f1522b6008cd,delivered,2018-01-29 08:59:43,2018-01-29 09:18:39,2018-02-01 17:55:50,2018-02-24 01:21:34,2018-02-22 00:00:00
9ba31b95aa2ad7ab24bcd9f64a89ea43,8965a99bf5b3c17a1669d8ed1c31b9a3,delivered,2017-10-04 15:51:35,2017-10-04 16:07:45,2017-10-05 20:04:14,2017-10-11 17:00:24,2017-10-31 00:00:00
55b653f93de6e994b6dda90f615c7a8f,333e42c06df929c78bb4d60f03fe14b7,delivered,2018-04-30 13:05:23,2018-04-30 13:15:21,2018-04-30 13:01:00,2018-05-04 18:03:43,2018-05-21 00:00:00
2f4ed6d6a154e53f5593682472f8e6ea,461848a187158368f56cf21200783874,delivered,2017-11-01 22:25:12,2017-11-01 22:36:21,2017-11-03 20:57:36,2017-11-16 21:17:48,2017-11-29 00:00:00
0ef7129ab98149bcbd4aadde9ba093d9,1dcaf101733dc31789ce23f25d3d2f51,delivered,2018-07-07 14:36:02,2018-07-11 03:35:20,2018-07-11 12:30:00,2018-07-16 11:44:27,2018-07-25 00:00:00
330534a2e7ad98d0c76ee20bfa001c50,48f6ec1b60fe0b28221627cd97555714,delivered,2018-01-11 00:40:16,2018-01-12 00:33:29,2018-01-19 00:28:39,2018-01-30 23:52:34,2018-02-16 00:00:00
d39bab8a9af00bb16a6a2bb759d03bd3,eed444dadc28f192c8b1521c754eca1a,delivered,2017-05-11 17:25:25,2017-05-11 17:35:17,2017-05-17 11:45:51,2017-05-19 13:44:50,2017-05-19 00:00:00
f46fb218fda36639dc39aa3025679a2b,4f1499a33d2d5ae89e66928df783e7ae,delivered,2018-05-28 20:40:23,2018-05-28 20:50:41,2018-05-29 14:11:00,2018-06-01 19:42:29,2018-06-29 00:00:00
9a01e11eb3e82a6d9e7bd3f3acafa7ca,49206e681a7405da8d06cf16883575ff,shipped,2018-03-02 22:07:38,2018-03-03 15:35:24,2018-03-06 00:04:29,,2018-04-02 00:00:00
fd2abbf4e0f632ba709f0059c02da633,a464b0eca19ee9d50c583227d90941dc,delivered,2018-08-06 07:34:57,2018-08-07 04:10:16,2018-08-10 14:52:00,2018-08-15 18:21:53,2018-08-10 00:00:00
cc20f1526c8c9725da26e2563d40260e,b21abdbd6175139c4e9b66ee64f9c87a,delivered,2017-10-18 14:41:59,2017-10-19 02:56:45,2017-10-19 16:37:16,2017-10-25 17:09:57,2017-11-22 00:00:00
1a78996243d1d136ceede8be7f031356,b52a43b300826ccbf7b9c57f4c576357,delivered,2018-02-05 09:26:32,2018-02-05 09:49:31,2018-02-05 18:06:55,2018-02-15 17:58:49,2018-03-08 00:00:00
2a6ec88bef2eb4c5e4716b26406ead0b,89128b58a471ab0487f3198a463e80fd,delivered,2017-11-24 08:51:55,2017-11-24 09:11:30,2017-11-25 12:37:53,2017-12-12 08:47:32,2017-12-21 00:00:00
0a191803956e2748ef8dc1ed7ed5e991,6dbe848c6681efae10ede81c3f0c9ae5,delivered,2018-06-16 19:13:42,2018-06-16 19:37:19,2018-06-20 14:59:00,2018-06-21 17:28:53,2018-07-03 00:00:00
317e2a850e41487363a134bb3369262b,634df8e0e275262ab76a3d15a07ddbac,delivered,2018-08-14 06:34:28,2018-08-14 06:45:10,2018-08-15 14:09:00,2018-08-21 15:18:52,2018-09-17 00:00:00
ecd6e336e4e791c637319f60de98bef2,bca1b06b3c1249cf30d61543e7eb6d29,delivered,2018-05-05 16:45:39,2018-05-05 17:10:15,2018-05-07 11:00:00,2018-05-10 23:28:27,2018-05-28 00:00:00
8ec0671b1fcacf329783aefb39813a64,8bdc70f24d1f362c1f43a1e1936c62f2,delivered,2018-07-18 19:23:53,2018-07-19 19:23:10,2018-07-23 06:34:00,2018-08-01 22:03:59,2018-08-09 00:00:00
66f1a7baf73c12eb3af95058da54b6f8,ffe51ba924ffabbb6e1ec2c92e582851,delivered,2017-01-20 22:11:31,2017-01-20 22:21:59,2017-01-24 12:09:03,2017-01-28 06:41:37,2017-03-02 00:00:00
0e81d9aa94c69d14faa155f1a91ed4ff,ee2df44c9c465039e4d893c20edc1151,delivered,2017-09-29 23:16:29,2017-09-30 23:28:29,2017-10-06 20:22:03,2017-10-23 22:57:45,2017-11-01 00:00:00
922acd93e452539fe6833fd485296ffe,8a6c1f2258e2b15dfc82477615fd9ed0,delivered,2018-02-07 08:38:21,2018-02-08 07:50:29,2018-02-14 19:58:57,2018-03-02 19:05:55,2018-03-06 00:00:00
49c8d7acf28d999e86d3cf817d9793e0,3fe1b830cda03960fa7abad76397bc25,delivered,2017-05-24 14:06:49,2017-05-24 14:15:20,2017-05-25 14:35:58,2017-05-26 10:37:57,2017-06-08 00:00:00
735458a5d288ba55c03a10cb1b2dd481,5a2e937ebdd78eaa8cac5dc67b8b3a42,unavailable,2018-05-03 14:15:19,2018-05-04 14:13:00,,,2018-06-01 00:00:00
fb4de3600d359f84927517e78ff9ba54,c33e62b6b6e872a818d2f85f632b5483,delivered,2018-04-19 22:05:52,2018-04-19 22:15:17,2018-04-20 20:22:05,2018-05-04 17:51:20,2018-05-16 00:00:00
fcc92ad75bbb8728d4d4488325ffc907,0980d72e94bede8b0f7d8a4cd32511c8,delivered,2018-03-24 09:22:32,2018-03-24 11:41:30,2018-03-27 22:54:24,2018-03-31 15:48:36,2018-04-17 00:00:00
35df0cf1d7650c5c0ad88837c4dfde89,56d4e564c90c03ec7bdc5958321f3874,delivered,2018-07-04 11:02:43,2018-07-05 16:13:16,2018-07-05 14:05:00,2018-07-10 15:28:43,2018-07-24 00:00:00
b259e69b3ba911e0517d03ba13aa5b9e,a16e67c974d246977ab8e252636bc1bd,delivered,2017-12-15 23:07:31,2017-12-18 16:12:52,2017-12-19 18:04:14,2017-12-27 17:04:19,2018-01-16 00:00:00
1f59870d6111d909e3c3f511d4d6dfe2,de0fe2d8e55644484ecf77b35622bf8b,delivered,2018-08-19 06:05:56,2018-08-20 11:09:54,2018-08-21 11:38:00,2018-08-22 17:18:46,2018-08-31 00:00:00
7d8fb4d046d76c289bd66eb341bee09e,5a354ceb0ee403f36eead5e33253730e,delivered,2018-06-20 16:13:39,2018-06-20 16:43:08,2018-06-21 14:12:00,2018-06-29 15:32:11,2018-07-12 00:00:00
8dc880cb89385d6213c7ea6fb637b0d4,ac2db495d466d0d3929abc71ec0d9f3b,delivered,2018-02-01 18:11:29,2018-02-01 19:01:11,2018-02-02 18:50:40,2018-02-14 17:34:20,2018-03-02 00:00:00
4be354605f898bd7290366706f07d622,c32f33e3925ff7ae6c926ab877813c07,delivered,2017-06-02 22:00:00,2017-06-02 22:10:18,2017-06-05 09:51:59,2017-06-14 16:26:55,2017-06-29 00:00:00
4297d3541d2675524ab8f092919f44b4,4e4ab12631767d0b1b3e6d3e8830326b,delivered,2018-02-15 21:23:09,2018-02-18 12:26:49,2018-02-21 18:09:23,2018-02-28 18:52:56,2018-03-15 00:00:00
bfcb171109072a41eb811fe6bda0c94d,2a73c0df0b9ae8d6ede300241d3f2c4b,shipped,2018-04-01 18:31:24,2018-04-01 18:47:53,2018-04-03 00:38:43,,2018-04-20 00:00:00
bfaefe509209a9477bd599fb0658f4ec,0cbc00da55924e1b714a2884440e8026,delivered,2018-03-02 13:55:22,2018-03-02 15:55:35,2018-03-06 17:08:14,2018-03-27 14:53:34,2018-03-23 00:00:00
af3b41ce890eefbd6ee273bf7df396dc,fcb443ac4ff760d0bfd548ba32abd938,delivered,2018-07-07 21:22:30,2018-07-08 21:15:19,2018-07-12 15:57:00,2018-07-23 11:04:34,2018-08-02 00:00:00
519e8e134cd15d39544f56d9ff932d3e,510781317f5881c0ce1d4506cb1185f9,delivered,2018-04-17 08:30:47,2018-04-17 08:52:02,2018-04-17 20:22:11,2018-05-03 19:50:50,2018-05-14 00:00:00
031e976ccc4a1678f5485552ed1ae778,1837c6c28707afbd624c47502b6cd99b,delivered,2018-08-07 17:07:38,2018-08-07 17:25:05,2018-08-09 08:12:00,2018-08-14 17:32:08,2018-09-10 00:00:00
9a838b8807fdd90c94d08ed164db0039,244e706e4ff8000e2d8a329b770d338e,delivered,2018-07-02 10:31:36,2018-07-02 10:50:08,2018-07-03 16:48:00,2018-07-13 23:03:14,2018-07-31 00:00:00
a0aef57f230423695817deb4c1b4fe7b,5b5647d181199dd67334fb89f49c1206,delivered,2018-04-01 18:58:56,2018-04-01 19:10:08,2018-04-03 19:10:54,2018-04-05 13:02:32,2018-04-12 00:00:00
d9d4a02bb9f1087deec1dae728740cdb,15649dc883a22d86b0e9dd1466d39057,delivered,2017-10-12 15:30:47,2017-10-12 15:49:25,2017-10-21 11:56:44,2017-11-09 20:32:36,2017-11-01 00:00:00
9a02960ce092d811e89e50c06d750ff6,2747fdc95e12b07775c0cdee68fe538d,delivered,2017-09-14 16:48:32,2017-09-14 17:04:17,2017-09-15 16:56:47,2017-09-20 16:42:48,2017-10-02 00:00:00
04a59fe46fc5aa341da5378c195ed53c,2d8748fb35d51c2fd273ee67fff78b7a,delivered,2017-11-26 09:32:06,2017-11-28 09:35:11,2017-11-28 19:18:52,2017-12-11 19:03:18,2017-12-19 00:00:00
0b937678b38558c4fec110aed9d5f8ac,5f235effbfef1537095b1024ab902244,delivered,2017-11-20 19:25:48,2017-11-21 03:56:30,2017-11-21 16:02:52,2017-11-23 15:26:40,2017-12-08 00:00:00
6d24d19f8842be0e8e1064fb0709528b,47e4b706141097a964ec6d55def70acc,delivered,2018-04-03 20:17:52,2018-04-04 03:30:26,2018-04-04 18:38:40,2018-04-13 20:28:34,2018-04-26 00:00:00
98e5161ba292a2032d586ecc01ac0c87,2f6920cb4ff5b75f35052670c3ef6760,delivered,2017-11-12 21:35:01,2017-11-12 21:46:57,2017-11-17 16:58:47,2017-11-27 19:48:28,2017-12-05 00:00:00
f14edad9e9d494755c49b2e0897de3b9,47f42fc76d39dc06f9d301d2ceb8971d,delivered,2018-03-01 11:33:08,2018-03-03 02:51:16,2018-03-05 19:04:47,2018-03-16 18:31:17,2018-03-23 00:00:00
5e7d51bfc94acb16cfcc272c581f85cc,2c951b08affead243b4c87bf6a273d79,delivered,2017-10-29 16:34:00,2017-10-29 17:06:08,2017-10-31 17:06:39,2017-11-03 21:37:46,2017-11-13 00:00:00
add940502d0460714892c63cc13c07eb,d842843c08c46c76816b2a4fc293a7a2,delivered,2017-11-30 10:54:14,2017-11-30 11:11:07,2017-11-30 23:52:05,2017-12-27 18:05:16,2017-12-22 00:00:00
ac853685fc6a8eb4fbee28b457588078,39c4a14e8828e782b82be2823738ecb3,delivered,2017-06-07 18:15:04,2017-06-07 18:25:20,2017-06-12 11:13:22,2017-06-14 11:38:32,2017-06-21 00:00:00
8f3c52ba80c75571b11705b0405b8696,3eb36db99e4bc4055ff570d968e76e07,delivered,2018-03-15 12:13:51,2018-03-16 03:50:14,2018-03-28 17:03:13,2018-04-17 19:34:53,2018-04-18 00:00:00
d7b1b205f635a07e904e5c4069b6859d,e1e157f3dbfc5df809751ed8f7fbfd5a,delivered,2018-04-24 15:51:09,2018-04-24 18:59:35,2018-04-25 15:02:00,2018-04-30 23:38:30,2018-05-09 00:00:00
cebfb93d43892425be3fe47edbb54347,2a851126045f8187455b0184079abcc8,delivered,2017-08-11 07:54:06,2017-08-12 07:45:05,2017-08-18 20:15:03,2017-08-28 19:16:04,2017-09-20 00:00:00
ddbbf91a5dc91f4757ad2ed77ab9616b,3e256600a04440a0b46eef09e5f994ed,delivered,2018-07-01 16:48:22,2018-07-01 17:10:03,2018-07-02 15:22:00,2018-07-03 21:21:21,2018-07-16 00:00:00
a322a4aa3b0a9b47a6760a03ee17ffe8,d312c73308e9c429a61aab82e16b7f6a,delivered,2018-01-07 11:53:56,2018-01-08 13:01:21,2018-01-09 20:51:10,2018-01-22 22:23:32,2018-02-09 00:00:00
2ceb986b3043c2f73ab7577c6a41830e,c6a8ad7ebe9290d544f7dda8c1492bde,delivered,2017-08-08 18:40:11,2017-08-08 18:55:20,2017-08-09 19:07:03,2017-08-17 13:33:42,2017-09-06 00:00:00
c9229f668c1028a77a433afa8b93f122,e6373b38f5b4317a6754f63bcb8c6509,delivered,2017-05-14 21:11:45,2017-05-14 21:22:28,2017-05-17 11:59:20,2017-05-19 14:12:17,2017-06-06 00:00:00
e6a667b8b4e8787c667b00724e884177,577dfb2d557d5251a6cf3290575dd51a,delivered,2017-05-10 10:34:13,2017-05-11 04:05:23,2017-05-11 13:59:54,2017-05-16 09:58:39,2017-05-26 00:00:00
eb7ac481803eb5bc5b7cfe431a03d39a,70a8cfb1730fd53e5c15f2a62e1e5448,delivered,2017-09-13 21:41:43,2017-09-13 21:55:11,2017-09-14 16:54:04,2017-09-15 19:36:35,2017-09-25 00:00:00
e23115216f6b79bda05036f94744a2dd,4bad1bcf3f513d32f24e947e4aa23220,delivered,2017-10-10 20:23:53,2017-10-11 03:14:09,2017-10-25 15:16:41,2017-10-26 21:33:35,2017-10-23 00:00:00
0b50495c5cfeda8c9d7abfe80aea74e4,9bedb2b2aabcd702476cdaabaf178ab3,delivered,2018-01-16 18:01:59,2018-01-16 18:11:46,2018-01-23 22:43:16,2018-02-06 22:06:45,2018-02-21 00:00:00
c96496058fe55b7e844cd5e3a2562f85,9d523ec1adfaf85fd0dd5835b1884b75,delivered,2018-08-21 10:38:28,2018-08-21 10:51:04,2018-08-21 13:30:00,2018-08-24 21:08:45,2018-09-06 00:00:00
31015049cbc3685e5b4d13d8586598a3,932e3af0ee6c27729b0c388a58a67f20,delivered,2018-01-24 19:56:44,2018-01-24 20:11:44,2018-01-30 23:26:28,2018-02-06 20:50:00,2018-02-19 00:00:00
9376d48a8f0dfe09122a2e197aee2436,b24e76ff960c3a5cf88ce8852d6e9fe8,delivered,2017-04-02 12:37:46,2017-04-02 13:05:51,2017-04-03 15:27:41,2017-04-05 19:03:53,2017-04-24 00:00:00
9fe33416283b9bfb49fcdea66c415777,5d0ce5948d35340bb6edf34595d1f2d3,delivered,2018-01-13 22:19:47,2018-01-13 22:29:45,2018-01-15 22:41:44,2018-02-08 18:34:13,2018-02-15 00:00:00
b11ef0887d152f735e9b39864eae2ad3,4529772b580b0249d5cdd57099d9d000,delivered,2017-05-14 01:08:21,2017-05-14 01:22:45,2017-05-16 10:58:06,2017-05-23 12:32:50,2017-06-13 00:00:00
894f91c1c79ed1df3d678edb9970e88a,86026411ceb03f946a2ee941191ee906,delivered,2018-01-07 16:58:20,2018-01-07 17:07:10,2018-02-14 20:36:32,2018-03-01 17:52:32,2018-03-20 00:00:00
f2e62e5ce667ba626a17ef195d775796,47072cf880ed71431fb220f937f63d5b,delivered,2018-05-11 16:07:14,2018-05-11 16:31:38,2018-05-18 14:10:00,2018-06-27 18:04:02,2018-06-04 00:00:00
512c6d2dd9904e8ce639b106a7689949,ed9906094c482db4ff0708204f6165bd,delivered,2018-04-18 22:04:04,2018-04-19 02:10:51,2018-04-23 22:58:53,2018-05-15 02:08:46,2018-05-30 00:00:00
304c4a8ef20139552992b5377ef4a113,471084a5a72b0eebf59b306a9a125643,delivered,2017-08-14 17:29:46,2017-08-14 17:45:29,2017-08-15 17:10:23,2017-08-16 20:23:48,2017-08-29 00:00:00
59ac31de88c9c4b239aeee82c6a0596e,93db14e9f3ba76bd4f9583340b206ddc,delivered,2017-04-09 06:03:31,2017-04-09 06:10:07,2017-04-11 06:28:00,2017-04-20 17:46:41,2017-05-22 00:00:00
f8e76bb341db0c60411beac8a83f312a,cdea0c6f9570d87de1f7d901543997ec,delivered,2017-11-04 14:02:54,2017-11-04 14:10:42,2017-11-22 19:38:42,2017-12-12 16:44:39,2017-11-29 00:00:00
aceb0ac9c2d49926c0eadc1510a3ff53,6bef26f5ffada3596c2e922c09a648bb,delivered,2018-07-30 19:56:33,2018-07-30 20:10:19,2018-07-31 09:38:00,2018-08-02 19:35:00,2018-08-10 00:00:00
fe0c59004b59a99b0240ce5facde84eb,210b531c6ac741591472a7d84c7c8504,delivered,2018-07-18 21:37:15,2018-07-18 21:50:48,2018-07-19 14:27:00,2018-07-26 18:17:45,2018-08-13 00:00:00
f222fcfc65ff1398b47dc51ab30d8d60,1698d043cea87957997792254a01fd62,delivered,2018-07-03 21:35:48,2018-07-05 16:40:55,2018-07-04 15:03:00,2018-07-06 10:42:12,2018-07-20 00:00:00
d8198b1933966d7baf7a7d758bdde142,24eab5309a4f60346c0fe93388afe166,unavailable,2017-08-09 13:34:56,2017-08-11 04:30:25,,,2017-08-29 00:00:00
85a0f4063a60774bca35eb38ffccd86c,7641ac3c572f616590deecf0c16013ae,delivered,2017-08-10 13:34:25,2017-08-10 17:04:07,2017-08-11 17:31:57,2017-09-19 17:33:17,2017-09-14 00:00:00
90747e77f1f92c16ef47b7e5aa910e0d,1a1e2f5f736b406930c33aba1d9dface,delivered,2018-08-21 21:14:44,2018-08-22 03:44:28,2018-08-22 13:21:00,2018-08-28 17:03:38,2018-09-10 00:00:00
941d8ea654e3550842584075b13918ef,12cec4dfdc542a9bfd8ae48877401524,delivered,2017-06-18 19:43:10,2017-06-19 19:50:16,2017-06-27 09:04:55,2017-07-04 13:59:55,2017-07-18 00:00:00
4208d8402138f772f9c189a1859e1f55,def8021341a1466f13686e05d39bc2c6,delivered,2017-09-22 17:01:34,2017-09-22 17:10:56,2017-09-25 23:22:13,2017-10-01 13:03:03,2017-10-18 00:00:00
01cc71a8154340ae61126b5ee9b48fef,3cc3c3ea6a8bb392816f4c4bdf12c5a5,delivered,2018-06-06 21:06:18,2018-06-06 21:16:02,2018-06-08 12:09:00,2018-06-11 19:12:53,2018-07-03 00:00:00
89132053ebde68cc07de4c71adedb658,f0cf419b35306c7d6ba2fd5109fcfe50,delivered,2018-02-04 22:25:06,2018-02-04 22:35:32,2018-02-06 23:21:56,2018-02-20 19:40:16,2018-02-21 00:00:00
ea5b2c0d002d415e1c5e7d7f39c831f5,ab923b33a7bb81c8348b97b5276ab0cf,delivered,2017-12-08 19:35:11,2017-12-08 19:52:13,2017-12-11 20:48:42,2018-01-04 01:05:42,2018-01-08 00:00:00
0683ead91c16a3b8964141bd93ec4edd,714e373b4d8a9a18a7f5fdb022bafae6,delivered,2018-04-02 09:28:28,2018-04-02 09:48:29,2018-04-03 18:40:47,2018-04-04 19:51:54,2018-04-12 00:00:00
1ff2b191106588727c913321d52db56f,02989a5bf256c6a23900bb011fa0f919,delivered,2018-01-10 12:28:49,2018-01-10 12:35:23,2018-01-10 20:08:30,2018-01-22 18:05:32,2018-02-09 00:00:00
acf135e0b39f84ba17db4d8ea2a42e7a,f3db44b13ff035a25a500e7081e200d1,delivered,2017-04-26 10:52:56,2017-04-26 11:05:10,2017-04-27 14:43:25,2017-05-02 17:11:17,2017-05-15 00:00:00
1ecad0e8ea57760ebd5ea7863ec48b06,68ba8f23c3adf9c100fe5a28d4f3256e,delivered,2017-07-29 15:05:21,2017-07-31 07:15:12,2017-07-31 18:39:35,2017-08-04 20:02:57,2017-08-18 00:00:00
33456509cc4acadce96036959e07ff84,484f08ad298fef0f4ea0edc43ba31e20,delivered,2018-01-03 11:47:25,2018-01-04 05:10:15,2018-01-11 19:37:09,2018-01-19 19:05:36,2018-02-06 00:00:00
4409a8e68e232a6718d156e93a58f3ec,194bfa6e3a7191e554f24e92d2651ce4,delivered,2017-11-28 14:09:58,2017-11-28 14:20:19,2017-11-29 18:52:14,2017-12-01 20:32:37,2017-12-12 00:00:00
011405ae7b89def8ffb3468eb29c299d,a9262f07bdf485ee87c6780a830ff83a,delivered,2018-05-04 13:39:26,2018-05-05 13:50:23,2018-05-07 15:44:00,2018-05-09 13:14:40,2018-05-21 00:00:00
51712e0d3d1de647e512d95dccbe5a93,1fe167b007e7b6080ef8116d0f35cb3e,delivered,2018-01-31 22:30:30,2018-01-31 22:49:04,2018-02-02 17:09:08,2018-02-14 19:13:18,2018-02-22 00:00:00
504ec2b6f69e898c557955750272d563,ba0a799b8a7b0b1a1ac522a0a8839bff,shipped,2018-05-07 21:43:48,2018-05-07 21:54:31,2018-05-08 14:17:00,,2018-05-21 00:00:00
e929082d2d58e7c69ca9d06715ef551f,654e52bcecd9ed256edf1278b7a27eeb,delivered,2017-09-21 16:40:04,2017-09-21 16:56:07,2017-09-22 22:25:03,2017-09-29 18:48:46,2017-10-31 00:00:00
86757b84a26b96e53be8c8090ae9f96b,19e5223b9a6e3fdc4efbbfc03c8d9aba,delivered,2017-12-12 11:15:32,2017-12-12 11:28:57,2017-12-13 20:51:46,2017-12-19 20:32:50,2018-01-12 00:00:00
d486a71c67c351a4aadf0b3bd096a712,e37bd7eb6e87c6a9359af8d765efdd6b,delivered,2018-05-15 13:09:20,2018-05-16 03:33:49,2018-05-16 14:24:00,2018-05-18 21:18:32,2018-05-23 00:00:00
a3d715c13af177125a462b543a9a97f4,74bee0619fc86a63d3b020f457efb338,delivered,2017-10-14 14:08:47,2017-10-14 14:26:00,2017-10-16 22:13:00,2017-10-19 23:06:37,2017-11-01 00:00:00
a7dde6878527f0d1731d370978ba2849,bfd3bcc53296e057e04bbe0f9d97323f,delivered,2017-09-13 12:18:36,2017-09-13 12:30:19,2017-09-14 18:53:42,2017-09-19 19:26:50,2017-10-04 00:00:00
7a47100118f6775bec039a3b87ddedf5,d5860794e75af105e5a325b4502e00b9,delivered,2017-03-31 23:32:18,2017-04-04 05:55:29,2017-04-04 14:53:57,2017-04-17 11:08:16,2017-05-15 00:00:00
c142c7ab64bc271555af4edbff4d53b8,086752a19f026192b7993e4e8a3bbc9e,delivered,2018-03-31 06:58:27,2018-03-31 07:47:28,2018-04-02 21:27:56,2018-04-10 16:32:34,2018-04-19 00:00:00
4eb910d27cb13ee96a5e5c6dacfe4e4a,607bf1e28bda8abb586b37e68ba5dc7b,delivered,2017-10-20 14:51:17,2017-10-20 15:06:05,2017-10-23 21:26:08,2017-10-27 14:08:06,2017-11-08 00:00:00
f7adb52b8785594c7e357054489e371a,7c34219589e3983d508d3e782f0c18ff,delivered,2018-04-06 20:02:42,2018-04-06 20:10:22,2018-04-10 19:19:13,2018-04-18 18:08:42,2018-05-15 00:00:00
e98379ee17e55f764423de1d693daf42,9d8a8652100cbf0cdcfbb06ce031c9ac,delivered,2018-01-30 10:37:04,2018-01-30 11:15:31,2018-02-01 17:08:39,2018-02-02 17:56:06,2018-02-15 00:00:00
34fdc362961364d3ff08986ccff2212d,c2719bf8e555adcf1fa503708bea998c,delivered,2018-05-08 17:40:24,2018-05-08 17:55:23,2018-05-09 11:51:00,2018-05-14 19:02:25,2018-05-29 00:00:00
cca0f2f13b67b19407e3300a249bd506,a181bd684a472be2dd926e551a50677a,delivered,2018-07-18 17:36:01,2018-07-18 17:46:22,2018-07-19 15:24:00,2018-07-24 16:43:31,2018-08-03 00:00:00
32864fe724c9f8e8040000b044c5c77a,ae9b787cdaa48607cbbe32d3899f5368,delivered,2018-01-24 20:40:43,2018-01-24 20:52:32,2018-01-25 22:38:56,2018-01-31 19:56:56,2018-02-19 00:00:00
8b54ad5dd057cd34a1308553e2bba5dd,3ed790a63e61a86231274a97e1b27fd6,delivered,2017-10-20 09:10:06,2017-10-20 09:28:15,2017-10-24 15:33:35,2017-10-25 16:27:39,2017-11-01 00:00:00
62a303159c09b65c288433ea06a99600,9e48a9b3a63506370fe66557f3e21f95,delivered,2018-04-09 20:01:44,2018-04-09 20:10:40,2018-04-10 23:54:40,2018-05-15 15:37:29,2018-05-04 00:00:00
d0917c0a88a601949cde7cec1331de4e,5bac308542721d5c4ebe0b35b6e3690e,delivered,2018-07-30 17:24:20,2018-07-30 19:31:44,2018-07-31 11:44:00,2018-08-07 02:15:15,2018-08-09 00:00:00
48d545666a0d9303e1ef851ae9465976,dd0d5aef2ca63a04c68e4b3ea19a1a59,delivered,2018-01-10 08:28:00,2018-01-10 10:32:07,2018-01-11 20:59:11,2018-01-15 19:10:43,2018-01-29 00:00:00
56af0400ccac703cca01cd9846d29c58,89d08063d07129349239d9584c768a9c,delivered,2018-02-20 17:37:20,2018-02-22 02:30:59,2018-02-27 01:48:56,2018-05-06 17:08:31,2018-03-19 00:00:00
fd146e195b9e3e00d02a5bf4208e043a,064df8d7cfbb640ce62f296cd3f76c35,delivered,2018-05-29 13:53:51,2018-05-30 13:50:36,2018-05-30 14:45:00,2018-06-10 13:06:42,2018-06-21 00:00:00
d225c3985609ca7a3a65157d5311f0cd,ebd73c7563306160b7d0ffd3101743f3,delivered,2017-04-22 16:02:43,2017-04-22 16:15:16,2017-04-27 15:40:02,2017-05-09 15:07:43,2017-05-22 00:00:00
ee24dc874cf2cb44acd098173b7ff240,255f6fe0da9d281431dd4fcce29b46ec,delivered,2018-07-11 11:44:54,2018-07-11 12:06:18,2018-07-12 13:47:00,2018-08-07 00:33:15,2018-07-27 00:00:00
e3618dffd8f8f787a12ad38ce9b342b3,89c4c6c5d68dd784c4bd60c4d4500e4a,delivered,2018-06-12 02:17:21,2018-06-12 02:36:15,2018-06-12 12:40:00,2018-06-19 00:08:50,2018-07-05 00:00:00
a769cc9f5becd92358f5d4604e17e806,d7d395c0faef4d563b081f146512a0b2,delivered,2017-11-06 20:33:54,2017-11-07 04:32:36,2017-11-10 20:52:43,2017-11-23 00:26:52,2017-11-30 00:00:00
c7b81b11d2fbb30b6e215611ff0fdf15,ee07f61d1dc8259e953fdc1c6237dcd6,delivered,2018-01-11 19:17:22,2018-01-11 19:28:18,2018-01-13 02:38:52,2018-01-15 18:16:49,2018-01-26 00:00:00
89faa15dbbd13f5a340deeddd4f7f721,da9a939a3d13a1ac3798da6a22b674d1,delivered,2018-03-13 23:35:45,2018-03-14 00:08:57,2018-03-14 19:31:42,2018-04-02 22:33:07,2018-04-03 00:00:00
3afc0f9406e119df79d4b5ea3b236712,167650b03a6ed2dfb29d815f78a1497e,delivered,2017-10-14 16:26:11,2017-10-16 07:14:09,2017-10-17 14:24:02,2017-10-20 20:43:30,2017-11-08 00:00:00
d776b075b96169ae9e7c789eeb991435,abb81fc0cb80ca9d4e384afc58e49717,delivered,2018-04-06 15:33:54,2018-04-07 02:48:23,2018-04-11 01:54:33,2018-04-24 15:32:42,2018-04-30 00:00:00
03672cdb5f2c133e401946a14a7dff3b,1d03153fa9957f06d124c663a388e49b,delivered,2018-04-04 10:25:57,2018-04-04 10:35:20,2018-04-09 23:32:41,2018-04-11 17:18:39,2018-04-19 00:00:00
d7c88efc86371e81d37eb2cff1c61020,c6405c62925ba71e578093f93a07814a,delivered,2017-05-23 08:51:27,2017-05-23 09:02:43,2017-05-23 15:53:39,2017-05-29 10:37:40,2017-06-13 00:00:00
0e8bbbedc5dffd859a8386d68d138c10,67a2c8d9e8d745c3552a27f0b35911b5,delivered,2017-10-13 11:56:38,2017-10-13 12:14:31,2017-10-16 19:37:59,2017-10-23 22:13:31,2017-11-06 00:00:00
5e73c84a4d8bfcb7f5f1aca946e843c7,d57d4907c0bffedc7eaa6a8bad9d3249,delivered,2017-07-05 12:24:06,2017-07-06 06:43:48,2017-07-13 21:12:36,2017-07-29 16:22:27,2017-08-10 00:00:00
4c30ca1b003a7fb3999df965167d492d,a04be466d26664aa21a464efca20a9a2,delivered,2018-05-16 12:26:04,2018-05-16 12:53:51,2018-05-17 16:10:00,2018-05-18 20:54:46,2018-05-25 00:00:00
e0316057201638c364f3f54c86eebdcf,5958c76e4a6814f01a6d34c9a2c392d0,delivered,2018-04-16 08:28:54,2018-04-16 08:51:13,2018-04-16 20:12:37,2018-04-18 20:34:36,2018-04-30 00:00:00
050c32bac1e923fa3406fdedf75feb89,6dedb64b7cc4bfe0caf12f060f14990b,delivered,2018-03-05 12:04:09,2018-03-05 13:15:44,2018-03-15 18:32:36,2018-04-04 16:46:42,2018-04-18 00:00:00
7f40788714e03b8dda5b7ced37a77e37,e3dd4a892b03eb2a71e4edff753f78bc,delivered,2017-08-01 13:53:59,2017-08-01 14:10:24,2017-08-01 19:52:33,2017-08-04 17:23:53,2017-08-24 00:00:00
0a2ea907b178650afcfcab07e55b70f6,b46839430059483e717277d030ffa798,delivered,2018-04-11 15:36:32,2018-04-12 07:30:11,2018-04-13 16:26:54,2018-04-20 22:41:59,2018-05-11 00:00:00
c5f9f79b60cb1ddfec0fc9556781952e,93a299e3ecaf475ec2425edc903203df,delivered,2018-07-26 22:32:40,2018-07-28 03:35:11,2018-07-30 14:01:00,2018-08-07 17:58:35,2018-08-10 00:00:00
8f35c9d6cb15b3bc14a4a88374c6d3d6,d3824ffc020a43364ee0cdb7c6c31df3,delivered,2018-07-22 18:14:46,2018-07-24 08:31:46,2018-07-26 11:07:00,2018-08-01 20:18:53,2018-08-16 00:00:00
32171e467d31a017b609c0cb44441ee3,4335747056d15e3adee5aea2c8c411ac,delivered,2017-11-24 23:28:26,2017-11-25 02:18:41,2017-11-28 10:54:24,2017-12-06 19:47:14,2017-12-19 00:00:00
56c68bdc0271f13c3037a5bb26d520ad,28b19e4aa3b8984663064c407ca727ff,delivered,2017-06-22 22:44:21,2017-06-22 22:55:12,2017-06-26 08:49:32,2017-07-02 10:07:46,2017-07-12 00:00:00
194e7b03e4469b2bcc7ba3c353077252,2e8bfe5a56818eccb5017d88820db31f,delivered,2017-09-09 11:00:18,2017-09-09 11:15:37,2017-09-12 20:04:01,2017-09-18 18:31:40,2017-09-27 00:00:00
a2e41b2178698dc2a57817361a869d1d,f1e670dc0f4e42fa6931d6f01d7b479d,delivered,2018-03-20 18:15:18,2018-03-20 18:28:17,2018-03-21 18:57:24,2018-04-05 20:14:38,2018-04-09 00:00:00
ffde92ba447b33a47d1c04d203f10f41,502b5f99cc5ae83a33d23ec900e76a3d,delivered,2017-11-24 12:12:36,2017-11-24 14:13:18,2017-11-27 17:49:45,2017-12-05 17:56:55,2017-12-19 00:00:00
52f166ce5fa053bbb27d317e4fd231b7,1b848bc58de81ae1b800cf3a4571bedf,delivered,2018-04-18 20:13:31,2018-04-18 20:32:54,2018-04-20 22:38:37,2018-04-26 20:11:48,2018-05-11 00:00:00
3fffdbcdd7ed6b3acdb0bdbc5c96df52,56993e1faa560e969e0ba199573545f6,canceled,2017-10-29 16:25:52,2017-10-30 16:31:24,,,2017-11-28 00:00:00
9f363e28be707432b8173ded00f855f2,3e883ff4e88f709ddf226164adb17fc0,delivered,2017-12-11 10:39:10,2017-12-11 11:11:13,2017-12-13 22:41:46,2018-01-04 13:07:21,2018-01-11 00:00:00
84aaa1a774e37a0a7c1a5413dc49e168,7cc4123da344ba5ca2fa23c0f7903fce,delivered,2017-07-21 10:03:34,2017-07-21 10:23:25,2017-07-25 19:45:28,2017-07-26 21:13:05,2017-08-03 00:00:00
a25b078a7827d95f8366353a32c90fe0,f99bd4afbf8edf456e0c9c6a59cd9dfc,delivered,2018-06-14 06:39:21,2018-06-14 06:55:45,2018-06-14 10:17:00,2018-06-22 19:46:31,2018-07-12 00:00:00
ed18204b2bef82c1eeb3f13852c9dbdf,39aa3bc114b6574df1c7fee96f24199e,delivered,2017-10-27 13:57:23,2017-10-30 09:35:16,2017-11-03 15:27:14,2017-11-25 13:12:27,2017-11-28 00:00:00
