order_id,payment_sequential,payment_type,payment_installments,payment_value
0f286dcb49da58061b9ae488027e4033,2,voucher,1,50.00
a31768d1614db23dfc711f738b2b774f,1,credit_card,8,165.67
d21d7411b251f35ead1b210dc946ca70,7,voucher,1,48.85
56142b6c34c40cccb3e3ee8308a4ae76,3,voucher,1,9.15
5bc488a3de801a774218a89c00b5db30,1,boleto,1,86.58
3171f1efdad00e249ba4ba19af1726eb,1,credit_card,7,149.31
aba3d283b846a03d398d549db17b649a,1,boleto,1,26.78
785e849a702dab4672f0febcf4c1afc5,1,credit_card,6,143.42
8c3ef96e828b5894ec632ba10985867d,1,credit_card,3,158.74
00169e31ef4b29deaae414f9a5e95929,1,boleto,1,55.11
62a303159c09b65c288433ea06a99600,1,credit_card,10,251.17
519e8e134cd15d39544f56d9ff932d3e,1,credit_card,1,51.22
0b9bb234d95f41600497d59b42087c39,1,boleto,1,219.38
ab588e77cdbcc3d63e479ba2862256a5,1,credit_card,1,183.89
247d40d57494c99a2d2112878041d45e,1,boleto,1,52.37
0f286dcb49da58061b9ae488027e4033,1,credit_card,1,7.68
1466219eb36318493e16297ec7a2d87a,1,credit_card,1,64.10
e8253edb8afd8c06fed540435eac942d,1,boleto,1,60.31
b2d779a12592e693ae93fcba3b3969be,1,boleto,1,207.28
0b50495c5cfeda8c9d7abfe80aea74e4,1,credit_card,5,57.22
5433a0ef395e151f154279cd3fcde661,1,credit_card,6,158.45
cebfb93d43892425be3fe47edbb54347,1,credit_card,4,237.94
85df9618973ec5807b30a864e352599f,1,credit_card,3,76.58
14130f70a2038f80f97d9fcc6e590ba8,1,credit_card,10,269.75
482c3ed0fe2eb68b316507e78faa6783,1,credit_card,4,135.56
de86df6ab3b291975266e6ebf8da2bf3,1,credit_card,1,78.91
3830b3dc35d6b2cb26c3cbeb0eafd799,1,credit_card,1,404.43
dd7e0efbe1cde6192eff0ea57a7b2888,1,credit_card,1,125.88
841a78e6ae7179553c784f4a69955d5b,1,credit_card,2,109.18
b26aeba3d93317ee71f2902c276eb992,1,credit_card,3,84.12
2c316630a424abef517f1f8d7295d666,1,credit_card,2,114.18
033a79557b0d234035b38da3be948574,1,credit_card,5,59.35
8bcbe01d44d147f901cd3192671144db,3,voucher,1,6.25
64c61c97b53cc497fd3bf4887d7bbf8c,1,boleto,1,61.05
b5a290773b1946d7fd79425b488b0e8b,1,credit_card,4,208.07
e1faf9211232539926d65299a9067f98,1,credit_card,5,218.78
a10025dad19bcbddfb29902513f39ca3,1,boleto,1,114.90
34a9a98676d240a885b690f92ef1b430,1,credit_card,8,186.72
6f433e1b5764eb255869aedbee1b9d72,1,credit_card,6,162.35
6b0e4ed8dcbabec5410a8b28f0405cd6,1,boleto,1,180.85
5dbd736e8af7fa0c1c7528c53b2d2f5c,1,voucher,1,37.89
1f1f6cb06f69d4d020c56d12c8943240,1,credit_card,1,37.77
b9a703ce4f5ae752f1ea894775d250ff,1,credit_card,2,140.68
6bc36770d620721000e91c6115924837,1,boleto,1,117.93
69727f8e9f934f9177e36f31d1865c2a,1,boleto,1,70.47
f8046b5049a674585e048bb954e3b494,1,credit_card,3,316.40
61dffbf220e7df65d65f1ea067fa0b1b,1,credit_card,6,86.86
b7a592c88818dcacf25f151e67f0bd8c,1,credit_card,2,145.59
73f078f94fbf270913ba09b8bb2d0f93,1,credit_card,4,157.79
db4c181f6ac63a558233e98861beda3e,1,boleto,1,54.00
d4126c989370101ec1b96733f4adfe79,1,debit_card,1,83.14
0cee95c34f2cd6a8e38d9b170b9a468e,1,credit_card,1,117.96
3a27e0b9d5d118eeba13571803a2b08e,1,credit_card,8,231.18
55ea12225a84c0269c9ae6604e6f9141,1,credit_card,4,99.35
456f9f06a58b9d22e98d54aeae391575,1,credit_card,1,157.11
e6af9b3f52266ed3aee09ff6bb028afc,1,credit_card,4,329.06
2fa74b22c65ece27ba1edf1f40354e19,1,boleto,1,79.00
a2c173a8905b6e8f3c6ea83b7d9c6b91,1,credit_card,8,169.60
a77a378498a60424c73641a2bce561f8,1,credit_card,7,70.09
55c9cfabdee5ea72c34f3861da9e817f,1,credit_card,2,139.46
77d599900cf351da04c8d0f7b5ade74d,1,credit_card,1,163.06
8be7a307c750d151af4661da51b2bfa5,1,credit_card,10,466.12
472d6b3e92be83f747dea801ed1d461c,1,credit_card,7,74.05
25ce89b82d611789988bd8dd3722c6af,1,boleto,1,74.72
680caaeaa537d89cb256b5538bd02773,1,credit_card,8,320.10
b2d1902261f105c5c09ca05dc05c2aa0,1,credit_card,1,147.23
d630523e4ead4d29e7dd497f1a47b90e,1,credit_card,2,38.68
53366f56110f65cb92e10f720b3679a5,1,credit_card,10,806.46
011405ae7b89def8ffb3468eb29c299d,1,credit_card,1,37.86
9ecc5c5e57de488331667fb8c3d5f689,1,boleto,1,121.90
d48417cf367104ba861b31d6ef9d9528,1,credit_card,1,70.67
bfcb171109072a41eb811fe6bda0c94d,1,credit_card,2,236.55
4d5f4d9f45924156c57a69d5ef886822,1,credit_card,8,342.18
38ac0cc1879cabf9cb23a2e8f217acfe,1,boleto,1,875.90
9d85f63ebf2543ff0cb9d3a3bdd7ead8,1,credit_card,4,187.28
5ad674ed6e835a39a6a7d73bc989ce57,1,credit_card,10,396.10
932c319ee28911384cce008c02f0b448,1,credit_card,1,80.92
b28d46b1868c3e5ad7bec94c220e36ef,1,credit_card,1,67.36
aa8349da5e4a45c547cfac79368e930d,1,credit_card,10,121.68
3578f604ba267d1491f68d8f929dbf28,1,boleto,1,49.42
b6be905f6deafa5ddd73c0152e4d4b3b,1,boleto,1,103.65
d116a9f838daeae6ab2e694cad2045f8,1,credit_card,1,74.41
4c43459211e81f383114dbcc328b7ac4,1,credit_card,1,139.11
37cc3389217eea1a2c533e2314052c32,1,credit_card,2,80.89
1f93b86e99f08972d9d0fe0757d8c6b3,1,boleto,1,68.13
46216bad82195f8dec79cfde98c57acd,1,credit_card,1,49.34
6e5fda4cd8dbfe3f9c8485b8d10d7503,1,credit_card,2,136.08
ea3f7480344322038931bca4a6e6f858,1,boleto,1,125.53
25af0443015b8d200489039a00361f2e,1,credit_card,1,54.94
a90d54c4e730c3f73f5fbf256ebe58e2,1,credit_card,1,126.64
d5d415a80776eabc101e98603d000455,1,credit_card,1,74.50
e821c71ba6efed0813bbc0a01a95f24d,1,credit_card,1,40.63
9abb2627b40ff1591e62553894e6b312,1,credit_card,3,127.41
e86938345405d046452bd662085b127b,1,credit_card,1,135.48
c1b86a370f491b37cc3adb8ef0a21fe5,1,boleto,1,146.85
8ab0c0ecda227b5dbcee5c23f28f0ef4,1,credit_card,1,57.43
f82a3c6e1e4ad29964e50eb40ba50ea8,1,boleto,1,166.81
ec88157ad03aa203c3fdfe7bace5ab6b,1,boleto,1,182.91
5b3e6244d63f344c1ec9663776e1ca97,1,credit_card,4,46.69
1e34943faee67957ebdc93ece5a8f906,1,credit_card,1,419.03
48d0129c92992c4ee4c6b7b034c63336,1,credit_card,4,58.53
5a8a7f4c51588126be426fa3d099b828,1,credit_card,1,203.91
7aa518be998a5e4ae20ebc594ddc96e0,1,credit_card,8,368.92
0f30693cac68f8597594c35a1dc38a8e,1,credit_card,1,83.13
7b2224d2541bc6874a3767724399a203,1,credit_card,2,144.56
e1f37ead3c565a7f54eead433530c790,1,boleto,1,28.28
48d545666a0d9303e1ef851ae9465976,1,credit_card,1,197.58
0f914d0786d04db3fe3dfb23cfe60aeb,1,credit_card,1,87.64
f498aab8c4d72194623c6dcdb2561b3c,1,credit_card,5,144.78
ac8a7a5a2eb68fd70147207a05c5e9d9,1,boleto,1,107.05
aeb42a43f79770a6814d16704d4e1f58,1,credit_card,6,187.10
cf0e7f7b96ea1d2939d084ae7b99f10a,1,credit_card,1,764.52
cca0f2f13b67b19407e3300a249bd506,1,credit_card,2,67.13
358a4d03ca7ff11e1005742a0fac54bf,1,boleto,1,53.85
2f90cbbae872c312d21619dbd02ab3a5,1,boleto,1,161.49
ceb35b18f6b84c1c75f02859ce3160d9,1,credit_card,1,87.52
10c2b05e3b425d09cb2a1fa7f08d701f,1,credit_card,2,225.23
571ceb25e5db8f2493bdc932ae31e994,1,credit_card,1,43.09
5ccb4a64fc9be1b3a80e261aef938115,1,credit_card,1,144.07
d75779e6c1a84594d2f0721948133e6e,1,credit_card,5,159.22
26a4c5b97bdf4e499a22334ea494e883,1,credit_card,5,349.07
0c021596b865eb54c02ad64bf7d55aea,1,boleto,1,72.75
b3a32621fc0c7dc8cc99ac717fc61b92,1,boleto,1,47.38
0e6f08a9522bf9b1287fb24ab250dd81,1,credit_card,1,176.14
0a2ea907b178650afcfcab07e55b70f6,1,boleto,1,75.25
f8fe2e394d3641489e6a2ca1cc40651e,1,credit_card,1,76.86
a5a854651cfe0d8da9f1669266fd4063,1,credit_card,3,101.18
d3764fd6a2c04354a8cbde8508cc0ba0,1,credit_card,8,90.42
d2b465d6828555de4d5226daea422618,1,credit_card,1,69.90
2788c37316cfd96e71107c07b22454c5,1,credit_card,4,107.17
38ad398ccb6f45911c35e8625cb68087,1,credit_card,3,155.91
390056468c27192af8354d708051054e,1,boleto,1,18.70
e317f41180b8a6fa3ce86b6fba6ac3fa,1,boleto,1,158.27
82ffe097d8ddbf319a523b9bbe7725d5,3,voucher,1,20.00
e257ae8610fb4fb68a1f459c3a4b1f51,1,credit_card,1,131.73
53cc826fc95813b674969ef042406273,1,credit_card,3,73.03
bc6c23697db04d6dad824fad9a547d7a,1,credit_card,1,89.25
53e1b8f33e706e740dc7fb9005d242a0,1,credit_card,4,45.34
6561b237241a2fbd514d45440cd1b349,1,boleto,1,118.88
5970ae5c335f20241fd65ed1379fe3a1,1,credit_card,2,135.08
275bdc3d32ed65dee689eecaa10e7a80,1,credit_card,5,268.84
b1e83743987d023e63838e2fe9149231,1,credit_card,3,190.98
a96d80130c5b0907958c4cfeadb4bb8e,1,credit_card,1,83.41
ec91a58a83b62633311320a62097c129,1,credit_card,1,65.53
e2210e9067554988ff724209b5b7a474,1,debit_card,1,45.09
4f40b7b437c07599a6f77c6ba8977dcf,1,credit_card,2,162.91
2c9b1f7bef0f4fd1ff94ce18f9ddc0bc,1,credit_card,1,43.05
0a8c95289dc386957c00a84dcc054d5e,1,debit_card,1,134.83
bc0ccb298ff96bfc777b62cfe75899c1,1,credit_card,2,117.96
dca3b709f4c0389495cb4fa1a063440c,1,credit_card,4,47.63
7b103f0841bda2b0b9e208b7840a762c,1,credit_card,1,187.89
6227de9611e75b006686710c6a29df35,1,credit_card,1,130.07
a15d904c9e9cfb9f11a9752fbf1b6a7d,1,credit_card,3,38.32
7068f14af6c3c575490f74b6aaf2f05c,1,credit_card,10,1093.52
b843f3e786e91ebc527779dc682f5487,1,credit_card,3,37.86
b2d12a4a4d83760c773b813c1c6b335c,1,credit_card,1,47.63
e0e8821153a77c23ac4dd81c2e687ee0,1,boleto,1,65.51
ae3ecd7aadd6785fc80415c76a3ee139,1,boleto,1,180.76
019ccfeea1ea9afbebdad57d65f2e36f,1,credit_card,4,167.81
ce2d0e7e8a249b93d3cfadb57113023f,1,credit_card,3,72.75
a6ea59851ffee8cb73761179fc7bcb6c,2,voucher,1,89.25
42113e78f28f6201edc22b1a9f50ca81,1,credit_card,2,130.02
39c7d4ae602c664a264c6da2d674f418,1,credit_card,2,58.26
bf92c69b7cc70f7fc2c37de43e366173,1,credit_card,3,166.71
9a3deccd2b0279aa76825542a6146030,1,boleto,1,142.43
54df3693869c9e8423b07e0287194059,1,credit_card,3,174.74
330534a2e7ad98d0c76ee20bfa001c50,1,voucher,1,20.00
25ab32ec1b293e1889e29cce8820832f,1,credit_card,7,73.34
b8e8aa8bd53c50e5be82ea6f6a04e417,1,credit_card,5,102.37
7222c3a8696a84d8f538ee8db5832c67,1,credit_card,4,377.63
1f9acfb03ed5bcc65242f54f6fec83a6,1,credit_card,10,347.06
0d24d62857c1f2d00801a3512dce5d1f,1,boleto,1,122.80
deea84bd5e80bec98688cce040163d4e,1,credit_card,3,152.96
26884dfc89f32e105d001c993035c55d,1,credit_card,3,126.19
bc878545684a3c5063d67725f1113ad5,1,credit_card,10,605.85
3d34e2eec4245acada65a41a949f2568,1,credit_card,5,242.54
9da45042d8eb6c75611db8ff1a176f8f,1,boleto,1,163.06
518f635a71b22cd5e588f9ba98f6204a,1,credit_card,1,104.09
0170e40334131d971605ae70efb33e4f,1,boleto,1,37.23
d52ec59371d4477349b3a26e9607dc2c,1,credit_card,1,17.29
c09b04d29fbb1982a8af49b8ada809e8,1,credit_card,5,50.86
b3b4094d535004ba0ef19c96ba6dfd11,1,debit_card,1,37.13
a7e6fba3426b2524d4ae03c6bcd147ee,1,credit_card,10,782.26
8734071c7bfc4d453e59546b22c5ce0e,1,credit_card,2,75.17
f14edad9e9d494755c49b2e0897de3b9,1,boleto,1,186.27
cd0c854775bce057e6a7e27c79a58f00,1,credit_card,5,143.32
72fcaaf6f276ca11244c4a82bb009eaf,1,credit_card,6,63.09
b157dd3a8db0279fe95e9272103e8078,1,credit_card,1,76.29
892e01736ad734f028d207bb6578ff85,1,credit_card,2,245.35
0eb7dc4e9168fd2e3bc791983492d99a,1,credit_card,1,57.51
fb89dbec79bc8b1f0d12165058cb1cb3,2,voucher,1,25.27
8883dd20e652369652c1abd7a411788f,1,credit_card,1,209.30
f2710c3e65b68cfc927a8aac6ecebe83,2,voucher,1,138.05
7f40788714e03b8dda5b7ced37a77e37,1,credit_card,10,182.93
384cb810297edfa8442e7b06f4d4850f,1,credit_card,1,36.79
051fcda88d997d3ff86012da2a556342,1,credit_card,4,51.70
3602a80b09d914236f74c733631f3b8b,1,credit_card,1,133.03
a2c93edc2fa319d3e6aa9e18dc4b3b19,1,boleto,1,100.47
936ed73e77adab4aaaf271bddfef8f09,1,credit_card,3,242.13
2d5179fa58ed22b21f86902df78f8584,1,boleto,1,193.34
d21d7411b251f35ead1b210dc946ca70,6,voucher,1,50.00
37732eb932f8b2b2b3d7cef77833eec1,1,credit_card,4,116.97
be0f8b9e1444dc69d1288a37e32d2895,1,credit_card,1,453.88
5a6bd2554afa06bed4854ea73c7e2e33,1,boleto,1,29.69
3891b49649a70373bb5e93414f86c525,1,credit_card,3,71.14
9b75fa68354ea9cd02695d002b82b109,2,voucher,1,30.22
b23014161ca1bc596a96e77112ee5360,1,credit_card,3,43.00
5c2049caca936695cfa43805ebe7d8e3,1,credit_card,4,49.62
8192ab7fdf1ebdc4ed10c42d0e211ba6,1,credit_card,1,17.28
540c5ef7f6c23f2547a73029172643da,1,credit_card,7,158.11
2d0a9e6d2de5c45b98c59fdd868f2076,1,boleto,1,55.23
ea5b2c0d002d415e1c5e7d7f39c831f5,1,credit_card,1,447.42
3558178e8d339107c501b79be5836b47,2,voucher,1,31.07
9537e35e835d4ae6b7b219b8b2e36817,1,boleto,1,142.65
d44d3aabe5fd82754ca3b4696cdc90e7,1,credit_card,8,300.00
3a096d99346df2d6c043165967ff011d,2,credit_card,1,36.59
802a4ce6a0333eb94effff686abc8f27,1,credit_card,1,4.77
bbb2d49836a81a36102519667b44416b,1,credit_card,6,128.09
d839387d867d8d152843b37c4b8b09e8,1,credit_card,8,249.68
d6a4e0f6f17d5eda710c204339ec6e51,1,credit_card,1,65.55
1046a71a57b33b4a92f9f932237f1ab0,1,credit_card,1,44.27
26526add9da95bea7b977eff1d40d11b,1,voucher,1,34.09
657ea9232c582c9e40330a60f68dc189,1,credit_card,3,36.13
e02d1acde68fc554aee0e2913c3179d0,1,credit_card,2,95.64
bfe3860674d71c4a8693185caa8b2c65,1,credit_card,5,116.06
5dedb012dc056caca4184c7fe7ec5613,1,credit_card,2,450.53
69f57d3eb1a981a8fd71d99c39bb6109,1,credit_card,1,142.63
18c48366114e65c415b2c19448f7c146,1,credit_card,1,53.01
214cc0f5b3a0461874dbbc915258bb54,1,credit_card,8,203.99
6744ba320cc05c157f4ce99347a87e12,1,boleto,1,57.29
1a7c68f8b0d5a140d89aa6ab7f7b4409,1,credit_card,3,31.13
a14a2e543b33add9891cabe38fd844c8,1,credit_card,2,118.66
9d0ead55b274d0c21fe95108b4b3ffe8,1,credit_card,2,153.83
71a911a3509a408b60846ed2e5f91e70,1,credit_card,4,185.83
8aa41a2ff86625ff13d88f289b48714c,1,boleto,1,148.15
ad2a607cb972296b63c687849e21dd34,1,credit_card,2,162.90
4bcd0329b76295d8f76bf2c18e12f6e7,1,credit_card,8,292.99
c195e207709acb5b45f5b8d6e67899e3,1,credit_card,1,106.51
38567ea58a8c84a1d15845d0de8a855d,1,credit_card,6,116.33
a84a2c86f42a79c101ac5783d3881645,1,credit_card,4,192.78
c87d7a80e2ec732b00980f3ea7961603,1,credit_card,4,315.84
f001655c8c646cd1b5185bbc2e7534f3,1,credit_card,2,60.60
6ddda171d214be5f13055479d8b41364,1,credit_card,6,364.99
cdde87555bcd91df4fa4f191cbc77774,1,credit_card,3,227.24
ef1d282a121e2bee046bbab7f9f88331,1,credit_card,2,44.20
7cd9f4c5a26e353b50e10cc165ef40d2,1,boleto,1,68.64
8688a4903fddd7ff09ac974e258c93d2,1,credit_card,3,85.12
89faa15dbbd13f5a340deeddd4f7f721,1,credit_card,5,68.13
1cc13cb7d2099f1e6d86b81bb6d15446,1,credit_card,3,162.55
938cf86c22cfbcdef5e04f4038fad081,1,credit_card,3,69.73
0b50f9db645dbb8c98ebe37fab6ecb3e,1,credit_card,1,58.59
013aa6ba5077072401773f83f1ee6408,1,credit_card,2,178.21
8c7304b887c62d8b229df046f90e44f4,1,credit_card,3,145.66
e756c16a8426f61eb4298bd6f590556b,1,credit_card,1,110.26
0e2fe4a9435f66fade2904a904a0adaa,1,credit_card,2,58.46
4d5cefeb0501de96acd522c3742d3d04,1,credit_card,1,141.78
fd3d5d5f83a8dc51d0acbca416b5e7b6,1,credit_card,4,330.46
cb82f50adcd9978f835fe94951603fad,1,credit_card,1,131.06
51624e6ae1a0491539baed0f69d34230,1,credit_card,3,96.08
d032dd122bc93c30a420b6ee101c7f69,1,credit_card,2,27.87
b132ad2a1d3d44a9fe2fe6b63c406593,1,credit_card,7,79.24
e2b405a4cccf1e66eb8d2b73a4bba700,1,credit_card,2,141.74
fdc9d53919c301a0d27f2aad205c5aea,1,credit_card,2,95.80
56142b6c34c40cccb3e3ee8308a4ae76,2,voucher,1,9.15
e28f56dc0353b7bf8f78f05ac639ba21,1,credit_card,6,69.43
3d60cbc30fe424ccaa1b75c0c2e1cd90,1,boleto,1,53.89
2aa34343b80af35eb485d6511edf7a1d,1,credit_card,1,42.65
4c1bccb42ff068a53ac02ad1109be5fe,1,credit_card,2,59.82
406d7ae7632b47850ebdaaf719a4c715,1,credit_card,6,63.34
eb07db9884e44e51d9f3f7e6ef2715d9,1,credit_card,3,70.49
3579ad4440247fd01709d8583ae2c137,1,credit_card,4,71.14
eef2a734891eb6818c0c74bce088a982,1,boleto,1,139.94
4497ba9d409157ae7bc8aaf8fd113307,1,credit_card,2,372.42
d477ea450bb767cf9e8bea5fde7336d8,1,credit_card,1,81.10
6dddec4ff6cf5567af3fe54023e28500,1,credit_card,3,145.65
1d95cfa17a6ea1b7908c0d284f9ee2c8,1,credit_card,1,51.86
8c0921d37402722b282083329db79f9b,1,credit_card,2,171.69
31c2a1051b9b9899d82d9b980ec8775d,1,credit_card,1,61.85
7b8cdadf6b13903fc09049ba85f5ecb3,1,credit_card,1,241.71
641260b6b13348c1853886a738a7f9b0,1,boleto,1,388.25
484ab8a13180429b94330c723289a4f2,1,credit_card,1,61.27
cb26769d014df1d16ffd4de9098e95d7,1,credit_card,8,87.74
8599e76adf580692cddfebfcea8042f0,1,credit_card,8,222.68
7c7fe53f2fdb00627f75d98690d753bf,1,credit_card,3,377.50
7911b64405b6667c48cb3f1334f85432,1,credit_card,1,49.00
34fdc362961364d3ff08986ccff2212d,1,credit_card,4,257.45
d86e34fb55dbe6507acb469ef5d50906,1,credit_card,1,52.68
802a4ce6a0333eb94effff686abc8f27,2,voucher,1,47.73
f9fcece01e53f6127dfe56deebac3329,1,credit_card,2,103.04
f8e373563d5e03306b7080b3c467f0ac,1,boleto,1,21.94
e33f532fabfd63c8b0e637d99e3dfdbc,1,credit_card,1,101.82
8748f09f5b3de56a89acecb0b56618ae,1,credit_card,1,48.53
701ddcb0eab1d32958b3638a5e8c4e97,6,voucher,1,4.88
67009d1f213f762960c97b4f8629159c,1,credit_card,4,216.83
2ceb986b3043c2f73ab7577c6a41830e,1,credit_card,4,192.49
922acd93e452539fe6833fd485296ffe,1,boleto,1,67.50
d02a27af33a8164ec42eeddf27c5ad59,1,credit_card,1,127.50
367d3cae768c0b4e7a9aad6ba7bd31db,1,credit_card,5,57.80
186ab35ad2c07d4b35781c8bb314cbd9,1,credit_card,1,88.49
54220fcc516cabe9ec84b210c0765ef2,8,voucher,1,10.82
ca836e631fd3b9408c19cf18ee331e08,1,boleto,1,194.08
cc02601c19d68cb1a4cde5a11aec694e,1,credit_card,8,414.81
785c89d4e249aa8f0ec838dded807fd1,1,credit_card,3,65.43
1032cdde705c24776a43441b77855fe6,1,credit_card,3,146.30
8dc880cb89385d6213c7ea6fb637b0d4,1,credit_card,2,66.01
be7ef653148b80c79b5d9b8500c47949,3,voucher,1,32.06
7a11da7177850c642520f68efae51bf1,1,boleto,1,348.89
fddb99cde66af279ab48d2dd5d987dd9,1,boleto,1,38.01
98e94d121fb6444de93e426ceeb1e0e0,2,voucher,1,50.00
d598cf8c9a25d482dcf98cadd21713e3,1,credit_card,1,33.22
cfd2fa043913decbf8554ea5ce59d723,1,credit_card,2,117.85
2f4ed6d6a154e53f5593682472f8e6ea,1,credit_card,1,63.49
e5882de2409ffb5a26782367e95b91ba,1,credit_card,10,1384.73
8a9424899aac432d80d8e580932b5ee9,1,credit_card,1,6.79
2142bac418a228e6086f5294a8fa88db,1,credit_card,1,9.02
04778abaab7b4bdfb0abb1110f1eba52,1,boleto,1,43.22
c9645496b715730a1a5d07eb97a6bf6b,1,boleto,1,141.48
9f10c0ea65a77a1a730fee1bd83c6ace,1,credit_card,2,387.27
1c4b050b03674a68df8780c156a1e117,1,credit_card,5,73.40
c5edb2bc00fb701345fbe2bd9aedaba4,1,credit_card,1,79.29
7b1dc739a78d04563a4fd62f5a6b454f,2,voucher,1,16.00
3927ccce3a002f3ee410b40acac817b4,1,boleto,1,137.56
1a78996243d1d136ceede8be7f031356,1,credit_card,1,122.50
dabb5a87a6d9cc1388abf76cdcf76e5b,1,credit_card,2,197.27
fd2abbf4e0f632ba709f0059c02da633,1,boleto,1,36.45
3126b9be3d5939e25084a4d9661652e9,1,credit_card,1,92.06
c50c2e8e1b1c816c419c308b30e0420c,1,credit_card,10,675.03
9423ec5aa2843d66ab1e34407ecb9b74,1,credit_card,4,58.61
be4c0eb384232a183463d7d7604842d3,1,credit_card,2,85.14
4c907885e2378d72e669a15367eddd7e,1,credit_card,1,56.78
35df0cf1d7650c5c0ad88837c4dfde89,1,boleto,1,123.34
ffde92ba447b33a47d1c04d203f10f41,1,credit_card,10,304.70
7529dd1778a9d75bcd367a8ddc1e9d14,1,credit_card,2,77.57
4139faf4f621fe4b49e3e0d71bce665c,1,credit_card,5,93.92
d858d63e625f2b1e5273f8e9312802a4,1,credit_card,3,136.29
25e4af6ebff2dfb6213c8cc7e36ecbed,2,voucher,1,25.63
537be38441cb6b55c59979427abe99ef,1,boleto,1,96.59
9f34e578816993ab6665797c08919c90,1,credit_card,3,118.09
996936689b68af80b51ef3c429a4f386,1,boleto,1,36.95
4379c802ba499c2c871ee501a835c33c,1,boleto,1,54.00
06eda05597492635e3b91e00aa434332,1,boleto,1,216.14
638407085366c5781b3cf8140fce7423,1,boleto,1,234.20
68442190a6c60659698fde46bcaf0e9e,1,credit_card,1,77.57
a139ecd5f1989a8f5d829cc03aa1a046,1,credit_card,8,82.97
d28f2bc60aaf4da8d97ff1319fdffab4,1,credit_card,1,82.33
924d24dd7c6de024d96e25d4812d65bd,1,credit_card,1,89.39
fa8b91d8aacb92e77cd50059ac39c474,1,credit_card,10,140.49
0c9c4433b5b33bcc077a814c9dd7dc3b,1,credit_card,4,142.45
fb6d9f2b63d335de19b9df4b1c4a6f51,1,credit_card,4,123.69
072d14a6096a0b4e29e3e2d6f11f58fa,1,credit_card,3,37.45
d7af03d172cfda274c7a7083bbaca11a,1,voucher,1,174.35
9711d75c7f14daa7b898759d42b9af64,1,boleto,1,86.24
031494323fa558eee8dd1bd06fc34713,1,credit_card,1,28.75
eb45ce36240dbf895bef98be0d1a85d3,1,boleto,1,53.30
1053f48dab84166419bcecff0003c7b9,1,credit_card,2,69.28
9ba2e8784e3e43f617fd0faa356d309d,1,boleto,1,33.72
93ddc164704b957c3c891cc9d2c20b21,1,boleto,1,137.85
67f2c83aa137c06c89e1dc2a057d0140,1,credit_card,1,160.24
e5d931ebd7214cd492fff71fb6a2aeff,1,boleto,1,222.70
0c73b283fdefcef04be55400a4f6ccd1,1,boleto,1,62.25
572060f1be47253575daf3b88019195d,1,credit_card,2,24.17
77af7c6e42549e58f42977d5be538d0d,1,boleto,1,128.55
fbe1661023a94e53d4ec2c938e38c8f2,1,credit_card,2,28.50
39b1f85275dd200066b0ec1a4b5e09c3,1,boleto,1,55.06
330a5c6006c3128d1a4345251ccd3ddf,1,credit_card,3,214.28
e9dc230425f2e6480a1ff929cd2582d5,2,voucher,1,197.24
be049b6fa688493e1676db5fafc0bbb3,1,credit_card,1,66.26
03053b1cb20006c7f8160754d56f4f6f,1,credit_card,1,54.01
6f838eed4f03f8be45723049df0a91a3,1,boleto,1,141.48
62529dde2b3d81415417822b4bc91581,1,credit_card,5,51.04
109ff01cec6b68a8e70ed431552b9be0,1,credit_card,4,263.24
4d5e865e4b64c8b33f8a81fd14731344,1,credit_card,1,62.25
658028ee7633b50e656cea96a31274b1,1,credit_card,5,135.84
ee9ca989fc93ba09a6eddc250ce01742,3,voucher,1,12.49
f1beb4a73d643e796b824e6f680528f9,1,credit_card,8,452.98
9b2d3a2e24dbac479d430298eb8905a6,1,credit_card,8,238.82
5d2d954e72e7ec31baa0a784aa82a1d6,1,boleto,1,77.08
707b1eade17fb8a0c67c686946879f54,1,boleto,1,63.13
795b0bc608229d7cb45e79030bfa7d4b,1,credit_card,5,154.74
17e73283864f2c7bbdb6856a2b7bc13e,1,credit_card,5,196.11
86f9158c646801ca3b16b26373ba78da,1,credit_card,4,92.32
ea5a4621227b0158f41da12e948e6267,1,credit_card,1,19.33
27ad3cde457631774a337c7d7bad4285,1,credit_card,1,58.16
a78b0514381a2ddd033d250ffcdacc13,1,credit_card,9,130.84
4183a895b0b1ecb44aacb723661eec8d,1,boleto,1,90.89
b59976950624cdf5b8be6b9fddcb2460,1,credit_card,1,53.61
97bfa91db4bea5977d7f4d5802d186b1,1,credit_card,10,317.15
e9f01d29281098ee776a7954eae03dda,1,credit_card,3,102.74
64fe1a032e48385440b54e5892d778be,1,credit_card,1,34.13
b744841b6a754e51042b8abcab208ffe,1,credit_card,3,133.26
72be45eab146087612b9ee932e825574,1,credit_card,6,128.55
0dcfff35f1d2e0fb46301c92143663f9,1,credit_card,8,84.75
244e91c4c416908e17829094e3eb7aa6,1,boleto,1,42.46
da8eefd7ee5ebac9e6163fec64141557,1,credit_card,4,49.10
469ebbc645e0d5bdfc7e2dc9c5a25f75,1,boleto,1,285.45
701ddcb0eab1d32958b3638a5e8c4e97,5,voucher,1,7.17
aaf067f5adccd2b8fdf1a9f651a9148a,1,credit_card,4,240.53
ee7f4e0a5223e51719a98941129bbc24,1,credit_card,1,35.51
f2e62e5ce667ba626a17ef195d775796,1,credit_card,3,38.13
70c06583df3a26d0a632b3205baee66a,1,boleto,1,180.51
a6414c6610d79fef8ecb35e54989d566,1,credit_card,4,258.90
96a2b5167187b3cfde60cd245d421132,1,boleto,1,48.22
d0836b3ff071bfc93b8a3c5acd8b63a6,1,credit_card,2,183.69
ed6fa5e51bb096344440db276aedc37b,1,boleto,1,197.82
9d96a9e98c3d858bd5671f4063710829,1,credit_card,2,202.87
2e571b4487c7119502acdb48043efcee,1,boleto,1,1078.43
914e3f7135c8d9046278a046552ebb6e,1,boleto,1,62.59
684c3c1d1b032d52568994de2b76945c,1,credit_card,1,96.22
ee9ca989fc93ba09a6eddc250ce01742,13,voucher,1,6.51
70b125b1e127de57a1145f484705786c,1,credit_card,6,137.99
91d87f183dde318c03f68e1b1eab1314,1,boleto,1,44.75
bfd5957bdfbc86a1882ee0dfa7a36a47,1,credit_card,4,183.50
894f91c1c79ed1df3d678edb9970e88a,1,credit_card,4,219.27
d7c88efc86371e81d37eb2cff1c61020,1,credit_card,3,122.17
c64f99013aa55e3d950573bf1a8ede4e,1,credit_card,1,98.14
71b74d0e5cfa77c4b848bf0dbd8f7117,1,credit_card,1,21.38
bf5d8018171eeb0788be7f1c871eb981,1,credit_card,10,248.85
4066e404b7be2a4a7331bc62da6fdbeb,1,boleto,1,16.98
d368ca1b5f6b46bdaf14b7c0cb5e40a1,2,voucher,1,50.00
fc395bfc7bc0ca54d0fa3e4cc90d055f,1,credit_card,1,69.32
f91dcb4d9c1f886ee0e187dba0de6828,1,credit_card,2,101.00
1166012db74ae7b2b443c002e1c0c019,1,credit_card,8,366.91
af4812c0286cb623517321205ffb5d1e,1,credit_card,1,26.98
7368d87533725a6bef612cdc83678f4f,1,credit_card,4,236.54
c230f6e954ab2b2aed5ad7458d539258,1,boleto,1,139.47
f1b8509dee2f914e33ace8b9555a7e51,1,credit_card,2,266.40
458c6e383ce04c24b3033392e56c9283,1,credit_card,1,223.24
4aef3f299b3b56a9e29adf7362dfc3f4,1,credit_card,3,97.90
f131e172fef158275f49417eabdda10d,1,credit_card,5,106.07
0997090fe6882d45c6a71660aaffaba2,1,credit_card,6,71.53
85b65cf0a36d51265b279d78117ea65e,1,credit_card,8,669.30
2c88b5879d666444b90643a3817f9b97,2,voucher,1,64.18
4dd4745f66dc08de8b825edf6155ce4b,1,credit_card,2,64.23
9680f3fdc078a63f1a4d5fca0f7790d8,1,credit_card,4,213.96
a33709a7ca5c9d407f00018a7ea3a533,1,boleto,1,158.22
19421091ea8830b487a1aa4c43e074b6,1,credit_card,3,154.29
853927b32b0ebc007ece729a314338cd,1,credit_card,3,214.05
43f32db0dedd975e294e98ce23b24661,1,boleto,1,1937.64
490f9c9fc86a9e753c5729f7119e84d7,1,boleto,1,43.18
6c004aa51ca258da5f0936ce3a38ab18,1,credit_card,1,27.64
deb8ce115f74e504ae38e7db9bdd42e6,1,credit_card,3,65.94
36cd1ce42b6013f372ceb0a80b2a1b7c,1,credit_card,5,329.55
90c9aa0e4721db1de14e8528707b21a2,1,credit_card,1,111.89
16c96dd4350d02d1890b8b7fd141da9a,1,credit_card,1,289.83
6942aa7dee89fafe04b6ff790e74912e,1,boleto,1,228.00
b14149872b01643d235710d4a84d55da,1,credit_card,8,363.20
cb0909932c118481a0e44396d80ab2e8,1,credit_card,5,68.87
3c630824cefd356b7289838656c9cdbc,1,boleto,1,20.38
7beb8dfe9d03e7b0b7d7b811842a0fc0,1,credit_card,4,129.37
55a4f9b50beced29f599c03bf4df76e0,1,credit_card,8,87.15
1f153a6d92d413d94c540554a49e47fb,1,credit_card,10,133.22
fe59965bfbf484aee4f2503efbd933d6,1,credit_card,5,64.10
67c4fb37550e156c42ebafde460fa354,1,credit_card,5,114.34
7d7db898e5eaa10aac6c7fb616d9d7dc,1,credit_card,1,45.31
1d52ba7197c7acebbb4f826f6585536f,1,credit_card,1,286.09
fc5fbd714a68c4cb0a3a927b2525109b,1,credit_card,3,154.60
c10b534f7703a278c245f38852273dd5,1,credit_card,1,55.09
c70e1bd940c5723bf066a1dbcc1455e8,1,credit_card,1,159.23
ef303518c213c484b45e3cd59f745bbd,1,credit_card,5,50.31
8f0c341c40542ef2e5fee0d1ed7ba05b,1,credit_card,1,73.16
616349dfee9e27679881b25bfc3af335,1,credit_card,1,75.17
3c116d50bb76160ee1d7a2e8f5791427,1,debit_card,1,54.42
a87d8e4358ec8697c2eb5dbcc42f8330,1,credit_card,3,88.49
205d5db88d0a8b3736d1afa2f6a329c5,1,boleto,1,89.17
e2a6b0a5726eb784ad4d8281e02ff025,1,boleto,1,153.99
0176e50f3853fa068127afa3daff6402,1,voucher,1,75.07
9372c16a75d7ff9110358389ccaa0566,1,credit_card,8,155.62
7b4fb0197b18a0fd0e75f9e44b3fc757,1,credit_card,2,121.62
e65ed79c46c63118f16efacfca85f06f,1,credit_card,4,84.14
2caedb75be9b0acd4a4aa3562e5f898f,1,voucher,1,44.00
53f0bd64140840f70f00c89e7a19fdf2,1,credit_card,2,230.75
6ef946c23a02ae5e2cfe4779ad34d805,1,boleto,1,167.52
d5fe6827cc4a6ce0562e5e116c627839,1,credit_card,10,189.33
55772fc319b3906e897cc43fae9c1835,1,credit_card,5,74.16
fb4de3600d359f84927517e78ff9ba54,3,voucher,1,20.00
eed6f74a190f23b5a8ac54a8b86aa79d,1,credit_card,1,55.17
12905797f6a5f67c41d036a0ea9a40be,1,credit_card,1,67.00
b242b34edbc41ec738a3ff3cc4c0ae89,1,credit_card,5,102.96
594bad57a253656f86d8282c5365be89,1,boleto,1,192.90
8d8a1fb20cc3bcbed0c51fd0c70bc538,1,credit_card,3,211.86
b2206d0ce2ecabdb39fcd5ce941805ad,1,credit_card,2,116.62
82daccb8bfc3bb76bc1616a4f22c3cb1,1,credit_card,4,109.16
fb4de3600d359f84927517e78ff9ba54,6,voucher,1,9.69
b8d8e7c7fe850dd45f9e3762c8b4b940,1,credit_card,1,163.57
0fa05bb83efc10205ac8f4224f10c336,1,credit_card,3,147.59
9d532b51b8f3d1f0103c34fc72fe1816,1,credit_card,1,77.57
beea8116a9908f0390812fd77d9b1f2e,1,boleto,1,57.09
7131224bb3afd2aa3e6b81ca40bd8e4a,1,credit_card,2,144.50
450c895cd5341a52818d10c9593085bd,1,credit_card,2,143.89
001c85b5f68d2be0cb0797afc9e8ce9a,1,credit_card,4,112.71
e55650ed198645300501994955043aef,1,credit_card,1,29.31
be7ef653148b80c79b5d9b8500c47949,2,voucher,1,32.06
06e4e324b83309e575442446e34377d7,1,boleto,1,122.60
1ff2b191106588727c913321d52db56f,1,credit_card,1,319.11
ca7296a83aa279afb28c2388a4f48891,1,credit_card,3,102.96
bb18a7304967722c7cef28dff0a916ed,1,credit_card,6,116.21
5b5b301c2306435fbdcd698f1c3a5ab0,1,credit_card,4,81.31
4c30ca1b003a7fb3999df965167d492d,2,voucher,1,63.97
296a93c03580ee2cd6d1c20346191d6b,1,credit_card,1,38.89
11b1470a79108e6d6dde223c40bf2c4d,1,boleto,1,48.05
477140a02351a2a01918ec67d2d68ac2,1,credit_card,1,52.68
5d963a08322bbf0e9d783716d6e9c1a0,1,credit_card,3,52.68
fb4de3600d359f84927517e78ff9ba54,2,voucher,1,0.20
cb2957ca3cf764ff3a56c6f07e724f72,1,credit_card,4,315.98
b5781a5976dad5a78067d528713ef47e,1,credit_card,8,620.29
59ac3c3ef46e5a6355dde8dd64a4ca4f,1,credit_card,2,170.32
cd5e56b5a3ac9bab0513602f1feb6d08,1,credit_card,1,293.36
0d5d3777270af3ab88e1ad0e74c57e52,1,credit_card,8,158.74
52e6cb31e6d1cc5510759fc66b3a5385,1,credit_card,1,35.40
928c456c589166bf1f6a77a4ec6a8165,1,voucher,1,65.06
701ddcb0eab1d32958b3638a5e8c4e97,7,voucher,1,3.08
777b4b0b8467866361a717d277ef1b1f,1,credit_card,3,94.52
eddcd0974bcd773f5734decebf0225a4,1,credit_card,1,128.89
2d8e4baffe6056f0800c1d99f2960384,1,credit_card,10,396.63
8d60c8a11e4eefd1b431f3c126e0b3c4,1,credit_card,1,109.50
79632fd4663d3f0ff7dee9ac7a31a43a,1,credit_card,3,92.20
b6424e8ce7a66029b94b1221473c995c,1,credit_card,4,67.83
791ecfcf358d8482338314a266c01fc4,1,credit_card,1,96.03
d97670cc7c039da62e3bf444647fb307,1,credit_card,2,98.83
6448b940e7bdf635ae69dca1b81077bc,1,credit_card,2,65.00
91cad3260fc3d7cb677fe27010618ab1,1,credit_card,2,62.98
a33a09b1320a130c61d1d5d9b8aec5ee,1,credit_card,3,138.11
73eb70779d3a8a4647f8ccf9c43d2623,1,credit_card,1,257.77
06c1184eaca6e3877347f38cfe926100,1,credit_card,5,278.19
f3b26a8dbd85e93a90ae813f6d67b2a0,1,credit_card,10,117.07
8a9424899aac432d80d8e580932b5ee9,2,voucher,1,85.51
7fd7130d7e48470b9e4782edb0401a44,1,boleto,1,45.09
7727f2b370c8c7e236872c980d69968f,1,credit_card,3,237.59
072577283d9ec2718f05c37d141d65de,1,credit_card,8,82.78
6227de9611e75b006686710c6a29df35,2,voucher,1,294.54
947b612f269cbbdaa438d55bb70f1baf,1,credit_card,2,164.34
ce86f3b70e7bb8cd539eaed55e3553f5,1,credit_card,2,124.01
317bfcd79627d89d54a917da6e066beb,1,credit_card,1,123.89
9cdf9fb8b53e82a2a63e2618f49dc28a,1,credit_card,3,61.91
6be2c0f364bfae8f84f696a114aab022,1,boleto,1,196.43
a7dde6878527f0d1731d370978ba2849,1,credit_card,4,41.85
fcf3478bc90a1b2e214d529d0455dc1e,1,credit_card,3,261.45
61e5353969ba519689f085a0379fccda,1,credit_card,4,90.88
54220fcc516cabe9ec84b210c0765ef2,9,voucher,1,2.24
665bf879d521fe72a93430b55f6d5e54,1,credit_card,2,174.41
fa7809f6cdf09dfab24cfc2669964ecb,1,credit_card,3,52.22
2a18b3d0f12775db98aeb028d0e388da,1,credit_card,1,28.09
66fc85fce01ca94d68a669ad2f78c035,1,credit_card,1,58.41
2e9218017514abac32bb20f975e15ecd,1,credit_card,1,7.81
633500d08d4de68291b91ac828ef3961,1,boleto,1,130.61
5b9a0e4cbfc2d6a1347472c847a4a4e1,1,boleto,1,258.41
fbd05af8c1751b972fc6e19b1190990e,2,voucher,1,1.02
356f68057b81e3a00ee64a8e16051517,1,credit_card,8,367.60
3a096d99346df2d6c043165967ff011d,1,credit_card,10,800.00
d856e505d0de5e968c3b1dffca9c8940,1,boleto,1,98.70
2fab4de591dc7b69eeb8afb9a976ba91,1,credit_card,1,43.33
1149d72adba9246665c80103bd7011c5,1,credit_card,1,17.29
c96496058fe55b7e844cd5e3a2562f85,1,credit_card,3,89.15
94f1c6e75d7f8c25a1094c0f45ac1a07,1,credit_card,2,113.13
beb200af87856babdcd5d936fa928d41,1,credit_card,8,349.53
741a088353f3774474ff3b2d7da8f0de,1,credit_card,2,201.43
44b7e745838a4567bea39348717073cb,1,credit_card,1,49.87
85155db432ac11f95d0c59fac9f4974b,1,boleto,1,26.09
09d3f9f1be63c067456cc619076685a1,1,credit_card,1,63.86
f930a1f6247ed00d6fa9d8a09782c7b4,1,credit_card,3,353.06
31d5120f144d73ba1e5aa4e747a328e9,1,credit_card,10,669.93
867c38cfbcd204534450b238734e4bbc,1,credit_card,2,352.94
362cdbf5a3b5f297257f6e67be534a27,1,voucher,1,25.47
38812ede52a6842d03eb017fc2c9d92c,2,voucher,1,3.10
e4dedbcf41b39d53b8ac735d22ce670c,1,credit_card,1,31.75
7d07b6c1321e0ae86b7d6205e015f0a1,1,boleto,1,294.14
b1b6f4555a67701822ee36e2d35d7043,1,credit_card,2,32.70
915a913fc05ab382dafb7776ea8c9580,1,credit_card,1,72.67
9803d53681d599da06e759c5935f89e6,1,credit_card,8,355.76
8998e5470215f07da1f2529b486d0416,1,credit_card,2,173.15
da0571dd2e59b32cca46279a02bfb40e,1,credit_card,1,72.50
de310c00c4111ff98be9166aa6213e22,1,credit_card,1,94.36
4d6de9e9aa5820e340e8438ed218931e,1,credit_card,3,35.04
6814e5323f3559890d60955f42d2c8d7,1,credit_card,1,52.10
33bb79c28616262f5e3fdcf5e678b266,1,voucher,1,60.75
b9e186a6d042725eb24122a767ea7063,1,credit_card,2,182.36
afb8e7d292d49589f6583efcdbda2058,1,voucher,1,95.30
a5ab32d92df4aa22033de78a4c20dedb,1,boleto,1,138.60
195194e3dbfe59a81261af1a6ffe7c47,1,credit_card,8,244.15
7a9d100d2a88bd95c3f8acd4af29d3e8,1,credit_card,1,38.37
fe4275936c291c453f09fad434e6b3d2,1,boleto,1,51.00
13ba09b4ffd7128425cc35a9c382245f,1,credit_card,6,197.72
041d39835d57e12ebcd5d992e2cc7360,1,credit_card,1,31.85
6d24d19f8842be0e8e1064fb0709528b,1,credit_card,4,108.01
8f0ef9fa114bf453c16ffc0350da8581,1,boleto,1,116.94
c41d2dd15394d41590232a9cc491319c,1,credit_card,2,176.98
c8659bbe606f2b5c31cc02f58fce4b5c,1,credit_card,8,457.80
38b85b28d1af68ede15c12548165fb76,1,boleto,1,190.28
ea7835f19dc6af291955d6e270d443f4,1,credit_card,10,1816.34
48c0a263a6f5c112effbec24abbd468b,1,credit_card,8,80.10
6a1ef716317c7b4817987c723669c2a6,1,credit_card,1,90.19
cd02e1b6a025f2d7003c4c8b2ef28baf,1,credit_card,8,106.40
fb4de3600d359f84927517e78ff9ba54,5,voucher,1,20.00
76ef2fe6ef1b33ffff4a14e2b49abb9a,1,credit_card,1,31.09
38cafbf33f703cea7d7266c456a3fdf3,1,credit_card,5,55.01
4297d3541d2675524ab8f092919f44b4,1,boleto,1,78.65
6b0bd2c2e59c7fb169874fbfeed4441a,1,voucher,1,51.75
167a89d17687b40764e54424ec1f9afd,1,credit_card,10,311.80
d798a6f2eef74e8cd33a5c79db6a316c,1,credit_card,3,74.03
f2371429f5b226299bc9410009b465b2,1,boleto,1,33.23
334b7054aa71f4d5c7418ba88ea632ac,1,credit_card,5,337.90
90c4f854c8aa741f36043f09790eb18f,1,credit_card,2,90.54
a833470057703c13293c5d7c2bd5bd05,1,credit_card,2,42.77
85f64d0cfe65f28d287067a0032a3b4c,1,credit_card,3,180.82
9b0159dd88a0319b71984d8d973472c2,1,credit_card,3,164.97
020347f6d056bb4209b3ee4711d25f1a,1,boleto,1,128.89
c4cc1f9e57162d961e267cf2f07d2fe1,1,credit_card,1,136.83
65d9b3fd87de7509d12d3cd45c661269,1,credit_card,10,224.95
3ad2e497fdcd8a39a30da81b156b3b31,1,credit_card,1,37.50
5408eceab061ca3e67853759c88a5fb8,1,credit_card,4,133.47
63d2c28920a6381ffb2fff191e6e0ff9,1,boleto,1,96.90
169bbd065798362db04a47a4f8abf551,2,voucher,1,19.62
6dce05516fc9a1e16b7a70e49ab656c2,1,credit_card,10,126.43
bbc13e09a09a77b4f6ea6a981a399473,1,credit_card,8,183.60
e9d424615d8805614e254bf5c170bef8,1,voucher,1,76.98
64a2b20e6611bf80d933549f4c45ad84,1,boleto,1,40.78
54220fcc516cabe9ec84b210c0765ef2,2,voucher,1,9.15
f154c7c62bc53e3c7ed82713abb2c96c,1,credit_card,1,87.64
91866c79939321e63218d7b71b2b26f8,1,credit_card,1,185.05
7fece9c7487cb93f6d37df78e2283d07,1,credit_card,4,146.38
e66871adf6309bd5dfab0e92fc591487,1,debit_card,1,106.87
8fe860202f0d87213c4056f1030ae367,1,credit_card,3,242.48
4a6c07557205c5dbdeae7e289af5c1c6,1,credit_card,9,90.18
80028e205983856e71a9cc12fe99d17a,1,credit_card,2,111.13
fe2eef3b23570cf0d77e3bfd237aed93,1,credit_card,8,80.14
429f1a5343ef9fc8d6b142273c6d14d2,1,credit_card,1,38.95
0232512713ff84ce6ae5c96971894149,1,boleto,1,171.08
33ba4f801135f88f6836ade6260d0623,1,credit_card,5,83.54
8e1ded141534096603108f1ee5c27735,1,credit_card,1,27.68
ee9ca989fc93ba09a6eddc250ce01742,11,voucher,1,1.68
39a0eaa2a980c810beaf68d76e52fa96,1,credit_card,2,198.16
8f09949ac786439a1e679a535495c409,1,credit_card,6,350.09
4dbf5de576e0e8d18ad0932e1ed8e89d,1,credit_card,4,328.14
387620ec766797a584b7e92a41daad5f,1,boleto,1,39.62
9e81c4ecf83ac3e5fce3ea780b1aa38e,1,credit_card,1,47.62
dee8d1d83278b2ec6e50c6472cd24c81,1,credit_card,2,51.32
63d1268ad5a270923a280206fb76bc55,1,credit_card,10,202.89
248907ae8054cb8e93d5aa44857779b4,1,credit_card,1,45.09
31c421113f181dadede6afbef5d48075,1,credit_card,1,89.21
ff014de83d667807820e68d8ea975281,1,credit_card,1,35.11
031e976ccc4a1678f5485552ed1ae778,1,credit_card,4,219.67
82b5afc1133f4b14abbcb31fd3a3fa5d,1,credit_card,6,67.46
68cb8888858976265e5e4110f76574b3,1,credit_card,1,36.10
7fb803b61e1301dc6887ef9d54cfcf26,1,credit_card,3,1237.28
e4e95d2b1c7eb000eefef2efea68ef15,1,credit_card,2,69.12
7c1775b55c23f7d7c2f85ac8e2e3c549,1,credit_card,1,307.12
66e5fb8842964acac96f3e4afd13b27d,1,credit_card,1,117.94
406d7ae7632b47850ebdaaf719a4c715,2,voucher,1,18.00
76b1653b8b73dfc5eee0a0cb25c88801,1,credit_card,1,66.10
11746f9dc3d55313aadc6e6bf8464595,1,credit_card,1,47.13
961f1793d1fa464e0ed6686562936da8,1,credit_card,1,178.44
3ea80782fbbd337428a6a454c4a297c3,1,boleto,1,95.87
ab39f24d0e515ab82f849a72b61597d3,1,credit_card,3,68.74
f36e6ba50146eb8900cad146dd95e9e8,1,credit_card,10,114.29
ec6c53fc2c05b76708b23286ba2d9357,1,credit_card,2,229.04
774948f6702fc1d316b81f28fea3de9b,1,credit_card,6,121.64
94b860984e79a390fa2d4793ddd46404,1,credit_card,2,120.28
b2e7423926537e79e712ccf08ce1a53f,1,credit_card,3,61.39
fc187810529ecab8ec6fbf1b4b1d27ae,1,credit_card,10,619.86
f4a6242e6c5e57a7e2736e663352032a,1,credit_card,1,33.81
d59d8415ba3a51ac2edc13616065868e,1,credit_card,3,484.65
d10e0c39bed8e7a489486b5d621830c7,1,credit_card,1,355.01
f162c6cbd93bb5eebd520d6f654cf7cb,1,boleto,1,122.10
ba7517020cc8cdda51bffbd30bb1b781,1,credit_card,2,160.44
c3bfb5dc8642d9d1df58c355dbb9f1a7,1,credit_card,1,126.43
fc74153e0ac39bb68c8f8f9e4758f001,1,credit_card,3,169.02
e6010bcb1cb9ceb44fdb0f15f817e25f,1,boleto,1,63.65
e5417e5e64916eebb4159888b02469c1,1,credit_card,1,134.81
752b45c0651b32a09e039fa03504d3f0,1,credit_card,1,39.10
dd9aa4781edd47b13197cd4745fa846b,1,debit_card,1,77.77
e5bc6c7594c02f53761ea092c5c9af1d,1,debit_card,1,161.90
3d5b009657b66f53072a0c50aae31aaa,1,boleto,1,44.06
1e7047105c023a4482c75d1a99880426,1,boleto,1,50.00
0fe71fb21be89a6d57f98ae7c65d80cb,1,credit_card,8,197.49
1a54edac5c05d136c2dd2203344e314e,1,boleto,1,27.34
369d712be6f3792951adcc38c6762157,1,credit_card,1,113.00
5dff8347ba30bf1b9e5d1a1ce778702a,1,credit_card,10,455.82
06b0e5a0e09e97a92ab2614c36c4bea6,1,credit_card,5,146.95
e73c4ecd46f3549fd9ebcdfab800cd28,1,credit_card,4,181.10
6a3bbd282ed61602136e45cb799f5e80,1,credit_card,2,445.50
7d2fd74a17ae87c4bf3f882f55b81515,1,credit_card,1,234.40
f222fcfc65ff1398b47dc51ab30d8d60,1,credit_card,7,531.16
d576291e922fc07924f5811f867ed79b,1,boleto,1,105.81
4048b8311e92aa983ee72f0b5f1e8ce5,1,debit_card,1,32.79
cac28bfe44e2fc9411c4f61b768d0081,1,credit_card,4,262.25
09dd119f5cafd6888b0e67ebcff86a45,1,credit_card,5,51.09
a9c12c3dbd383763a49141b30627fd5d,1,credit_card,2,203.09
464dcde4a46d816f4943dd22ac477629,1,credit_card,1,128.93
c3d439f902dde69ae8f1c314189adcc3,1,credit_card,2,158.80
a4bebb3e6a897abebb5afdb45e4c710e,1,credit_card,1,186.04
635f576ffd2031b8aba271d85a739949,1,credit_card,10,164.58
00c8be06a8029e300dabd52c7d4c6ad2,1,credit_card,1,35.00
1651e8159581ae560e31bcd322831f89,1,credit_card,2,58.27
206a3a8906ca90cfd9c9d3b330e518d3,1,boleto,1,35.14
5f78b53dcbc5aa24a395bc521fbf4abd,1,boleto,1,61.40
ecc8938463a0c1e33dc2b5d4e1139146,1,credit_card,1,42.36
21af7328b2a40a3ece5491affde104fe,1,credit_card,1,98.35
6952ede229b1cee2808b13094179d822,1,credit_card,1,39.75
5552927954803697ef5ebf1431693061,1,credit_card,1,155.98
ee9ca989fc93ba09a6eddc250ce01742,15,voucher,1,1.92
c62dc502431fbf54699cf00a9e938688,1,credit_card,5,264.52
752c20debb41dbddf6f5898e8d83e766,1,credit_card,1,85.14
e4ace38893f7d4e22939778dd93b3dee,1,boleto,1,42.86
3e927dfcc405632ef96885c77e6e5d83,1,credit_card,6,257.92
415b2e06cc983409682f271b0e908117,1,credit_card,2,155.03
ac2a908690e426e5105a42ead9dfd2b7,1,credit_card,6,185.57
25be1d2d060ffdd6d8f10daceda67087,1,credit_card,6,187.84
023aa4b0585594124bc50e55e0e11a5f,1,boleto,1,82.84
b3c763d35ce46cf0a205b217814323ee,1,credit_card,10,268.86
0c46fe7e5915cf8413d797e298c50dba,1,boleto,1,132.59
c0d2a0a9c8dd829896b7a78d33456674,1,credit_card,7,74.41
97b6ab675f38dce08fc58f7e5ddfa1a7,1,credit_card,10,275.48
fa79b2c18a8bd1dd7fe6c20ea3986434,1,boleto,1,95.21
4a2415018bd75fb37bb24471baa6364a,1,credit_card,4,167.50
067f4abd68a2b1e0b8b158945a91680b,1,boleto,1,114.24
a3309e7ee5cbc991563c83bc0c41d694,1,boleto,1,129.87
7269605c7dd42e8f5b8818e2206f7fb2,1,credit_card,6,62.12
7c6517c41c557b7b9a6407d55badf4ee,1,credit_card,6,227.40
ee9ca989fc93ba09a6eddc250ce01742,14,voucher,1,4.70
535981e0e0cb431bfd3a85a4279f03d9,1,credit_card,3,63.90
8867156d46ee1ee4342aac2b072b300f,1,boleto,1,62.56
8855d9953624485990826e20fc9fc2e1,1,boleto,1,72.38
96a03487818c437031605930844f4432,1,credit_card,4,47.00
28b6917cb6d7f6fe0540986342ec6866,1,credit_card,1,56.36
2f61fac6b8c3e6dc71dc0999144e6ffe,1,credit_card,8,385.81
799bc9658260598f040a6a7943b73415,1,credit_card,7,369.69
364aedfbbc0fa797cdee61d4dc4d2dcb,1,credit_card,4,287.11
d21d7411b251f35ead1b210dc946ca70,2,voucher,1,50.00
379a935fe436be68e1c1e76ef0fa2c48,1,boleto,1,74.57
6e85f186f455d947bd6f50b1bd9b7c0b,1,credit_card,8,1325.44
dd1eff57387644bafd3823d2d49560b7,1,credit_card,1,54.62
73b6ddc94c65c2002e53a5cb71257232,1,boleto,1,100.26
9aea5beb82a36ec0003d98ea8d832e2a,1,credit_card,4,139.24
dabb5a87a6d9cc1388abf76cdcf76e5b,2,credit_card,2,180.00
cf72ba515bbb8a0ee1723579cc7d0380,1,credit_card,7,78.62
7e41633529000f80967da24083bb6c1c,1,credit_card,1,12.15
dbbed4924867c581971797d61fd69230,1,credit_card,8,295.46
acf135e0b39f84ba17db4d8ea2a42e7a,1,credit_card,3,60.76
363298a11fe308fc97c376a8a9707a2b,1,credit_card,5,51.06
775dfb31da346e5cf77c2fda51ae7bd4,1,credit_card,2,103.37
a84565af4cdf9483cc1cf6b94686a95f,1,credit_card,1,59.96
9cea6943c0d2ab67dc7bde8ab9b03f32,1,credit_card,17,177.25
24ceed9729a86f5e36fd61ae94183817,4,voucher,1,39.08
8453dac90d79a1163ca3cc4399801d62,1,boleto,1,177.48
100db0fb5000a9f02f0d3ee2470c85c1,1,credit_card,2,134.72
4b918143b2bc5955cca83595afd57833,1,boleto,1,119.25
4f851e6056e99764b563bff8fa90cd99,1,credit_card,8,614.45
cc85b0be56a5a15d2146816d54ee0eff,1,boleto,1,230.15
c8dd1cfd0c38b71aff04b1a4298b5b83,1,credit_card,3,169.93
589aa9dfe350a2ca1ac9e8d38d4f7937,1,boleto,1,98.62
1bf6db71e147c950fe9925e0be89ec4b,1,credit_card,8,82.88
8ae758e9dfba42257dd89e48380b3d1e,1,credit_card,3,72.85
5460a05579eef48f6c8d54ca6c3f2249,1,boleto,1,249.79
561f47f3e381d23b5ba7853460adf093,1,credit_card,2,117.10
26a8b70dd60471873b430431e691d222,1,credit_card,1,58.03
9b75fa68354ea9cd02695d002b82b109,1,credit_card,1,8.88
2a6ec88bef2eb4c5e4716b26406ead0b,1,credit_card,1,321.90
c3c91195072b499b9d88eda4350a7a55,1,credit_card,3,112.91
8b54ad5dd057cd34a1308553e2bba5dd,1,credit_card,2,132.03
cd2f659fa071787c2e90002891bbea4b,1,credit_card,3,103.91
c5496b624a2992c280191ee51a5f0650,1,credit_card,5,118.35
4637ca194b6387e2d538dc89b124b0ee,1,not_defined,1,0.00
6c9841106812441f8d244c22b9d07ba3,1,boleto,1,196.50
625b0b3fa9345b547eac735d4f4257e7,1,credit_card,3,65.71
0b573ab05f5976a357a60e0d981b4327,1,boleto,1,49.87
a030d3d4fe79a482fd66cb2205cdd0df,1,boleto,1,58.16
d1897146cbeab2b888285ca6264056a1,1,credit_card,7,78.18
73d60420cd1a179b2d8887d538efe4c2,1,credit_card,10,804.96
b63188e48794609460e6d33e5cb7b480,2,voucher,1,50.00
e929082d2d58e7c69ca9d06715ef551f,1,credit_card,6,86.90
d75453a8573dc79bc97ce070166e34ac,1,credit_card,1,150.15
8273fd6bf6d04443265e6f244f8a6fe9,1,credit_card,1,57.98
8cbc1df0d0a62f36bd6de6496435e51c,1,credit_card,2,175.08
7991b363c057a520b3ffa9dd2919cff5,1,credit_card,1,68.89
c530daceee851aa18846a89c050d4dfe,1,boleto,1,56.24
08cf63d17d15433573bf10ae778045ab,1,credit_card,1,80.20
b91b97488347f484d82bd38acd8d0bbf,1,credit_card,3,137.06
07d08b17b3bcb01de09f8306ee0c32ca,1,boleto,1,75.72
47e1801bc1f8eddb9969bf5fd8563712,2,voucher,1,250.00
8c22d7e0d7c5b5642258a6da3a5458c5,1,credit_card,1,46.11
53e0f6555268ce0f38604a0e81e774b3,1,boleto,1,39.96
ec0fa04fd1dffd9f00f92312214d7eac,1,boleto,1,59.01
2e120d53ec1baa3432c6af11aa2b930c,1,credit_card,1,53.90
25e4af6ebff2dfb6213c8cc7e36ecbed,1,credit_card,12,246.55
2baf80a0f30b1660ef1d0653314c04dd,1,credit_card,8,657.92
eddc2675550fd30e8c067b3fdd08ad60,1,boleto,1,86.02
19c12787aa9334d1ccac97bfab56e576,1,boleto,1,81.71
f6af781541c4243d56cfd0e0bb073c21,1,credit_card,7,369.92
0f7f3fcd5523d759e8e17084e45439d5,1,boleto,1,142.56
59e965eb9a8f7f341a003466fbe14229,1,credit_card,1,71.82
90747e77f1f92c16ef47b7e5aa910e0d,1,boleto,1,89.93
6ae8d599fd407bfba5bce00a72c32544,1,credit_card,10,379.20
afd45bab98f18c383881df9850a519fc,1,credit_card,4,228.23
3cffc407d492c7db340271cee9b32ede,1,credit_card,3,164.24
9ca6d17660064ab8bbc4a8089397afb1,1,credit_card,1,150.38
9d241238f3827aced623154ace551dd9,1,boleto,1,164.66
ee9ca989fc93ba09a6eddc250ce01742,2,voucher,1,5.88
a6e88e8981bb9dbb574107cfd606e4ba,1,credit_card,1,76.66
9edc784457fc74368eeab9b7012495f0,1,credit_card,1,104.27
2f763c623e85177077b5a4ee2d3cced5,1,credit_card,3,178.52
7f949bbc94c8580ad60e90fd93358395,2,debit_card,1,215.14
9827713c2434c817eacd058f8dcc5628,1,credit_card,7,70.02
b7c32368213b1b75d2c42299f97dd088,1,credit_card,2,27.14
1cb0438d7946ea7aa92ad2ef1904822e,1,credit_card,3,36.84
f3ae2fe3a1567acd0f43f0c75a07edd7,1,credit_card,8,172.16
acba89405234491dd6704dbf3fd8f653,1,credit_card,2,113.14
09f86b7099faeb6a9d85623c5dba9665,1,credit_card,1,60.05
1acc110c076e80f4bfa1375a2b31d1d1,1,credit_card,6,68.04
d1ed1dbbec11c2374190e2365d37d2b9,1,credit_card,5,120.31
d1d598b9c6fa6d135849e528650082c0,1,credit_card,10,171.40
13ab379ac762d840b29042681a1a6156,1,credit_card,1,45.78
47252c5b9ec88c714460e3e34fb08d5d,1,credit_card,8,106.50
e01023596310bc78e2726329569e3d21,1,credit_card,1,36.75
7433b1786e1af2042c2c4c76d3e4b750,1,credit_card,3,47.72
742bb86f369fadd10d68946fd903aaed,1,credit_card,1,19.67
5619f8b4b37f9ee0474d22b309272c62,1,credit_card,3,79.33
6d206f309ddf213a7977318bbe5d3cd0,1,credit_card,1,58.59
03b936f126145f2bb36600400aedb13a,1,credit_card,1,26.09
5b939ecc014a32ab25d16b70ffdb0426,1,credit_card,8,171.22
6d86a700fbdfec909998eefa9110f3e9,1,credit_card,10,266.47
14cccd76360744f54b4d0fad37c12ebb,1,credit_card,1,6.24
c8097c4a079d36884044cd13c0df3452,1,boleto,1,35.36
51712e0d3d1de647e512d95dccbe5a93,2,voucher,1,18.98
828bedfd74953fea90c650c36afbd36a,1,credit_card,1,72.53
38e47cf95d95719dfbececfd1cfde0cc,1,credit_card,3,324.55
f35e931a720c89ba31489a6f86fbf985,2,voucher,1,7.30
92460f9c0d34e466aef5b66f5c2ab91a,1,boleto,1,38.95
bfede3e7101b91bd335e6cc5d153bf2c,1,credit_card,1,73.27
c0fce857f05e1c89cb59512a02dc3280,1,credit_card,2,107.78
d6418b6fa2a27ebf8c1e2d4ca0d14492,1,credit_card,1,60.86
935cbf337f50d03fc7ecfb5a601dc7fc,1,debit_card,1,57.68
a5f52ebb3569cc7357f500d755314c0d,1,boleto,1,52.34
0ff01ca1108c8fea3d74a51ee283841e,1,boleto,1,116.45
14cccd76360744f54b4d0fad37c12ebb,2,voucher,1,77.01
08ea0cc26c8036f1c6c510e72f468000,1,boleto,1,35.29
7277412b4dabb3b15f3511cc78e81125,1,credit_card,1,82.33
4273eb19832c1ba5b1d96ec21fcc2d1a,1,credit_card,5,243.01
aff838e0ae35f413200f05a7f9e42510,1,boleto,1,116.14
f7304a98cc4161f1b8e3e05fdfb6b644,1,credit_card,4,104.12
84f40c055bf1ed329fcf2f4ec4e9e9df,1,credit_card,8,1121.42
7e28a3542ea8306e42298ea3718222ee,1,credit_card,3,167.74
b2487e261162c0d9162eab45862d42a0,1,debit_card,1,148.23
9c916cda025ac7a244116346b9e82344,1,credit_card,4,147.99
1d39bdda52c4e5dfe96ea227fc5420f9,1,credit_card,2,172.38
7f9b0e95f333a0afb5cce5b78afa17c5,2,voucher,1,51.89
6e0856753dd343c4a360ec7f6b7ebe31,1,credit_card,3,70.56
88847f255be578610b9c0233f7dc2b86,1,boleto,1,38.36
9fe33416283b9bfb49fcdea66c415777,1,credit_card,3,230.12
80897d5d4e8f07edd515daa585302e6b,1,credit_card,1,70.02
6fbc5b66b494906692191a0673edc28c,1,credit_card,1,152.51
6a5a302850fcda00dc96d742bcb810f2,1,credit_card,1,46.13
330534a2e7ad98d0c76ee20bfa001c50,3,voucher,1,20.00
30e608f69bcd3b2758cc9f28c8af087f,1,credit_card,1,101.03
99044ef6d39a9053e6c8be072306da0e,1,credit_card,5,75.77
350bbe08ad1344030593d837cc982113,1,credit_card,3,32.77
0a191803956e2748ef8dc1ed7ed5e991,1,credit_card,3,79.23
77840c00dc79e7841ea2e4b1de1f21e8,1,boleto,1,66.67
e01371016351ae4493ecbd7a8c5a33f5,2,voucher,1,137.85
7994bcffb9f5d5a702c9fc4f08cca8a9,1,credit_card,1,71.63
7de5a6bdd0de17b60a6ca664159c18ca,1,credit_card,2,66.06
e87fe257e39252f5ed241bcb6222d2f7,1,credit_card,4,84.14
0d3528428e45b7c383b746222c715332,1,boleto,1,83.22
5a4c4faee643fc4fdbe78f3aa2bf4ae3,1,credit_card,8,181.51
c5ad7fdd6f4b3a546653f42ca0c64da3,1,credit_card,3,92.84
1aef7a15aff34d2305b0e6994acd680b,2,voucher,1,91.87
3becf59664a588ac335a36f2a08e2d2b,1,credit_card,2,83.48
d2e9aead95751dd6bd0ce80e7d506c53,1,credit_card,3,33.33
ee583b507900d107ab6b06567c758504,1,credit_card,1,116.06
452659f1bbc22357a8b75386eb2beb34,1,credit_card,5,253.22
df172721d81e6135d97fc547f2bf7666,1,credit_card,2,40.10
f5d9f447bc24dbd0e76b74d0bbe0b4ed,1,credit_card,3,73.15
218bc576cc67d1b76c855f861eb24bcd,1,credit_card,5,249.55
d7b749382b06fe2551235b118a962dfa,1,boleto,1,107.27
657e64a0e86917e93318c0c3159bec13,1,boleto,1,125.52
34797e815a679fdaea88d3aa30dbf46c,1,credit_card,4,222.24
146f83fbe74a8608adecd4b19c1597fb,1,boleto,1,110.08
8774dccac317f54e3e9b3c6096a9b2c6,1,credit_card,10,239.96
02036bc298ab3c1efc98b116f420d646,1,credit_card,2,42.97
443bc8cc2feef50a6b416a0645dbf7b5,1,credit_card,1,41.96
f46fb218fda36639dc39aa3025679a2b,1,credit_card,3,166.99
2c1a2f921c5be4edef5b3cc5f8e79477,1,credit_card,3,73.27
790a2b1cebf279ed28bf91f4fe91478c,1,boleto,1,185.59
4a36f21a19a956cd848e968d56be9b58,1,credit_card,8,201.06
c7575bc6637b30826bd659a47a475a03,1,credit_card,3,60.00
9831b84779bb2216541f702f5ed7c331,1,credit_card,1,91.18
e8051e65754422caf457412193df751d,1,credit_card,5,51.05
c12bef4c2199585f7a1f2c92fdac3827,1,credit_card,3,88.19
bb39dce934e697a81c9dd50236b8d8cd,1,credit_card,3,172.04
43f1e09fdc2d9408219725438e09622f,1,boleto,1,313.29
9c7786ec8d2394cbee42bba833f7c537,1,credit_card,1,43.11
dda7cf31684a98205550865020745d09,1,credit_card,1,51.73
8aa40dadd2c1f011024a9f8656853103,1,credit_card,1,113.86
5297250ba3bfb18713834a6b28d6725d,1,boleto,1,98.16
12d9b7528c95b9b6d2f087195ba47d60,1,credit_card,3,81.60
911caddee9193485ecfacba64e139beb,2,voucher,1,100.00
3fdebcfe1a2cdcd4ee2770a2e28b2af4,1,credit_card,1,103.08
1a6b9a764637acbc39e1624a2211f548,1,boleto,1,472.80
113e0c165fdf93f9e1017dae01292548,1,credit_card,3,68.87
1deb5e48c7ba534c27d83f4a6afea25f,1,credit_card,1,292.50
5aa65dc27dd9c4e4d81ec84ead95feb2,1,credit_card,2,198.46
98e94d121fb6444de93e426ceeb1e0e0,1,credit_card,5,191.93
fca2aaefc989d1a8eddc4cb03b160eca,1,boleto,1,97.35
a96ff70398f289756fde50d1e0ed62bb,1,credit_card,8,234.89
afe8d7e9dde448bad109d536c3dba7c7,1,voucher,1,17.77
8bcbe01d44d147f901cd3192671144db,2,voucher,1,31.70
ae60b17185a7a0d74929448e21803329,1,credit_card,4,110.02
06a31d324c43e3350e4a83fb663c151a,1,boleto,1,152.72
d821c07a40e746ac3f4ae3799b19ddee,1,credit_card,1,104.56
27cd425460b501230b37206f151711a6,1,credit_card,2,56.01
06d7e8cde0488b6d0b67852d2295368e,1,credit_card,1,118.48
b8512e5445d526141e361139d1cbbace,1,credit_card,2,148.15
38edd38dc17b36d7fd7554100453f1bd,1,credit_card,4,198.31
d9a34b9554a76f98e59becbf5b49a871,1,credit_card,15,216.39
9f6e9882bfa36a4ef98e3016c5e59f9f,1,boleto,1,65.93
24ceed9729a86f5e36fd61ae94183817,9,voucher,1,39.06
3b7999074565a5320366ad70c5aec08b,1,credit_card,1,57.29
315acdfb2c37361764220e9dd270c41e,1,credit_card,2,100.90
dd1d5e5b6e4be8779186eb9cafd2f44d,2,voucher,1,4.35
cbad84cbc3469e39f8f765362e2a9ae4,1,credit_card,1,58.22
5708ae647d7017fafc39273981150d84,1,credit_card,3,38.00
63d38b040204b98309d72e69123de250,1,boleto,1,27.88
ee9ca989fc93ba09a6eddc250ce01742,12,voucher,1,2.80
3c3ca08854ca922fe8e9cedfd6841c8a,1,credit_card,3,45.96
204b7236f949dcd799519c1e74136821,1,credit_card,1,316.76
4010af255873d6e26073000d24a8f52f,1,credit_card,2,88.84
ee9ca989fc93ba09a6eddc250ce01742,4,voucher,1,3.49
f6519aa0bb0a6531345ac2e6fdbb2e0c,1,credit_card,7,79.53
3eb6d6c16c2b144b83985bcacd6ed72a,1,boleto,1,44.71
95d31d53ccc53bca2c13fcd535d67526,1,credit_card,7,192.55
b17edd32e0d8b5d4a23e4b72cc4b90b4,1,credit_card,1,140.88
f3ab2cdf3ea55d54d480a91a967bb501,1,credit_card,4,62.65
c04e014dcd8cd03c0965032a263f2a8e,1,credit_card,5,55.09
6fa204b6cf6dcfe6c9adca7dc53aa32a,1,boleto,1,108.01
e72511587872c5769d43aeda089b28ca,1,credit_card,8,144.57
e15b4d4792319e939f82008479734433,1,credit_card,3,209.20
a174a2f4aab0749f03c14609ac07a059,1,credit_card,5,52.47
b37d46f83322f86eae75b766a515cffe,1,credit_card,2,48.05
57d1548a5e964a5d6d303ff32de7859f,1,boleto,1,113.13
24fc7677f0087a35a7640dd917bab8e8,1,credit_card,3,206.01
e7cae8a5597c537df32f554f5b938de1,1,boleto,1,92.75
380a1cd01e1d188bf799fb08276e32da,1,credit_card,3,116.12
5e7f9ee66e56d354635709fe765e845c,1,boleto,1,96.83
18905a8655f8255bf50d2eeadce2641e,1,boleto,1,30.53
1762aa0ce22469c003348a42e46f5269,1,boleto,1,118.54
f5086e98ae53a54d0c55845e227d7db6,1,credit_card,5,55.56
3081ddf6e7c6afa4e4124e7882486fcd,1,credit_card,3,198.68
f4a954736e0e556f4caaf426f1028ce6,1,credit_card,4,186.54
f6ba6de181266b918292db17ba6616b8,2,voucher,1,52.20
8bbc0e9b5ac010d6a9b8d76570cd20c4,1,credit_card,1,90.17
89e7c74fa7b7671a581e7e36485f88da,1,credit_card,7,159.36
ab348b95012031ab6a86594395ad47e1,1,credit_card,6,89.30
e21a100114f52ef8f28601cf741b3ca4,1,boleto,1,364.57
0b8b249ad3dde632e5f162167e0b9f07,1,credit_card,2,41.69
e2532fe843f45b7a1aa7ede9474ca960,2,voucher,1,137.10
19e31a421ef559a7772d01fc5074ee14,1,boleto,1,44.51
c9fc6a8e6b1fe646f9358b9ea7b1a446,1,credit_card,1,63.60
ebfb1b4991e29d9c1ed373ee9aac10ac,1,credit_card,4,156.89
17eba629ec542978d1ea929d473d4f19,1,credit_card,10,207.51
4220f297891051c2f40f96bee807a998,1,credit_card,4,67.36
27791b643439f653faa711f08d8b801f,1,credit_card,7,73.71
3d237fd98f6bc4d3fd3a0eadda50b2a6,1,credit_card,2,79.34
2cee7217cf66ac4e8027f60d3b105524,1,credit_card,2,64.74
5cf5cdef34e1a2488666267e4eda1792,1,credit_card,10,160.64
085b1f163267ab9db88bb6b4145e0df7,2,voucher,1,242.95
70042449ba33e3a52dc0e16654257234,1,boleto,1,43.10
818869c4c6740ee23979a7cbf298e31c,1,boleto,1,53.01
4bf603cde1e3f217c4f534a43c79f36a,1,credit_card,6,62.64
5107023bd9539bd8a56cb295ae688400,1,credit_card,3,135.59
bc7de38480db075d6d2688333888e8f5,1,credit_card,2,197.26
4709741e829775567b92abc42437b461,1,credit_card,8,117.74
36870d717737ef5f4b201e7787c3ea6f,1,credit_card,7,621.28
6c7378154382f7378b82fa860f68c758,1,credit_card,1,54.09
911432777099c4ba4711a18faed3f4c0,1,credit_card,1,98.70
852e2ae704b2196f904561391b2b6bd2,1,voucher,1,98.15
fb520e46696d1669a96549c252ed177d,1,credit_card,1,86.18
cea71c0d8880d36a8492d52bd76b0e0b,1,boleto,1,550.58
d4a3bd4ef8590f7923183b70e32326d8,1,boleto,1,85.25
02346fd715e28d8e4fdb6893cd121f71,1,credit_card,1,163.65
eba48e9c6c31015f8245d729d81b9f34,1,credit_card,7,157.74
f47a74b9a5df7793d947d2dce26234f9,1,boleto,1,55.10
4b3a605942f29d490cb74bd6ace6b9f0,1,credit_card,1,38.10
c5f43352377291361dad9a7366ae1c89,1,credit_card,4,41.78
c820d5fbb72e2b0a48074c0f7f08a295,1,credit_card,1,400.92
a5ec4b722860bf18fd1ff9fd35fbfff8,1,credit_card,2,49.39
38930f76efb00b138f4d632e4d557341,1,credit_card,2,133.93
9c29c9f7f44bf05a332d8f22212941b7,1,credit_card,10,211.89
accf01093c34d22b41b9ac3fc0fa8894,1,credit_card,8,165.48
c8714809bc84ffb9c675dcf4a6455df9,1,credit_card,6,173.88
f9b79ac2c05f12bab607bfe35b4a2ad2,1,credit_card,10,119.95
ebb2e4c3a4ed0d36a88cb8656e6a113d,1,boleto,1,226.18
ed618f64e1dcd86615595645269fc0f2,1,credit_card,1,63.56
cdd28b19608da7e96804c00fdfd2faf2,1,credit_card,1,71.05
6da2f53b79a45c8701e66f227cea7955,1,credit_card,2,54.05
df54015966b3fa00a42222b5a0e21348,1,credit_card,1,75.08
638c67ed7c981ea1b46e45f23b35f4ff,1,boleto,1,148.28
4ecdafc07882d357b5607a05e3a1a46f,1,credit_card,2,41.59
45287af4d4d9504d6569383cbf95c764,1,credit_card,3,34.13
5bc26c6e994c1fd9edb9e324ff85dded,1,credit_card,10,137.99
17b3a989f0a87769c633d0ed07ad1319,1,credit_card,1,114.09
caa321f911edb4b272c5e4aa6df6be81,1,boleto,1,39.54
13bad9a229ea7c04888ada5c6c971c28,1,credit_card,1,33.56
8f3c52ba80c75571b11705b0405b8696,1,boleto,1,188.81
ea7835f19dc6af291955d6e270d443f4,2,voucher,1,250.00
330534a2e7ad98d0c76ee20bfa001c50,2,voucher,1,20.00
6b71838c4be9dce33810de87c333e365,1,credit_card,1,345.18
54220fcc516cabe9ec84b210c0765ef2,4,voucher,1,19.55
7844d511767a3dbe9411602e49a0ac38,1,credit_card,5,77.66
6e66eeb2dcd054d228cbfdbe27ac10ba,1,credit_card,1,424.82
c23e171590482930d50c033857c85deb,1,credit_card,5,275.71
69df6146503dba833ea2ae56237acd97,1,credit_card,2,161.86
80341e701b91f4e9f068a3ec40fb0440,1,boleto,1,471.05
31ff2ab0bf20340ff13605c65e38387f,1,credit_card,5,101.34
855ae4582654ba4a199f982c721df826,1,credit_card,2,102.84
1a26d081d22cd04e1cbec6f294fa893d,1,credit_card,4,60.61
806508916d09b540a66a7487473a6e7e,1,boleto,1,220.34
5c6972bc5c283af10fb784b857ce63ff,1,credit_card,4,107.09
4ce0d39282d4d45834a51b1ca7fbb311,1,credit_card,1,41.83
12404c66f4ea97b16664395ecbf61889,1,credit_card,1,62.44
d776b075b96169ae9e7c789eeb991435,1,boleto,1,201.18
5bf19c7e8991698d4f0f3430da7e57a6,1,credit_card,2,133.84
4409a8e68e232a6718d156e93a58f3ec,1,credit_card,2,38.38
0d902dd22c7c40a55b0edbd70ab87fc3,1,credit_card,3,180.16
911caddee9193485ecfacba64e139beb,1,credit_card,5,146.30
faacd0beba2277101f227f7968ddbc57,1,credit_card,7,89.57
71c04eba03595f13adc87878455ffa92,1,credit_card,2,50.13
efdaf1dc3d38b68061394b681ca45ff8,1,credit_card,3,169.84
05c12734a5d14a9b9528b3eb84f30e50,1,credit_card,1,24.69
71c1a607d67393d01bef51c097368feb,1,credit_card,8,313.22
721cdd34c6ff27fe0fb9f2c21f27d444,1,credit_card,1,78.10
fcdaba27fd62777362e818998aa76b94,1,credit_card,1,155.01
9a01e11eb3e82a6d9e7bd3f3acafa7ca,1,credit_card,1,65.00
24ceed9729a86f5e36fd61ae94183817,7,voucher,1,39.08
9f495a88e6454713d2963970d7a119ed,1,credit_card,1,67.53
856a7ab58f3a7cc4560202758d971b38,1,boleto,1,165.71
504ec2b6f69e898c557955750272d563,1,credit_card,5,63.77
2cf60e81bd122e58c99e87fa99fd24cb,1,credit_card,2,105.74
94078496f9b59a9d885f033870393097,1,credit_card,8,99.90
646a1b93987d2552d842a2f34db266fd,1,credit_card,1,65.50
d65f26752fd6834bfb0a567b581dde3b,1,credit_card,2,78.20
b9b7f9bddf7affffff1c6da14e8144b0,1,credit_card,4,120.54
7e1aa5eb9a99e5ea0681a7dd4bf95e08,1,credit_card,1,54.75
e86118c5fd6d905b7346a83baca017e2,1,credit_card,1,305.33
c81217ac6f729105708524c82fa37172,1,credit_card,2,111.55
4610355b7b9a4c4d4c176acaf273b7e2,1,credit_card,1,145.66
f5d7c7844669e4addcf57dd9c9b703a5,1,credit_card,1,65.17
c8d355d9b0027d16b4f22804df2bbc2d,1,voucher,1,73.40
a475f984a1a51c9e1f8a76e8a8e8b955,1,credit_card,8,88.08
6ea1fb8b83a7703077033993d1bdc5fc,1,credit_card,2,51.84
0b30e59b6e985ef789c83d08753d59aa,1,credit_card,5,114.33
6f0a798b4aff8cc383e1dcafa67f857f,1,credit_card,10,626.68
bd6bb458a1a35cbd726f2e1748e7d21f,1,boleto,1,77.06
f934b357bb58387aeb7f58a1b0100861,1,credit_card,1,46.68
6d238ce1fb32d1ef6e4422764a7f76cc,1,credit_card,6,151.69
b45b66d3543568daaa1fe2290859d88a,1,credit_card,1,29.40
d48ecf850e3d3c67a047a82b3243847e,1,credit_card,2,164.17
bd079e124423421864694666ae29277c,1,credit_card,2,35.05
e6a8d767ed8be35e855fb51421587360,1,credit_card,4,70.27
a445af0d83713885b6b576796191b1fa,1,credit_card,8,225.57
6d10445e2d4cfc53db33470b19b33ec8,1,boleto,1,78.77
94534dca4b70b22116250b471102602e,1,credit_card,1,279.98
7940121491c0b1c3b7dae6f2b1f77e4b,1,boleto,1,45.00
ef8ad84adcf1d4c437f165f437e238f6,1,credit_card,1,24.37
621f567448cbf2281b22381247c491ca,1,boleto,1,215.11
950d953d1c32b47c840a17f3661427a4,1,credit_card,1,84.13
0de9e77cb8416394c1d74300fd08213f,1,debit_card,1,50.60
cdb1faa859205ebd457e594dfab53801,2,voucher,1,29.74
b07d2a68cc3e97e707eb42d213983c66,1,credit_card,4,49.57
fd6ddc28c261b6bd4f68c9205d40e9e0,1,credit_card,7,75.51
188804952924592ac0678c7ab1b42860,1,credit_card,3,97.32
97a046d5a9aba90849e4279fdd014fb9,1,boleto,1,56.91
b33f1a863ad391e162a9f459117f53e9,1,credit_card,1,100.34
cbe4899758da52362c07db6f9b3f9f33,1,credit_card,1,82.78
46e0dd5cd4dd2530f0e9563886d82e09,1,credit_card,3,37.77
ee9ca989fc93ba09a6eddc250ce01742,18,voucher,1,2.33
7798ed7e55f7cf0896e6a09f442c69cc,1,boleto,1,49.00
b6238a76012ed88aec12a5a12f9f5795,1,credit_card,1,66.65
63d1268ad5a270923a280206fb76bc55,2,voucher,1,50.00
54220fcc516cabe9ec84b210c0765ef2,7,voucher,1,6.66
d44cb52677c0960afb3e43a96d79a25b,1,credit_card,3,39.84
913677abacbcdc2b2f18b3ec362a0cdd,1,boleto,1,134.25
389d774b02ed5ffc37b29fc4c81d3039,1,credit_card,6,394.34
6c2d59da80e4b0747579205a5f797713,1,credit_card,5,114.27
1724ccd8176515fc4b2676226b895ea1,1,credit_card,1,19.42
fd38d5793a4393e031ea8da57e094f88,1,credit_card,8,193.59
3c404e64aaee40b3b597aafff9795b4a,2,debit_card,1,261.97
dc74c9cdcf62efe4b49193373730111c,1,boleto,1,115.45
59db0cf65fd439e6e76ec105e3aa421c,1,credit_card,1,42.90
52f308ce830731bfdfea4539e140073f,1,boleto,1,465.18
3df55fc07ff463109ce0422439693aee,1,credit_card,10,298.51
d671370d11048a2dab56335d3d91823e,1,credit_card,3,52.10
ee9ca989fc93ba09a6eddc250ce01742,19,voucher,1,4.56
ef813fad9b922ac63fe19839a24d9aa0,1,credit_card,10,134.94
88d9499b5882f39b760f29c92acd6f2f,1,credit_card,6,65.20
13ca758b93a2298b4571f97a8a97e3e5,1,boleto,1,274.39
a2b4be96b53022618030c17ed437604d,1,credit_card,7,265.94
34713a7c57fc2cc3f40a0ed057046b70,1,credit_card,1,25.00
191bb83e4a502bb51e6dd4d229082939,1,boleto,1,98.23
d310b57747a742fc3a54a009114a77db,1,credit_card,1,104.37
6ef8f6ed00303d5d81cdab508d586dcb,1,credit_card,3,41.10
2c810e97c1d3956172e1830863e6a133,1,credit_card,8,1326.85
6f07b0ce1812870cb9c820fc295144e3,1,credit_card,4,103.59
af92012b9c9ebac7f18b1a219e2474fc,1,boleto,1,721.98
16e192db098dd55c18aff27770402968,1,credit_card,1,34.13
a1082c701ce0f4976085760dfe7fa605,1,credit_card,2,72.68
e18ebd6286697a3f0f6fe267d8286cb2,1,credit_card,5,274.45
8c9cc9d7e2dfc4cb091854203914cade,1,credit_card,1,167.89
b63188e48794609460e6d33e5cb7b480,1,credit_card,1,16.69
e23ca832ba25d2d20b0ebacdfe401989,1,credit_card,2,104.12
09c103240d66c0e0d945071a9518d6ee,1,credit_card,6,124.84
d95df03babee2bdc78de99d217ee867a,1,credit_card,1,53.13
7a04a9036cd32390e8f17eaccd2dcef4,1,credit_card,3,46.14
618f64df06c611bd4ea802bafba3e20c,1,credit_card,2,191.60
4699ddfefc61852827c3bc751aff6873,1,boleto,1,177.49
1d01166814be7e95f72a3c85357fca45,1,credit_card,1,262.66
a3f904ec7f40c56ce2987ccb9c73d4c3,1,boleto,1,94.40
aea5a3457f531f97bc2b4a7cccbc1275,1,credit_card,2,125.93
a4d7c8bca45b56444e3c59ddcca7d7c9,1,boleto,1,73.34
cc0fd6c51b7543009e47b01e9d14b686,1,boleto,1,196.46
0bec9641279215e466966512f6b444cb,1,voucher,1,365.32
0953ccb40a8fb30d5fd5ce0c06bbf4ad,1,credit_card,1,100.34
40db7d3bf12d45bd93dc3548101e8909,1,credit_card,1,13.87
5cf5c176bf686e84240099820ce175ac,1,credit_card,1,310.20
707fec00567dfaa251bc610a0c0cd056,1,boleto,1,86.44
84aaa1a774e37a0a7c1a5413dc49e168,1,credit_card,1,52.77
9f226854839600f3e70c4faeb94e8790,1,credit_card,1,136.08
4deb2316dadf42f0daa6b8965d384ba8,1,credit_card,5,157.80
a3870b955884ebd4ac62ddb02b2ff255,1,credit_card,4,217.36
75eb778608f606e7f4b3cbf2092be146,1,credit_card,4,55.00
d831255ebb12ef3a8d6dddb6fb54b5c8,1,boleto,1,257.37
60d0ff4b039dc85b5b738f59b0b044f9,1,credit_card,2,35.86
697fd318644f987187c9cde4ab05bb67,1,credit_card,5,134.63
be00589ef6917fe392acc59a700a0308,1,credit_card,4,82.98
19ff76df4c7c512642f1b4793fda7ed6,1,boleto,1,33.85
63bd0403bf8eb2bb94cdcf79ce0e5ebb,1,credit_card,3,32.75
aac567189889ebd3f40e46a0f8a5a63c,1,credit_card,2,179.82
bdd829bf1090cb56da3e6106c1fd768f,1,credit_card,8,237.54
1a44130317893c48ad015ed3ce2017e0,1,boleto,1,138.74
fff3983dfa3c5a0d752d8d17baa406a0,1,credit_card,3,80.44
27f1701adfc69c0a85e9f59345b795df,1,boleto,1,297.21
3e92e84e557bec2d9fa0d853b3e855e1,1,credit_card,3,68.36
8ce6770545bab77f107a0b67da55fe7f,1,credit_card,5,182.92
134dd47f025f4b13cd82ce9e771800bb,1,credit_card,3,133.03
ad703ca6534f1d88a4b1f42a63b44413,1,credit_card,5,104.28
7faf49d330e4e0fca17c5a17b339bd4b,1,credit_card,2,157.86
315ab79b5d15b5e9304d729579d36a42,1,credit_card,3,34.86
6192897f85cb2aff6dd1fca56fddb45e,1,credit_card,4,219.49
235120dba37dd89b962dea1d7a2cb3bc,1,credit_card,4,101.31
cea7e28bd63ef382ebf6010b228208f2,1,credit_card,3,128.85
782280edec0182ee4b1e2cff514fc712,1,credit_card,3,127.04
b0220dd81253d8ca2c9dd8be8caf49b5,1,boleto,1,28.95
33c1911ef3652a03c6cb098b9399b1d3,1,credit_card,3,98.35
309d9fa2b3c76ea52c4ab89132f38adb,1,credit_card,5,107.46
626f6424e635c6341bfddf7d53bf3746,1,credit_card,10,125.92
a49ef06443dbe442d78f3fa3b26848d2,1,credit_card,1,128.02
d167d4b7b391f26fea23a114ac44706d,1,credit_card,2,180.55
7efe7d821a28e5891395832097475428,1,credit_card,1,261.96
28c1a3d568f61625f9e85245db020568,1,credit_card,3,189.04
0e81d9aa94c69d14faa155f1a91ed4ff,1,credit_card,3,181.60
63f1ad378cef16f74bb7480a3a01e3b4,1,credit_card,1,36.76
dc15c503e5d31267bef467c8c63476c4,1,credit_card,1,82.25
b2a7488d3bfedd8a8abd53fff6127807,1,credit_card,1,108.72
c0c735876359d7431dbd45a8fb0e238b,1,credit_card,1,173.67
d99ec4acbeb86fccf934f257ebd6baa3,1,credit_card,1,125.42
37a9cd356ab386c137066c705c927937,1,credit_card,3,164.79
917d66c0042ba4ce09a08ed7023da134,1,credit_card,8,369.60
60022778f5467e9ba090ac42f6739e90,1,credit_card,1,44.00
c079346814755dff5a0ae3d455a117c1,1,debit_card,1,37.75
a2f4de10fceff6c008efd19d2b99725f,1,credit_card,1,88.62
5427a9679337de4d57c9c59275f5336f,1,credit_card,2,51.69
803f15601207b09e8cf7c80a4fdb1e30,1,credit_card,10,389.99
13b1d703b453fd67b66850bd2846e13b,1,boleto,1,226.50
6189844031702fdf168d8194d504bc0b,1,credit_card,3,38.22
e28fb6cbf050a8cde2b9af4ae94f3241,1,credit_card,6,799.23
cc129041e3294026c267be4f2d551fff,1,debit_card,1,72.05
3dcab1487bcd1dbcc6c968fdfe0511fb,1,credit_card,1,65.74
d21d7411b251f35ead1b210dc946ca70,1,voucher,1,9.67
9320dfc3fd49dc6e3fb9f688c8ea6c37,1,credit_card,10,218.66
f33c74a1f0e8455e000cb264ce877e84,1,boleto,1,26.77
bbd5320df89920817b0cc073770a9c8f,1,credit_card,8,195.28
c14d2e12b876b00738f6c4ae6329e1dc,1,credit_card,1,20.27
ee9ca989fc93ba09a6eddc250ce01742,10,voucher,1,2.45
6739ec850ef337d6dd99504b01b4574b,1,boleto,1,116.94
15ade2c7daaa01c998220a2035dd43dd,1,credit_card,1,150.37
1cd6dbd1ca9fa0233fdae069c422f48f,1,credit_card,2,191.33
b6d6730512437da0a234e99ea7885212,1,boleto,1,145.64
4d9f7ee0798052190a19d19bb0f31a40,1,credit_card,4,1066.08
7dfbacd668c23f1d45720c457f2aaa70,1,credit_card,1,129.01
67332434603362ce9e1894a63211232f,1,boleto,1,249.04
d5e9734f54e05a41246389d38b732a51,1,credit_card,1,53.35
d8e17d5f7dacf0970d316e7c03e741e8,1,credit_card,2,27.77
606449909d777e082c5043319f58c6dc,1,credit_card,5,496.90
3ea310e0ca8eaa2d771f9ae489e6535e,1,credit_card,7,164.98
fc9cfa2de496ffeee8c591c87070664f,1,credit_card,3,36.34
f7cc115bdf4af94acf9b6da346ee1c88,1,boleto,1,139.20
56c68bdc0271f13c3037a5bb26d520ad,1,credit_card,1,102.03
63770e5bb4dbde814360a6e2ac62caef,1,boleto,1,127.92
ec7fe8ab2dc8752a229cd9a28a91bc57,1,credit_card,6,70.00
551b1f7008ab0e7ccc85caaaa27f8a42,1,credit_card,6,266.68
be32306676f1b65193ce87367ecf3e34,1,boleto,1,30.10
74b688473b5a7667bdef6423f7508177,1,boleto,1,101.14
40f00a10bbc6a312ff95f899d72817d1,1,credit_card,1,110.04
8564695f6dfb1c4384d76dcf8e96ca35,1,credit_card,4,40.22
b7c31842ba974282794a900f7913fab2,1,credit_card,10,320.30
2047712d309c37ea8b67d413cd8632e1,1,credit_card,4,44.09
2296fa4ebace1edacb9f91509766eb18,1,credit_card,1,239.34
61e7a0e72661ce2a29fef077d8007f27,1,credit_card,1,27.80
e2ea1c8dd335be5a191a54a8de85770e,1,credit_card,6,66.44
a182c021b0561e70031de925b3991fb3,1,credit_card,4,176.99
287b0bab443f35ac8aaeef8efdbc3a74,1,credit_card,1,77.57
f9989a770fe566738df2291e09cddee0,1,credit_card,4,603.15
2c84b2577e246ed9aa8ad68b0dee5be6,1,credit_card,4,40.38
4fb04008f96cb74d5bd6bbc8600cb3fa,1,credit_card,1,24.17
532ed5e14e24ae1f0d735b91524b98b9,1,credit_card,2,83.23
177f8b6f0cfd6ef224d0caf1e59d89bd,1,credit_card,4,820.24
b539f51f7cf6a9c1a871d2bb898cdd27,1,credit_card,10,125.42
180d9087d153ffddea224f2996463f46,1,boleto,1,225.71
5927bb00efcc2db67e6e98500fa49629,1,credit_card,2,100.62
9f978ecad138d859f6e9e08ed6b7cbda,1,debit_card,1,100.69
3ce3ea3283555ac158b83c7cc2093ca7,1,credit_card,3,32.09
2dc89150e25e0d36a6b80cea3c8a1290,2,voucher,1,30.83
cc008d324278200689ee451a547b97c3,1,credit_card,10,111.21
69df1d467702671ed04aaa60c5996701,1,credit_card,1,98.97
e9e9b31ec2faa5bb868dc5fa0c66b0bd,1,boleto,1,22.77
565ccfa6f9e28da74700c42da9deb949,1,boleto,1,72.14
bc7378e3329da5c228531efaaabb18ae,1,credit_card,10,174.21
06c9818464bb97d2f13568dd66e904a9,1,credit_card,10,570.56
6d0f0280ebfb3b857b70731c9df2158c,1,credit_card,1,58.61
51879b7474407f56048b6c36cc3e263c,1,credit_card,10,222.87
ee2bcc3fca40f8992903209e91a6e19d,1,credit_card,3,330.13
520511b04850b7b40c753fb70aca7bcb,1,credit_card,4,189.07
29368d8ce1c627a562377e763eee8a3b,1,credit_card,1,330.38
61450e6c8f56d52e46a198e57df7d731,1,credit_card,24,252.09
a8509dc24b521846439b3c61f221af06,1,credit_card,5,55.04
e264592bd65236932df8193bed000e39,1,credit_card,10,759.49
ee74d6d02ebb3a2ec7b9038dbb0748e8,1,credit_card,5,62.28
13d45a0fb42d1b8691a1824859519e4e,1,boleto,1,117.85
c8086b4492f0deb3456e98d734f85d5d,1,credit_card,3,149.26
a92cfc44e62b26e5bda2aeb39b0e0217,1,credit_card,3,154.83
cfd2f4ec78bb56b1fa91abad6d3ee54e,1,credit_card,3,261.18
ded320f8039d7a35a324cf22f83fdf67,1,debit_card,1,445.60
e4612c20fad84db70d164d5278c01d4d,1,credit_card,5,169.01
8ec0671b1fcacf329783aefb39813a64,1,credit_card,10,771.17
664fffdda32d46c6b21de73112d0a468,1,voucher,1,111.69
9a838b8807fdd90c94d08ed164db0039,1,credit_card,2,148.02
601316c0f92a0da733702a7b89304189,1,credit_card,1,28.13
945cebd7f0d6886e7971663839507ec4,1,credit_card,3,49.75
bc0feb6a96ad7552648f4183cb6ecb63,1,credit_card,10,102.75
7f685e08cef9cb9c0d7dfff90ece93d9,1,credit_card,3,209.26
ac9a25281ccc31b31fc2e9cdac94d9f2,1,credit_card,1,185.93
2c88b5879d666444b90643a3817f9b97,1,credit_card,1,70.43
0681ba84087325819dc1f41d4f79701d,1,credit_card,1,31.88
479d2226115d100c027f7dd83622c1ee,1,credit_card,3,168.83
23941956ac5ebb846fc41ddbf76e7ccc,1,boleto,1,173.84
73cb429669ebb88bba7787201730c88e,1,credit_card,1,30.00
5e5235e11bea2c86b1255beb1b7e247a,1,credit_card,4,105.89
87db440948f84c0c68a2311dba047650,1,credit_card,1,111.32
c63d42eaa9f87b513dcf03cce7097bea,1,credit_card,6,93.21
df147d110784e81110ece3cae5fafee2,1,credit_card,3,165.96
eae46740151daff6420b7acc4a9348f9,1,credit_card,1,73.65
21986ad587b4a2c379e191e22a03deac,1,credit_card,1,30.00
2f7e28557591670c3bafadee171c72b0,1,credit_card,2,131.61
823e1b55f87736972904ce20e4e90f0a,1,credit_card,10,486.58
e39fd2e5443413710adca912ade28b4a,1,credit_card,1,86.15
d0c4a5b064e0ec72eca6b1c01ade0181,1,debit_card,1,89.10
ad0e80cb90ad456f01f1533e4cdc1f0d,1,credit_card,1,309.16
15ec221740e9cec424172caef8dbeeab,1,credit_card,9,464.58
c6d7cba27932e1d0cc2d052db5a2dce6,1,debit_card,1,100.19
50dcbb2a2604b38d231b84bde3f62227,1,credit_card,6,86.15
a27eb404169bf0159dcee550b59b9d5e,1,credit_card,3,67.77
aa1849549928a6c6d3f8b27f1bcf3a22,1,boleto,1,37.73
f2076489cb09f9d0f11c6a524022fad8,1,credit_card,1,27.75
e6ababa4e7ccd58b8bc7282d6bbd66e0,1,credit_card,6,125.77
01bae920aea13b891b50bc1543634a65,1,credit_card,1,67.43
dc48537f3fcda6ce650158bebd4ecc6c,1,credit_card,1,39.75
0b2942062fff77e603cf4837c421e9a5,1,credit_card,4,199.09
dc1818ff094219ac82bf4d84fb6c6540,1,credit_card,2,205.09
148faaf4575a416a7f739d55db63babe,1,credit_card,1,53.99
3a8120ab24d55fb6df380a431836a916,1,credit_card,8,227.01
659c757231085ed35dafa16a50fa16e8,1,credit_card,1,822.07
b9834f31cd639800af7f7186144695e9,1,credit_card,2,36.77
01c1f3c10d2641a10cfd97ffaac0b3f5,1,credit_card,9,95.64
add940502d0460714892c63cc13c07eb,1,credit_card,1,2.07
b922c642dfb5ebad3b03394bd2ac0b61,1,boleto,1,30.59
7ccc11577ae58791fde9fe83f4c7f106,1,credit_card,2,161.30
bb04237dd8964e0983c1d0bc623dcfeb,1,credit_card,3,171.43
d368ca1b5f6b46bdaf14b7c0cb5e40a1,1,credit_card,1,29.83
402e0a2ad64d2f2b8f0d06d436789aca,1,boleto,1,317.88
ebfd75154f8fdbc98038250a80a41875,1,credit_card,1,56.45
8fbf896e2592896433876e70d88863aa,1,credit_card,10,231.27
4ff360dbfc89fdc00cd35d99cb3efef6,1,boleto,1,45.95
36dfa5ee84af8da4fc7f9af242219972,1,credit_card,4,88.47
63566db60bbeb077e5d7c18411674b8b,1,credit_card,2,205.95
701ddcb0eab1d32958b3638a5e8c4e97,3,voucher,1,3.98
350038b23604468ee252b66f20af1443,1,credit_card,5,113.63
86757b84a26b96e53be8c8090ae9f96b,1,credit_card,1,133.58
60fb7d6bc05727392e673b4035dfee7e,1,credit_card,4,86.95
0f0da37d4b99bfd602829ae5992b2d57,1,credit_card,3,119.46
d47c3e59ac03430c6e743c61f7e6bb6c,1,debit_card,1,65.89
779e0845b9e541376ce3e8120c548cb7,1,credit_card,1,59.10
290095474d5b5550b5c86ef43e11d021,1,credit_card,1,41.81
575b1b9f37a11b59ac98672fa8c487b2,1,credit_card,5,88.00
8743f50a1fe252ac48d22e41db971137,1,credit_card,3,171.75
3c7a723fc09b996f715cfddba2377163,1,credit_card,2,108.76
e3ecf67f9ab4a010b9ca17cc8df843bf,1,credit_card,6,69.12
4f922bb38b84918b2711a293c04055aa,1,boleto,1,106.78
1d090f0194c35ed8b589f82f102bd758,1,credit_card,8,585.39
a10231eb95955f12c2bbc1e34e25c950,1,credit_card,3,74.49
ee9ca989fc93ba09a6eddc250ce01742,7,voucher,1,1.92
18bb4acb90913593d37049c601660009,1,credit_card,2,197.27
5290c34bd38a8a095b885f13958db1e1,1,voucher,1,206.88
d779d1f64c00cb888484f4b2f5eab951,1,credit_card,3,297.07
b329c0dc7e78a0caaa2b8d67c8a8c8ce,1,credit_card,2,54.11
e95de39b06926e7e123cb18e3a99dbf7,1,credit_card,1,123.69
cb0cb26c017d2cfb4e9ed39cd6ee9fa2,1,credit_card,10,352.55
6a32c701681d4c31dac221f9a2848c80,1,boleto,1,106.67
b6c8a981ff2379f36a347ec8c9e2ae56,1,credit_card,1,82.98
d0917c0a88a601949cde7cec1331de4e,1,credit_card,2,308.80
9ffdb44f6b79111e57d86b61146fba23,1,boleto,1,56.42
9cd5810e0e93f3aa22403b2a7371d1a2,1,credit_card,1,61.69
16f0fa8aecf907e4fe3768af883f0def,1,credit_card,2,130.13
a769cc9f5becd92358f5d4604e17e806,2,voucher,1,19.69
a7881f54a20f4f7547971f089438b078,1,boleto,1,49.55
fe0c59004b59a99b0240ce5facde84eb,1,credit_card,1,93.29
bb18a7304967722c7cef28dff0a916ed,2,credit_card,6,116.76
454a297f19c15e3f7a16c16961029402,1,boleto,1,213.05
d6199904747af716384a5ddfde0e4b9f,1,boleto,1,189.00
71dab1155600756af6de79de92e712e3,1,credit_card,10,1988.55
aa7e3a2bfaf2aa8869ba241172c7ee1a,1,credit_card,4,334.48
b2a5b4b96f199f352ee45d82ac6dfd24,1,boleto,1,85.99
81db4954527dbb6dbda29235cf4bf043,1,credit_card,6,196.01
1991b586044e1a42934aa179003b8f2f,1,credit_card,4,689.43
01d0cbd002be92b5a970cb8f233349c2,1,credit_card,10,376.29
712d7cfcfc32b2849434e973309ed3f0,1,credit_card,1,86.36
ee43fa4abdcd5f9e2c4ab7f972628c3d,1,credit_card,1,49.39
ce6773b2916ebbc43dcaa762c0c6f9b2,1,credit_card,2,31.42
b3718f28653857ba876b640844d45d9b,1,credit_card,4,88.90
12af24617f25e0c8cd411544f704f2f7,1,credit_card,6,64.22
9ddba77d69c77e988ac02c012a59d058,1,credit_card,8,339.55
036d29511908c7b10872e1e72fd0681b,1,credit_card,5,159.46
c90d12e5994094efc0ee48807d875750,1,credit_card,10,199.69
aa074a04e180e1202a8e0500297a2570,1,credit_card,8,233.81
79ce3a0a9eba49ff442b392ab05349a4,1,credit_card,4,87.64
93cae495607755570d9b4c0c2d0474e6,1,credit_card,3,126.68
2e4d78cc067d04eaaf791ecbfb2bc3ce,1,credit_card,5,98.53
497557705ed42b9e7678b808d1f21dbb,1,credit_card,9,116.44
27a90e8052f7030cbb1c892d8e59542e,1,credit_card,1,98.21
19f7f56c6be510246f52557f78c2d0d0,1,credit_card,1,182.29
60b570df9018c6b6441017314a2dd081,1,boleto,1,1351.44
4b776c02a3be0e30b22a7e5ff6a72136,1,credit_card,1,64.05
8538cceabb941edabecc8ac62f6813c9,1,boleto,1,56.03
d78e5c7a11bcb261103cb4269bd37fcf,1,credit_card,1,67.18
efb4de6556b343a36237a04683bbbb06,1,credit_card,7,160.22
d7b1b205f635a07e904e5c4069b6859d,1,credit_card,2,24.20
99c9fec8ab028336e605f216e55337e6,1,credit_card,1,65.00
1b39d154e72f232a67b97d1d2545d527,1,credit_card,3,95.34
00789ce015e7e5791c7914f32bb4fad4,1,credit_card,10,190.81
aa13f22ba1dbf5360989f7480c1e099c,1,credit_card,1,23.29
4f211215000592921381e69e480acbc9,1,credit_card,3,82.98
219011b6543055a960c7dd94cc5e0770,1,credit_card,3,91.72
96a8d065c3f2dbde8c6ff7fae00a2f35,1,credit_card,2,152.88
e1247131e29e9f01c5ba3db262a4cd25,1,credit_card,1,91.76
f8348a1010449c16817a418fbb9e3620,1,credit_card,1,21.36
f8e76bb341db0c60411beac8a83f312a,1,credit_card,4,217.78
8a667bf7baec5286ad76d81facdc85e5,1,credit_card,2,193.50
190d1b221eb8c4e51953c2542c6acc61,1,credit_card,6,63.27
71385d0c646fbc757cfd07df085986d7,1,credit_card,3,159.99
caa7dcd7507e6cdcd45f7ba5d29383a9,1,boleto,1,77.77
8e2f6e8aa36fa3770c9f33a7129e81a7,1,boleto,1,55.09
66797603772acb9fffb18082921fd797,1,credit_card,1,51.00
9fd3d5bb20296499ef3fbcaa4db31c39,1,credit_card,3,177.58
e05b2ef0e6f68745846dba198590cb80,1,credit_card,1,250.39
891bbd4e052c5f3e894ed330a7419c6e,1,credit_card,1,142.56
a8d69f3045be9fa0ea3aac3971741980,1,boleto,1,36.00
d4361586dbdf3e45c6de2faac0714711,1,boleto,1,259.84
65efd756608003e865eb8d80f66a3ebb,1,credit_card,1,185.48
911ac4b6a3d83be295853192aa63fbaa,1,credit_card,3,35.77
9a02960ce092d811e89e50c06d750ff6,1,credit_card,2,115.04
bbb0f163b011eec0c55e5b764f7811cf,1,credit_card,4,103.61
adb4641524ad981f9ab1886ee54977c7,1,boleto,1,188.62
c12a72f72509bcc1317ee119c5ade35b,1,credit_card,4,163.19
483c22865f4aa9d0bd3cceb535b176ab,1,boleto,1,35.00
2dc89150e25e0d36a6b80cea3c8a1290,3,voucher,1,30.83
afef48d3c8a0b1b7c9b7f8f922fb5674,1,credit_card,5,153.41
c108072ab31ec90a754129c171577f5f,1,credit_card,4,210.82
460d57443ffdcaeba240360239747cf7,1,credit_card,1,34.00
557cc2675910c4a6c9b54ad276f25097,1,credit_card,1,56.77
f49cd89d6dad6dd5759ecf15dfe4bb19,1,boleto,1,47.00
82ffe097d8ddbf319a523b9bbe7725d5,2,voucher,1,30.00
f244841f5a461472de8de82f023b1371,1,credit_card,10,116.05
b545ba7b0bd67a3128185c7214704319,1,credit_card,8,340.08
7c3e71109e904d8e0c8d034456f87eca,1,boleto,1,404.88
9144181fd06902570ce9c34860652f55,1,credit_card,5,118.35
ad2e046d1a59ee49ddf9ae258360b81b,1,credit_card,5,135.13
64d6282bba1a1c015acbdcacca391253,1,boleto,1,40.87
b9a8d194c52bcb022997d990bd402f7e,1,boleto,1,368.60
968ce3e13bbc09dc91d26a2f0208d99d,1,credit_card,5,200.55
d73f657ce49ec301ac81116e74bd0571,1,credit_card,3,65.10
e43a8e7bb3db31ab15c10dfc9ef4e419,1,credit_card,4,69.41
85be7c94bcd3f908fc877157ee21f755,1,credit_card,1,72.75
933cae52f81a96867c679e5251c0a7c5,1,credit_card,5,88.49
dd3d73f70b77e2a07f64360620621ca4,1,credit_card,5,262.94
d2b0a763647d885d0d3db2ee534ec02a,1,boleto,1,79.09
73eedc4ca4a789813a63fe30856c805f,1,boleto,1,85.92
c283d7942d2bbca2c27a9c15ee2a390e,1,credit_card,1,206.76
2c9d0e7a53245b11b39d47e84b3d7ac9,1,credit_card,5,105.94
7dbdda97c8aa87c003f73602c45e4f90,1,credit_card,4,162.03
f53fa17609006c9c6669b5371ce08044,1,credit_card,1,26.38
6f393015477564624446a2b4c948c0f0,1,credit_card,4,40.43
1d50a1ce4cf6a22155891f66fb4117b0,1,boleto,1,66.64
f29b2ca058a4371e9c8baaae26e7e1a3,1,credit_card,4,46.66
42ed2aeb956c92e3c3bb6933ecea1d89,1,credit_card,6,159.39
b33fb23930b882d67b4b114c33f2e6df,1,debit_card,1,70.03
b7a098563d93a0a1f918772c24ca3831,1,credit_card,3,172.29
98e5161ba292a2032d586ecc01ac0c87,1,credit_card,3,171.79
cf4e2fbc22f6efdf6c5988003626bf48,1,boleto,1,44.24
aceb0ac9c2d49926c0eadc1510a3ff53,1,credit_card,2,164.84
935e2b59d8831e7e158e0a2bbf8f91c3,1,credit_card,3,37.09
ee491eb103d02acce80f7c5950def51d,1,credit_card,1,14.00
f1c5e5967b0cd0144bd3b56958f7da43,1,boleto,1,90.76
c5bed3a385f406c503841fed148952b9,1,boleto,1,174.64
be7a773222d5a7d8b12e75ed2320037a,1,credit_card,1,53.10
9f363e28be707432b8173ded00f855f2,1,credit_card,1,54.09
6cfe2a252e18997b4a5b5a0a612e7a0d,1,credit_card,1,33.12
7a189472050d185af07c5550a7dfc5ad,1,credit_card,5,620.68
f002422b59aa21ebc2c12136d1ab4019,1,boleto,1,82.12
90a854ca6f1238059e7d45e6805c8c32,1,credit_card,10,152.72
e04abd8149ef81b95221e88f6ed9ab6a,1,boleto,1,349.01
198078b833ce5c6249ea278d2bb3e220,1,boleto,1,119.84
028e8f5a96db8d372890e03d22829e9b,1,credit_card,1,20.75
4efbb5172eeaa8a9dd5a9483cfae3637,1,credit_card,10,416.54
fd700d48d34b0b4f75767e4502c3fce2,1,credit_card,7,79.56
3dd45cc3460f14bbe6c2249a8019a450,1,credit_card,1,38.37
3186e75cf9e4a13149e5729f23cebf06,1,credit_card,5,178.44
70809734fe201ea6db6d4577b84a3022,1,credit_card,1,163.08
878a0241d449fe7ea1bec1cf145b9c9b,1,boleto,1,55.00
1f59870d6111d909e3c3f511d4d6dfe2,1,credit_card,1,35.34
78376bf275535930db73f00a985ef199,1,credit_card,1,186.56
a8858a23008217d160630ef24a83f155,1,credit_card,3,74.16
d1ccec3180d63d8bfd37f65d34f07da5,1,credit_card,2,27.67
ca5fde2f82e0bb2a7e7727f165b28abe,1,credit_card,1,24.38
e9ff655634db2dac0d2c18cd8fc57869,1,credit_card,8,210.23
7c5cfb19cd59e93d54d251302ac8268c,1,credit_card,1,54.01
b7592da1b6c34d2b2404a7b6e8639376,1,credit_card,4,257.08
8b5be28b78c96b28adca40358eed3d7b,1,boleto,1,69.90
a911df1b9a76faaf67ece263358e285d,1,credit_card,1,76.97
7d68f1da2ad6d6fa877e000788daf541,1,credit_card,4,291.52
d19a87282922be2fe89f5234b1bb6c14,1,credit_card,2,74.05
6dc67cb39f917644a71c8f9410d6505a,1,credit_card,7,147.06
ee9ca989fc93ba09a6eddc250ce01742,8,voucher,1,5.31
0d8e4bdd8a9f84b606ea672b4e722f8f,1,credit_card,1,328.05
c09395a3ba913b8f6c2594a7df7df72b,1,credit_card,2,325.35
19b37f1efa2ddaf265496e78e245c19a,1,credit_card,2,49.45
e0dbf52e0c78f9be2caeaa5d799a83ea,1,credit_card,1,64.03
0838c36e9894cf5d929f58210d5b5bb0,1,boleto,1,104.91
6bf6d79b7a1a551ef6621a52c435ed1e,1,credit_card,3,188.94
5f6d7bc44eb2d1588b7cb6ac202d63a0,1,credit_card,2,113.76
9b883472f4826d7c694d8c52038a8c67,1,credit_card,3,192.69
cd3558a10d854487b4f907e9b326a4fc,1,voucher,1,71.80
fb4de3600d359f84927517e78ff9ba54,1,voucher,1,0.01
48e715c549b6c9eb4ac2c75f6df8b01e,1,credit_card,3,220.86
137d0174b6161980026a858b907762fc,1,boleto,1,42.27
fcc92ad75bbb8728d4d4488325ffc907,1,credit_card,10,297.95
df53ed4b08a845497e1f9aafa11fb2a4,1,credit_card,1,51.10
5529ec8272cda325d9f9300e9bb09d5d,1,credit_card,4,223.32
a8f7a1d76c02dc4a7c5177aee8c2b02c,1,credit_card,10,236.90
87a99c9be1a72ccd14a90ce72e2544c3,1,credit_card,2,116.75
4477f0fa7855f6d43e17f4b8e6612898,1,credit_card,8,105.28
e9cd104dfc8837e084c067292c013b0a,1,credit_card,4,47.71
3ca220335d57d2c3accc9bb4816d7035,1,credit_card,1,84.92
973f596fdd2295f00754dd37ab7eb684,1,credit_card,2,98.79
dad751910ee8793efe38a28bd04cf1d8,1,boleto,1,86.04
cef32f42c7dcdc8bcf919ba74f04da78,1,credit_card,2,51.69
e573bcbd71e063eb151e44500cd89360,1,credit_card,1,61.20
88986b613097da641340bc366a2d91d4,2,voucher,1,18.06
0380d4bc2621c9c80b674b729d4c6c02,1,credit_card,7,77.78
346c7fbe1745d3fc2a5012e93d121652,1,boleto,1,169.32
54220fcc516cabe9ec84b210c0765ef2,3,voucher,1,11.41
2f6c001bbacba3575b0852b17b0c3dd1,1,credit_card,10,379.67
ed0094f95927e35ebb97a275ed02d046,5,voucher,1,13.97
c01b52b26b2be81e5712a958631d858e,1,credit_card,1,77.12
a9c89bb4f8fdb0f08903c73d7d4e8822,1,credit_card,7,70.72
b757c5b68510d1d1390243961552792d,1,credit_card,4,42.20
c6701e6d9b17bfd2a252ecb5aa4c7949,1,credit_card,4,106.88
67a3eb1dd398761dcbd4773e7d811cf6,1,credit_card,1,41.09
c8b09d2fb2d0f23332a7e6a4e5e43d66,1,credit_card,10,912.00
701ddcb0eab1d32958b3638a5e8c4e97,2,voucher,1,8.66
59ac31de88c9c4b239aeee82c6a0596e,1,credit_card,1,33.95
3efdbf51c992266c11eb3938e67e77da,2,voucher,1,80.00
e9e64a17afa9653aacf2616d94c005b8,1,boleto,1,144.56
9244c5e7b61a5ec0c86191bb1a727ed2,1,credit_card,8,236.72
f9ec88f49637ef75f91d3b52f89b2809,1,boleto,1,133.21
4c5c035bb0cad9e1d11415f3d74d6751,1,credit_card,10,114.45
1c7a2b989035d96cd218d9b9f352c098,1,credit_card,5,238.23
3f113daaf8b405bcc4349a2812061fa4,1,credit_card,1,5.77
8925a70c5c2e5b4ce423e37036e03571,1,voucher,1,125.85
451d82f07a1528cdce26398f1f04f8f7,1,credit_card,2,314.54
a66719a9e64cf864937c6c2a598d048d,1,boleto,1,134.60
e2df04c1573f061467ee1af3cc6e26bd,1,boleto,1,41.05
feebdd36c3e19b95f31008e3e62dc32e,1,credit_card,4,200.88
5a583547086c7958be6668ef932708cd,1,credit_card,2,66.25
531694ee49280f6c3d2febd2c0f5334d,1,credit_card,1,141.86
3f5ee98124031535645a99b8c198833f,1,credit_card,2,148.90
6d0f82a01588821c295aabc53d05a552,1,credit_card,3,88.05
1378ae963e03b117d380f928164e9599,1,credit_card,1,42.68
add940502d0460714892c63cc13c07eb,2,voucher,1,36.54
6836068790e98af482ed0d16fa65d535,1,credit_card,4,205.75
2af4817f66a5aeb427fc06e41204bc7b,1,credit_card,1,22.73
78f62098f3fbba55d5a6fc9b2e072cc2,1,credit_card,5,107.78
e40632c1a86bf79342051a1ed16149c3,1,credit_card,1,27.23
4973b3b81af1585534c0b3de209acec6,1,credit_card,4,207.86
0d758f79408829d623e331723ac19569,1,credit_card,1,16.38
27898da84be67ffaac7dfd170663529f,1,credit_card,10,160.68
c7c3a00f3958f5ce595a95a1a98672fa,1,credit_card,4,62.59
07ff1545b26c5800dc2d25ab88055082,1,boleto,1,90.60
4982b38c3eaf8479ef8d65755b2d0b14,1,credit_card,1,99.52
d14704bf551588cc4acea3368cafe62b,1,boleto,1,222.58
9f353d55cebbc63a3eb1bf5d53774ab5,1,credit_card,1,29.77
7182a10886eba11ded33e2656379e6d1,1,credit_card,2,419.67
0cabda713646db439e030172e3feea6d,1,credit_card,10,349.10
5d0db9d992f9f02d3bdca8a7e64c2c27,1,credit_card,2,163.43
32a36b92faf67aebedb4eea534a49c4b,1,credit_card,1,55.05
cd05165a846200165f408aac54408021,1,boleto,1,213.34
c9076d0a5b9df9fd2e5e808fff91f425,1,credit_card,2,50.13
676e56b18ff6a72033c922409a9d3a02,1,credit_card,3,148.20
ca232f56f19ba1b6db4b6cfea0d514a2,1,boleto,1,163.06
1839c69dd9dbf835d82480c05964cbd4,1,credit_card,3,112.32
47e7aec6b627052a790799a108676129,1,credit_card,1,59.22
a247dd396d56ff49f7b4f4b8f9139f5c,1,credit_card,3,162.39
e1143a99ea4cc1bd3a625b3501484dce,1,credit_card,1,28.03
c7b81b11d2fbb30b6e215611ff0fdf15,1,credit_card,10,144.76
95a7461400781a93765157b8f5fa2b6a,1,boleto,1,357.13
befb5a47055c761fb52d876ae90724b6,1,credit_card,2,170.70
2459807af0cad1161d053ae93c170398,1,credit_card,1,55.62
317e2a850e41487363a134bb3369262b,1,credit_card,10,281.12
ac853685fc6a8eb4fbee28b457588078,1,credit_card,3,122.76
da274e08fb80aeff81a543aae3cf9784,1,boleto,1,45.68
4b07e96261a6c3f0dd713dd75a1d0658,1,credit_card,10,238.54
701ddcb0eab1d32958b3638a5e8c4e97,4,voucher,1,5.18
38812ede52a6842d03eb017fc2c9d92c,1,voucher,1,201.82
e0740375ce45558ac111af54a98325e8,1,credit_card,1,69.31
c5f9505b4bf9db0433b371002f7be6ff,1,credit_card,5,262.70
80c343549e07922070b0793b2eb87df4,1,credit_card,7,341.18
33e2ef7baf78f45517589742203e095b,1,credit_card,2,49.96
c9e3d29ede6d60999c59c8626757ec6c,1,credit_card,1,44.20
53b8913fe5c632a9aa10069a33aaceb0,1,boleto,1,77.57
bf43c3dc9e568e98768cd15b4d526f9f,1,boleto,1,395.45
dd416a83ddfde887da5021bae60bb919,1,credit_card,2,170.84
70aefd12bdd5391f02011072c16e6801,1,credit_card,1,0.42
c2d61723f3e69b1e2bb9cc9c638c0b5e,1,boleto,1,108.29
076a94fba0a6b3a82345423e9f1bd3dc,1,credit_card,1,97.71
35490431b95a5ac679998ad3d2de2d9a,1,credit_card,2,99.90
c2fc568bac1a8c9f99c41a918cfbc6b0,1,credit_card,6,66.73
190f1efcb8b7f7fdcf6690c0c3e78c39,1,credit_card,8,81.38
03c1d25d82f404ea1fdfae8eb0b4c314,1,credit_card,1,117.04
2792c2657bcaae781c8261d93fda4937,1,boleto,1,79.56
41b64ffb924858fb0d246c1065fa426b,1,credit_card,8,179.36
f76a4a871a67dc644379c09dc683c967,1,credit_card,9,97.71
4eb910d27cb13ee96a5e5c6dacfe4e4a,1,credit_card,3,82.73
500ae586f3dab7aba8557a29f0073de4,1,credit_card,1,136.60
0690b2d9b983cf580f407531575622c5,1,credit_card,1,126.64
4ece3211dc7b96c8b646fa8a727039e2,1,boleto,1,23.39
3322def88876cefd455c98956089a062,1,boleto,1,76.50
5dd47ef6835a273cdef464b77feacc62,1,credit_card,1,186.82
8c29553a081ec9b93f3a0407e902822a,1,credit_card,5,58.01
913ad8619a18dac3ea5b944b82d289a1,1,credit_card,2,55.69
4c1eb4e6d52d42048614e4c46f3c5f9e,1,boleto,1,240.78
14e29f83cf6fcd5fcca40380a248eea1,1,credit_card,1,72.98
2e328ffa7af7bf06a2af0b74cfb14f64,1,credit_card,2,44.59
a7652ffa94af425f684a2d55cc06945e,1,boleto,1,55.79
84992c4145bf78ab42c0e997506e8ecf,1,credit_card,5,58.27
40b0e6507607e122ac052bf9426dba12,1,credit_card,1,96.32
1b9de9a0409d983102d4ce529265112a,1,credit_card,5,135.62
c057007d38fa1eb53e9eaf0602830467,1,boleto,1,56.78
47a4127cb0dbefba62b1f27417f295e5,1,boleto,1,38.39
2bfe52167cb0f38cfbbdca7154dc3da4,1,credit_card,8,203.39
ee9ca989fc93ba09a6eddc250ce01742,1,credit_card,1,1.76
64d142a53c93d55b6809d20d06dcd951,1,credit_card,3,113.97
dcbb8d460d1c315bd4cdd96a4aaaf258,1,credit_card,10,162.66
a1f5afc5fe7a4ee4bef93aab1e95772f,1,credit_card,6,261.76
2824dbb32a0701afe0730559fbbd6513,1,credit_card,1,206.06
3afcb1b9c83fabca41c1668a879550a4,1,debit_card,1,135.60
6f8a410f9542c68dbb680d2aa47b6d14,1,boleto,1,69.90
22deaa695e6bee4bb06af5da6cdcdabe,1,credit_card,3,35.33
d90f36f9fe6a2fda4bbc5498a14b81d6,1,boleto,1,198.07
54220fcc516cabe9ec84b210c0765ef2,6,voucher,1,9.73
8535f60f13f03d9f0bc91ed113bb43aa,1,credit_card,1,113.17
add940502d0460714892c63cc13c07eb,3,voucher,1,20.00
e4eefb7df8e2eb496136dd767d0bf1f0,1,credit_card,4,108.31
67384b4952e4e9da609ba03e96b87394,1,boleto,1,89.19
fe421e7d38d622aedc8ca97d58771ea6,1,credit_card,9,138.17
e53a8a6728d3ba5c3662929455d7a6d3,1,boleto,1,76.51
b9e6b3135dcdfc054568883b2bcf1e5e,1,credit_card,4,47.47
393e604943de623d0c4d474259214378,1,credit_card,1,47.53
70b3137c66efb2783c73b76b78215401,1,credit_card,4,135.48
52ccb6a04d727e7ccc854dff8458dfb0,1,credit_card,10,669.71
c38d701768413a3f8569e83aac1a3179,1,voucher,1,37.26
81c79eab1c92dee31a9a5194bf6098a4,1,credit_card,1,32.43
b1e786caeddece12e5efd30580eaaabc,1,boleto,1,65.03
1194afa31e54aeee123be8df42e3f573,1,credit_card,4,94.55
e37400ea2216206cb88f2d8c87b4aa35,1,credit_card,5,164.94
24ceed9729a86f5e36fd61ae94183817,8,voucher,1,39.08
52f166ce5fa053bbb27d317e4fd231b7,1,credit_card,4,446.51
b208c52c9ab77c2efee93366dee571bf,1,boleto,1,40.78
9e079abd2ca9af66e7584c00d6551890,1,credit_card,4,49.52
c9229f668c1028a77a433afa8b93f122,1,credit_card,1,142.71
08158c9f50214fc5872aba47814160e7,1,credit_card,6,309.77
98509cb0716e6b8b252e0dcb05b2e481,1,credit_card,3,163.95
b50dd584b57f884ca278422e0607f7d3,1,credit_card,4,138.07
4e797467960184f4812ea77710c08b05,1,credit_card,1,45.09
fdcb642c8ac047b33f64d32c79a62833,1,credit_card,1,85.14
f35e931a720c89ba31489a6f86fbf985,1,credit_card,8,107.39
2c42da58ddeeeffa46d6ddc5e6725e31,1,credit_card,2,96.65
fd0342fda6ba083712b6ed0d4e6ac483,1,credit_card,5,102.48
bdc979bc2bbd601781c4d37fc8a8eeb6,1,credit_card,4,163.16
8dbafac7422903530bd67f9cc974a094,1,credit_card,1,64.38
f597f78ae625c3e106ebe17e6e0cdeff,1,credit_card,6,72.67
71385d0c646fbc757cfd07df085986d7,2,voucher,1,159.12
110e1980401cf18f27590b4023ff5e32,1,credit_card,3,246.49
e710c7377f2f29b3d369420d354b5abb,1,credit_card,4,193.45
11200294ab90161f54f7effdea8d9466,1,credit_card,6,103.55
bda1d0a447e146223cefd1f3a4492701,1,credit_card,2,107.88
45e199ea5adfa906eccd69a47b50e870,1,boleto,1,31.38
dd8b565021d8781e5b1a93e85ec5aba4,1,credit_card,5,113.71
44a69f8dbbaad732136d9575edb10295,1,credit_card,5,227.98
ac9ec0af6e2e654e5b2b88f0ee326b4c,1,credit_card,1,37.61
c6d494c8b8f23ab293d35084ce4babd1,1,boleto,1,263.84
8d1bc6d158769393c1ec54c05b734652,1,credit_card,5,111.02
da53168e1e12e3408d193c03604f260d,1,credit_card,1,100.06
9a50b650295303f506477ad430996e9d,1,credit_card,8,87.43
afa17ebff8d7e00d7c9e04860c7ddcea,1,credit_card,7,79.61
7fd1ad3183dcd535e1fbbd709f095a4a,1,boleto,1,62.01
ba3ebf2b1c96c432cfc82801c4515ea6,1,credit_card,7,215.55
43c20095b0f5f569fe0d24426cf8a7d2,1,credit_card,3,30.69
97fd93a5c9549a865a53d51328e01848,1,credit_card,1,134.10
9d107f7c71a717cfcccc479c9e300302,1,credit_card,6,122.02
a4f692247016a0f0394abc54b63f865d,1,credit_card,5,166.31
c5fd5386640ddd76adc482b72d24a02b,2,voucher,1,5.79
04a59fe46fc5aa341da5378c195ed53c,1,credit_card,1,75.18
62b7574be0b7a8465822312be8cb07b8,1,boleto,1,292.37
3b97562c3aee8bdedcb5c2e45a50d5e1,1,credit_card,5,269.44
6f4a6eb3e4ef9a73f9b63fa7ee3ce425,1,boleto,1,103.79
40153acbaa4888eff1e5e778798f30c4,1,credit_card,1,44.00
aeeb0a68040240daa8065187ca9d0770,1,credit_card,3,163.69
bd5a9582291175251c3dee0c4a87761a,1,voucher,1,146.12
0573bd213dab1f238af912e296c83944,1,credit_card,9,96.80
1aef7a15aff34d2305b0e6994acd680b,1,credit_card,1,27.02
f36d049775f796795ad32ae00310ee97,1,boleto,1,57.29
0ace5fbf6db2942061542a808558b9f7,1,credit_card,6,117.85
c69f0380799b51f882ec31e9761cd497,1,credit_card,1,30.23
b4a6ef27ed0f4d85919dee11bcff9b41,1,credit_card,1,96.69
7eceac74a363199f9c55074132fb8641,1,boleto,1,29.76
79600d8903faf815002622ab515263c4,1,credit_card,2,26.24
ee3e4667c7774f7a6b61e1990ec78cf4,1,credit_card,1,49.77
c7a7c97d430f40628efc0f1e41f723b1,1,credit_card,8,318.19
3f3e73711d749f4c39da2d5e55927d84,1,boleto,1,84.52
d83e73ca49e7e9ec7ba0154139858fc8,1,credit_card,4,252.38
ed0094f95927e35ebb97a275ed02d046,3,voucher,1,13.98
83b3ec68c2f23b553f392eab2bbcc07c,1,credit_card,5,102.03
1e65b448bd96abe8434d64bc0ae4d609,1,boleto,1,58.53
844cf907092829d721bd444fc47377b5,1,credit_card,1,16.39
cc72d62c9da97fa8f846e9403f0fe57f,1,credit_card,1,54.13
08796d7a1fa345c5bce8f3f53435e21c,1,boleto,1,88.71
99ea7908cd1e043462057874b180e3fe,1,credit_card,7,167.64
f5faad333010a9fc0ecb1ac6014a842a,1,credit_card,7,77.57
abf60bca751436919479c6ad94cf5c0b,1,credit_card,4,223.68
7bb7bf45693873665dd4a3028c3d9883,1,credit_card,1,207.57
11f81f5b3445ad54e4c793afe6337986,1,credit_card,1,89.16
93801ff5a04f6b018564f462ea790c0f,1,credit_card,2,70.14
8ea705b6d457f1b50272b5ae5a7a9099,1,credit_card,8,230.11
66cb680674721f9816e366a15a93633f,1,credit_card,2,211.91
9864e42f543cd23bd3854610732d94b4,1,credit_card,1,148.76
390f7b0eca6e233bfe1584c54f97c39e,1,boleto,1,236.28
6d8660f8e645acd678cc75068d4fbcf0,1,boleto,1,901.06
c2038cc607e5462400ad6606b091ceca,1,credit_card,9,97.04
088858a852d62de0c175c9cc4bc0ddb6,1,credit_card,2,111.76
34385ebc27efd3685674932151f86368,1,credit_card,2,62.78
8906f8628f9d017732e7c6f40fbc57a0,1,boleto,1,259.33
b7716ace923ed81a5f2df20115695b2d,1,credit_card,1,77.67
2e0b3b0ef908939d3218bc60b4ddb793,1,credit_card,1,120.99
03489476aad23c09fa16e1c46ad38044,1,credit_card,2,127.01
4aa95ac048b026918957d83319f5eca6,1,credit_card,2,118.88
2c9efd6e429c8bfc4f59a509334aabf0,1,credit_card,1,23.78
47d346b7368958cb0bd17880b2af14e9,1,credit_card,7,76.57
1973095f2596945f9dcc773608d8cad2,1,credit_card,2,69.04
eb7ac481803eb5bc5b7cfe431a03d39a,1,credit_card,2,36.78
177a359958777d9b5cebb4257016c35c,1,credit_card,1,175.08
57036fa92425953d26c370e6fd4b3943,1,credit_card,1,161.05
fd5f4a26279e437735f4d5da152f5295,1,credit_card,8,568.08
1ac347121eefa52ab9ed2cb87693afb0,1,credit_card,5,114.80
b7d6f9e405deaa6ff82ab9d96608482f,1,credit_card,7,251.28
fb89dbec79bc8b1f0d12165058cb1cb3,1,credit_card,3,129.22
2f1a5157e323f52d58fca608db06ac82,1,credit_card,3,47.16
f7a1c7b797e20c75f2e3dcec7ff17d22,1,credit_card,4,49.71
f9701d96c7a213fc325f378bf83d3afb,1,credit_card,3,32.52
da9409a419597e4d2a671193c8dd6095,1,boleto,1,209.30
31f2497110f1ac4723c65060cd81dd92,1,credit_card,6,330.31
337d06bdab986563a27e4f5c1885e887,1,credit_card,2,105.20
786cae661e4ef4209fe7721d5b85cc7e,1,credit_card,3,192.80
c0b6d4c66078f849fe7e8baf7276888d,1,credit_card,1,61.40
6428d066760796cd8507fb537438172d,1,credit_card,1,424.57
15513623d17d4fbfb1fc871c176e9f75,1,credit_card,1,54.78
928c456c589166bf1f6a77a4ec6a8165,2,voucher,1,6.45
275ae19d3b5b88d41fe617cae7a1e056,1,credit_card,1,31.82
84e340f8ce26dd8b76b86f8d2c84debd,1,boleto,1,138.92
a92232b41fcd16d21f69ff9d11648bbe,1,credit_card,3,150.14
ab001f825765f185062e85eaebc010b5,1,credit_card,2,28.30
a1119e009d1d91655405307f4c095818,1,credit_card,2,65.67
a65d018a7a1122b4312c742d7107e021,1,boleto,1,178.88
9b8759d21a6df9bc2d6f451c972674c4,1,credit_card,10,156.60
f5967f0a9a614d8ccb6b2c1c16bde5ed,1,credit_card,1,128.88
e601f404ef484e156f2242dc5ebd5554,1,credit_card,1,144.30
560f8dd770a2b2c009a4fc935c507014,1,credit_card,3,40.09
eb4b336bd21e49c74c82949c6cc43ec6,1,credit_card,1,66.18
8bcbe01d44d147f901cd3192671144db,4,voucher,1,0.00
e98379ee17e55f764423de1d693daf42,1,credit_card,1,20.68
70aefd12bdd5391f02011072c16e6801,2,voucher,1,85.39
4fa0555af785b01d6fd80634b8c3a87a,1,credit_card,3,600.75
e661124f7936eccc5d961f2dd754f865,1,credit_card,1,119.32
e01371016351ae4493ecbd7a8c5a33f5,1,credit_card,1,12.59
fd146e195b9e3e00d02a5bf4208e043a,1,credit_card,2,245.48
d524e77bf9d7d01dec8ba849212ee527,1,credit_card,2,180.30
93f02e3d7633cf1fa948b35b5003cb18,1,credit_card,1,676.80
bbb39449a277499952671cc64cbd7232,1,credit_card,1,126.69
b66cbfeca2b3978020caceb7a64093c0,1,boleto,1,177.49
ee24dc874cf2cb44acd098173b7ff240,1,credit_card,1,51.91
980bc014d29830d87b56bbc7720a6b6b,2,voucher,1,21.71
296921db5b87a79a3cdfa1f0c2694e4f,1,credit_card,5,205.76
302e27012670f8e2db4418e6c619f54c,1,credit_card,3,96.90
724d164fcba4e6b5fdcffe2ef8d3bb9a,1,credit_card,1,12.16
74c7a458cadc2f76c4ec8354d32d0d9d,1,credit_card,1,55.11
3dcb62ed8e9e2d9909ba544c7d10195a,1,credit_card,6,635.19
abef8b5d0f7fa066c7473db7d650c870,1,credit_card,1,452.72
7e52ab2aaf4fd6b758bf18e6295b2bbc,1,credit_card,10,305.56
d4b074982e39f354c254a6b1b4ffaf55,2,voucher,1,50.00
0a45b0373a9b1178357bb9d93243ed18,1,boleto,1,29.75
00119ff934e539cf26f92b9ef0cdfed8,1,credit_card,6,236.88
a3b803010363e5ad20664a8853b1056d,1,credit_card,1,144.99
1f151cb71f4f48164123b34c0b753ddf,1,credit_card,4,86.83
8f35c9d6cb15b3bc14a4a88374c6d3d6,1,debit_card,1,204.36
69de6dd68bcaad14dda6d5e33e45bf98,1,credit_card,2,147.15
f08964bf6d23a9bb805d8fb23de64a87,1,credit_card,1,84.47
283bf1118a872ce76471f83be536cdc8,1,credit_card,1,294.97
c05002c71f007c6a4056ca538113e991,2,voucher,1,103.78
b9886766c7d03ad40eb4f341af209a88,1,credit_card,6,60.42
d31df581f4efcfd5c6f523bb0fed1bc7,1,credit_card,1,70.72
bea39233e56405aa80613120fa0faae9,1,credit_card,1,94.06
8c06de33065ff82ad2d811b7e81a5f7a,1,credit_card,1,74.50
561dd928c7f7e63277e02e6662bcce48,1,boleto,1,868.24
79562db78b573c385bac088ede3973dc,1,credit_card,3,117.43
905f99d528bb299e8c62c67657cd8ccc,1,boleto,1,192.66
8bcbe01d44d147f901cd3192671144db,1,credit_card,1,36.21
6d3e3e287e00339a15d1b86b209121e7,1,credit_card,2,28.09
294d16591b8d224412320d2053d48623,1,credit_card,7,159.56
39a2c5163845188e0148f36a05ff7ac7,1,boleto,1,176.78
2fb7dfe5fec51c8a96ee5349c1faf9c0,1,credit_card,9,146.68
868d2668d3bff66258de12631b298034,1,boleto,1,142.92
b29696b3c00ec6ac4adfa001a2c7cd3f,1,credit_card,1,394.85
2dc89150e25e0d36a6b80cea3c8a1290,1,credit_card,1,5.15
16f77b7311d2685235f9c8936da1480f,1,credit_card,2,162.55
04ab36803e2945bace40db80eaa54bc4,1,credit_card,6,220.40
185b9908e599d49428dc7b8238c8076a,1,boleto,1,88.55
774bdf79f367d25dd36a9e0a8c739423,1,credit_card,13,137.63
b746658c30926e5a7987154c9a981552,1,credit_card,2,125.43
3611ece86e8e8c233f0700db66adf592,1,credit_card,4,272.29
acf46500e7a3027d1314833501c92fe1,1,credit_card,3,246.35
d4b3b00396bf3d72f49b2e06219f385e,1,credit_card,1,72.43
ec323db17a13fc07c4b07f0f7f86986d,1,credit_card,8,111.97
01c1644529b18608f086d2ff0f3b8181,1,boleto,1,135.59
4418075144d646b6ecb7228571cec59e,1,credit_card,8,109.90
7e052adff60e437b0c8537498c146c84,1,credit_card,1,77.94
587904dc1c873ebfb6078160b4819d8e,1,boleto,1,84.93
839f4f226f1d843a3922ddb8b3637cc3,1,boleto,1,49.10
c66e710fc8f55a69556bf33b68b19843,1,credit_card,4,171.09
8c8ab4a6c61aaea6eccaed2958c36231,1,boleto,1,74.47
6b8716747545c11cd3b8592520389749,1,credit_card,2,57.55
66a7368cc39c6a3e93415aaf9e9b863a,1,credit_card,10,142.00
58fa3cd471625c6384fc92e41508b3a6,1,credit_card,2,44.05
b8f95bd45718008c382f10f416a3581d,1,credit_card,5,333.36
61c7b1cf28b58654fe411aaf87fe249d,1,debit_card,1,39.60
cede6783681ee6ca1c00eb85d602ead4,1,boleto,1,57.86
fd74ee83ca49ea03ce7b1e8d8aceba3f,1,credit_card,10,213.54
701ddcb0eab1d32958b3638a5e8c4e97,1,credit_card,1,1.05
be7ef653148b80c79b5d9b8500c47949,1,voucher,1,13.34
000576fe39319847cbb9d288c5617fa6,1,credit_card,10,880.75
e368cd7fd76b9318bc4896345d71719a,1,boleto,1,55.00
10be01428d12ec7ed39d0058c3e224f7,1,credit_card,10,690.06
2eac75a073b158b0cc84863c566300b2,1,boleto,1,74.03
19d384f8370ca0d66c6c059da4c127cd,1,credit_card,1,89.91
55a54184af6cdb5cbd95d124883c2dbb,1,credit_card,6,117.57
f16010e0add047ba483e2b3eefa7c60e,1,credit_card,6,69.61
2b86248935bc0815bedf6857267be978,1,credit_card,10,209.42
0bff3ac704b2ab4cdb69873f3f551ce1,1,credit_card,4,290.22
1762d5c6c1f5efce31b1d21339212730,1,credit_card,5,54.50
4208d8402138f772f9c189a1859e1f55,1,credit_card,7,73.34
4b161afded0b38a94b63850c4bb48f91,1,credit_card,1,46.13
a0d3b62390e72dcfd8fc6b29c1af0061,1,credit_card,5,312.11
a37bfcf3d20f35acbeb8802726c3fabd,1,boleto,1,116.36
868368a37fa61f7147c73d271f0f7d81,1,credit_card,4,51.72
b5d232a923d0c5bcfd5a7434173bddc0,1,credit_card,8,98.94
d9494fe15b74723b8b3b97835ab05246,1,boleto,1,132.82
0d66368d8615f7b306db970f3ba475ee,1,credit_card,8,319.81
b5874324518a48132da83d062f675fb3,1,credit_card,3,177.38
ff834ecc7838d679d1cbd96ad32cee27,1,credit_card,10,120.49
5bf1e013121cccb5a168c91859a243e7,1,credit_card,1,118.28
9c8b1a249b8f2acf28a69ae5526256c5,1,credit_card,2,21.77
be62a7e48d2d0a10e3ce4d03e737843c,1,credit_card,1,320.58
3426a8ff7d6108c541c7edd4ede5cf18,1,credit_card,1,240.60
40f22b552ee940dd1c4c37d90ff60808,1,credit_card,3,83.82
1ecad0e8ea57760ebd5ea7863ec48b06,1,credit_card,5,494.46
38291bcab22211eb312fd02756c288c1,1,credit_card,3,135.08
8fde182213914d24ed0bb9d4b02371a0,1,credit_card,3,157.12
25ef8d6057a60c24d6ccd6fe6c5a8633,1,credit_card,3,36.13
d147b8649ff39d53cabf136b36c79a13,1,credit_card,4,240.58
75c65b37911c3543a4efd45a45ee4a92,1,credit_card,3,130.17
ef09e0c5ee546ca303e96e3fe4c0c435,1,credit_card,8,320.89
4e29ce1795f7036cda644b687ea871a4,1,credit_card,5,302.40
ffef98cd5ecdc992fefbd967549520dd,1,boleto,1,153.01
856810a950aa2ddd3f8e1016428132df,1,credit_card,3,251.66
b29403efd8bacde6cfde49d511ada5fc,1,credit_card,2,35.04
cf2b932d25c7f902faa52f469b89c1c2,1,credit_card,6,138.43
aaab96ab260f2839451f9c2839d59109,1,boleto,1,121.98
9fff263519b16922d71e07a6706a0ef8,1,boleto,1,125.95
8ffefeda31ab0d9c7c8b732ea9e1330e,1,credit_card,2,21.10
d8198b1933966d7baf7a7d758bdde142,1,boleto,1,31.75
ed0094f95927e35ebb97a275ed02d046,2,voucher,1,13.98
fa44b98d202360f1246681a3e0405db4,1,boleto,1,408.15
c915c070ee2f91af30208cd30cd0dee0,1,credit_card,5,162.88
de273694b3cd5827467dbc63a115382b,1,credit_card,3,146.71
5e7d51bfc94acb16cfcc272c581f85cc,1,credit_card,1,36.27
2bd2198690a2c150fe5fdc4e064ba521,1,credit_card,4,109.92
3cd0599300d9ec0cf571c875db7392b4,1,credit_card,8,149.63
aa7d642fecef401c80602a4dcb0a82ac,1,credit_card,10,214.17
94caf828558aed4dc7cb9da3711a5c5a,1,credit_card,10,142.73
96e427c3f1f84bc2ae037b8ca5d22110,1,credit_card,4,136.71
0ef549b2d7f694d7da546831e4003906,1,boleto,1,713.01
6dcf0aeb8b1eb4021c26e1d0e9394979,1,debit_card,1,318.97
6cc4f76a3cbfa54f4dd7d78df8e4bb85,1,credit_card,1,88.32
1c0eb7262ceb60db69b3825f1fb1deb8,1,credit_card,5,67.11
1452442fe3e8cc6d3a1a8d8fc92dc019,1,boleto,1,40.13
d3d00f8dbea1b9d5ef529fbf674c9a58,1,credit_card,1,102.88
3ceffd7bee6a56cbf4adea01c19a5d17,1,credit_card,6,303.46
e4e7f051862316f8ef1e82166c55cdea,1,credit_card,1,113.86
cdd2f841bc21ca6e8cb60fe51a640bd4,1,credit_card,5,195.12
26d5146a6a102a692d0b159821a3d520,1,boleto,1,140.08
7cc85185736ea7f2d8bc09af7a47cab7,1,credit_card,10,194.91
b02fefc3800702d58c988da39c132902,1,credit_card,10,761.82
194e7b03e4469b2bcc7ba3c353077252,1,credit_card,1,54.60
5384eba8f22866695801e33c6dc25745,1,credit_card,1,60.80
c5fd5386640ddd76adc482b72d24a02b,3,voucher,1,5.79
817f6bab5398dc6c74b74ac820418d16,1,credit_card,6,304.55
f061e8818fe8193a51388d6773625505,1,boleto,1,147.40
670f31d9ca85d0b5430d0dc8f1d843c0,1,credit_card,1,121.38
6bb1e842418aac0c9c820afd3bb63a2d,1,credit_card,3,32.69
3937af5e68a191867e6224cd78fc2cd1,1,credit_card,5,56.31
33456509cc4acadce96036959e07ff84,1,boleto,1,87.64
96cf4805d2e98446035e05b0874255bb,1,credit_card,2,28.09
6ae192daf1b6e9b99225e7300b79df48,1,credit_card,4,1338.51
9ad64fee55d24429134f71a2955bc677,1,credit_card,1,21.43
2a706489eee816fe6f5bfe2298c51840,1,credit_card,3,37.68
88b67ddbb7527017f796c80b3bb38051,1,credit_card,8,2028.65
60721992ef4cec39824837f08c79afec,1,credit_card,5,332.33
7d593cfb475e1e80058d84bbba5aef55,1,credit_card,1,269.22
9b1d0dd42862c68280468732a4399034,1,credit_card,5,274.90
50450e6dcc1a32535adfec1b01e88659,1,credit_card,2,133.96
d190d15996631437cb3efddfa547aba9,1,boleto,1,196.50
1175d97a3d270dddf3146abe7f5e4934,1,credit_card,1,62.93
1b3cd8f4c4ebba4139eb750ccf233e63,1,boleto,1,73.92
7af8cc0ff9ec1dcbdf0880dac7cba603,1,boleto,1,85.08
32171e467d31a017b609c0cb44441ee3,1,credit_card,2,77.57
15d19cc3fdb1b3bdea39f23b8f3a7a11,1,credit_card,4,141.44
c1eae222313b3a7eac740761313cbd27,1,credit_card,8,183.30
4a8b56b6641818f8cf2457dedd663bcf,1,credit_card,3,37.77
b4cfa6c1beefe05bb9c7d2ec59a3773a,1,boleto,1,120.68
cd58e7c862e0fb077541c4b5a331599e,1,debit_card,1,64.00
2748d44e65a8c2df3289434a7c117709,1,credit_card,2,65.71
085b1f163267ab9db88bb6b4145e0df7,1,credit_card,1,23.54
735458a5d288ba55c03a10cb1b2dd481,1,credit_card,3,640.89
8be26417e499e19c531a3ebfd1b14c20,1,credit_card,8,428.80
8608b68211e2b6a120ff2e767285e069,1,credit_card,5,353.40
7b78cc6982a3e84c736e54249ed7612c,1,credit_card,10,649.82
6fe4c985918734d29a35419f12b76570,1,credit_card,6,65.11
4879204a6b45d7ba10b3d703ba460778,1,credit_card,5,216.29
fa200e49cb5e3ae19cde414d9d9161d4,1,credit_card,3,91.03
34b52e1c183144d83dae0e368e920950,1,credit_card,5,175.42
7ff5516d271630c6a60fa2fa469d7b89,1,debit_card,1,69.31
d8be9ae1b47e841991f6985619f70ddb,1,credit_card,1,247.48
b07bf2d32756618446d0cc1896d2eedb,1,boleto,1,69.73
5525c00bfd980bae1cac46f7dcf88224,1,credit_card,3,87.27
448a4837b41e7f24ad7dabafe574c842,1,credit_card,1,77.51
83359e7a49758eeed73d55e437b87341,1,boleto,1,96.37
68b3b77e74b7ad7bb9d25331580ddcdf,1,credit_card,10,1021.24
5112c764fa2925ae974ee7c77478a4cb,2,voucher,1,17.57
c5b8a34f0c16a7c4ca64e57aa15462db,1,credit_card,1,24.89
3fffdbcdd7ed6b3acdb0bdbc5c96df52,1,credit_card,3,235.28
7f19df33207d507c5b83aef798aff0d2,1,boleto,1,55.11
8c4f076c43382bd3ae1748c6ee72f993,1,credit_card,10,321.38
5a81cdb2dca863c852fc8e4f82f38f2e,1,credit_card,10,213.50
0fa97c6a14424f633800d5cb622a6bb4,1,credit_card,2,109.32
776a18d9c6d83661a0f788e219f4acba,1,boleto,1,195.92
e0f04a1acc50a7daf0cbb0654d438725,1,credit_card,5,140.22
2deab87eacecced409eb4e2f9b2a4372,1,credit_card,2,178.03
ce8690397f7d93704f8d39df619190fa,2,voucher,1,34.54
c8fa71518385678630da7552cf1f459f,1,credit_card,1,82.22
9783e4b24e95c1e243512f67f6e2a97e,1,boleto,1,96.01
d774dda8acab57dc1f473be2a975cdf5,1,voucher,1,57.70
5770d4a84c1a09336d4c93063323d21d,1,voucher,1,72.66
362cdbf5a3b5f297257f6e67be534a27,2,voucher,1,13.63
7e17bef0b77734da366177cd331ed66b,1,credit_card,1,38.28
a2e41b2178698dc2a57817361a869d1d,1,credit_card,1,35.75
6c86cd28bc4a6ac0313b8d3e03131e9f,1,credit_card,3,135.59
a958c924f6b23ca49ded10f6f5aa862a,1,credit_card,8,664.15
4942bdcf4479ff8d6885299338758784,1,credit_card,6,73.34
69874f1392bc9898f11b59d0a735ce70,1,boleto,1,55.75
0c5c8063a673f3c44b6499053e534ccb,1,credit_card,1,138.60
4dd1f29debee7ab872c8919f35a80070,1,boleto,1,153.13
f2f276797fe0c5bb220e8fceefd0220b,1,credit_card,1,94.20
54d7ac7a8a4074afa251dda33e7dfa4f,1,boleto,1,398.84
827440c00ada8331c87737e4c4fbcd2e,1,credit_card,1,86.44
f96fa82074a906a2d44dababc061999c,1,boleto,1,53.61
a26bdfa860437e3b9199a81b6003d928,1,credit_card,1,78.18
f98ae4bbfd1a32ea2104c8cf1f64dabf,1,credit_card,1,43.00
4911bfcdd33739f5324b35e82e0104de,1,credit_card,9,488.70
c76aedd9fd59ea0c51535fd72fe97d9a,1,credit_card,2,79.98
c4ee82a6c0873cfdbe96e41596698248,1,credit_card,2,129.49
bf3c691a76e2c8733340a8f7e251a0f1,1,boleto,1,112.42
2285e0e0eee1ab7c740986a3ca10031a,1,credit_card,10,622.34
ac28921ef185c0a4f81b4fbbdf4d645e,1,credit_card,2,116.00
b884f6bb613dfe8c46e6dbc9285f3fc7,1,credit_card,1,58.13
a663eb567d6e0db6362cc10977fef5a2,1,credit_card,1,105.20
8f4ffb225a704e25511f490b651b6f2e,1,credit_card,10,114.27
03672cdb5f2c133e401946a14a7dff3b,1,credit_card,2,92.83
3810ddb734405f64afc7638fd96c9cb5,1,boleto,1,79.92
23668eb221a7b13ecb9e591f262e977b,1,credit_card,2,46.86
ae8978d20234f0da191a909faba05574,1,credit_card,6,62.17
d03428478ca1e760e9c5898acc54665f,1,credit_card,8,213.66
fdf53b9c9096b37ec391987b1b5c21a3,1,credit_card,1,123.01
879f83e9f2c3777d90bed2b448e144f8,1,boleto,1,27.61
b8795e01eda8fcba56bfad837fa68d92,1,boleto,1,80.87
093cbde1b401404fd6dffc827e4b86e8,1,credit_card,3,65.71
f406a7c4fc4512aa60c7240e3973597e,1,credit_card,1,86.02
738580878981997bfadf04c4c2fbd013,1,boleto,1,68.96
15565710182cd35455ee0abf4b701ea9,1,boleto,1,58.99
ef3b2daac9052922ef4f38c5e552393f,1,credit_card,4,106.39
9707e5dd2b32ab5cc39155a27eb3d0ec,1,credit_card,7,76.98
effbced821ab774c03bd43060822065f,1,boleto,1,126.20
7bbb2b4fd60b56329b20353470ec4080,1,credit_card,4,64.00
ccdbdaee1f24ce882d752fe79410cfef,1,credit_card,4,212.09
3830e6067665c6a4bf2cc393fae31996,1,credit_card,4,47.95
366b94daa22781675a0ffffbcbd517a9,1,credit_card,4,296.28
acb2afbcbcc3be10924f75fd3b6c98d8,1,credit_card,1,128.88
b6e63e74aff84a068fdc1b41e9ac29ea,1,voucher,1,310.34
703028d4e0b49bc9632bb3b92150adb2,1,credit_card,1,108.00
916fdcba975b61d1b124bc2e79b2bf87,1,credit_card,3,97.24
032b42b17fe9daa676ba9447f3dbbd0a,1,credit_card,2,62.00
3137ad5aa5e36a39d95147f1e5678290,1,credit_card,1,111.27
7a47100118f6775bec039a3b87ddedf5,1,boleto,1,99.32
c5b1a5d21958f98a0c66114d622bc0ed,1,credit_card,1,39.11
c3e32e69bba7c640697cc4ac19936113,1,credit_card,4,137.41
c69c8612c1fa919f232d370c41cbffd7,1,credit_card,1,64.51
36e78e784a4d494d933d65b28b7bca99,1,boleto,1,127.19
fd0926fd1e8031a9cf228b88589a085b,1,credit_card,1,39.39
0683ead91c16a3b8964141bd93ec4edd,1,credit_card,4,87.33
a4be9e3217c93eafb1f1940efb4a9cf6,1,credit_card,1,80.81
776ad95dfcf33ceaf3651251cc75e020,1,credit_card,1,87.94
0b937678b38558c4fec110aed9d5f8ac,1,boleto,1,133.86
eeb17181fc1852d99c92171ac3efd4e6,1,credit_card,3,98.16
96868bc7a88dff342e4f0726c58d2897,1,credit_card,1,74.16
7b34b9075e576d1d26171c4772f70557,1,debit_card,1,59.17
d0c5da1cf512738b0f7bef215b1e12c2,1,credit_card,1,42.27
f4fdb235ce7c1f7d3eb1b2fdd3a4f610,1,credit_card,3,66.00
7e033da6e10e6a9866ae65fb7e9bc379,1,credit_card,10,414.06
724d164fcba4e6b5fdcffe2ef8d3bb9a,2,voucher,1,43.85
8d99d2f6f573a9d674fd19d2c0f9a70c,1,credit_card,1,94.14
f0296e2322376fd2e7922b8deca72695,1,boleto,1,45.61
35917730026d50562c5945c14f98318a,1,credit_card,1,142.27
1b2a8a35effe3c031684be53784ac90c,1,credit_card,1,503.86
92719473371fb9439b386d53d12470a8,1,credit_card,3,70.15
4347279deb067c6731c1c97237921d18,2,voucher,1,100.00
d1ec61b50c7780944fab32ad8b873c85,1,credit_card,1,53.24
eb504f547e9f4d8c739ddcf0d8efc9a7,1,boleto,1,41.09
e6973efb7531da53045bc278f46665f8,1,credit_card,6,245.27
1166ac5af4262300b61e079c496223c6,1,credit_card,3,164.12
1011743f27a84fef8503f748cb1d951e,1,credit_card,2,138.14
d21d7411b251f35ead1b210dc946ca70,5,voucher,1,50.00
bfaefe509209a9477bd599fb0658f4ec,1,credit_card,3,41.11
23b757203bd90a6deafcd069bdcb1fde,1,boleto,1,1040.52
e7a494d4b7aa999d59f8f2e6809a5270,1,credit_card,3,75.23
ee9ca989fc93ba09a6eddc250ce01742,17,voucher,1,7.19
2a1826a678534f6229f4d60aedbdbb94,1,voucher,1,91.89
d94486278633cac5f50e370851d24de6,1,credit_card,3,66.71
da6c1b5c9a1106ebca4a15148d062c0f,1,boleto,1,244.74
0c2cbbfae44e4f2bd7c747a2c2b05bbe,1,credit_card,1,37.37
f5c779fe97ca0728706f50c0de89a2d6,1,voucher,1,23.29
61c89d7dc798716af59ae91e97643681,1,credit_card,5,130.06
03ba8f07686d0661b011f3701eab3edd,1,credit_card,2,119.16
4c5d80480b7c923ec02b8dee8c00a846,1,boleto,1,31.60
82ffe097d8ddbf319a523b9bbe7725d5,1,voucher,1,25.00
050c32bac1e923fa3406fdedf75feb89,1,credit_card,10,215.64
3783e0b4f1ef0985e0d9aca4629f756b,1,debit_card,1,162.04
9a0fd0d61c564bcbdfcfa980c35f3f91,1,credit_card,4,284.42
82ffe097d8ddbf319a523b9bbe7725d5,4,voucher,1,18.49
488f659efac45e9067e284ded2bf7daa,1,credit_card,5,69.84
0e4160cbbf3110c620fe17602e306360,1,credit_card,2,49.80
22085be04a775c3ed4245c35bd9f822f,1,credit_card,4,43.66
1d99187d9f0f50da550071fbba6d50c2,1,credit_card,2,112.70
46a82de7cb247602021cb71731323fd4,1,credit_card,3,286.17
bc4df405798e78b26965a4b62efdebb7,1,credit_card,2,68.22
dced68d765c92476f957de16fe116ecc,1,credit_card,1,86.58
f8dd8cacd0d33fb0f421b3d5afd46dad,1,boleto,1,58.37
5809615d50c0de0f3750359fb6bb1df3,1,credit_card,8,120.24
60829fc61d953ee429eba3f03c9b252d,1,credit_card,1,134.59
e6ab8245f96b5c84ade5edfb8e0c2753,1,boleto,1,542.66
61224c4690fa8613b56e0469cea9415c,1,credit_card,1,42.56
a12de642288c88d6a5aec20f46a12fa6,1,credit_card,1,57.11
4feb155d6d4d8b2ba3191d90655f3b99,1,credit_card,3,39.09
4735d69a263ba04fa00533b8f3d317b1,1,credit_card,1,115.48
846e3d199aae8a67c1d6a2ca48889bdf,1,credit_card,1,26.54
109f6898323e99a194948043ea99cdd8,2,voucher,1,29.11
e1c161cec46262db2bdd7b36d9ee2450,1,credit_card,1,462.07
d44d3aabe5fd82754ca3b4696cdc90e7,2,credit_card,8,462.14
1515cf99add38d4baa19a14346e25b31,1,credit_card,1,137.60
6feb1191d85c6196e2dde76966fdb45a,1,boleto,1,147.31
169bbd065798362db04a47a4f8abf551,1,credit_card,1,0.15
0dba8cb0559eb37cc0217a28496b5f07,1,boleto,1,72.85
0efd0bc268d34da3f01f4ff25a6d4335,1,credit_card,3,64.40
39036e9122762c9b45c239ddbc452651,1,boleto,1,164.26
9b305f3b1cd4ea12832c2b90372b961e,1,credit_card,1,58.97
9e4b90eef41ed5a85e2e2f8bef415075,1,credit_card,1,21.04
0e83ca298ee53c0b92b5d46350262470,1,credit_card,10,102.58
a1c4ab09bfeec2b1739a1a7c2e4c4634,1,boleto,1,149.90
aa1370235ef192d1702585435015b9b8,1,boleto,1,65.79
27fee5c620c806ed4f239ed553fca699,1,credit_card,8,95.57
866968d6a38b907a312ffddbe6287d8e,1,voucher,1,37.74
2e32dea8a4d1ae5499a67674b387bc6a,1,credit_card,1,51.94
2e167a5acbb1c31fd50faac2ac3986d4,1,boleto,1,101.00
98fdd250e01c66e91a1a2632a6445039,1,credit_card,1,63.74
0070092bb6004faafa287e5fc35971e9,1,credit_card,2,163.06
59b67c775c6a905fc4faac69ca74b5cb,1,credit_card,10,677.40
a4e716425319a6fefa5bf8c58eeccfcd,1,credit_card,1,131.16
8dcd08ba1ddd245791d0fe2a764d7c0c,1,boleto,1,39.15
36cd43f05ca6b099b88bcc0c8e08491e,1,boleto,1,73.34
5a644da87ff0e3010f70d585f486e115,1,credit_card,1,82.98
2abed06af11ab7e3bc833f1b1535ba25,1,credit_card,2,117.06
f6283491927c2351151a06cf8c22f7d5,1,credit_card,8,124.42
30dfb5b33bf44683be3e2f7df4bdd769,1,credit_card,1,52.13
bb27293f7b2e1c705bf345fd57ecd0dd,1,credit_card,1,199.42
333fd556e66dcdb07b2081f258f42ece,1,credit_card,2,223.58
1a8d422cb8cdae5221a5a8eb371c49cd,1,boleto,1,49.48
7a977daeefe13a57132b21579049d020,1,credit_card,4,192.85
513b6592fe9a0b61ad5be337680b84d0,1,boleto,1,96.22
3859aef969659dcc5439967f8ffbbc07,1,credit_card,3,114.95
db26bf0c66e8320dd106b9b39ca56fec,1,credit_card,1,53.90
4fb03ddd24b3d883bf20f5f196c53890,1,credit_card,3,42.58
94aba2a37911fff127097b56d60fd1b5,1,credit_card,4,278.19
4b4a19bd8b1065ce9a4f227eff142150,1,credit_card,6,130.56
94852b0703b31b852e6c4f73896aa247,1,credit_card,6,315.73
a9491b6c990bc3b79967c5f058e46d8f,1,credit_card,1,138.85
e327b0b5a08cf398b21ebfd6a36b38c8,1,credit_card,1,56.60
508f1058f7c9037c12fa29baf78dc417,1,credit_card,3,207.25
b1fcaac6e8a89bb18db51bcb62c4a4e6,1,boleto,1,303.77
bfbf45695ada6f6c2b2bbf14d224aeb1,1,boleto,1,60.85
b6f5e3bc6360fbc485ff34695b7b3fdc,1,boleto,1,92.96
1c03b97f7acb4f04662663e0d1b58e17,1,boleto,1,94.99
5b16a76486ec63a9f3e0460bebc4f63e,1,credit_card,3,35.13
1f8d2442829de7b25f179e4128b7ed8f,1,boleto,1,65.87
51712e0d3d1de647e512d95dccbe5a93,1,credit_card,1,84.57
2b2e646f2556658e3d06c53ee0465153,1,credit_card,6,340.13
39d0bd05538b0d573193744390e86223,1,boleto,1,155.63
0396488303af9f0a78feb9ffa7e48949,1,boleto,1,177.11
1dfbad39bdbdc81e1419b9e1972cff46,1,credit_card,6,158.98
1313a242a48f98101da4d48b310bf517,1,credit_card,3,148.15
695eed4f6656d10f32a49760523169de,1,credit_card,3,317.20
50cb20f783b26639e858a27798b315b6,1,credit_card,5,122.42
bb5a46301dcca0ca265b0bd999f9dd52,1,credit_card,2,177.12
82387464df585a62e081b551cf2992bc,1,credit_card,1,77.39
e5220ef7f976cab4427f16a5e1d6c29c,1,credit_card,5,92.50
11d0085cfa1ffc32aa630cb9c92ea970,1,credit_card,1,87.64
21838957166e38f71ea42879c0a5c3db,1,credit_card,3,278.43
cc20f1526c8c9725da26e2563d40260e,1,boleto,1,215.14
26bcf76706fd675a268ba2cf63119270,1,credit_card,10,538.47
5b35972421686a8a4758f542bf3fce74,1,boleto,1,43.00
ee9c09afa667c1baabeefdf51f66148e,1,credit_card,2,53.49
20b2b93a5f0525645b5878cb139f8c5c,1,credit_card,1,173.86
ea3da9210148306e5b1bbb843c19e65f,1,credit_card,3,336.89
be7ef653148b80c79b5d9b8500c47949,4,voucher,1,0.11
2c3ca3f1309ac4dc9e380810f4f65e46,1,boleto,1,65.00
5cc6d864fa9e1a90eaf5207737549ffc,1,credit_card,1,396.24
09ce422617b0ec4c246ceb2922ea1ea1,1,credit_card,6,66.61
c033e99bf02e103535766475e490aa19,1,boleto,1,105.08
f1c1c3cfd14f75b7475d7df0d341d99c,1,boleto,1,58.59
2cb5ed8e391a8ef966fe938d480510b1,1,boleto,1,151.71
d54bea5ba90238aa83323565749538a1,1,credit_card,10,2264.90
c4da6253784e49138f9ead8b46280c0c,1,credit_card,4,443.33
d5244670e213108e7d21f54a42548613,1,credit_card,10,122.43
01cc71a8154340ae61126b5ee9b48fef,1,credit_card,2,53.54
ee9ca989fc93ba09a6eddc250ce01742,16,voucher,1,6.51
3971a8d658593643c85790cb67105832,1,credit_card,1,205.08
5156f62d18510bbdc946ebbe9846a6d4,1,boleto,1,65.11
c246fd65fbfdfd5eaf13ee936827a1d8,1,boleto,1,148.70
17335ccb96b98156a4fd1b635e11e107,1,credit_card,1,24.38
b2e7423926537e79e712ccf08ce1a53f,2,voucher,1,52.40
48cf133bab6e70fec7896820b325dc9b,1,credit_card,5,163.90
650db225e0b89075a07e6ca5e4c2d941,1,credit_card,8,613.38
bd772d39b54bb1d71b63a7e1c1c8304b,1,boleto,1,46.01
78b5b205705f30bb989c4a6c7f8822e4,1,credit_card,2,96.88
482c3ed0fe2eb68b316507e78faa6783,2,voucher,1,50.00
e9525d74abc05d22ffa3059164adb967,1,credit_card,1,262.17
95ecc4683cb56cd525c1488adf228175,1,credit_card,10,535.97
08504a0dce0a3cd13b3f7971d29fb991,1,credit_card,1,36.78
bc21fd56e19626007f06da1b7f7b6c39,1,credit_card,1,53.77
90674f59a21207f91a7387785c66f340,1,credit_card,10,2225.69
6b5ccf5385890198c54fa97afe4812bc,1,credit_card,3,378.26
793fe057b09c8c2bebdd48451e985432,1,credit_card,1,91.01
2c476f0148a99ce31bffe7659e5aaf4d,1,boleto,1,37.79
657ea9232c582c9e40330a60f68dc189,2,voucher,1,11.16
efe5bb701ff507ffa4736a7c07be50d2,1,credit_card,10,212.28
4274df747cf9a1ac15adf09a87185dc1,1,credit_card,3,101.84
58f5801ecbeec83b70c32e4afdc5582b,1,credit_card,1,167.79
0e889e74cffcea6930673d6011321633,1,credit_card,10,109.28
e92900da13e75122f18f3694fd9e0230,1,boleto,1,305.97
ec1ecce6ed2f4a351a045a8de255e3af,1,credit_card,4,209.71
c4bb1fcbb98d9733607ea0c7ab067e11,1,credit_card,4,136.66
d7b1b205f635a07e904e5c4069b6859d,3,voucher,1,11.60
275ae19d3b5b88d41fe617cae7a1e056,2,voucher,1,98.74
7f1dd57d5e14f6ee8a3946e2f58b5396,1,credit_card,1,143.21
a3c2dfa534b942bcc28371fdec7702d9,1,debit_card,1,89.30
8f3440c3e7e7b3e7162c1c7edbab894d,1,credit_card,1,47.03
a49703fda0b42ab0a87e062624ea2f43,1,credit_card,5,139.65
870e6f0cd3ddbb87daf15ccd2926b142,1,credit_card,1,74.51
47cdb12caf2067098633bc9a0d3679f7,1,credit_card,2,144.99
e357bd17c927530e59b1740987b906d9,1,credit_card,1,104.43
b43a195dd28616394e0209e0499adcb9,1,boleto,1,27.73
e68012ad88e7d6ba2e95112045faf3e3,1,boleto,1,411.21
fea2633d3d1605bfdccc813bcf843ac8,1,credit_card,3,98.24
4877379c51fc3c3826e6a62427675966,1,credit_card,8,127.54
0812eb902a67711a1cb742b3cdaa65ae,1,credit_card,8,6929.31
7474d7f84129b6a4fef9e0cb53e2a081,1,credit_card,4,130.46
aab6724caaf81418088249e2a0ea5d17,1,credit_card,4,252.46
29760b4b3e268c6ac38bf18c85c89d88,1,credit_card,5,54.09
749238696f501c747fe013b2a5fa014c,1,boleto,1,68.89
771d515757315655434c93d52615af6d,1,credit_card,1,30.09
d527c6337841d7474102cbb7396891de,1,credit_card,8,195.91
330534a2e7ad98d0c76ee20bfa001c50,4,voucher,1,3.17
fe8c0bf415cf9f05b4f32539a80f83fa,1,credit_card,1,135.76
154ff64668cf2822704c69bd957a8c6e,1,boleto,1,97.24
638fa07954d987db6c7cc971c365eca5,1,credit_card,7,115.06
1729ff43a8a349e7762f284b50588055,1,credit_card,2,160.54
96cf7ecd8c676d61be261ffdda90b008,1,boleto,1,47.43
61417f74f6caf083ff60fa4dc315f050,1,credit_card,3,87.23
00d94e8901b75ee0d6ef1f87f947b666,1,credit_card,9,97.40
ef42ca96b36e758b3da05888aa8ad723,1,credit_card,2,118.15
ace32c3a7cdce2ac7c62d0ca6c39b0bb,1,credit_card,3,152.70
eeae538503aa251c060d45ea2ef3fefa,1,debit_card,1,72.56
807c258c31674da775e91946b8c5bf7d,1,boleto,1,49.39
f0d233590ac45e46128b3300aee30db9,1,credit_card,2,48.60
9f35328dc92b28c67517b812818dc6a8,1,credit_card,6,1243.62
f2710c3e65b68cfc927a8aac6ecebe83,3,voucher,1,40.00
8275d4aa466e4679ed369b23c8eda40a,1,credit_card,4,238.41
82419d35f3c2a4d515d9bd272ecbc050,1,credit_card,6,61.63
ddc6faf8f6c347a8c369d7c2b7cc6989,1,credit_card,1,61.23
2bd14036d2219176010c4c89aa4c9a19,1,boleto,1,26.45
1a4dc88681af860f27b5e7af0cf35ecd,1,voucher,1,64.51
6416f07d133c720705c402021f612b58,1,credit_card,1,39.60
7113e8344293a6a03453110d67c7f533,1,boleto,1,72.76
ce8690397f7d93704f8d39df619190fa,1,voucher,1,55.64
b1c87cf3c9ac90d18dbf33b6a5c32d83,1,boleto,1,37.61
f3fdee8d27166359de2abe05ec16b351,1,credit_card,2,37.99
266a1f6959fbb6cd5b50201b10a0d46f,1,credit_card,1,33.37
7a309e99001d2a284a1747c7cc4186bc,1,credit_card,3,31.38
da0831d4484d6bb80afb9ddc8c12068c,1,credit_card,4,57.77
ff82173a9821071cdd3e554219a376c1,1,boleto,1,66.05
d74cdf7dea16668a34d57964004f0e94,1,boleto,1,714.35
b714825751e17269c60b3d2291e85026,1,credit_card,4,44.83
4144366812f72111c1f9d2c065e3e374,1,credit_card,1,45.58
31328a81d4ea41d47dc777dcbd88f222,1,credit_card,5,117.26
54220fcc516cabe9ec84b210c0765ef2,5,voucher,1,4.87
c765342582f1d08f16285fb827f88b1b,1,boleto,1,169.49
73cfd52c2ab878481307dcd97df6155c,1,credit_card,1,6.51
e821c71ba6efed0813bbc0a01a95f24d,2,voucher,1,85.00
10856b02e17c5d56a06c2ee75079d338,1,credit_card,1,31.38
ad950ca26cf8bcb793630d2d8652a562,1,voucher,1,42.29
3d86b76dd4cf276f21ad4c62da992b5e,1,credit_card,2,60.23
f2710c3e65b68cfc927a8aac6ecebe83,1,voucher,1,81.04
9cd4acec394235fdf417882afb629ae6,1,credit_card,3,192.83
e19e0055828458457bb47794c262b00e,1,boleto,1,28.26
0267556bb9e07f6184470cf755f5b5da,1,credit_card,1,91.86
fdf60756868209e239918ee0264ef6d6,1,boleto,1,72.98
90696d1e7b8e43d93e6585765c6087db,1,boleto,1,19.78
d77d1461e81c281918bbfa4c878bdcc3,1,credit_card,4,101.38
d10be1718c45ae0bd50cbfb5b3814089,1,credit_card,1,36.35
2c6317c88d6837efdfecf7cb190c0cd9,1,boleto,1,25.75
8a80054573ee01a321c77752da93566b,1,credit_card,1,152.09
39dd6ee10ed18591bddeb83c8136dd52,1,credit_card,3,40.18
9682e213157788365257ba787969f33b,1,credit_card,1,43.13
e8c74b2f4746d1c6048aa585a61c87ec,1,boleto,1,75.72
6ee722cd81ebe249b83c6351f725bbb5,1,boleto,1,20.70
93404003d3192d8a2d781361faa129dc,1,credit_card,1,48.83
21357c1f6313b781c9807522f57746cd,1,credit_card,8,177.54
2049584f67990d0732321de66fb36c55,1,boleto,1,34.00
234e664f4418bb97ea8f387244a9538f,1,credit_card,1,87.71
ae922ba97feaac137766d9d00cc1ec0c,1,credit_card,1,27.68
907876f99f250a7fca414743262371ea,1,credit_card,1,64.00
988f13625d65d9a81777bb4d93d01e1b,1,credit_card,9,98.51
bb18e3fd27d453f8966cc3b57c5b75f6,1,credit_card,5,404.28
a11f0312591acf976fd9bf40d6b539db,1,credit_card,4,41.13
79366f58da7efaf2b4717cb46d852fcd,1,credit_card,4,88.06
1aaeb5badaa812e15594d2c5d04e474a,1,credit_card,2,22.69
d1d58708c4e171bc6cfc3b36b7c5a798,1,credit_card,6,208.78
1d6a2a632c284f1c4fd53baf9e705693,1,voucher,1,255.29
292690a1c17b64307e5b90203f3adc84,1,credit_card,1,75.17
c0e9dcdcd3862119d8650ae98410faff,1,credit_card,10,128.10
7d8fb4d046d76c289bd66eb341bee09e,1,credit_card,5,52.85
89243c8b1f29ba7a225bdad8061fb473,1,credit_card,1,59.09
e7b463065498659c48a3b2ac3b1cc6b0,1,credit_card,8,251.68
0c79ffcb0fed5ff297c2a68be02f4f8c,1,credit_card,1,98.56
68a001baa8dbd45ba5096b470f57a498,1,credit_card,3,59.10
c4d7f25ccb1c6a9d798bcce9b814ab02,1,credit_card,5,352.76
c347fb49d9d46619d71b2551fc83d6cf,1,credit_card,1,35.77
cdf5bd758b0b7d00fc23b2cd6c92f974,1,boleto,1,61.13
b33c9bb2caa1d2b9f219b70f6dba7dce,1,boleto,1,110.33
3efb84891f27efd4a1ad0e11ca4fb36b,1,credit_card,1,64.64
739bb3840069271e1c2a54f5b485b695,1,credit_card,3,87.62
126dbef0d053f55ed2e3b23e88efab4b,1,credit_card,1,32.78
7ad12b91a27a5b94bdd5a1f444d29783,1,boleto,1,19.78
93c4655e5be1df1a5fad75de93847cd4,1,credit_card,3,145.71
56e46d1a61ebb9b86fa914b4007d8a97,1,credit_card,6,76.97
13834646826ae873256bfc9e6d22a019,1,credit_card,1,121.70
2ac8de6b0905ecba2257dd9c59282d0a,1,credit_card,3,31.52
c356aac7fabcd3bab9aaf9ce1f36b945,1,credit_card,8,510.69
cf9b4bc8a0831980b324e030bf8cf1f3,1,credit_card,5,117.46
1e0f40bbfe787796d0c56e3795dc94d8,1,credit_card,3,65.67
0d5a676d302e3fd20182bd158cde4371,1,boleto,1,59.81
88986b613097da641340bc366a2d91d4,3,voucher,1,18.49
32e761ce606f7a8625682e65990b94ed,1,credit_card,1,146.16
ea974c111a2a711f43305d2968ffa86e,1,credit_card,8,99.43
bc7bc14f585b1879f63e89cb0e4cfa17,1,boleto,1,139.53
aeaf2bf4d5560c9cb99fa0d61adc0ae0,1,credit_card,5,318.34
965f57ad446a9d190bec51db7f0fd8b5,1,credit_card,2,43.34
6e4aa96643864493bb291057da474fbc,1,credit_card,10,222.69
44c652443459cd095f4298d1d1daa389,1,credit_card,1,66.69
9e1eccc08685bb903c6eee8ade67a23b,1,boleto,1,255.42
f6ba6de181266b918292db17ba6616b8,1,credit_card,10,354.47
78288ea406e8bdc11d35c15f1ac36931,1,credit_card,3,189.72
36307ab4d5c4b59fbc4034d2adb2cb77,1,credit_card,1,46.70
039681a3b797611f717a3232e87f60ef,1,credit_card,8,85.21
6b51ade033ffeef603f6ee951ce831cd,1,boleto,1,42.10
9fbdb5da34e42e5603cd57ad18c79729,1,boleto,1,116.95
a4ba5f471acc707087cf478a5145f0e7,1,credit_card,1,184.93
57e27e0f4ce02fc858627e4c46e51e9d,1,credit_card,7,75.72
2d6c9f00e3d35a0f4e742fff1191d675,1,credit_card,3,77.89
a25b078a7827d95f8366353a32c90fe0,1,credit_card,3,73.32
88131f6562db887981cc8ab363deb03f,1,credit_card,10,580.30
9ee8c4e95442d267ec52b5c452928131,1,boleto,1,102.03
f2360b8c94f4bc5d80a4010d680ff61d,1,boleto,1,46.13
a11f0312591acf976fd9bf40d6b539db,2,voucher,1,2.00
f56432d05172df07d256233e2b1f36dc,1,credit_card,2,155.73
4f1a1c6f6fbca0d084e77e3f74b37cf6,1,boleto,1,240.10
f4501c0e013275ff49c4a0c3d16c50ee,1,boleto,1,32.74
3ac0f5a50ede5981b44f30306bb853fb,1,credit_card,5,191.36
31ea9af161fd3c77c3c621aa178bcb34,1,credit_card,3,86.73
d470b00bc3d705453cd02a793aaddb07,1,credit_card,2,174.89
e0fd296b15be54dfdffe8accfcd8620e,1,boleto,1,245.12
ba714b832c8a26b8b6ce921e0ecbc886,1,credit_card,10,163.21
b44d71edad65f41824d2e177470ef8f6,1,credit_card,4,61.64
22648d496637318d8713a49b4e628a87,1,credit_card,2,153.12
857a83273943276ac60eb1d15bbfed5d,1,credit_card,1,142.54
d487b6355486e731b46ab592494f65e9,1,credit_card,2,108.03
bf1bd9414a575d2bfa50f8d5c66fd161,1,credit_card,1,65.48
6df3204d235cde9188ca8235366848b7,1,credit_card,3,76.68
a7db8c5327329206a779bb63dca4a2f2,1,credit_card,3,65.55
ae9f9adfeb3a33fe59da5bab6678e5cb,1,boleto,1,134.24
82d3f649aa623394cf7ad9432dd748d4,1,boleto,1,61.37
109294a0d68947b6b49c0a59a8f951cd,1,credit_card,10,175.68
f014aa85d8f495d824d120e9035faacb,1,credit_card,1,49.44
56142b6c34c40cccb3e3ee8308a4ae76,1,credit_card,1,61.35
e3c654307c9b3b9988c35371c5bbf738,1,boleto,1,252.30
bb2c15f3d9da7de7eef8b4c479efacd2,3,voucher,1,50.57
304c4a8ef20139552992b5377ef4a113,1,credit_card,2,56.78
13c4458bd01775ea4f9050a041c1fd96,1,credit_card,3,33.78
03484f6953887cd37a7974b52f3107f4,1,boleto,1,43.27
b82c76472b3bc51acb8f5db576ec974f,1,credit_card,2,75.47
504b7c1b22122e429928dcd1ecab50c2,1,credit_card,1,77.89
409d692c7314744b643ae98e8a11e1b5,1,boleto,1,110.48
064330ca980cc4023706283a3c4b89a4,1,boleto,1,65.67
29500656822f8cf6e25315bba794b4e8,1,credit_card,8,222.10
1de9d329321f8409b42988e45098e13e,1,credit_card,4,413.82
5f6e8cf3a5b3483cae7889fc3f452e4c,1,credit_card,3,117.94
943980abcbc522eb49346398ee2594b4,1,boleto,1,37.79
dd103933801d1fccfa8cf84150eae10a,1,credit_card,1,51.86
200e0548bbc2cbdcafa92e6c5ab73fb6,1,credit_card,1,55.62
53b28c9fd34d5fa0747bfc3032b0a8e7,1,credit_card,4,43.62
7b07a49f82fe58fb4d678aabda69b963,1,credit_card,1,94.35
1e99772772632294dae0c56c2b83bb1f,1,credit_card,1,45.29
6acce0b54d9a0e8dab044bda974b383a,1,boleto,1,179.60
980b9aef670d4659912793b2fffdea29,1,credit_card,1,47.38
8faff12af96ce78eba0d5b1597d5baa9,1,credit_card,1,84.70
932917bf5776b6b41c8184cde607a9bd,1,credit_card,1,68.87
12064b26c801bd0f7b82c2fb033e382e,1,credit_card,2,107.24
c671c0f8b33c619e3e77d7ccd3b934e0,1,credit_card,1,34.09
a217507ac495620d9a403939c9604703,1,voucher,1,33.33
858d0cd014b03937ba15cb012ad42277,1,credit_card,1,25.03
044e7b17d9488e54fc8417df5289f503,1,boleto,1,103.13
fa302aa67b18a98eb824a928fb3e53ba,1,credit_card,1,97.11
5c19e256f5972c1dc427a1a1f9940a3d,1,credit_card,1,238.76
779b6f84b404177ab8f8f5cfd0137216,1,voucher,1,183.32
0311da9b3ac095a57a2662813e179bcb,1,credit_card,1,174.56
12c624f532907ae11e5db7518dc6c917,1,credit_card,4,309.50
a63144d37a00c28ef382668a5d5ece8b,1,credit_card,2,46.01
f7535290d652a7fbf7dc0c271209048a,1,boleto,1,223.81
dda00bd9d2607be3fdb9db2abe33b9b7,1,credit_card,1,87.32
20ce857482318a94142a0276fc72b4ad,1,credit_card,5,103.86
51ffb9765ad7cfe091821ebd4751dc05,1,credit_card,1,164.79
4ef3c842b74a91b2524df4e621606c94,1,credit_card,2,40.75
05c12734a5d14a9b9528b3eb84f30e50,2,voucher,1,30.00
bcd3587deb2f53804e0d3c39de932ec4,1,boleto,1,235.32
f0bfdaee5a30958776a78ce4e83a674e,1,credit_card,5,59.08
234cbb8d0d6f7eeb4e98ec3b67e2b228,1,credit_card,1,275.59
d4d70141598f959f855ea0b6266ca5c6,1,boleto,1,63.33
def59cab0d40fb6e73cf4a05911344df,1,boleto,1,80.45
049ac54eda25ad838a76c65dcfd27c9a,1,credit_card,1,173.02
b9a9373fc111512d93f74cbafd0d15e5,1,credit_card,5,114.90
755eebcb667b0fc5148bdcee47fe9f28,1,boleto,1,71.82
6cd1a4eb4b9a14b5a991a897f096d443,1,credit_card,4,62.76
3c1c18de3b4459c8116a23272c4599d1,1,credit_card,2,188.32
07172761566bda50929a3b449eae02ee,1,credit_card,1,69.77
5e0ff060a686922559e33f8dbe998e41,1,credit_card,2,124.98
0a53c1150d1019fb4e5e6224e887011f,1,credit_card,12,712.25
9fb383eddd3b9f4b2970160c76988005,1,credit_card,2,112.71
19642ea4acfa0cbb8b9a990449873396,1,credit_card,4,293.25
6145340f417b2ec892ce4c053d245a0f,1,boleto,1,81.38
27446e58f8fae19b8a6bcd15ca43f0ac,1,credit_card,1,868.54
564cf6104644e5122d47adf8bf6276c5,1,credit_card,8,822.16
294a004bc4c2a5e3d9404a213164afe1,1,credit_card,2,94.30
315da0cfbc485bb00c12a581077cf7b2,1,credit_card,5,81.09
955c8fbc85ca2cbd9a0cfe283624c915,1,credit_card,3,159.14
be86cd9f96e674ebdbb586454780a1ea,1,credit_card,3,67.11
421bc5d68665463cbb939db50847894d,1,boleto,1,1927.38
f2125ad278ab03d4779ded7001337ee1,1,credit_card,5,301.35
24759f3ad867f833fc09e69987719d52,1,credit_card,2,335.77
493d1ad7e1ae4e8a6733d84bc34c6b0c,1,debit_card,1,112.02
ecfdcaa1a2dacb4e5297d8251b115002,1,credit_card,8,84.52
7ed980a67023306cce5ada7078003bc6,1,credit_card,1,22.34
f55dcacbda42aa97458735683d9fbb76,1,credit_card,2,119.32
cf396e4f907df065cc3d876bff73266a,1,credit_card,1,58.16
937ca79de438593867663c25fd34ea4b,1,credit_card,6,183.03
88986b613097da641340bc366a2d91d4,1,voucher,1,18.06
c3a8c3c9ace4452ea16d331ba3c44c50,1,credit_card,1,278.52
8e287e7d7db7206c7a9d0184e97014ad,1,credit_card,7,400.18
ab2789e683e9edeb0f07462e642c5ad4,1,boleto,1,64.33
c3e3277d66bf2f2038ae5a5ec155cb5f,1,credit_card,6,70.31
c4e2bd2043fbd75b325a47adfabf0d77,1,credit_card,3,150.07
fa98ac229e1905528d35a47acfe95733,1,credit_card,6,106.77
11d6810af0b0d8982e3d67b4dae4374a,1,credit_card,1,49.12
5478595838b69d4f1d19e87ec399eee6,1,credit_card,3,125.63
3d27905aa7b2ee7fc7bac918f949ea18,1,credit_card,1,29.77
a74e65b4ffd7effa5308ba01647ea4b2,1,credit_card,1,44.10
6c8157ae5ddc36aa59aa6f0afa0ef5de,1,credit_card,1,40.19
62c2d78676c10f5c78087b70543d2b16,1,boleto,1,425.79
af3b41ce890eefbd6ee273bf7df396dc,1,credit_card,1,37.58
ae8423bae5771609a19bafe9b114a60e,1,boleto,1,53.76
6b82527b954e1c022661d8827cd5ff2f,1,credit_card,1,47.91
aa6bad8e7c086d7f65fbd2dd0131cf84,1,credit_card,1,134.04
8798b3a8e3d4a597bcde0dab8ad1de17,1,debit_card,1,140.08
d30523a4766e8ea7e59ce35203bb73e4,1,credit_card,3,35.68
3d7d095c15be6f2b4618459d23e072cd,1,credit_card,3,181.02
4a7ba6325c33a13c0b278d17d8852b60,1,credit_card,9,196.92
33baefa752f2d98a008d4330d306d3db,1,boleto,1,73.17
6b3283bced42ff1c70f94eb1736fdabc,1,credit_card,1,207.22
329818399e3d2636cd3618c0f52954eb,1,credit_card,8,115.65
b741e2d273ca3f09c024fb1cbefb8182,1,voucher,1,121.60
a769cc9f5becd92358f5d4604e17e806,1,voucher,1,20.00
a75a3c5e24236d6fced5e82fd3526b43,1,credit_card,1,32.38
52ffca67c47f7bc4350f82b1d2c20dec,1,boleto,1,107.87
15bf8f6816bf9ff38c4262721f55bf54,1,credit_card,1,81.89
fd27a031c5f2efd93917e23822de573e,1,credit_card,2,84.40
7aa23447e2b8d82e2355605aeac705b4,1,credit_card,7,712.71
c92c52fc8165c38e21adf26ffcf62028,1,boleto,1,132.46
648fd7a88c08b7d6fdf29c28361c87d5,1,credit_card,2,98.20
961e941567157246b67c0c448fb7252e,1,boleto,1,227.56
f77dc5ef53142abf2e1734622d81f664,1,boleto,1,169.23
dbac9bca550d09c1e25a38dc0086d448,1,credit_card,8,530.16
8cd5a51ae18b8bbcfd46882f77cc98c5,1,credit_card,8,167.36
1a6a57642cf324ac86f14bcba484cb32,1,credit_card,8,159.95
64752052885225751d162ea92222d953,1,credit_card,1,32.72
0a46b68a258a6a2a44012e312063afa9,1,boleto,1,40.10
8f49d00fac6d25b1dbdb0685ef43af10,1,credit_card,1,203.42
96500f175401baa18ab94e059e3c7ab8,1,credit_card,6,188.07
ed9e33c926c94cc5cc50a68696119dea,1,boleto,1,115.36
3568894fa3afedc367d3a4816983dceb,1,boleto,1,339.53
071be1c98f3a6f467d8e472d94350db8,1,boleto,1,432.70
24ceed9729a86f5e36fd61ae94183817,2,voucher,1,39.08
18fa032cf65a1c5c2820d16276b4741a,1,credit_card,8,366.10
9769371d54296310103ef23ba69b4af2,1,credit_card,5,57.82
8f41f6ee6b11dbc12bd14d1d0ce1641e,1,debit_card,1,59.42
68fed8c67c135afe92f670687163fafb,1,credit_card,4,106.55
281a4e1ef3ab9d256027ddd2db90c762,1,credit_card,8,467.99
4e7a31bc83274853a6cc6c41c0193830,1,credit_card,1,166.62
b316c449e8b0f35e4766fcb0583fcb20,1,credit_card,10,284.77
e3cb83718e69525d753588e2975be0f7,1,credit_card,3,150.30
fc6c2b2dc641e9b43804f733841f943e,1,credit_card,1,68.35
7eff82e591eb71184b50c3dfbfc7fd45,1,boleto,1,127.12
adc4e509a9b11c13575e75e6defef283,1,boleto,1,263.47
59229a140708a54d8e3a52865dd924eb,1,credit_card,2,57.13
1ecf7a9583c0f92f07515fcd970004f2,1,debit_card,1,179.57
85a0f4063a60774bca35eb38ffccd86c,1,boleto,1,850.92
4b73c0e7ff2959acc87faf89631f9943,1,voucher,1,66.67
c8634f3e7a329c927fe2973bf2b54caf,1,credit_card,1,96.86
5adb95fe0aa8a0d29d029194724df6b7,1,credit_card,4,224.17
443ddf06ec0f23c8bf94bccb583714e2,1,credit_card,6,137.23
d21d7411b251f35ead1b210dc946ca70,4,voucher,1,50.00
3efdbf51c992266c11eb3938e67e77da,1,credit_card,1,5.97
61224c4690fa8613b56e0469cea9415c,2,voucher,1,119.68
8f06cc6465925031568537b815f1198d,1,credit_card,9,317.34
371a5e62da258e95c3cf015f28350f06,1,credit_card,3,167.74
f5450c4188fb856ef71d0ccd3ecf673a,1,credit_card,3,67.50
e31b902db540d867cf64c82630abfc61,1,credit_card,1,127.43
c9f06c1229ec7cd4ec9aed55d434b499,1,credit_card,4,162.55
4da9b175d4de58460535384da0f32f05,1,credit_card,1,43.38
2e9218017514abac32bb20f975e15ecd,2,voucher,1,100.00
4f586e2756d31db4f5d770d170dd51ae,1,credit_card,3,69.97
27bbbf29930f786db682f681aa56219e,1,credit_card,2,60.59
20e7a6f048b842f51258e0b90b76339b,1,credit_card,1,97.86
2109de10cb751b43648fd8c1ebbb1d0f,1,credit_card,1,335.31
827d8ae687faef2e9c2bc79196b26f6e,1,boleto,1,92.90
a7adf8d0ab081caab51b96af34523e00,1,credit_card,4,89.97
f4c004e98b41b61d8b656fed541bbd99,1,credit_card,1,33.00
1539c0a503a87cb20a5d11a435149b2a,1,credit_card,1,33.85
bb2c15f3d9da7de7eef8b4c479efacd2,1,credit_card,1,13.63
33719438c660a7964c608082a59a58c6,1,credit_card,5,141.40
8a869c5b11ad7a70c229a9d119f245a8,1,credit_card,1,199.03
a0fb1c238c7bcff487ee3095d577be86,1,credit_card,5,162.55
016fbc333d66b414be541c6159576c40,1,credit_card,2,103.42
7877ed505dd8f07c03e570b146b1fbae,1,credit_card,1,27.75
3eb0f85a2cf629b092487dbf1847ff9b,1,credit_card,3,147.37
1a9b9f5f7c4ed24f0e1e7c19cc9510a5,1,credit_card,4,242.97
92a5191ba977547e2cd844d5140c63f1,1,credit_card,2,233.83
4d1f435f8c84cb13a87a5d79b5813566,1,boleto,1,219.63
83351d37493926bef518c18c8ece3a9f,1,credit_card,3,92.76
3558178e8d339107c501b79be5836b47,1,credit_card,4,44.89
4123a46501472ba0fa021d7532462e27,1,voucher,1,44.70
ed0094f95927e35ebb97a275ed02d046,1,credit_card,1,15.91
58dfbee60e4d1073dcfe6f7a9d8f6043,1,boleto,1,99.33
723fdebe8280ea74fca298382c4d7ac7,1,credit_card,1,26.45
c2ec5dfbcdd442236f5aa871c8da0593,1,credit_card,1,54.23
f30d4b0d595c335bb07075291527f56a,1,credit_card,6,264.47
87ebcd73de7c03e3ba13f9e9466c15c5,1,credit_card,6,261.37
74174e09b0021ebfcb7b5e9d115910b6,1,boleto,1,92.61
ae64e2ba5ff3e9ffe94fa1c7b844b745,1,credit_card,1,60.83
e61eef70c6a825396525e3f3d9a82ec9,1,debit_card,1,18.61
8d3cd96a636e59a3a47b52cedd6e9bbd,1,credit_card,5,264.83
fc698f330ec7fb74859071cc6cb29772,1,boleto,1,53.90
2f987d84716580b1465f39247276a59c,1,debit_card,1,99.43
d5b01c154bfa35f8f18cf115336714f4,1,credit_card,1,151.05
e4ccaabafa125b3b39a9331b0abced9d,1,credit_card,3,61.16
85179ceed927a62fa1fe00697a17dd5e,1,credit_card,4,148.06
0652543c9f8586d33500c3d0e4ddc6a6,1,credit_card,1,62.33
7f1308d4daa38317363931054a0358f3,1,credit_card,4,116.36
b77e196ee314322dcec6124fa3e38b6b,1,credit_card,8,232.11
8aad1f0c6ff336608e58eab9851f7ead,1,credit_card,2,108.30
993fcce2140b7440c34a447faedea0d6,1,credit_card,1,63.69
03167be79e12e9d70dc67d864eea2300,1,credit_card,8,99.43
fb4de3600d359f84927517e78ff9ba54,4,voucher,1,20.00
f3f0bc4d599d1d5251f1b37cec7b407e,1,boleto,1,140.51
a73c9c5feb02773faae1f58886f5db9e,1,credit_card,1,90.37
756707b801841459446c7e0e8c0862bc,1,credit_card,6,80.19
4dac5a355ca2b9da23d60ed243be5673,1,boleto,1,1024.40
cfeaf2d533a561edf1924cce57d35cfd,1,credit_card,3,110.04
12841a11f62453c88f68ee1f7cb45c47,1,credit_card,1,65.78
e0316057201638c364f3f54c86eebdcf,1,credit_card,1,26.39
49c8d7acf28d999e86d3cf817d9793e0,1,credit_card,5,233.83
97d09fc348cbda42ae770c92ec3af0c1,1,credit_card,1,69.23
27320261393ac78cc0a9624a92da02c9,1,boleto,1,52.68
9181dcfd06aa134cf10d0dc56abcf07a,1,boleto,1,37.09
d225c3985609ca7a3a65157d5311f0cd,1,credit_card,3,267.93
ad761416833aee13e3c6c8b579d72f96,1,credit_card,2,48.20
debbc667d166dc32a2733fb0d660ca46,1,boleto,1,67.82
03fe9fc6d464322a67f3a221777a82d3,1,credit_card,1,45.95
565a7bc14e1f825b163c6a51d74f4206,1,credit_card,8,116.42
4aeb09d2415c840cd427f9b0e5dabfb6,1,boleto,1,236.29
320b4a5fa30f0d1eb0bb4c944d2205e1,1,credit_card,1,125.54
f0c5bf0424d3e7459403f791bf76f03d,1,credit_card,7,191.19
5d384e0ab579db9d8e3e60baa0637f91,1,boleto,1,157.32
1cb9cb32b2b54f1580e375ba45d744c4,1,credit_card,1,29.77
248b0e94f86d91bf3538c663bb08846c,1,credit_card,2,71.72
4897e89eeabd9f378a6c3fb314f441f2,1,credit_card,10,128.11
a9f75df1cef311cb1a83706ed6992b41,1,debit_card,1,44.75
69eb0d3bb4ae91a60f10308d63fe64f1,1,credit_card,1,34.42
a5ace85930526f2e2c1f06c2d3383e90,1,credit_card,1,154.40
7786642062339870927e5c0dd845985c,1,credit_card,1,89.88
d50719e017b64d66a6e1a52e765ecfca,1,voucher,1,359.80
b18cb761efbe70da4838435a349abd07,1,credit_card,10,289.45
cbc5205b9df432b848e1e8a2331ffeca,1,boleto,1,157.45
44a3722417745e1a99c297ced13c7b85,1,credit_card,3,162.20
a198770e8161a0593a4acdbd70b6681a,1,credit_card,2,120.16
5de59551c282b892ae9ff238fd557145,1,credit_card,1,43.86
88986b613097da641340bc366a2d91d4,5,voucher,1,18.28
49f6f4d206c26f0d3ac78e343ac619d7,1,credit_card,2,77.03
b259e69b3ba911e0517d03ba13aa5b9e,1,credit_card,8,163.25
95f552c5bebbb2d3c6ff73da9ff5e2ad,1,credit_card,1,23.68
c2f32abcd402889b6cb0bcb5847340af,1,boleto,1,53.05
ddfa1e68bf845862d55c2616b5ca20ce,1,credit_card,2,107.30
891ba4502e28c6f12a1413e7b915c15d,1,credit_card,3,44.10
fc118fb67a906addaa99d4d64598038b,1,credit_card,6,67.43
b523567b39b4a0bd6dad69bff2e7004c,1,credit_card,6,130.26
861c1e37638360f0b8662592bc56f3e5,1,credit_card,3,141.23
9e4cbed5d166b9e8857de3150c2af79f,1,credit_card,1,67.43
7c2ee08449e6b8b55158e518778dbe83,1,voucher,1,12.89
0c94cc21548a77ceded09a70fdecc700,1,boleto,1,77.75
d91ebca111fb89e1ebbf4725da3120ea,1,credit_card,3,43.77
b83f87939464fd2df0c244550e184e5a,1,boleto,1,36.75
2582e280d624a46c545db9c09f6cd424,1,boleto,1,387.78
ee9ca989fc93ba09a6eddc250ce01742,5,voucher,1,3.58
6a45bd0eaa9f36460b442d6c149fb97e,1,credit_card,4,130.74
f7adb52b8785594c7e357054489e371a,1,credit_card,1,5.26
5588518c1109461f52350bb98249b9f6,1,boleto,1,276.94
fa1ce52b7f5e83c4473226c0a7ad131a,1,credit_card,5,438.64
4ed2338dc000b3d9acaf348a1fc6a395,1,credit_card,1,39.98
cc585bf1df31232b1654bde95ef0730e,1,credit_card,3,70.93
24ceed9729a86f5e36fd61ae94183817,5,voucher,1,39.08
982727416ef47cb3095b02dfccb621bf,1,boleto,1,76.58
de68ff91737ba366892be2067a2cdfec,1,credit_card,2,27.23
7fa26263c600a79bed73952426428e65,1,credit_card,3,76.27
02a9c0d24428f373731752bcc9719ebe,1,credit_card,2,68.23
da309a63c2221b6b10cc09ee29c9a1c6,1,boleto,1,123.54
737d1628b4fc7ee47b3380c9f1f41991,1,debit_card,1,53.30
9de38c42ea4d33af19aac6c4d6c4b146,1,credit_card,3,37.84
0bcde0684eba5746bbb90d6d9089570a,1,credit_card,1,155.23
d9626ceed1048372a97bb68643b58410,1,credit_card,3,77.89
452045e853d5fa6f87a6ebed979b3134,1,credit_card,10,232.71
4382b7af38e2034ff26273519819f2d2,1,credit_card,1,34.00
b1737a1ef657350ee5e90c4035ad2aeb,1,credit_card,2,169.95
e885d4ac4244bd62acf41453b5684377,1,boleto,1,291.43
daaee3046c061f111811d2fa55699a0a,1,credit_card,1,98.70
39454163ea6db630f644e723c00f7da3,1,credit_card,1,44.74
683f04dde2c04fd7b5a1a520a4abe379,1,credit_card,3,30.38
fbc5d211d0c021def45daa17a0d271ba,1,credit_card,1,47.78
45f3c6b73e741b9f127da84371a0cd90,1,boleto,1,35.00
c378d1766ed412f14e38a4fd8547f9e9,1,credit_card,2,21.77
e3618dffd8f8f787a12ad38ce9b342b3,1,credit_card,1,34.13
139c61b5e6e119e1363bf3b6c1fdf598,1,credit_card,1,36.23
ddbbf91a5dc91f4757ad2ed77ab9616b,1,credit_card,1,40.58
cab82738404ec4bf9389ddd56a7aa784,1,credit_card,8,174.41
e214dd6d50b1fe9b3d0570441893f807,1,credit_card,2,35.84
7bb63f3e1c995473fbe6450a65fd8cfe,1,credit_card,1,106.43
381cb353cd30a73a5e49e5f42e583c43,1,debit_card,1,75.17
4a82a56f850507b43e8aceaed75a091b,1,boleto,1,115.24
00d88c00221ce96a1cfcaca9f2fceb3b,1,credit_card,1,347.56
3312588178a16638759fca54495ef50d,1,credit_card,10,628.35
97a475450ceb764b03982eeb9bfc10a8,1,credit_card,1,36.00
683ec1680537670578142e56f09c58f2,1,credit_card,4,102.64
5e29bb4d91686c8d61f87779502db614,1,boleto,1,134.60
d1ea55f7318ed68dab3622af81e15141,1,credit_card,1,65.00
bee4fbc438d2d48527e812cb6a1c8166,1,debit_card,1,40.00
9aeaadde646cd9e4c51638f24ecf63cb,1,debit_card,1,24.78
2f1a5157e323f52d58fca608db06ac82,2,credit_card,3,47.15
f845f1fe6a0c9e32eb740bdcc4da2aac,1,credit_card,1,243.01
4a9eee375aed716abf318683789faf01,1,credit_card,1,132.70
d39bab8a9af00bb16a6a2bb759d03bd3,1,credit_card,1,46.01
d8578262363755dd9a09ce0b4110a1cd,1,credit_card,3,69.73
f3fdee8d27166359de2abe05ec16b351,2,credit_card,2,30.67
d486a71c67c351a4aadf0b3bd096a712,1,boleto,1,33.28
f5d4eecb3411ba9859d303ffc7626277,1,credit_card,8,80.60
237bc9f2aa86b56ab439b6a508832d88,1,credit_card,5,219.40
bb2c15f3d9da7de7eef8b4c479efacd2,2,voucher,1,50.57
56af0400ccac703cca01cd9846d29c58,1,boleto,1,178.27
dabbf294451b5516e2249d502af6a45d,1,boleto,1,108.42
b1dacd22636963809c005e934e4f382f,1,credit_card,3,221.18
13d5232bb40950f3caa1f771ec517044,1,credit_card,4,244.15
48483d781181b0424eb4d9729ce4ccca,1,credit_card,1,85.27
427ab04bb9a88ee00929a510651d77c2,1,boleto,1,287.40
ef1cba939b3e4639c534c42c2617fa9c,1,credit_card,1,143.39
546b9703cec4a0b57e4573d7ded4ae12,1,credit_card,2,117.85
a2a7a8c26f134471a22568ddf011e175,1,boleto,1,61.01
435776d6cb482a197e1300c0d7ec2312,1,credit_card,5,385.61
e6bed0846d5d268bf1ebcf66eab19a42,1,credit_card,10,593.13
594ad966cb8b56ec21f4b3c9b7048505,1,boleto,1,154.06
0bb9b595a2eb418ccff2dc89ff7cc58f,1,credit_card,1,132.05
9fcf522f6dca92c093d4607780d01a74,1,credit_card,3,159.71
68129c60d17ca69bb5fb45039751eb42,1,credit_card,4,138.08
51aa2039fc98dc9e49bc883ead78ae54,1,credit_card,2,120.08
9be33ce4878405dfc4be325fe756b73b,1,credit_card,2,136.49
e9d424615d8805614e254bf5c170bef8,2,voucher,1,119.98
934583479bac4ab37120cace4120596a,1,credit_card,2,150.92
e4b86afb67e591d71050d108a2672dbb,1,boleto,1,75.85
4347279deb067c6731c1c97237921d18,1,credit_card,3,146.36
8caf289ab5d7e3ec7b4522aa22dabbec,1,credit_card,1,64.09
3f113daaf8b405bcc4349a2812061fa4,2,voucher,1,22.64
c0677fabaec4a0491225d78c6ee269f5,1,credit_card,2,54.00
aef2bc3845eb581cecce74b769d46c6a,1,credit_card,10,727.98
4892ff734d87bb926bd317ebafca95d1,1,credit_card,2,100.33
8e66b37a5e6e28c5a8c59bc36989a673,1,credit_card,3,159.41
9376d48a8f0dfe09122a2e197aee2436,1,credit_card,5,57.72
f5eb2c9c8751b09f7637a10a9c40aef2,1,credit_card,10,1279.10
4b417a70a89a9c265f52c8279dd489d7,1,credit_card,1,47.51
711b9be9c346d9ecdb9d38a5e1e7e39b,1,credit_card,10,202.77
c5aea2f23df89cdf58e3c3721456f0b0,1,credit_card,5,199.78
a799d21b017742b6c8cac13998fd6ee2,1,boleto,1,184.94
688c85d1e56b382a67c05b5807521e92,1,boleto,1,169.76
9bb19b2b2a14bfd567fa37c747c6dc96,1,credit_card,7,77.57
ffc184f2119c6fd4140dcfb518bf4734,1,credit_card,2,27.68
0542a77eb7f00f9ed2f08c1dba22a43c,1,boleto,1,27.60
3b5066af438aa1723c4e22290fe8dabd,1,boleto,1,132.02
47c1a8c65d33d1a87433294bea40a81b,1,voucher,1,54.75
7efcc78e753fc4f4bf1a4c52af34eeb9,1,credit_card,2,157.91
59aeb2ec44b9400fafd0b59e842959d1,1,credit_card,3,121.10
c36353bc20e464fa631292ac4a42bd17,1,credit_card,3,76.09
5a13b2c8622862250d7b78581dfbb759,1,credit_card,3,153.72
9ba31b95aa2ad7ab24bcd9f64a89ea43,1,credit_card,1,48.20
0b50495c5cfeda8c9d7abfe80aea74e4,2,voucher,1,100.00
122a6d89b8a3ee8fe039b6990c1dc226,1,boleto,1,94.22
d9d4a02bb9f1087deec1dae728740cdb,1,credit_card,10,217.78
f9343125e70ddf02e5f091885f0d7920,1,credit_card,3,179.07
a46dac4a7a15e660ad481ebac20f3d3b,1,credit_card,6,137.04
dc8a41c3b06bd915d57fcd0e89973744,1,credit_card,2,131.56
72c6b387a8a7211c63a087c477cc8458,1,credit_card,3,91.05
d8873f1bbe5dcb703bdb0aee14aa0948,1,credit_card,2,105.74
941d8ea654e3550842584075b13918ef,1,credit_card,5,105.08
dc8a9d1dc88367aef471e8e810c16ec9,1,boleto,1,88.03
24ceed9729a86f5e36fd61ae94183817,3,voucher,1,39.08
07e481567db300783aa22d7cd202f1b8,1,credit_card,3,427.10
0891b66cbcc48cf64f31ae9cae3d08d8,1,credit_card,10,317.90
1a182abfca408087bb3d24dd41101c96,1,credit_card,2,81.82
a11a425bf8a1d74271b19f31a3cbe76a,1,credit_card,8,145.22
72af7514238e36c16453f0a9146ecb52,1,credit_card,2,28.71
c882b9080c3622f37c41a25458378b69,1,boleto,1,133.75
ef8ad84adcf1d4c437f165f437e238f6,2,voucher,1,100.00
1e2566907e0655a3549bdcb88b0291f1,1,credit_card,5,62.78
705e297aabac0f1fae1db3971e90952d,1,credit_card,6,187.06
8c22c3283ad37daaacdf8d641f1c9cea,1,credit_card,3,302.46
0e7a304b49a353318a2ea193bfb5523e,1,credit_card,1,26.84
65b083a73802b06ce985dcc501f63181,1,credit_card,9,461.31
1256a493fbf2d6047d845aaac3ddec81,1,boleto,1,30.13
bdd19e1d8bec46c29644018d2c781aef,1,credit_card,2,170.78
ad289a7aeb017887d348b0e026d8d521,1,credit_card,3,165.43
059f8a8f4a2c52a1969278f9f484fca6,1,debit_card,1,70.41
58297f23eadfb90b3aab1977f2ac8207,1,credit_card,1,39.60
133b607354fbff7447ce545c8a0fa407,1,boleto,1,598.25
008dd5e80ebf8f849aa0c5bf4e22ce7a,1,boleto,1,207.74
b5b79bbbc8693953906951dad6a55f07,1,boleto,1,128.72
b92777d39afa7f58503ecfdfaf255972,1,credit_card,1,30.38
d7b1b205f635a07e904e5c4069b6859d,2,voucher,1,58.02
0c61d8257611b6d6465f9c8ec5674b0a,1,credit_card,5,137.24
f03bbe221b9e5bae09eccab6a0c4120e,1,boleto,1,126.33
0e784a85d6f7aa0ffe9a41d81f5a4ecf,1,boleto,1,35.36
c142c7ab64bc271555af4edbff4d53b8,1,credit_card,5,274.24
2f82268fc803f315fbe873e96f48a60f,1,credit_card,2,138.60
c8d355d9b0027d16b4f22804df2bbc2d,2,voucher,1,45.77
b4e47a448289bb284758470f606229c4,1,credit_card,1,203.49
270f8f53a3e97cf69ab06a15d03105ab,1,boleto,1,410.90
fdff9465ac9ce1a793bb30fa94c6f241,1,debit_card,1,523.23
81923dfc527e6776a83b7e7d7b2c8dc4,1,boleto,1,65.83
a797f338da66eefca816db5328d5e5ab,1,credit_card,1,189.30
3a0b1b5c52367a68f9deab55f3464a14,1,credit_card,1,86.14
809502db5eb0c22781dbd4d0c3ffbac3,1,credit_card,1,40.96
ef18f5dcc7b8a44cbdb1a14de4164bd1,1,credit_card,1,63.12
adc1786f217f05f2ce9f08234ad1acbe,1,credit_card,1,24.86
186ac860f8928db64590e1fdd744c9f5,1,credit_card,3,74.94
a5396462aef45aa15381d92b777b7cfb,1,credit_card,1,69.26
4144366812f72111c1f9d2c065e3e374,2,voucher,1,300.00
ea2d31e30ceb1d603ab8db32ab4404dc,1,credit_card,5,97.99
543dbae182bd4940d1db691141165e0a,1,credit_card,1,91.26
c7334d7e05d30a59be01b74a71a53b9a,1,credit_card,3,69.33
7c0bdaba8498278860946b0083d258b8,1,boleto,1,140.71
64065ff7503353586b3dacf9aec56ae7,1,credit_card,10,282.45
fd6a51f9eb40dd4bca270db2bd18aae4,1,credit_card,2,26.66
4c5277b8c416e92df5b5b5b3882b4d58,1,credit_card,4,109.31
4bc45b40b7495543f90c2cfb8c409035,1,boleto,1,53.10
9399731dd679003e21c7f24ad39ffa32,1,credit_card,1,70.04
0633c2f778161bd80bf27cb619d6437c,1,boleto,1,48.25
f856b8b90a83c3e6c6bccd3b1665fb79,1,credit_card,10,236.12
35ef29f36793696d79c36f7780a40dab,1,boleto,1,109.02
de8323147a3358b9c4720ae5e8ef668b,1,credit_card,1,62.44
a3397fe4e0daa3278bc7de9c39a5e601,1,credit_card,1,90.75
edcfddeb9be8cad09b23188aec1f3fc0,1,credit_card,3,67.81
16ee19fe4df0a090015e2fa16f3bf3e0,1,boleto,1,171.00
cf8ba1509b00eca37b08289371dbbf0d,1,credit_card,2,102.64
24ceed9729a86f5e36fd61ae94183817,6,voucher,1,39.08
c05cb9c2c6907494337ded1d059cbc7d,1,credit_card,7,72.83
7ecb65884485f612cd43998556999634,1,credit_card,1,32.29
bba6bf145227da52495f05a3623a5e20,1,boleto,1,115.44
7dc2cd8c070cb20ae535d75d107741de,1,credit_card,4,292.28
735a1710773d59e9194b5851b2e2ecc0,1,credit_card,1,33.85
ade4397f52cb13f72b87939c8250e292,1,boleto,1,157.45
181f3a2409fbfd9640a4e017c3b9971f,1,credit_card,2,27.87
6f3428447439d9e2de6274149281dae6,1,credit_card,2,48.13
22ce839b4cf363dd05a5cde6a91e53de,1,credit_card,1,36.96
0e4b26f1fb99fc0f0472dd5f403d36d4,1,credit_card,1,37.94
a78a401e218732db3fd0ac73befe4973,1,credit_card,3,205.08
5e444d1399cf9f3de87152edcb0ff8d6,1,boleto,1,90.84
fb98d749a39a0e47d64ec1e9cf90bb10,1,credit_card,5,77.57
3675f490195ac2070f7f45581da241c9,1,credit_card,4,232.70
7f81a8a172eddc4f7afaf02eb94ab824,1,credit_card,3,35.07
953a453190f96f0f32ea10b03af65a08,1,boleto,1,97.90
1b2a8a35effe3c031684be53784ac90c,2,voucher,1,423.96
d464194574b82162a5a34d39082fb826,1,credit_card,1,29.77
3c4f4a215516b1f6013a569c7013f45d,1,credit_card,2,21.77
139602ce40c8f337484eec9b157ca80c,1,credit_card,1,65.89
44ddda99ffdd779ef6dddc13ed804971,1,boleto,1,43.10
cc7b37be243e081241f0929776e0ff3e,1,credit_card,8,759.20
28a0a966e6d2214f62b0332d9ed35f5d,1,credit_card,4,82.66
f888aadfaf9861131a6b24882e4c5ee4,1,credit_card,1,93.57
ed970e1789fefbbd3700b0c5e84b45f3,1,credit_card,10,201.29
4c53b2ac030f08c0469e8de45af2e400,1,credit_card,3,37.47
e22f8395265cb423def2d5c028f0f34b,1,boleto,1,107.02
e23115216f6b79bda05036f94744a2dd,1,boleto,1,56.63
c1efd8321b84f3cfd0a4b41c0fd60026,1,credit_card,10,458.24
2050ad559df86365b2d2a824640af4a1,1,credit_card,3,238.08
980bc014d29830d87b56bbc7720a6b6b,1,credit_card,2,111.64
d4b074982e39f354c254a6b1b4ffaf55,1,credit_card,1,78.27
c432657bb18ddf7f48b7227db09048d4,1,voucher,1,110.02
ffc5d47e40567b5f153d5cd17138eb89,1,credit_card,4,70.11
0c56c2d802da452669d191dfd438ac4c,1,credit_card,1,97.76
df09698fab7f356cb66e565dbcc436b6,1,credit_card,2,206.10
cb6a022cd5d0c3242f698327ac4bcd97,1,credit_card,1,93.30
3a09813d447f4054ac696debe1e6220d,1,credit_card,5,149.29
ee491eb103d02acce80f7c5950def51d,2,voucher,1,50.00
4421a7200d8a1f6a0dd6fbf8c96d01d5,1,boleto,1,156.19
0c956783114b7ac9633e16c494c191ce,1,credit_card,2,141.32
3972df2fee6713723d3c001075f1a039,1,boleto,1,50.10
b6f5d41c260425b5a3d5919bcb1ad8d8,1,boleto,1,87.55
95a0819142cb868109a4b84a410098f8,1,credit_card,6,62.59
6a13517381ec12deba06f6a117428702,1,credit_card,4,191.58
d07f143b702491d2a1cd6ed093f2cdee,1,credit_card,1,123.47
b4b6e2f2f9dd2c4cfe524993ff72f49d,1,credit_card,5,221.29
f34c3736b33b7d0c9eaaac33ac7b1ba5,1,credit_card,3,211.24
42f42f42e7e1be68ce691280f140b2b6,1,boleto,1,92.46
73e85a295c3028a2283eb8182a8ac56b,1,credit_card,1,543.29
1800f4a4362310d7eb38281634f6dfd1,1,credit_card,24,325.37
a901e1670d92dc616c4f1a33b5c0ad42,1,credit_card,8,400.90
fe451ba1809fbc234c68216803496d39,1,credit_card,1,157.22
2db72c1513eb12a34d183d40a7291014,1,boleto,1,101.34
98974b076b01553d49ee6467905675a7,1,credit_card,6,121.13
2fac5c3079ed620f52665e540fc57d66,1,voucher,1,62.78
2e2b499ad1ed9178bdd1cdb83f3f6000,1,credit_card,1,31.38
f14a9b375fa15329cc541a846cfb03fb,1,credit_card,1,160.51
202b0e2a72ae812b73b645d02a6b1bc0,1,credit_card,2,103.75
fe393d2abc096e78011cdc0bb5b3e776,1,credit_card,2,104.59
47e1801bc1f8eddb9969bf5fd8563712,1,credit_card,1,87.83
ed290fabcd8f57622249dcd888cb4ba5,1,credit_card,1,319.53
56142b6c34c40cccb3e3ee8308a4ae76,4,voucher,1,9.15
d0dcef5f811f8e0b4f67f1f26805a8a6,1,credit_card,2,52.68
4dcbd5ebfc13eef35e0fcb0ca1c2807e,1,credit_card,4,132.08
24496db5f9de478a647819c7eb075504,1,credit_card,10,983.39
88ef4dd86ce9168daf5579d4f878f93c,1,credit_card,3,69.22
104b8d0ca41aec23f0847323c4cb8177,1,credit_card,1,55.63
6c175759bc609d6fa9c693e5d24aa77d,1,boleto,1,100.22
b0824d7e22fb8f487be1f22753268ce2,1,credit_card,2,128.24
6a9220b640ac4965f3f64a46a1f340b8,1,credit_card,3,172.30
f503bf4df121d79cc4907029e84dc441,1,boleto,1,131.73
6c2df3329834884b60365f14e084c043,1,credit_card,1,25.50
9b816053262f4741f9d0d314dff0a41a,1,credit_card,3,323.52
bc6e05c3335f87caadbcd6c80de46ad2,1,credit_card,7,76.69
7516210b50a463ba7955ad0d32b9f012,1,boleto,1,57.11
931e76c33f2109e760025ef697884eed,1,credit_card,1,77.22
ce2f6c44bc139015d1036d40c0cf2915,1,credit_card,3,145.64
1af4acf47f9833b90e3b7cb326ed85f9,1,boleto,1,176.81
341f9a0cecbdf48fcb1ba6975fe2cbda,1,credit_card,3,36.78
6fed61864e73f5457549fa69ad7c88a2,1,credit_card,1,40.09
64c4f910545582c5d0fa5bed30292b4c,1,credit_card,5,244.04
9c3d371454ceddff5d8fa8aa86ac7c1e,1,credit_card,8,714.50
b7a126656513ca4a59462228783ea29f,1,credit_card,4,214.31
fa6d52aa0f15a0a03c1f945a1d0f996f,1,credit_card,2,88.58
416bffd2b6f30043b4c631f9109782f3,1,boleto,1,157.55
2567b61de29297da09bb8da381d2b37e,1,boleto,1,41.81
7b30aa29f313756594c6bfad78eea84a,1,credit_card,6,65.13
a54dd045e3be5b2d21b3065c2b6f0131,1,credit_card,1,98.32
724c7b9d5d226631f82c0c09a9f51685,1,credit_card,6,130.98
f7667bdd9bdb0953511db7d56f25865c,1,credit_card,8,101.14
bca23b0c0c24178fcf6fb1838fadbe86,1,boleto,1,1098.62
1cb796218c383fc54a6a4541420201d8,1,credit_card,1,139.27
1149d72adba9246665c80103bd7011c5,2,voucher,1,33.76
be9ee147c9dd269d227ae37839d3493a,1,credit_card,1,38.01
908f072f2390700728e47735f17c16ee,1,credit_card,5,119.93
9387d427f564a63a5d9e87418dd48a54,1,credit_card,1,61.10
5639e62ac4812b66eefbb05288c44eef,1,credit_card,9,184.53
239960d8af96f541e9a7153b57c0f4de,1,voucher,1,55.88
84d6d9710c8af32b5e88f2d1c14ab871,1,credit_card,5,61.70
cacc1fb58a377d93574c303d6c901986,1,credit_card,1,36.35
d9ed186abc625ccae42014887b7af04d,1,credit_card,1,40.58
b6a2d13e218643aa2ad2fb10a8cf567a,1,boleto,1,829.08
8772c5e10262ef05600e102a05de7eaf,1,credit_card,4,81.05
c72c0ab643f76818c56b7c135e806360,1,credit_card,1,107.85
82e4f033f60598903866557d89c9c042,1,credit_card,3,44.74
4ab1a1bf9908b4d876f0706c742fb14d,1,credit_card,3,32.43
55881111d8b37a0e45cf97b156ae1943,1,credit_card,10,305.57
8057ce8ffded1481446ada68f97941d6,1,credit_card,2,263.47
556a840ca8df33d08ff39fed4a28792b,1,credit_card,2,106.52
a6288025a106ed8a4db8010e42d44577,1,voucher,1,31.71
d2116792f51c05e63040003857b5fb91,1,credit_card,7,102.03
3afc0f9406e119df79d4b5ea3b236712,1,credit_card,4,72.14
07fcf4ec8cadbea34c5b508e35e716c0,1,credit_card,5,163.73
cdb1faa859205ebd457e594dfab53801,1,credit_card,1,4.33
b867ed36fe57004358a5c654d886d389,1,boleto,1,137.71
5e73c84a4d8bfcb7f5f1aca946e843c7,1,boleto,1,219.79
b842a958b4bdb5de1b88ff1795c361b3,1,credit_card,3,70.18
79db7436f36c45d0ec5cd158424d7ce4,1,credit_card,1,51.22
c39256279451486ab6eed803a7c5b094,1,credit_card,7,136.74
6031b4a1dbafab99322d682f7d2070fa,1,boleto,1,119.66
26a6d863d24d0d5bc79e4cfa85ebf566,1,credit_card,2,94.04
7aa4279cc25c67bbcf033b0ffa8e5587,1,credit_card,1,127.04
997cd0cc21c4cc23cf4b07c4f53834db,1,boleto,1,163.06
ea2f9e46eaf5311b2a097a65699bac5c,1,credit_card,10,149.56
333977327b5c548879a21a3b1fc87c48,1,credit_card,10,203.81
ec61362ddd74b12ee8f72f43752044f8,1,credit_card,3,138.39
58b2ca9b8b218fc08e5f37b778393005,1,credit_card,1,50.83
03f4f8149c605fb477250ac94f70c0cc,1,credit_card,1,66.67
a1cc6e60e142d31a699056328d83cf82,1,credit_card,1,54.98
0136390286be8a34efdc801ed150568f,1,credit_card,4,40.56
3b42ad87f3292fab60e143988d332da1,1,credit_card,2,44.08
d95fe33125690d67196ca4e9b56eee2e,1,credit_card,4,82.03
5c9c7cfebd7a15f81479083d70636f51,1,credit_card,1,252.38
a5b30f9f44d2413db0b94cd9a3fdcf81,1,credit_card,1,112.71
d9d133e8194b34d22ce9157f4f2ab959,1,credit_card,1,27.77
7643fb0ecfc2447d800aa40f62ef7fdf,1,credit_card,1,44.10
ee9ca989fc93ba09a6eddc250ce01742,6,voucher,1,3.75
e24373f05b66f5a4b1e9baf8ce94baad,1,credit_card,7,284.68
f7adb52b8785594c7e357054489e371a,2,voucher,1,114.90
4ba45e01cf325c8c853971e79c9cf7bd,1,boleto,1,88.74
8341d1e71471e5648920efec5acd822c,1,credit_card,4,244.15
5545b19e008b4a2989c495761e53456a,1,credit_card,2,162.96
42a45127f74061de7399a762d9728197,1,credit_card,8,89.19
31a6cbe67abc9e5414688f0f59681ec0,1,credit_card,8,93.38
084ba8afde2ae7dcc7610239f97b7d43,1,credit_card,1,456.12
512c6d2dd9904e8ce639b106a7689949,1,boleto,1,252.35
4ce8d6f2dbc2018073f91128c347de84,1,credit_card,2,107.37
4bb2ee0b9741faceac3deb03a2e53fa6,1,credit_card,8,442.59
12158685d93b3a6dcb6efad25cd8e056,1,boleto,1,107.00
246161390a20f964881feeaeea896671,1,credit_card,1,61.85
330f4c4ce3d46e9f892b06e6f0bc9aad,1,credit_card,5,54.90
9b441adcb57c2e78cb12352908df3ea8,1,credit_card,10,643.84
5154e5ccfca219d687ea397ab3b64f34,1,credit_card,1,38.72
a6ea59851ffee8cb73761179fc7bcb6c,1,credit_card,1,13.62
a322a4aa3b0a9b47a6760a03ee17ffe8,1,boleto,1,44.95
2ec97dfd085ac4fe7b1fa12819d9a36c,1,credit_card,10,149.16
109f6898323e99a194948043ea99cdd8,1,credit_card,1,4.06
9a72b635fdd4396e5656a6028d13d09a,1,credit_card,6,98.44
f1ffa84db833c490ced2c3bc52b1b833,1,credit_card,1,37.13
42d79478d8d834670fe17dfe07f5b581,1,credit_card,1,112.46
395524f8aeeae5579f5b660148e450bc,1,credit_card,4,98.26
44437f0cd12aae191555f66ce8dc2d5f,1,credit_card,1,122.21
4b50fac9970bd5d46f41eab7855101a8,1,boleto,1,116.79
08d19d4c103470970b2f830e48e2d3a2,1,credit_card,2,558.77
36ebb4199031e72a1fa964549b88c377,1,voucher,1,133.25
f774c1e75cb8cc6d1d8a30c56d16bcda,1,credit_card,1,143.10
7d52b962726f481292e1faae3fcb31d6,1,credit_card,1,30.44
a1074f1de8cb7cb5f4ce95be13541ac0,1,boleto,1,77.69
1e33dae93b2e09f84f40c00cc0f0a1af,1,boleto,1,269.42
b5ce2ab79c7923ac899f38c6f48ade42,1,boleto,1,60.09
ae8e71cc131340d44221ce1ad4a31867,1,credit_card,7,73.34
732a77c453f0b9ea3a2665a575f3ecd3,1,credit_card,8,378.86
0e8bbbedc5dffd859a8386d68d138c10,1,credit_card,3,149.81
903c880841c9b1af32d6d086b9763133,1,credit_card,4,43.26
8c695ffcf56400764176fd1789ec7fa2,1,credit_card,3,32.50
b69b3998539f1f68e146ab4db97cd0a5,1,credit_card,2,67.92
ed95597d2fd96ad370b62bbfc4b6127b,1,credit_card,2,48.04
383730d8be253fb34891920a417f2861,1,credit_card,3,497.89
e271e657e4d6b7cd8627e5ba90ad3929,1,credit_card,3,222.68
4813c50e3548fa87684c05b730ecccee,1,boleto,1,41.00
e762633655ca1d869d2036864e96fb6f,1,credit_card,3,118.35
a5b275ada51fc66b482047f159e215a4,1,credit_card,1,60.02
19421ea168a928851f0b465bfbcea60d,1,credit_card,4,237.62
0a42de5dfb223e924d95bccacc00fc78,1,credit_card,3,145.29
1afbdc6ed9143871e5b8be14ce2762e0,1,credit_card,6,710.48
d5068130956ac251d7995450e9627aef,1,credit_card,1,218.49
ad07fbbd9ee2c6dead53c1af4ba90f02,1,credit_card,3,37.70
c5fd5386640ddd76adc482b72d24a02b,1,credit_card,1,4.92
175825d48ba5a2082a843888ac1b08fb,1,boleto,1,180.90
31015049cbc3685e5b4d13d8586598a3,1,credit_card,8,105.29
6666c6388feee9456acf73eb0c0b2e6e,1,boleto,1,512.19
b56bcbb57a9be94114e2dfb18399193e,1,credit_card,1,123.85
29d81f9fcfa8f77ad68afa83d9fbf83b,1,credit_card,5,92.97
52e71da3bc9b0aabdba702eefe259a71,1,credit_card,1,85.25
3adbc4c0f5c6605824498eeb960d0855,1,credit_card,2,26.77
172d924daf19043deff749396e9eebf3,1,credit_card,2,149.59
db986cb6dd75db5b02034f98fd00cf7d,1,credit_card,1,162.30
a3d715c13af177125a462b543a9a97f4,1,credit_card,1,99.50
776cdb75db89297ce0fd26c15adac1a4,1,debit_card,1,277.95
47ccd65ae7dab553c7a8c779fe2cdea5,1,boleto,1,187.53
5c2fda0256232c4a55199261747fa68a,1,credit_card,6,151.97
7d51427ec940da2e27bc824dd56a2300,1,boleto,1,44.10
f0a82a328fd64b2796242bbfddb7e1d4,1,credit_card,1,378.83
c942d232f05adc081f767f145dd8fa36,1,credit_card,2,168.45
ed0094f95927e35ebb97a275ed02d046,4,voucher,1,13.98
cb578e3b649e02ffe6afd3eb778d6370,1,credit_card,8,1963.97
384305b9cfec8a62f309b5e5cac920bc,1,boleto,1,22.79
76947ee86f94611940effa93c62ccdc0,1,credit_card,1,210.27
143c703ed417ebaa64077dcdc2c820a9,1,credit_card,2,43.71
8cf11d602132cbba5e8cda3631ad5552,1,credit_card,1,179.90
73befa10ba4ce911961d44fc641180e6,1,credit_card,6,183.85
0ecd7312b4a222a3a86590e46f1c2b90,1,credit_card,8,286.82
bf88003f2580db7589007ec44bc85695,1,boleto,1,40.79
dbe5b409519c5dfb85b5b0955913e5af,1,credit_card,5,105.66
6f6471df0c58534cf3912656d77d46dd,1,credit_card,2,86.66
ec0fa4ef7da067eb3a57abd8fc504352,1,credit_card,3,148.98
b0cb43bc4638d44188430b7d42b35866,1,debit_card,1,62.21
9039dad04728fa0f311e4fe99c906ccd,1,boleto,1,67.50
c33c0a34aa2beb75f41a04d1b3905d92,1,credit_card,2,190.75
9699c01a896c01b9cb591cdd6ad1adc3,1,boleto,1,56.69
c75dfb74f7e634744d13799759233b78,1,credit_card,10,1821.87
0e3737a398f635ed0c0957a0320781ec,1,credit_card,1,188.94
e2532fe843f45b7a1aa7ede9474ca960,1,credit_card,1,25.75
6e6ba99ba306b937fc7730f3e06cc1a6,1,credit_card,1,28.51
8f4af0beb1760e835b5a30e97e8920f5,1,credit_card,1,27.07
556d7ec009cdd5ae19dad069c808ad9c,1,boleto,1,168.03
9d9b9f1853aa3afd7906d3c011c49775,1,credit_card,3,107.78
d7f4c7c033cbbcef2916aaf7b594becf,1,credit_card,1,121.19
418b68df1336cdb60b7e80c8c249f28b,1,credit_card,1,46.88
5b26d9049a86fab0a83280e17de710ee,2,voucher,1,50.00
30e20eed39fd29394a3adad92a43f3e2,1,credit_card,2,94.31
7e8a02cddca8f2dccebedb8b6b75ba5b,1,credit_card,2,98.14
24ee049b7819170224ee7e5eca0494e9,1,credit_card,3,35.86
32864fe724c9f8e8040000b044c5c77a,1,credit_card,1,45.00
4eaf389d62c4c959f4657e40550fb531,1,credit_card,2,94.32
e48949fd6c2be8f0fa6dd91af8f0f50e,1,credit_card,3,160.16
b811c8ca07716586e80c0bc4f2a6e39f,1,credit_card,1,69.90
b8dabd1b3ebaab3808cbf73107a61a6b,1,credit_card,1,38.04
92ecc22dcdb92188d9866d8b120c5428,1,boleto,1,267.62
3122051cc85fb10cbfcd789c0f8afa3b,1,credit_card,6,187.75
4563da819a589eed2f386d177b6e8135,1,credit_card,1,41.01
2e9ac33fbda5666e258ed040a2def5d6,1,credit_card,1,52.84
2571a6c25fdc11a26075a9258d73618e,1,credit_card,1,96.59
5a87e8c67abd6328a86c6165a91a547d,1,credit_card,5,71.85
88986b613097da641340bc366a2d91d4,4,voucher,1,18.06
ed9ddf13b205161d8ca32de15a50a5c7,1,boleto,1,155.73
1397417a57ad1bbfe8d639df8cdee908,1,credit_card,6,173.95
e6572de73e295b8613a4716a3a1f15d6,1,credit_card,1,65.05
7900ff338051fc207475b59ae5465060,1,credit_card,1,50.59
fe9a0726757d598dc0a613f04d33cf03,1,credit_card,1,95.56
b11ef0887d152f735e9b39864eae2ad3,1,credit_card,6,97.77
1b48e0e9948536f454c10a2a97426f11,1,credit_card,2,218.64
c5f9f79b60cb1ddfec0fc9556781952e,1,boleto,1,32.21
f62e6208120b502c087a5bbd9b2567e4,1,credit_card,2,99.33
7cba130d7fd9cbf1fa889eaaf7c89d29,1,credit_card,5,287.00
a29c25c2c9c3100daf48a25880312c23,1,credit_card,5,289.90
1d69f6b3dd0fc384483cfb2560d8a6a4,1,boleto,1,32.69
2f803c32f469729b9a81a120bcf74567,1,credit_card,2,71.25
2142bac418a228e6086f5294a8fa88db,2,voucher,1,17.73
056bfadd41b8600ad5ecfef2ac132188,1,credit_card,3,35.01
b15a1712256b8250cd6f952c85e4c65a,1,credit_card,1,93.10
95e6954a7dcbdd1a6efe5fd1ce397ba0,1,debit_card,1,766.32
70b8fcabbd42bd4e6bb39052dac647d6,1,credit_card,7,75.32
c0e11158f60abbb6f96d74228e67d44c,1,credit_card,5,278.04
ebfd84fa76eb56fdefe0b656500fac4d,1,boleto,1,37.22
de2198669f76c1dbd0d137f101a7d6f0,1,boleto,1,258.35
e40d0c72305e1f0be6925df1e4378221,1,credit_card,1,665.62
4be354605f898bd7290366706f07d622,1,credit_card,1,30.60
0a814fddd9db7c515225361a87b607bb,1,credit_card,1,49.22
dd1d5e5b6e4be8779186eb9cafd2f44d,1,voucher,1,20.00
46f8ad0d98c5c3731e1e7988e45f4a4c,1,boleto,1,65.79
e938a90514cd29b81f7e88eb8c918d12,1,credit_card,8,82.19
aae50e3ecf0a52e135b59e3df0d18c84,1,credit_card,2,92.26
5eeef0a291829b4a3e2ebfd8effac242,1,credit_card,3,65.73
9ea62ff38e6396ea973ec12e0b09c65b,1,credit_card,1,67.50
67acbda15487a0495068196ebdfbbcf7,1,credit_card,3,91.23
11f10acabb1552521a9a7ca484aabd64,1,boleto,1,192.68
3788099435cbdafabe329e9228e70588,1,credit_card,4,158.38
1f790c9e3bb6e08d226245a5d1d781fa,1,credit_card,3,148.15
a076e6a3d1401e58c8b6ced4d0d23225,1,credit_card,1,46.13
7ac1f3de2cdc809de6aa1e6719451f53,1,credit_card,2,39.75
190dca51b7367cbcf69eff19efd0bd20,1,credit_card,1,55.01
ae022df91338bf0b68f5d5f179ad8492,1,credit_card,1,81.46
70d311beea4bad34a599296c2095e449,1,credit_card,7,152.61
13ef6b72bc3af6724e7d53bd84019b24,1,credit_card,4,74.49
49f879aa078787ff9ca5e831515407b9,1,boleto,1,133.58
bc2bdb398f6c17b554ffcd37aa1c1e03,1,boleto,1,90.97
cebe1a22714a4536f852866377c9bcbd,1,boleto,1,187.44
cfe5649887c20d8a27d7a9a2302a9d9b,1,credit_card,4,221.86
2ed75ffbf396fcdc6341f17d1a16ef5d,1,credit_card,2,88.37
ed8e9faf1b75f43ee027103957135663,1,boleto,1,85.82
0583f502e04564cfe79eb0e4f5939729,1,credit_card,2,220.88
15c2d2803c9a7a4ba8f528a65814848d,1,credit_card,2,138.62
c895355af2bc9e095254d9581cd77699,1,credit_card,3,71.15
98b736865640a09748dfa712c907b68d,1,credit_card,3,191.52
6d37c2777465f819544099f0ec5a6b25,1,credit_card,4,65.23
cbdf436a9a9c8213157a125b91ef27b9,1,boleto,1,73.34
fbd05af8c1751b972fc6e19b1190990e,1,credit_card,10,102.09
6192bdc9139ad21eb4e63055f1a7c8ce,1,credit_card,5,166.81
a0aef57f230423695817deb4c1b4fe7b,1,credit_card,1,20.29
85cc29ec13537a45485f0008fd8c1e0e,1,credit_card,1,83.59
63ac25fa7a6efd7b94ace6adbb54b431,1,boleto,1,432.50
fb16eb7d2922cdf521797850c680dacf,1,boleto,1,96.80
e4be13e2fd66a70ce8fb95ce428a8709,1,credit_card,1,72.75
7c59d327d267a2ce386f84038c0035c5,1,credit_card,5,269.29
0aeb3ec8a78414261730773ddc9d2f7a,1,credit_card,1,67.36
777f517b51cac586a9532d1d8b596c10,1,credit_card,1,144.12
0115f8bb1dc16d3fac863ce1deb037b6,1,credit_card,4,136.46
40bf8d4d61d22711253ecc21d0a2e442,1,credit_card,10,133.98
5112c764fa2925ae974ee7c77478a4cb,1,voucher,1,17.11
f74a92993942e72d5f55c192272b02e0,1,credit_card,2,192.36
908e9be16fe93027637f6ffadae3bd15,1,credit_card,1,166.50
503f675df334896d388f06d20d5dc540,1,credit_card,1,124.49
849eace12a4c38cc5d4647af9f942eff,1,credit_card,4,220.71
6076a8694fc911c2ed0a2bac1c30a9c5,1,credit_card,1,56.98
123bea8dab4550ec2592468bff3e0866,1,credit_card,1,92.83
7b9a4ccb84bc90aa35e862facecfda80,1,credit_card,1,48.19
5f517c344edea684043f8c69608b7f47,1,credit_card,2,183.36
77ce4c372403e8665d37213cf52bda56,1,credit_card,1,20.85
e8e55eaa809f3091cc5060cc53735660,1,credit_card,3,83.01
84a1e5108acf2786feaa63a12cdf0c09,1,boleto,1,118.93
ee9ca989fc93ba09a6eddc250ce01742,9,voucher,1,3.90
da6e14bf496bcc88c9a7e04053030e11,1,credit_card,1,146.47
6b0c5f80e463c04c7658b97d1d37aa00,1,credit_card,1,52.96
837bf2d48f18fc4d6e2e32cac9941960,1,credit_card,3,162.41
1a5d21f44c73693b9930d0ca33a9d0b1,1,voucher,1,236.39
ab377121ab607d829a167d9796781f67,1,credit_card,3,38.84
234c056c50619f48da64f731c48242b4,1,boleto,1,75.71
074054ad3d2e5ee3fc6f098d06f321f9,1,credit_card,8,110.09
1f9dfc58c0cc9cd0436629cbcd7fb639,1,credit_card,2,127.44
ac5191d38d98b832e91b416ce1b61e3d,1,credit_card,3,68.53
d9ba89fb1ef0cec7d158b8a2679186f7,1,credit_card,1,40.09
cf6af03cfe2aa7ce2b23c2b77c1ff722,1,credit_card,6,193.38
9c987217fb96ab86ca15a379d251595c,1,boleto,1,71.63
0e54e7e8b39dfc550dfab97b23c7b582,1,credit_card,1,70.75
606a4d197c2fcc7ea1b91a89c0843f1e,1,boleto,1,129.00
268611f7d2f0106b616e88e532e05a2b,1,credit_card,6,62.69
d72a592fb03726e61907b9d4c2c654a3,1,credit_card,3,38.10
1e906c082a3aa57596a2fa25a7e6cf25,1,credit_card,3,33.56
20cc195f7abe525abd0697163e2c8e0d,1,credit_card,3,166.67
514290e30cb76393d6623ca6d7d79ee0,1,credit_card,1,115.90
cb1d3422684cab64f603f1b70a68e2ef,1,credit_card,1,47.39
3480c6733692db0895d7f240dc18d9d6,1,debit_card,1,56.78
8339f788dad4ceb81447efc8dc3ee269,1,credit_card,1,41.78
c756513ece003700723bfa5e6f8abc65,1,credit_card,1,447.00
e6a667b8b4e8787c667b00724e884177,1,boleto,1,36.34
747c10818501d15381c0718ba37eb2da,1,boleto,1,149.49
6ec753cc542c4392eb956290ddf47369,1,credit_card,5,262.16
c75be4dbb0444f5234b73d0e700bc425,1,credit_card,1,104.93
8092a6dba7ee1ea9d61883db8a08fb14,1,credit_card,5,55.01
3a168e53eaf8e5ae8414ebfa6ae255fa,1,boleto,1,30.13
9f6833a99cc6d2bc31cce30fd2f58aa6,1,credit_card,2,150.15
a6a1b8d3aef88816d4db15d9edde7b5d,1,credit_card,8,327.17
ecd6e336e4e791c637319f60de98bef2,1,credit_card,2,108.21
67f693e898f3412e68ecfa0035a3b0e2,1,boleto,1,40.38
73f41c25f81a3fc68fefa0cdb0c73d97,1,credit_card,10,138.32
54220fcc516cabe9ec84b210c0765ef2,1,credit_card,1,2.75
141a3a105ece0b78ebacac138ca4a4fc,1,credit_card,2,142.92
e417011226af2bd3a4a21d51b2818e36,1,credit_card,7,77.66
0a31fa5371c2046d273b9fb84e3b2988,1,credit_card,9,97.98
f489dacdbad0317b1ac5e2c190b3ed26,1,credit_card,1,64.01
e9d424615d8805614e254bf5c170bef8,3,voucher,1,30.31
d773b2a09676fb3a1a35c45a9edda446,1,credit_card,6,319.49
de290900c1991d72fda0212682ecf3e2,1,credit_card,4,42.47
55b653f93de6e994b6dda90f615c7a8f,1,credit_card,1,51.13
24ceed9729a86f5e36fd61ae94183817,1,credit_card,1,0.61
3735a11cbccd8916dbc9ccf5f671cc2c,1,credit_card,5,190.99
7b1dc739a78d04563a4fd62f5a6b454f,1,voucher,1,20.00
175e7244409a1c34674cdd3407e25808,1,credit_card,6,214.32
349419805b6735ed9a2cf737205fae53,1,boleto,1,37.77
3fd0aee5e461a0922a15e3747a042332,1,boleto,1,207.62
0678d595b99f7162722e241ea36f7512,1,credit_card,1,34.69
dc4dc464cfa3377e0b31a936d2d117d0,1,debit_card,1,24.68
ca2c48ff635d7bd831194de9207ca62d,1,credit_card,7,72.43
0eca09e82535e22a903c3653b2c7eae4,1,credit_card,6,175.98
efa4b51113fdedfdef6dee22876271ca,1,credit_card,8,246.38
b7aeacfc25789063ab26dcbed69401a3,1,credit_card,1,63.27
1c0e2a041cbb546001e7259526d26e67,1,credit_card,8,484.55
26df1f409adf3bbb2f057e1ebb11b019,1,credit_card,1,137.90
e3ece21d7c72cb7ccac97cf62de62891,1,credit_card,6,147.15
f4cb34ec54f101a3e81f542b1a81eb00,1,boleto,1,157.78
ef782bb4dc72950173bc2fd3dd651433,1,boleto,1,57.78
73cfd52c2ab878481307dcd97df6155c,2,voucher,1,18.46
cd6abb02d781babd935ee80555d3972e,1,credit_card,3,204.53
40ccb6520c6922d1712766b66922e72d,1,boleto,1,21.04
e9dc230425f2e6480a1ff929cd2582d5,1,credit_card,1,14.36
3339caccb4f94a45abaf8ed1990cfc36,1,boleto,1,16.78
573131fe2b7df5e3ce4d88bf7702f6d0,2,voucher,1,79.92
d459a5cd21218ae140bbdf31aea15fa0,1,voucher,1,219.77
59229a140708a54d8e3a52865dd924eb,2,voucher,1,12.71
2e1205ef23c9d6445449283ddfe660ad,1,credit_card,3,169.05
f2c9428d2c7720cb4e9f2a9634673ce6,1,credit_card,2,155.88
5137f8c3662122707504625d55882d56,1,credit_card,1,42.09
276d7fb126a7eebc4a3e660c4775e081,1,credit_card,1,148.70
ed18204b2bef82c1eeb3f13852c9dbdf,1,credit_card,2,146.09
7e41633529000f80967da24083bb6c1c,2,voucher,1,81.04
ce8002e30a866ae23c03293b8d2d14e6,1,credit_card,4,124.31
60566939937556f587e9c32e761f794b,1,credit_card,8,348.07
fc24613395700f29adf22b2383c12bb0,1,credit_card,7,71.14
4c30ca1b003a7fb3999df965167d492d,1,credit_card,6,108.95
3c81b1eb31a46822410a4fb9b43f0678,1,credit_card,6,158.29
441e40901e547f63c81abdd91e7a2d8c,1,boleto,1,72.43
66f1a7baf73c12eb3af95058da54b6f8,1,credit_card,4,49.01
f77c5146e7248e3ce7934c1a2396ee70,1,boleto,1,59.01
40753325f836f577dd8bab3f0e5807e6,1,credit_card,10,158.98
9980064d9817bacc9e261e7f5fcf3fe5,1,credit_card,7,145.56
35b2be75ac71d838d1743e201de6bcaa,1,credit_card,1,57.54
c8e51524cf9ae78ec9f421b1054378ff,1,credit_card,3,58.59
908c80ba9160e9d87007015b15aada39,1,credit_card,1,85.19
e3f6de94179bede8675ff97d0f3f3245,1,boleto,1,97.77
2261ff9e6868359245db75320f7e768c,1,boleto,1,22.77
1f06e0b20a4b5a839950bf1f9f779957,1,credit_card,2,92.28
0927272c1caea73a32570e9de18c2bb7,1,credit_card,2,73.74
7e3fe9574a9ef4caef1b086d2abfd412,1,credit_card,2,33.85
79aee5d2f7328b2d701eb4e87f54ce47,1,credit_card,5,188.99
f400b5ccbb7d891e27f429355562d529,1,credit_card,2,54.10
997972977f4f622407b3d9125eeffd46,1,credit_card,2,64.00
3f2d65e9302a444056b6b65922647a10,1,credit_card,3,101.26
341db9fcd72b3de80c6d9ee4309abacd,1,credit_card,5,216.15
037f4f91c8f5cd2a6ddd52a63d97fdcc,1,debit_card,1,99.64
191fb3bcee4d4df8099e3f29d9ff8197,1,boleto,1,33.78
591bbdc0cd7aae35890765d570a3f0b1,1,credit_card,5,55.84
d21d7411b251f35ead1b210dc946ca70,3,voucher,1,18.38
579f768480c282c494d203cc27acc9ba,1,credit_card,4,167.59
1777a8edd4a86d8162c65687bce598b4,1,credit_card,8,119.48
c01a70853733229479ca41a44c99b5fe,1,credit_card,8,195.17
d075def20463f58225a279f6e36d8669,1,credit_card,1,79.20
05457977f35122e71095989d738e4a37,1,boleto,1,243.07
701ed63cdee1bf7a8aeb7f690acb04a2,1,credit_card,10,134.88
c862d307944b0dd344a6e4310a345564,1,credit_card,4,116.94
3df55fc07ff463109ce0422439693aee,2,voucher,1,18.09
89132053ebde68cc07de4c71adedb658,1,credit_card,10,179.00
a71c265fe6df02962e2af3df997db3f7,1,credit_card,2,27.09
1354bddf21d7082f73e70872571f55ed,1,credit_card,3,39.82
f52ec1996d054ab03ddef4968ff41fa5,1,credit_card,10,107.39
288b02fbf09f1c9f2ad1e4ef18124c1e,1,boleto,1,97.43
6413bab2628f99100c492390a5a54231,1,credit_card,5,146.68
78f48d9a0bb09969516a9fb25e05311e,1,credit_card,1,93.70
5f0f8a9ceb96ceb90d49907d4c14ac7e,1,credit_card,2,135.92
79b690847d556fdcccfe7dfdd9d77dd4,1,credit_card,4,147.13
5c4e4e1d3abaee058758731094e9a7cc,1,credit_card,4,230.61
71fb5cbef1b7743f40cfc5ba116ee448,1,boleto,1,123.46
3f6efc4ada967d7b5ad1b6c30ca43b96,1,boleto,1,313.20
3c8d31d8f2771d0a5bc2c936d5a1440b,1,credit_card,1,100.46
338fbd3c36de682efeb03bf89d62ae95,1,debit_card,1,102.23
8ee530ebcd1df2efa8f0f5b08ef3beb7,1,boleto,1,395.32
d3f9898585d009b6f743c6c53739232d,1,credit_card,8,698.50
b69b78a1865e7b379d633794c80ef7d2,1,boleto,1,103.13
7d892708f2153d1763c61337cf6ba495,1,boleto,1,120.03
64a58e424494f1f8ed5895885b9dfe16,1,credit_card,1,62.23
0ef7129ab98149bcbd4aadde9ba093d9,1,boleto,1,32.79
0e05c0027e31a0a9cf1074ec1b95c8da,1,credit_card,2,57.88
4a110536f892fd4dd11c3c74dada0d1a,1,credit_card,5,258.87
e2b7031b8151dd5de69d77a161b19c44,1,credit_card,2,162.55
367085f34fdfc417d0087dfeab08ad73,1,credit_card,2,138.03
6a756c298a96106ab0907b1b1df28e31,1,credit_card,2,127.98
0093cbf16a6afb7f0ab7cc821b6f9e92,1,credit_card,2,142.96
ff21d2af725ac280e439dc584456e19f,1,credit_card,2,71.14
190c71c36bb25e9a85f3a53291e475a3,1,credit_card,5,109.50
bf8335c7f470714a6a72b83d1fd1796c,1,boleto,1,473.28
bd385d0011b10c0d7aefa73aae6ef935,1,credit_card,2,29.75
583ad689dbd7bd2d996f11aa82865ae5,1,boleto,1,896.37
5a2ea3fb1f6f20d1e8c5f2222cb383ae,1,credit_card,4,77.49
c4a40587b7d37bec13caab195e89b240,1,credit_card,1,91.23
1aaeb5badaa812e15594d2c5d04e474a,2,voucher,1,53.37
f45d4bc023494c0c4d9c67630a9d52fc,1,credit_card,3,39.85
c5fd5386640ddd76adc482b72d24a02b,4,voucher,1,5.79
f640183c8895bffdd9fbe37601bcdfdc,1,boleto,1,82.63
db2591092d4d4eefdacc5957508a3af3,1,credit_card,1,50.19
cef5090298d950b6fb6f220e7e1fc9d5,1,credit_card,1,138.28
d8c15550aee132ffe4ed54c7da238e35,1,credit_card,4,86.02
073049331da5458f61598e5d221f4928,1,credit_card,10,108.59
4b7f3bc13a8180b1cb4de82745278846,1,credit_card,3,225.71
968881fd0bc1fa8d068c381b3484223d,1,credit_card,1,47.75
5b26d9049a86fab0a83280e17de710ee,1,credit_card,1,17.59
912013de8efa1e912b59b103a537071f,1,credit_card,2,117.73
c0b30438008f3085a4b78b9cd36ade63,1,credit_card,1,23.78
c05002c71f007c6a4056ca538113e991,1,credit_card,1,5.08
8a5fc33c79bf3f4d9bbcc3dceb6b67c4,1,credit_card,5,269.73
9980a5ade25fc8add3023440935ef36d,1,credit_card,6,609.24
7f9b0e95f333a0afb5cce5b78afa17c5,1,voucher,1,5.89
7401e9523d2377080c54f7ac11967b95,1,credit_card,1,154.36
9dbaf3879dfddfc43171aaf9a9c0a82a,1,boleto,1,61.73
368df49737936bddc9d47a700a1920b9,1,credit_card,4,93.19
c5e06e750cf18e0c0a71e1d5ae97f749,1,credit_card,1,187.08
881b1412b8cff1e5c88e905fdedd7605,1,credit_card,1,91.89
301c441176beabdc9ef015807d9290aa,1,credit_card,5,109.42
8f3f26027859349e29776a53fcf17963,1,credit_card,1,29.95
37d089b7d517ada3881ba31935310e4f,1,credit_card,3,114.25
573131fe2b7df5e3ce4d88bf7702f6d0,1,credit_card,1,15.53
b31eac1961980ead26d0df38911ac5e6,1,credit_card,1,71.15
989c8bed4ad2e187516317b3e12f44c0,1,credit_card,3,169.62
