geolocation_zip_code_prefix,geolocation_lat,geolocation_lng,geolocation_city,geolocation_state
88650,-27.984127336018226,-49.58173860372601,urubici,SC
88650,-27.98930988810526,-49.587494758888944,urubici,SC
88650,-27.99020255413033,-49.58422230854364,urubici,SC
88780,-28.10913995717811,-48.68132802156992,imbituba,SC
88780,-28.112327999999998,-48.682968749999986,imbituba,SC
88780,-28.122736701025943,-48.651876410489606,imbituba,SC
89036,-26.91244110574757,-49.100738243551255,blumenau,SC
89036,-26.912473887207426,-49.104104329892444,blumenau,SC
89036,-26.912907619590648,-49.08935934415338,blumenau,SC
89210,-26.321707529286133,-48.839204691932544,joinville,SC
89210,-26.324007841796995,-48.83912807729816,joinville,SC
89210,-26.32450242097765,-48.839480311481616,joinville,SC
89254,-26.448030230365273,-49.1171933727279,jaragua do sul,SC
89254,-26.449965481822364,-49.118930891049764,jaragua do sul,SC
89254,-26.45107660202549,-49.12810444490383,jaragua do sul,SC
89253,-26.478559601454435,-49.0919383915301,jaragua do sul,SC
89253,-26.4814793119626,-49.09158109533156,jaragua do sul,SC
89253,-26.484517398797585,-49.114404245374644,jaragua do sul,SC
89560,-26.979588221276426,-51.17862691243429,videira,SC
89560,-26.983857362417172,-51.16366400910604,videira,SC
89560,-26.983899818388483,-51.18054140093918,videira,SC
89760,-27.182249999999996,-52.23279149999999,ita,SC
89760,-27.184166373659195,-52.226397613861245,ita,SC
89760,-27.244982999999948,-52.316800999999955,ita,SC
89701,-27.209682373823966,-52.01847799645827,concordia,SC
89701,-27.211807695727405,-52.0209908478637,concordia,SC
89701,-27.213428663166034,-52.03293851110951,concordia,SC
90035,-30.021020045530523,-51.21397583556458,porto alegre,RS
90035,-30.021059881758944,-51.21380765000869,porto alegre,RS
90035,-30.023276725814043,-51.21853522277608,porto alegre,RS
90020,-29.988982456287147,-51.13323509645674,porto alegre,RS
90020,-30.02699075207483,-51.22459921591768,porto alegre,RS
90020,-30.02704843297362,-51.225623171533194,porto alegre,RS
90450,-30.02197490941802,-51.190563802693696,porto alegre,RS
90450,-30.02219279156327,-51.18580206370817,porto alegre,RS
90450,-30.022543990564937,-51.18754437053485,porto alegre,RS
90460,-30.03391756036128,-51.17884794491883,porto alegre,RS
90460,-30.034314534826052,-51.17910894491885,porto alegre,RS
90460,-30.03487243963872,-51.17939758061638,porto alegre,RS
90440,-30.015640068555587,-51.19452507481667,porto alegre,RS
90440,-30.01584395697963,-51.19443946182707,porto alegre,RS
90440,-30.01584395697963,-51.19443946182707,porto alegre,RS
91920,-29.991935999999946,-51.11209249999996,porto alegre,RS
91920,-30.104977684142252,-51.23128281502103,porto alegre,RS
91920,-30.104977684142252,-51.23128281502103,porto alegre,RS
92020,-29.901609795405484,-51.16956459081098,canoas,RS
92020,-29.901609795405484,-51.16956459081098,canoas,RS
92020,-29.902601849298815,-51.17327339589721,canoas,RS
93224,-29.82400047179089,-51.13588074187182,sapucaia do sul,RS
93224,-29.82591147633204,-51.13176518634171,sapucaia do sul,RS
93224,-29.82591147633204,-51.13176518634171,sapucaia do sul,RS
98910,-27.713180999999945,-54.26528299999997,tres de maio,RS
98910,-27.754529259305038,-54.24277764056263,tres de maio,RS
98910,-27.762437769826104,-54.24047420095632,tres de maio,RS
99010,-28.23824120896581,-52.37134214772307,passo fundo,RS
99010,-28.238476267011425,-52.37148945082956,passo fundo,RS
99010,-28.23881247205094,-52.372547232266584,passo fundo,RS
99200,-28.829675999999946,-51.93217699999997,guapore,RS
99200,-28.83482875975841,-51.8956690905559,guapore,RS
99200,-28.837468613151852,-51.89429196504579,guapore,RS
99950,-28.057578835460937,-51.995940206538364,tapejara,RS
99950,-28.05793815981476,-51.996411765457225,tapejara,RS
99950,-28.05861768404697,-51.999520044020485,tapejara,RS
01036,-23.53975390802412,-46.64480666210705,sao paulo,SP
01036,-23.540176426812717,-46.64415913591924,sao paulo,SP
01036,-23.540176426812717,-46.64415913591924,sao paulo,SP
01317,-23.554133985636884,-46.638626176820445,sao paulo,SP
01317,-23.554133985636884,-46.638626176820445,sao paulo,SP
01317,-23.554133985636884,-46.638626176820445,são paulo,SP
01552,-23.561223537884473,-46.63156022690283,sao paulo,SP
01552,-23.56555295697963,-46.61139073645346,sao paulo,SP
01552,-23.56555295697963,-46.61139073645346,sao paulo,SP
02021,-23.496580818584338,-46.636546259367634,sao paulo,SP
02021,-23.496580818584338,-46.636546259367634,sao paulo,SP
02021,-23.496580818584338,-46.636546259367634,sao paulo,SP
02435,-23.475893363869773,-46.63299614709449,sao paulo,SP
02435,-23.476009756592983,-46.63326728351319,sao paulo,SP
02435,-23.47611191712795,-46.63325713749626,sao paulo,SP
02837,-23.460670616887704,-46.70142636993454,são paulo,SP
02837,-23.460686612396632,-46.700161058651666,sao paulo,SP
02837,-23.461048540106177,-46.70206484984706,sao paulo,SP
02813,-23.448717000000002,-46.7115109417162,sao paulo,SP
02813,-23.44883932608332,-46.71090705177771,sao paulo,SP
02813,-23.44899817929482,-46.71140279003405,sao paulo,SP
02845,-23.46244883152522,-46.69459744823706,sao paulo,SP
02845,-23.462890637803664,-46.69332192062438,sao paulo,SP
02845,-23.463365762421358,-46.69346006924809,sao paulo,SP
02936,-23.482187999999994,-46.7173225582838,são paulo,SP
02936,-23.483657693029055,-46.71694541243006,são paulo,SP
02936,-23.483757769073993,-46.71696906688319,sao paulo,SP
03063,-23.530453669715538,-46.55620020996593,sao paulo,SP
03063,-23.530453669715538,-46.55620020996593,sao paulo,SP
03063,-23.530453669715538,-46.55620020996593,sao paulo,SP
03006,-23.540241447400344,-46.62486527655961,sao paulo,SP
03006,-23.540241447400344,-46.62486527655961,sao paulo,SP
03006,-23.540831632812,-46.625853572854766,são paulo,SP
03035,-23.523172303075793,-46.614534437561254,sao paulo,SP
03035,-23.523172303075793,-46.614534437561254,sao paulo,SP
03035,-23.523562948381286,-46.61477080668247,são paulo,SP
03017,-23.532447184574945,-46.61401961463438,sao paulo,SP
03017,-23.532447184574945,-46.61401961463438,são paulo,SP
03017,-23.53259080821169,-46.61377231986845,são paulo,SP
03187,-23.55833851901435,-46.57922704065443,sao paulo,SP
03187,-23.55833851901435,-46.57922704065443,são paulo,SP
03187,-23.55833851901435,-46.57922704065443,sao paulo,SP
03195,-23.568510571373416,-46.583943773458614,sao paulo,SP
03195,-23.568510571373416,-46.583943773458614,sao paulo,SP
03195,-23.568570565641405,-46.5830325,sao paulo,SP
03273,-23.57439678212821,-46.56277825659299,são paulo,SP
03273,-23.575202329447748,-46.559582460038044,sao paulo,SP
03273,-23.575341635581964,-46.55953242630853,são paulo,SP
03694,-23.52590828864725,-46.474847333166245,sao paulo,SP
03694,-23.52590828864725,-46.474847333166245,sao paulo,SP
03694,-23.52590828864725,-46.474847333166245,sao paulo,SP
03821,-23.487265487650742,-46.50178866694557,sao paulo,SP
03821,-23.487265487650742,-46.50178866694557,sao paulo,SP
03821,-23.487265487650742,-46.50178866694557,são paulo,SP
04102,-23.5784451895666,-46.640425489179954,sao paulo,SP
04102,-23.57890176908647,-46.640154530122864,sao paulo,SP
04102,-23.579897981966592,-46.639529160713145,sao paulo,SP
04252,-23.608389384124877,-46.5990930992267,são paulo,SP
04252,-23.608451409660102,-46.59908215029715,sao paulo,SP
04252,-23.60989149347912,-46.598862624761935,são paulo,SP
04211,-23.585145150152925,-46.60860114931621,são paulo,SP
04211,-23.585986875382304,-46.608572299613336,são paulo,SP
04211,-23.587610605603338,-46.598702453372965,sao paulo,SP
04216,-23.58668117759777,-46.59920007865595,sao paulo,SP
04216,-23.588259317790985,-46.5990701493162,sao paulo,SP
04216,-23.588642999999948,-46.59907399999997,sao paulo,SP
04438,-23.671077370246408,-46.670121785186616,sao paulo,SP
04438,-23.671077370246408,-46.670121785186616,sao paulo,SP
04438,-23.67110347960066,-46.67012275965139,sao paulo,SP
04571,-23.598554039961936,-46.69082199665313,sao paulo,SP
04571,-23.598554039961936,-46.69082199665313,sao paulo,SP
04571,-23.598554039961936,-46.69082199665313,sao paulo,SP
04545,-23.59294902473867,-46.673291949350904,sao paulo,SP
04545,-23.59294902473867,-46.673291949350904,sao paulo,SP
04545,-23.5930291517977,-46.67349899070918,sao paulo,SP
04672,-23.659173314184297,-46.69883448903573,sao paulo,SP
04672,-23.660294594783306,-46.698230373160584,sao paulo,SP
04672,-23.660294594783306,-46.698230373160584,sao paulo,SP
04727,-23.63919685029652,-46.71939702367194,sao paulo,SP
04727,-23.63919685029652,-46.71939702367194,sao paulo,SP
04727,-23.63919685029652,-46.71939702367194,sao paulo,SP
05269,-23.430774698309172,-46.78940615667378,são paulo,SP
05269,-23.431754682209018,-46.78819471357261,sao paulo,SP
05269,-23.4320238753823,-46.79097630030583,sao paulo,SP
05334,-23.54587240827512,-46.74615502706444,sao paulo,SP
05334,-23.54616158228982,-46.74535414793121,são paulo,SP
05334,-23.546393842633712,-46.746368282128195,sao paulo,SP
05417,-23.554380530671118,-46.69637976242137,sao paulo,SP
05417,-23.554532556206333,-46.69584876242138,são paulo,SP
05417,-23.554945425471804,-46.69425421204341,são paulo,SP
05424,-23.567167707744233,-46.69594823397196,sao paulo,SP
05424,-23.567167707744233,-46.69594823397196,sao paulo,SP
05424,-23.567167707744233,-46.69594823397196,sao paulo,SP
05551,-23.586366384124872,-46.76182811878931,sao paulo,SP
05551,-23.586447384124867,-46.7619676187893,sao paulo,SP
05551,-23.586697131282797,-46.76250126963473,sao paulo,SP
05537,-23.583749092212692,-46.73472062372479,sao paulo,SP
05537,-23.583749092212692,-46.73472062372479,sao paulo,SP
05537,-23.583749092212692,-46.73472062372479,sao paulo,SP
38400,-18.885780911227492,-48.26573244514011,uberlandia,MG
38400,-18.885780911227492,-48.26573244514011,uberlândia,MG
38400,-18.885780911227492,-48.26573244514011,uberlândia,MG
38600,-17.117507999999948,-46.87264699999997,paracatu,MG
38600,-17.20467686630678,-46.872503797180364,paracatu,MG
38600,-17.20468058699456,-46.871530913757105,paracatu,MG
40296,-12.988459193422303,-38.47865710926516,salvador,BA
40296,-12.98846389073484,-38.4787721934223,salvador,BA
40296,-12.98915578496331,-38.478782694152216,salvador,BA
42711,-12.864956352484132,-38.32024605756362,lauro de freitas,BA
42711,-12.867804672619785,-38.319830258928604,lauro de freitas,BA
42711,-12.867804672619785,-38.319830258928604,lauro de freitas,BA
45602,-14.777114399774938,-39.284509214801574,itabuna,BA
45602,-14.777684227841437,-39.291518513464936,itabuna,BA
45602,-14.777684227841437,-39.291518513464936,itabuna,BA
50860,-8.086384517974238,-34.931399322904326,recife,PE
50860,-8.086384517974238,-34.931399322904326,recife,PE
50860,-8.089702866963549,-34.9295932556466,recife,PE
51350,-8.10112508456776,-34.92800356884931,recife,PE
51350,-8.10119068596279,-34.92799396864516,recife,PE
51350,-8.101470513435338,-34.92352554536503,recife,PE
53403,-7.955226283368959,-34.87077803067111,paulista,PE
53403,-7.955344205378311,-34.875663715794325,paulista,PE
53403,-7.955714871487153,-34.875325519014346,paulista,PE
54768,-7.988777723364555,-34.978736300314104,camaragibe,PE
54768,-8.006302959749592,-34.99121858228981,camaragibe,PE
54768,-8.007255953372946,-34.98834769692418,camaragibe,PE
54762,-8.020694137111171,-34.981149037480435,camaragibe,PE
54762,-8.021237349510724,-34.98224249548539,camaragibe,PE
54762,-8.021436674158938,-34.98212406174627,camaragibe,PE
55299,-8.875414999999947,-36.470519999999965,garanhuns,PE
55299,-8.876075711062455,-36.4680169314444,garanhuns,PE
55299,-8.877918530671119,-36.46743294809282,garanhuns,PE
55495,-8.448720459435641,-35.951890679778046,agrestina,PE
55495,-8.449718922140498,-35.94872978349121,agrestina,PE
55495,-8.452332281831508,-35.94482561028697,agrestina,PE
55790,-7.8973330473659145,-36.04858208860946,taquaritinga do norte,PE
55790,-7.900618499999993,-36.048156750000004,taquaritinga do norte,PE
55790,-7.900666175857991,-36.04563623442026,taquaritinga do norte,PE
55700,-7.831613999999945,-35.464062499999955,limoeiro,PE
55700,-7.8627129720647,-35.441832029645404,limoeiro,PE
55700,-7.864000578209157,-35.44174899474021,limoeiro,PE
56308,-9.380708870336695,-40.48556390332985,petrolina,PE
56308,-9.380708870336695,-40.48556390332985,petrolina,PE
56308,-9.389814291671177,-40.52536693680457,petrolina,PE
57303,-9.773677554743587,-36.64858519033526,arapiraca,AL
57303,-9.773677554743587,-36.64858519033526,arapiraca,AL
57303,-9.778262313415787,-36.64200939797018,arapiraca,AL
58053,-7.149420980298715,-34.85071173978882,joao pessoa,PB
58053,-7.149420980298715,-34.85071173978882,joao pessoa,PB
58053,-7.1494745861849625,-34.85069365139366,joão pessoa,PB
58063,-7.193404031495345,-34.85265127687982,joão pessoa,PB
58063,-7.193743239800327,-34.852699178602336,joao pessoa,PB
58063,-7.1941193471981055,-34.84978878546315,joao pessoa,PB
58400,-7.208209215650095,-35.90070750458762,campina grande,PB
58400,-7.20899926672053,-35.90182659562002,campina grande,PB
58400,-7.210293265335548,-35.90170791978764,campina grande,PB
58434,-7.228271419931876,-35.931975846932886,santa cecilia de umbuzeiro,PB
58434,-7.236537621136539,-35.92232439280995,campina grande,PB
58434,-7.237997857736182,-35.92526758333891,campina grande,PB
58995,-7.705123576558218,-38.15617420132262,manaíra,PB
58995,-7.705509994429813,-38.15469110761647,manaira,PB
58995,-7.7055283209948,-38.15639524860912,manaira,PB
59025,-5.781850899532547,-35.20561010768081,natal,RN
59025,-5.782442217323523,-35.20842108756994,natal,RN
59025,-5.782587862340554,-35.20442755078198,natal,RN
59091,-5.8786615526158625,-35.1990007644316,natal,RN
59091,-5.8786615526158625,-35.1990007644316,natal,RN
59091,-5.878753616945377,-35.19836368213405,natal,RN
62940,-4.576755964621752,-38.36516577193785,morada nova,CE
62940,-4.579016556452842,-38.35998576001665,morada nova,CE
62940,-5.030777999999945,-38.486280499999964,morada nova,CE
66017,-1.4062766333602659,-48.397615513994026,belem,PA
66017,-1.4062766333602659,-48.397615513994026,belem,PA
66017,-1.4062766333602659,-48.397615513994026,belem,PA
66813,-1.288813548964312,-48.465116516879576,belem,PA
66813,-1.289409560072823,-48.46484647359941,belem,PA
66813,-1.2901326586356834,-48.46456543536819,belem,PA
68627,-2.9750576550411694,-47.34976644237389,paragominas,PA
68627,-2.9846953356590635,-47.45475453846877,paragominas,PA
68627,-2.9846953356590635,-47.45475453846877,paragominas,PA
19010,-22.115843798955865,-51.40159437645955,presidente prudente,SP
19010,-22.115843798955865,-51.40159437645955,presidente prudente,SP
19010,-22.11610857361678,-51.38490352504951,presidente prudente,SP
19300,-21.996356569277534,-51.56500502235616,presidente bernardes,SP
19300,-21.99705305068801,-51.564682050034264,presidente bernardes,SP
19300,-21.99705305068801,-51.564682050034264,presidente bernardes,SP
19940,-22.808144999999946,-50.069802499999966,ibirarema,SP
19940,-22.80924825711131,-50.06858097920975,ibirarema,SP
19940,-22.809569942005936,-50.0717887927194,ibirarema,SP
20240,-22.914753171244744,-43.18950615681802,rio de janeiro,RJ
20240,-22.914753171244744,-43.18950615681802,rio de janeiro,RJ
20240,-22.914753171244744,-43.18950615681802,rio de janeiro,RJ
21031,-22.83943050568415,-43.25575961408611,rio de janeiro,RJ
21031,-22.839680556754598,-43.25585809576424,rio de janeiro,RJ
21031,-22.840215454613702,-43.254931074124165,rio de janeiro,RJ
21330,-22.876952877055736,-43.370426472387315,rio de janeiro,RJ
21330,-22.877012839027035,-43.37289138438466,rio de janeiro,RJ
21330,-22.877094153759604,-43.372980586184966,rio de janeiro,RJ
21371,-22.84314374355124,-43.332645520947594,rio de janeiro,RJ
21371,-22.843536726614367,-43.3344958215419,rio de janeiro,RJ
21371,-22.84359268526744,-43.332937502625725,rio de janeiro,RJ
21610,-22.859646065785622,-43.37444430697094,rio de janeiro,RJ
21610,-22.86039352541965,-43.37282408632919,rio de janeiro,RJ
21610,-22.86039352541965,-43.37282408632919,rio de janeiro,RJ
21630,-22.82132832983448,-43.41415915173188,rio de janeiro,RJ
21630,-22.821427927289474,-43.41116306509313,rio de janeiro,RJ
21630,-22.821663041434046,-43.41249353115268,rio de janeiro,RJ
23587,-22.876492434163413,-43.63194577988853,rio de janeiro,RJ
23587,-22.876492434163413,-43.63194577988853,rio de janeiro,RJ
23587,-22.87664249756742,-43.63309010372817,rio de janeiro,RJ
24120,-22.874540279618667,-43.09292680546332,niteroi,RJ
24120,-22.874540279618667,-43.09292680546332,niteroi,RJ
24120,-22.874540279618667,-43.09292680546332,niteroi,RJ
24130,-22.86456127171219,-43.08779432237862,niteroi,RJ
24130,-22.870455103433553,-43.0816846022914,niteroi,RJ
24130,-22.871355251345403,-43.07351982217903,niteroi,RJ
24440,-22.814563217580247,-43.05438389901901,sao goncalo,RJ
24440,-22.814848471721785,-43.054128052579934,sao goncalo,RJ
24440,-22.814848471721785,-43.054128052579934,sao goncalo,RJ
25070,-22.631471063507146,-43.24247563689694,duque de caxias,RJ
25070,-22.642399291894925,-43.24360450109402,duque de caxias,RJ
25070,-22.670341471280313,-43.265005284315386,duque de caxias,RJ
25255,-22.61256750897944,-43.282495330572395,duque de caxias,RJ
25255,-22.612780216788305,-43.282676615636774,duque de caxias,RJ
25255,-22.613401772197896,-43.28330069856962,duque de caxias,RJ
25571,-22.76049574113251,-43.34404561482011,sao joao de meriti,RJ
25571,-22.760743843728182,-43.3454355707614,sao joao de meriti,RJ
25571,-22.76093155117871,-43.34643229732371,sao joao de meriti,RJ
25651,-22.503010338887442,-43.149313140695845,petrópolis,RJ
25651,-22.517807352302636,-43.21116372119565,petropolis,RJ
25651,-22.519955966200737,-43.21091883685448,petropolis,RJ
26167,-22.700449990362813,-43.32898309106947,belford roxo,RJ
26167,-22.729987882145757,-43.37493025712843,belford roxo,RJ
26167,-22.729987882145757,-43.37493025712843,belford roxo,RJ
26281,-22.671573597923018,-43.45566128235486,nova iguacu,RJ
26281,-22.69967526944415,-43.47415904257873,nova iguacu,RJ
26281,-22.69967526944415,-43.47415904257873,nova iguacu,RJ
28605,-22.25715807062845,-42.45922884840652,nova friburgo,RJ
28605,-22.257785600037877,-42.45921454422316,nova friburgo,RJ
28605,-22.259158239408183,-42.522647980929996,nova friburgo,RJ
28860,-22.457972999999946,-42.13985299999996,casimiro de abreu,RJ
28860,-22.457972999999946,-42.13985299999996,casimiro de abreu,RJ
28860,-22.47133862772709,-42.08704778977403,casimiro de abreu,RJ
71680,-15.79205364240884,-47.8481517047861,brasília,DF
71680,-15.800289381614718,-47.81056644087946,brasília,DF
71680,-15.800822051286822,-47.808649210698036,brasilia,DF
72315,-15.819446093282755,-47.83730772857625,brasilia,DF
72315,-15.891598619682494,-48.10462545747434,brasilia,DF
72315,-15.891598619682494,-48.10462545747434,brasilia,DF
73950,-14.478394909678313,-46.495843507563436,alvorada do norte,GO
73950,-14.478807547200107,-46.51550481119957,alvorada do norte,GO
73950,-14.479715369788536,-46.513054517555666,alvorada do norte,GO
74075,-16.666303196304696,-49.26639808507988,goiânia,GO
74075,-16.666722,-49.26669975,goiania,GO
74075,-16.666722,-49.26669975,goiania,GO
74820,-16.68529488996877,-49.24619416316889,goiania,GO
74820,-16.700124882313915,-49.247059297490964,goiania,GO
74820,-16.700124882313915,-49.247059297490964,goiania,GO
75130,-16.361501863599997,-48.96460763343485,anapolis,GO
75130,-16.36315942528797,-48.963227387087386,anapolis,GO
75130,-16.36650806800801,-48.96600530216432,anapolis,GO
76200,-16.408071255016104,-51.10767901596681,iporá,GO
76200,-16.410014841419517,-51.10865324458077,ipora,GO
76200,-16.413040568647247,-51.112335953254984,ipora,GO
76380,-15.297782320168473,-49.121309255054506,goianesia,GO
76380,-15.298767455277128,-49.121678044779934,goianésia,GO
76380,-15.301049794158828,-49.120457422907236,goianesia,GO
76410,-14.295280936924623,-49.149898622103166,campinorte,GO
76410,-14.30253005993177,-49.15503000000001,campinorte,GO
76410,-14.30253005993177,-49.15503000000001,campinorte,GO
78520,-9.802595999999944,-54.624072499999954,guaranta do norte,MT
78520,-9.802595999999944,-54.624072499999954,guaranta do norte,MT
78520,-9.802595999999944,-54.624072499999954,guaranta do norte,MT
84200,-24.204020831903765,-49.648853453083845,jaguariaiva,PR
84200,-24.23759117023782,-49.69801275143346,jaguariaiva,PR
84200,-24.23759117023782,-49.69801275143346,jaguariaíva,PR
84635,-26.038163719441243,-50.835550514827126,paulo frontin,PR
84635,-26.03919858823145,-50.834623370942005,paulo frontin,PR
84635,-26.03919858823145,-50.834623370942005,paulo frontin,PR
85410,-24.500981999999944,-53.29346299999996,nova aurora,PR
85410,-24.518858512565192,-53.26789302916388,nova aurora,PR
85410,-24.519196089842264,-53.26832481405316,nova aurora,PR
85603,-26.003670174999968,-53.23275043899997,francisco beltrao,PR
85603,-26.003670174999968,-53.23275043899997,francisco beltrao,PR
85603,-26.003670174999968,-53.23275043899997,francisco beltrao,PR
85830,-24.289425967065586,-53.31267981145309,formosa do oeste,PR
85830,-24.290409299609625,-53.31161560505855,formosa do oeste,PR
85830,-24.290452833891294,-53.31241842395309,formosa do oeste,PR
87047,-23.40153,-51.877035,maringa,PR
87047,-23.403634746065027,-51.87364149334464,maringa,PR
87047,-23.404046997497986,-51.87577767857297,maringá,PR
87030,-23.40534176672944,-51.929580851170286,maringa,PR
87030,-23.40534176672944,-51.929580851170286,maringa,PR
87030,-23.405527599109792,-51.92727648281376,maringa,PR
87220,-23.53344261811305,-52.589741915395756,sao tome,PR
87220,-23.53354536414882,-52.58540917805095,sao tome,PR
87220,-23.534023301993823,-52.59245219370414,sao tome,PR
88085,-27.596851430042484,-48.57555872889177,florianopolis,SC
88085,-27.596851430042484,-48.57555872889177,florianopolis,SC
88085,-27.596851430042484,-48.57555872889177,florianopolis,SC
88200,-27.21201355913876,-48.60915437774152,tijucas,SC
88200,-27.21883903640147,-48.62347304357157,tijucas,SC
88200,-27.219227057614262,-48.63836151422928,tijucas,SC
29193,-19.815388218484667,-40.280392685912,aracruz,ES
29193,-19.82622528194552,-40.27864628910475,aracruz,ES
29193,-19.82626465152095,-40.278808020140495,aracruz,ES
29182,-20.037637201662243,-40.20037264862814,serra,ES
29182,-20.03920263748861,-40.1970734143488,serra,ES
29182,-20.04044747432149,-40.19420690782915,serra,ES
29500,-20.590830000000004,-41.555882059740355,alegre,ES
29500,-20.590830000000004,-41.555882059740355,alegre,ES
29500,-20.755611411235016,-41.53709823870783,alegre,ES
29690,-19.667071691203965,-40.83600078785233,itaguacu,ES
29690,-19.693926529042912,-40.83560150990099,itaguacu,ES
29690,-19.704078679543418,-40.784702264339515,itaguacu,ES
29960,-18.418784633386334,-39.709438186378115,conceicao da barra,ES
29960,-18.42167073628939,-39.7111409130145,conceicao da barra,ES
29960,-18.481196999999945,-39.82572349999995,conceicao da barra,ES
31570,-19.803810969359198,-43.98476632277277,belo horizonte,MG
31570,-19.803997423827024,-43.97635386663973,belo horizonte,MG
31570,-19.803997423827024,-43.97635386663973,belo horizonte,MG
31741,-19.817387319175957,-43.955566098938235,belo horizonte,MG
31741,-19.837551655622025,-43.94050827141177,belo horizonte,MG
31741,-19.837743150701176,-43.940344469184645,belo horizonte,MG
32141,-19.831021182740706,-44.0200068049554,contagem,MG
32141,-19.833004814464577,-44.01809118817871,contagem,MG
32141,-19.846467938325826,-44.04225023934035,contagem,MG
33120,-19.753169944493642,-43.83625469369616,santa luzia,MG
33120,-19.753468835006007,-43.83698207600583,santa luzia,MG
33120,-19.75395765979985,-43.83867797775653,santa luzia,MG
33925,-19.772648696293263,-43.99717416866995,ribeirao das neves,MG
33925,-19.774546274935553,-44.106490614438954,ribeirao das neves,MG
33925,-19.774649860118863,-43.98455144171618,ribeirao das neves,MG
34710,-19.875619737823932,-43.905101781709845,sabara,MG
34710,-19.87612465886387,-43.9037286341136,sabara,MG
34710,-19.876230557323794,-43.903855330163886,sabara,MG
36025,-21.768932883468416,-43.348946177709976,juiz de fora,MG
36025,-21.768937973628052,-43.349155831669435,juiz de fora,MG
36025,-21.76908885706043,-43.34999780322002,juiz de fora,MG
36680,-21.520324424395586,-43.01956268258483,sao joao nepomuceno,MG
36680,-21.520390197875038,-43.01905936055772,sao joao nepomuceno,MG
36680,-21.520479927503022,-43.018343988532095,sao joao nepomuceno,MG
36900,-20.04707475697823,-42.17837166391072,manhuacu,MG
36900,-20.048769999999934,-42.18108999999998,manhuacu,MG
36900,-20.048769999999934,-42.18108999999998,manhuacu,MG
37580,-22.417668,-46.5785865,monte siao,MG
37580,-22.418769039581516,-46.57790898680617,monte siao,MG
37580,-22.418846476159526,-46.57850572658434,monte siao,MG
12042,-23.028599551595214,-45.61399712846564,taubaté,SP
12042,-23.03416334412696,-45.616345046236276,taubate,SP
12042,-23.03416334412696,-45.616345046236276,taubate,SP
12960,-23.154953470420146,-46.3901097856156,nazare paulista,SP
12960,-23.15606851829078,-46.39121810943063,nazaré paulista,SP
12960,-23.15686852304036,-46.39203702803377,nazare paulista,SP
13040,-22.923162117911488,-47.064671062707696,campinas,SP
13040,-22.924865242022033,-47.06513844962203,campinas,SP
13040,-22.925851218708512,-47.06475482861101,campinas,SP
13063,-22.879399201223375,-47.117016057591314,campinas,SP
13063,-22.881985291707494,-47.1150558326504,campinas,SP
13063,-22.882034996393312,-47.11287802192853,campinas,SP
13232,-23.20432952477577,-46.75434574214036,campo limpo paulista,SP
13232,-23.204482502141893,-46.75405497858894,campo limpo paulista,SP
13232,-23.20458257660754,-46.75133454028063,campo limpo paulista,SP
13560,-22.00445009477602,-47.895317878458165,sao carlos,SP
13560,-22.004483114044145,-47.89406122812796,sao carlos,SP
13560,-22.00454049653754,-47.895232164723865,sao carlos,SP
13502,-22.39026289983882,-47.58458837057195,rio claro,SP
13502,-22.402409738512098,-47.560487743320984,rio claro,SP
13502,-22.40384575424726,-47.56664660089807,rio claro,SP
13503,-22.399759680826,-47.576620195104496,rio claro,SP
13503,-22.40033117014822,-47.577131450862794,rio claro,SP
13503,-22.40144428880461,-47.58695507251928,rio claro,SP
13603,-22.33961908881069,-47.4007652020601,araras,SP
13603,-22.34017830396419,-47.39825516179479,araras,SP
13603,-22.340409181516517,-47.401902099774965,araras,SP
13720,-20.768970801736305,-49.36664099299744,são josé do rio pardo,SP
13720,-20.77011623856632,-49.399255414152414,sao jose do rio pardo,SP
13720,-20.782187243308925,-49.352380801424616,sao jose do rio pardo,SP
13820,-22.617968421897334,-47.00715633065696,jaguariuna,SP
13820,-22.617968421897334,-47.00715633065696,jaguariuna,SP
13820,-22.617968421897334,-47.00715633065696,jaguariuna,SP
13830,-22.595055345594524,-46.94284259658489,santo antonio de posse,SP
13830,-22.595352273437133,-46.918530908854294,santo antonio de posse,SP
13830,-22.596677999999994,-46.91887425,santo antônio de posse,SP
14030,-21.135323954757926,-47.81429480835592,ribeirão preto,SP
14030,-21.177583878988987,-47.83876260837331,ribeirao preto,SP
14030,-21.17828625559461,-47.834467465164536,ribeirao preto,SP
14040,-21.1687252076,-47.86934156979633,ribeirão preto,SP
14040,-21.17127173666189,-47.867858425249686,ribeirao preto,SP
14040,-21.171965761873103,-47.86823156258297,ribeirão preto,SP
14640,-20.632391860712968,-48.279570102753006,morro agudo,SP
14640,-20.633842635216663,-48.27633205608242,morro agudo,SP
14640,-20.633842635216663,-48.27633205608242,morro agudo,SP
14680,-21.00446434741486,-47.848469115766065,jardinopolis,SP
14680,-21.014281252108276,-47.76570751594501,jardinópolis,SP
14680,-21.014573811961345,-47.75940747816524,jardinopolis,SP
14801,-21.775450411045075,-48.12828559838999,araraquara,SP
14801,-21.779632665560587,-48.17532532431184,araraquara,SP
14801,-21.77982052358389,-48.17728586705339,araraquara,SP
14860,-21.181047783155446,-48.1540970622482,barrinha,SP
14860,-21.181047783155446,-48.1540970622482,barrinha,SP
14860,-21.182002472736592,-48.15302621969337,barrinha,SP
14882,-21.23749329068079,-48.31895958921114,jaboticabal,SP
14882,-21.237735478411047,-48.31837489051624,jaboticabal,SP
14882,-21.238300155836463,-48.309646701550186,jaboticabal,SP
14806,-21.716844244243738,-48.15022199278663,araraquara,SP
14806,-21.71867745850485,-48.14931269440226,araraquara,SP
14806,-21.71867745850485,-48.14931269440226,araraquara,SP
15085,-20.768750999999995,-49.41226349999998,sao jose do rio preto,SP
15085,-20.768750999999995,-49.41226349999998,sao jose do rio preto,SP
15085,-20.768750999999995,-49.41226349999998,sao jose do rio preto,SP
15150,-20.734913999999947,-49.76688049999996,monte aprazível,SP
15150,-20.734913999999947,-49.76688049999996,monte aprazivel,SP
15150,-20.757800755452365,-49.712045788166556,monte aprazivel,SP
15620,-20.1408255,-50.195603250000005,macedônia,SP
15620,-20.1408255,-50.195603250000005,macedonia,SP
15620,-20.142972723478124,-50.193805383772116,macedonia,SP
17021,-22.286288643038596,-49.085879462323625,bauru,SP
17021,-22.28988937848414,-49.08413959117707,bauru,SP
17021,-22.29337571496114,-49.073930156365776,bauru,SP
18086,-23.423920988885918,-47.4169523765399,sorocaba,SP
18086,-23.424155717179307,-47.417069655981294,sorocaba,SP
18086,-23.441336999999997,-47.43524024999999,sorocaba,SP
18071,-23.44442326630415,-47.50528220706544,sorocaba,SP
18071,-23.44442326630415,-47.50528220706544,sorocaba,SP
18071,-23.44442326630415,-47.50528220706544,sorocaba,SP
18110,-23.528698892323405,-47.4489634274902,votorantim,SP
18110,-23.531091144191482,-47.448869349001676,votorantim,SP
18110,-23.532352681291417,-47.449986494067325,votorantim,SP
18603,-22.875830626692192,-48.444640524619274,botucatu,SP
18603,-22.875830626692192,-48.444640524619274,botucatu,SP
18603,-22.876710266001805,-48.44552345533696,botucatu,SP
18610,-22.85129032870665,-48.44213089293823,botucatu,SP
18610,-22.851312285879118,-48.440825958364606,botucatu,SP
18610,-22.851404497737423,-48.44231590178931,botucatu,SP
05639,-23.605316723605206,-46.74554023765521,sao paulo,SP
05639,-23.605675658895493,-46.74544468220901,sao paulo,SP
05639,-23.605945658895493,-46.745336682209,sao paulo,SP
05706,-23.622437294477464,-46.72613328518663,sao paulo,SP
05706,-23.622437294477464,-46.72613328518663,sao paulo,SP
05706,-23.622437294477464,-46.72613328518663,sao paulo,SP
06268,-23.49407725898757,-46.777854569911895,osasco,SP
06268,-23.49407725898757,-46.777854569911895,osasco,SP
06268,-23.49407725898757,-46.777854569911895,osasco,SP
06361,-23.543716852784645,-46.856436747034856,carapicuiba,SP
06361,-23.543716852784645,-46.856436747034856,carapicuiba,SP
06361,-23.543716852784645,-46.856436747034856,carapicuiba,SP
06766,-23.618570828722653,-46.78111968480974,taboao da serra,SP
06766,-23.620406352976413,-46.781288724794834,taboao da serra,SP
06766,-23.621851341104502,-46.78171404870453,taboao da serra,SP
06787,-23.617895576836045,-46.79531418199169,taboao da serra,SP
06787,-23.618227016090138,-46.79950705752111,taboao da serra,SP
06787,-23.61840960061168,-46.80107296488548,taboao da serra,SP
06810,-23.6411098842691,-46.80822944685209,embu das artes,SP
06810,-23.641697577846415,-46.80763430070988,embu das artes,SP
06810,-23.64243102080336,-46.80818836580301,embu das artes,SP
07085,-23.419937200386645,-46.55110126977896,guarulhos,SP
07085,-23.420485645017028,-46.55067056924807,guarulhos,SP
07085,-23.420704075768956,-46.55204388121069,guarulhos,SP
07124,-23.421889298920867,-46.54323116319467,guarulhos,SP
07124,-23.423241960586314,-46.53267501165675,guarulhos,SP
07124,-23.42324841465176,-46.531832542327884,guarulhos,SP
08130,-23.49957130613423,-46.36829340605342,sao paulo,SP
08130,-23.49976069386578,-46.368204601159945,sao paulo,SP
08130,-23.49985030613422,-46.36824330391252,sao paulo,SP
08225,-23.524001309898857,-46.458388852188484,sao paulo,SP
08225,-23.524074769667923,-46.45826882323692,sao paulo,SP
08225,-23.524074769667923,-46.45826882323692,sao paulo,SP
08247,-23.52519927200065,-46.43397129378496,sao paulo,SP
08247,-23.527314513185964,-46.43950689133823,sao paulo,SP
08247,-23.528313115182637,-46.43211939439666,sao paulo,SP
08250,-23.533504401917476,-46.440828801626175,sao paulo,SP
08250,-23.534469366639723,-46.440619072162264,sao paulo,SP
08250,-23.534588139208314,-46.43988787883053,sao paulo,SP
09010,-23.656385560594057,-46.52702089392467,santo andré,SP
09010,-23.656459223495588,-46.52402762709854,santo andre,SP
09010,-23.65686051757304,-46.52435858531403,santo andré,SP
09210,-23.62391391342853,-46.5418583616522,santo andre,SP
09210,-23.625208718564274,-46.540707130157614,santo andre,SP
09210,-23.63000517511123,-46.53837445706655,santo andre,SP
09321,-23.641811712053187,-46.43341594251853,maua,SP
09321,-23.642310867686774,-46.431425622676485,maua,SP
09321,-23.64232378473528,-46.43477929172262,maua,SP
09560,-23.617518213133273,-46.55598179453806,são caetano do sul,SP
09560,-23.61811444554763,-46.55605774912173,sao caetano do sul,SP
09560,-23.61811444554763,-46.55605774912173,sao caetano do sul,SP
11089,-23.93578376741302,-46.369392474609,santos,SP
11089,-23.93605922537361,-46.36955000706913,santos,SP
11089,-23.936140225373606,-46.369608507069124,santos,SP
11060,-23.943609806971914,-46.32983240807273,santos,SP
11060,-23.944331242022027,-46.329943254775316,santos,SP
11060,-23.944506370246415,-46.330192325148566,santos,SP
11035,-23.974434905430066,-46.306087143889265,santos,SP
11035,-23.974574577591145,-46.30595534698894,santos,SP
11035,-23.97461462136161,-46.29679712404294,santos,SP
11470,-23.95561776602804,-46.27620763266776,guaruja,SP
11470,-23.95629265173677,-46.2798771614232,guaruja,SP
11470,-23.956320740492817,-46.28065821648681,guaruja,SP
11665,-23.625347379608765,-45.42592804772241,caraguatatuba,SP
11665,-23.62591881908202,-45.42267520961877,caraguatatuba,SP
11665,-23.62591881908202,-45.42267520961877,caraguatatuba,SP
88501,-27.812132391831252,-50.33073289399772,lages,SC
88501,-27.813084307519205,-50.330011531363596,lages,SC
88501,-27.813812165416362,-50.331724721622685,lages,SC
89237,-26.265962532823405,-48.89847038592849,joinville,SC
89237,-26.274222471002325,-48.90329066472387,joinville,SC
89237,-26.274683770785057,-48.90276833040488,joinville,SC
89211,-26.32309849624909,-48.84663169900168,joinville,SC
89211,-26.32309849624909,-48.84663169900168,joinville,SC
89211,-26.323170496249087,-48.848251531363616,joinville,SC
89214,-26.310442444856733,-48.87805672564584,joinville,SC
89214,-26.310783033643432,-48.87914525269006,joinville,SC
89214,-26.31142345268046,-48.88020253719199,joinville,SC
89820,-26.825757810431323,-52.41434674647517,xanxere,SC
89820,-26.857033064748524,-52.40350319337232,xanxere,SC
89820,-26.85807792369542,-52.402465453875216,xanxere,SC
91150,-29.99161641330701,-51.11078291334316,porto alegre,RS
91150,-29.99161641330701,-51.11078291334316,porto alegre,RS
91150,-29.99161641330701,-51.11078291334316,porto alegre,RS
93336,-29.684413984681118,-51.12162852542738,novo hamburgo,RS
93336,-29.688438582608306,-51.133769917690294,novo hamburgo,RS
93336,-29.688822577649873,-51.13651486375093,novo hamburgo,RS
94445,-30.093068645726856,-51.062043145392266,viamao,RS
94445,-30.09369003795584,-51.06776790304446,viamao,RS
94445,-30.094398691945496,-51.06005186315764,viamão,RS
95702,-29.171123425222348,-51.508803477765184,bento goncalves,RS
95702,-29.172366009632828,-51.50911963302359,bento goncalves,RS
95702,-29.172535197231138,-51.51169207949027,bento goncalves,RS
95800,-29.559197999999945,-52.198725499999966,venâncio aires,RS
95800,-29.559197999999945,-52.198725499999966,venancio aires,RS
95800,-29.572522116143393,-52.158737761580134,venancio aires,RS
96300,-32.54672415308362,-53.3837470555216,jaguarao,RS
96300,-32.54817314655061,-53.38456231685126,jaguarao,RS
96300,-32.5493784817194,-53.38204273990977,jaguarao,RS
96470,-31.546624253506288,-53.43928241460027,pinheiro machado,RS
96470,-31.574357936365715,-53.37368026329651,pinheiro machado,RS
96470,-31.574896463524023,-53.383462853597756,pinheiro machado,RS
96600,-31.383109381424415,-52.68259656438904,cangucu,RS
96600,-31.383582234274957,-52.64623884143165,cangucu,RS
96600,-31.38397122126735,-52.67220890809131,cangucu,RS
97065,-29.711000931302227,-53.80438739160886,santa maria,RS
97065,-29.711492999999997,-53.805006000000006,santa maria,RS
97065,-29.71239793852695,-53.76070097550817,santa maria,RS
98400,-27.298991999999945,-53.36085499999996,frederico westphalen,RS
98400,-27.298991999999945,-53.36085499999996,frederico westphalen,RS
98400,-27.298991999999945,-53.36085499999996,frederico westphalen,RS
98700,-28.359869514932697,-53.93302931256264,ijui,RS
98700,-28.366221075015126,-53.9124784868315,ijui,RS
98700,-28.366248362765173,-53.9124784868315,ijui,RS
99025,-28.25508665720536,-52.42053658281224,passo fundo,RS
99025,-28.25513239430665,-52.42273992205247,passo fundo,RS
99025,-28.255659337134993,-52.42646409218365,passo fundo,RS
01155,-23.526617709862876,-46.660403146120416,sao paulo,SP
01155,-23.52774243741702,-46.66332089785909,sao paulo,SP
01155,-23.52774243741702,-46.66332089785909,sao paulo,SP
01202,-23.52910793366611,-46.65172792853023,são paulo,SP
01202,-23.52910793366611,-46.65172792853023,sao paulo,SP
01202,-23.529288908130884,-46.65159946127881,sao paulo,SP
01242,-23.544248522332577,-46.66331267332221,sao paulo,SP
01242,-23.544248522332577,-46.66331267332221,sao paulo,SP
01242,-23.544719635020705,-46.662428892273056,sao paulo,SP
01310,-23.55483652400601,-46.66368479003405,sao paulo,SP
01310,-23.555261808211693,-46.66320490368748,sao paulo,SP
01310,-23.555261808211693,-46.66320490368748,sao paulo,SP
01306,-23.54761758386774,-46.64592070070453,sao paulo,SP
01306,-23.54761758386774,-46.64592070070453,sao paulo,SP
01306,-23.550044773241403,-46.645112107392364,sao paulo,SP
01447,-23.570233638351933,-46.677263736193645,sao paulo,SP
01447,-23.57127667361067,-46.67842499388317,sao paulo,SP
01447,-23.571976684142253,-46.679209286571606,sao paulo,SP
02215,-23.486974354982973,-46.58028336663972,são paulo,SP
02215,-23.488083052455426,-46.58035246433723,sao paulo,SP
02215,-23.488083052455426,-46.58035246433723,são paulo,SP
02340,-23.44221323757863,-46.61574757354726,são paulo,SP
02340,-23.442711097697494,-46.614655037191994,são paulo,SP
02340,-23.443415286715837,-46.61526196531818,sao paulo,SP
02320,-23.448663000000003,-46.59694874999999,sao paulo,SP
02320,-23.449310287264105,-46.595014030526876,sao paulo,SP
02320,-23.4494062492354,-46.598173637803676,sao paulo,SP
02469,-23.483589799613352,-46.646230667638065,sao paulo,SP
02469,-23.483917366463356,-46.643834931778905,são paulo,SP
02469,-23.48397068468445,-46.643816048242265,sao paulo,SP
02935,-23.487622354434716,-46.71541423327945,são paulo,SP
02935,-23.48794109693683,-46.71714878377038,sao paulo,SP
02935,-23.48825265141589,-46.71694852557309,sao paulo,SP
03057,-23.537774095475797,-46.595973290034046,sao paulo,SP
03057,-23.537953204830043,-46.59592273175025,sao paulo,SP
03057,-23.53880093366611,-46.595704987506515,sao paulo,SP
03087,-23.52233489370416,-46.656717443793646,sao paulo,SP
03087,-23.52751038445865,-46.56640155227076,sao paulo,SP
03087,-23.52751038445865,-46.56640155227076,sao paulo,SP
03191,-23.564961650008698,-46.5732347529863,sao paulo,SP
03191,-23.56530017054866,-46.570669193840665,sao paulo,SP
03191,-23.565430037191984,-46.57407395282468,são paulo,SP
03126,-23.577426579815427,-46.59312473736251,sao paulo,SP
03126,-23.577426579815427,-46.59312473736251,sao paulo,SP
03126,-23.577426579815427,-46.59312473736251,são paulo,SP
03542,-23.529047605603346,-46.511422072162276,sao paulo,SP
03542,-23.529047605603346,-46.511422072162276,são paulo,SP
03542,-23.529047605603346,-46.511422072162276,sao paulo,SP
03635,-23.480710438253734,-46.42225054371286,sao paulo,SP
03635,-23.521786088931126,-46.52719426162619,sao paulo,SP
03635,-23.521879991113195,-46.5303076866524,sao paulo,SP
04134,-23.6045968842691,-46.62529961157596,sao paulo,SP
04134,-23.60486550207747,-46.6240124023025,sao paulo,SP
04134,-23.604923965029712,-46.62457027116395,sao paulo,SP
04165,-23.619482580904844,-46.608642770327215,sao paulo,SP
04165,-23.61991684401869,-46.60850234831788,sao paulo,SP
04165,-23.62079070330083,-46.608252281839746,sao paulo,SP
04180,-23.630114930763437,-46.602209916155196,são paulo,SP
04180,-23.630114930763437,-46.602209916155196,são paulo,SP
04180,-23.63088864081729,-46.6012966631897,sao paulo,SP
04383,-23.65734683873858,-46.659857532056094,sao paulo,SP
04383,-23.657385226758585,-46.6596283673322,sao paulo,SP
04383,-23.657385226758585,-46.6596283673322,sao paulo,SP
04535,-23.582464438802003,-46.67857173258698,sao paulo,SP
04535,-23.582464438802003,-46.67857173258698,sao paulo,SP
04535,-23.582863561198,-46.67836280016162,sao paulo,SP
04634,-23.635854058680728,-46.66907717366637,sao paulo,SP
04634,-23.636289499855764,-46.668396222170955,sao paulo,SP
04634,-23.636289499855764,-46.668396222170955,sao paulo,SP
04715,-23.627241681372293,-46.7090774583646,sao paulo,SP
04715,-23.627241681372293,-46.7090774583646,sao paulo,SP
04715,-23.627383397166618,-46.70882965445208,sao paulo,SP
04717,-23.627971016648427,-46.71095884609617,sao paulo,SP
04717,-23.627971016648427,-46.71095884609617,sao paulo,SP
04717,-23.627971016648427,-46.71095884609617,sao paulo,SP
04809,-23.7122619914661,-46.694068052247054,sao paulo,SP
04809,-23.71278894411945,-46.69377731115866,sao paulo,SP
04809,-23.712977683865223,-46.69338828461441,sao paulo,SP
04813,-23.717345029141896,-46.691566784898164,sao paulo,SP
04813,-23.717825790726543,-46.68888914862371,sao paulo,SP
04813,-23.717872194010003,-46.68508616111719,sao paulo,SP
04894,-23.536728464586876,-46.67449311284427,são paulo,SP
04894,-23.678336721197553,-46.75573734104903,sao paulo,SP
04894,-23.854518969624337,-46.7668551506799,sao paulo,SP
05372,-23.18813520122337,-45.88770488412487,sao jose dos campos,SP
05372,-23.579765350539564,-46.76532898251486,são paulo,SP
05372,-23.579892440186985,-46.765498651682115,são paulo,SP
05335,-23.54321661226845,-46.75507351442671,sao paulo,SP
05335,-23.54321661226845,-46.75507351442671,são paulo,SP
05335,-23.54321661226845,-46.75507351442671,sao paulo,SP
05409,-23.55020485567546,-46.68074669969414,sao paulo,SP
05409,-23.550573698309172,-46.678967873997316,sao paulo,SP
05409,-23.550573698309172,-46.678967873997316,sao paulo,SP
05423,-23.51857011728455,-46.73163461816493,sao paulo,SP
05423,-23.568557731057766,-46.69029154524207,sao paulo,SP
05423,-23.568557731057766,-46.69029154524207,sao paulo,SP
05543,-23.49383948087906,-46.57189092712309,sao paulo,SP
05543,-23.586768201861368,-46.7540984284753,sao paulo,SP
05543,-23.58701600859834,-46.755590467684115,sao paulo,SP
38740,-18.84246229321004,-47.19270405997492,patrocinio,MG
38740,-18.843464598995812,-47.19145772577973,patrocinio,MG
38740,-18.91949376981684,-46.95495583295449,patrocinio,MG
39200,-18.353056807356932,-44.448499262095524,corinto,MG
39200,-18.354061212805053,-44.45641291978963,corinto,MG
39200,-18.354061212805053,-44.45641291978963,corinto,MG
39563,-16.047704999999947,-41.77476349999995,santa cruz de salinas,MG
39563,-16.047704999999947,-41.77476349999995,santa cruz de salinas,MG
39563,-16.09088756956368,-41.74727343966832,santa cruz de salinas,MG
39750,-18.653411999999946,-43.068670999999966,sabinopolis,MG
39750,-18.653411999999946,-43.068670999999966,sabinopolis,MG
39750,-18.660298665357978,-43.08001692801987,sabinopolis,MG
39835,-18.2348631831121,-41.724751099850344,campanario,MG
39835,-18.238840358275745,-41.726266800179395,campanario,MG
39835,-18.238916932393348,-41.72780713769945,campanário,MG
39900,-16.1480172611443,-40.58862059998851,almenara,MG
39900,-16.1480172611443,-40.58862059998851,almenara,MG
39900,-16.1480172611443,-40.58862059998851,almenara,MG
40301,-12.959826903684505,-38.50051638371531,salvador,BA
40301,-12.959826903684505,-38.50051638371531,salvador,BA
40301,-12.95996075160133,-38.50007941118931,salvador,BA
41740,-12.944242708781244,-38.41643504614688,salvador,BA
41740,-12.945807088881013,-38.41407939996458,salvador,BA
41740,-12.952525742742987,-38.407709489989834,salvador,BA
41920,-13.000403952341339,-38.48103029012768,salvador,BA
41920,-13.002505668361675,-38.48183894178237,salvador,BA
41920,-13.002695728005655,-38.4795852587191,salvador,BA
42700,-12.837135057200394,-38.33117380177104,lauro de freitas,BA
42700,-12.837135057200394,-38.33117380177104,lauro de freitas,BA
42700,-12.839556243454641,-38.33026446677522,lauro de freitas,BA
45570,-14.120729854541349,-39.764527164172,ipiau,BA
45570,-14.121459334926547,-39.768327023281834,ipiau,BA
45570,-14.121550862495237,-39.764776288901324,ipiau,BA
47580,-11.559833987164575,-43.28064102372985,morpara,BA
47580,-11.560225992788144,-43.28138299278813,morpara,BA
47580,-11.560563565093357,-43.27571949538958,morpara,BA
48120,-12.41522168727813,-38.32360478031866,pojuca,BA
48120,-12.41522168727813,-38.32360478031866,pojuca,BA
48120,-12.41522168727813,-38.32360478031866,pojuca,BA
48450,-11.090254296662254,-38.51521862056757,cipo,BA
48450,-11.091658671637939,-38.5099578992848,cipó,BA
48450,-11.093047006518978,-38.511418148240516,cipo,BA
49480,-10.7353664408833,-37.81898500071196,simão dias,SE
49480,-10.736793563177491,-37.80913546976925,simao dias,SE
49480,-10.737254459825404,-37.808046498706034,simao dias,SE
55016,-8.008702450502641,-36.052141379479764,caruaru,PE
55016,-8.255220681064074,-35.96570122441315,caruaru,PE
55016,-8.256109775119208,-35.96573670160651,caruaru,PE
55530,-8.570745386167122,-35.392257873737016,gameleira,PE
55530,-8.58070034732545,-35.384254857905034,gameleira,PE
55530,-8.580816600342843,-35.38439771546373,gameleira,PE
56912,-7.98235826693195,-38.28376441221138,serra talhada,PE
56912,-7.98235826693195,-38.28376441221138,serra talhada,PE
56912,-7.982584759669205,-38.28689463627651,serra talhada,PE
59162,-6.047992802451666,-35.26091689634032,sao jose de mipibu,RN
59162,-6.054458671206839,-35.23977927409531,sao jose de mipibu,RN
59162,-6.055064999999999,-35.241828749999996,são josé de mipibu,RN
59340,-6.215538966300238,-36.68520384069641,sao vicente,RN
59340,-6.215890768311052,-36.68049919056134,sao vicente,RN
59340,-6.21736090315792,-36.68136363691912,sao vicente,RN
59631,-5.206522006053894,-37.33639639821699,mossoro,RN
59631,-5.208251757480206,-37.338728083448466,mossoró,RN
59631,-5.20871278416207,-37.33490261922588,mossoro,RN
63112,-7.244204223095365,-39.43156600757292,crato,CE
63112,-7.244204223095365,-39.43156600757292,crato,CE
65440,-3.319501086993854,-43.51569913183663,sao benedito do rio preto,MA
65440,-3.323298406490105,-43.521212517404265,sao benedito do rio preto,MA
65440,-3.3245223175786127,-43.52403448560245,sao benedito do rio preto,MA
69306,2.7984869944548785,-60.687870091504955,boa vista,RR
69306,2.8075516127789677,-60.71126978639745,boa vista,RR
69306,2.823429683416518,-60.66208459725867,boa vista,RR
69908,-10.004356724293872,-67.77629459991907,rio branco,AC
69908,-10.005989717516508,-67.77242297448605,rio branco,AC
69908,-10.008159484768152,-67.77740458743854,rio branco,AC
19041,-22.13373849834559,-51.37961172165762,presidente prudente,SP
19041,-22.134054389648846,-51.37877522437861,presidente prudente,SP
19041,-22.135068578797554,-51.3780432030314,presidente prudente,SP
19042,-22.13277981964018,-51.36909057015996,presidente prudente,SP
19042,-22.13335233749962,-51.38772479997239,presidente prudente,SP
19042,-22.133927157857258,-51.368753221730294,presidente prudente,SP
19024,-22.09773955993525,-51.395865087330655,presidente prudente,SP
19024,-22.097944152474376,-51.3947878783893,presidente prudente,SP
19024,-22.099255376074794,-51.39794248459231,presidente prudente,SP
19800,-22.6519466290347,-50.44284361723422,assis,SP
19800,-22.657905,-50.394591707600014,assis,SP
19800,-22.659910239252067,-50.393051429222716,assis,SP
19880,-22.737478067345798,-50.38826606471344,candido mota,SP
19880,-22.737501608244227,-50.38542172246707,cândido mota,SP
19880,-22.73778510487595,-50.38866340739952,cândido mota,SP
19840,-22.608056024486128,-50.67122860655189,maracai,SP
19840,-22.608716667652544,-50.66817489814685,maracaí,SP
19840,-22.608716667652544,-50.66817489814685,maracai,SP
19907,-22.967180632812003,-49.88437574049283,ourinhos,SP
19907,-22.968038272361223,-49.88024758144663,ourinhos,SP
19907,-22.968091037740237,-49.88499988343238,ourinhos,SP
20230,-22.906874420480143,-43.19438645239199,rio de janeiro,RJ
20230,-22.906874420480143,-43.19438645239199,rio de janeiro,RJ
20230,-22.906874420480143,-43.19438645239199,rio de janeiro,RJ
20521,-22.884490205365772,-43.42960714856987,rio de janeiro,RJ
20521,-22.92371667805407,-43.23491121440934,rio de janeiro,RJ
20521,-22.92371667805407,-43.23491121440934,rio de janeiro,RJ
20540,-22.916880702464113,-43.22907549446006,rio de janeiro,RJ
20540,-22.916880702464113,-43.22907549446006,rio de janeiro,RJ
20540,-22.916880702464113,-43.22907549446006,rio de janeiro,RJ
21250,-22.816340968088127,-43.30238474923539,rio de janeiro,RJ
21250,-22.816954728287797,-43.30294390619765,rio de janeiro,RJ
21250,-22.816966294948415,-43.304203230309525,rio de janeiro,RJ
21341,-22.87064796419299,-43.34905879032252,rio de janeiro,RJ
21341,-22.871915035807,-43.34961520967749,rio de janeiro,RJ
21341,-22.872456964193,-43.3499462647873,rio de janeiro,RJ
21321,-22.88206568497897,-43.3707692643546,rio de janeiro,RJ
21321,-22.88221768887411,-43.370702208580965,rio de janeiro,RJ
21321,-22.88234431833924,-43.37047279863241,rio de janeiro,RJ
21555,-22.849313374141552,-43.36230159977496,rio de janeiro,RJ
21555,-22.84935160753658,-43.36058945129547,rio de janeiro,RJ
21555,-22.849571589214715,-43.361272393011674,rio de janeiro,RJ
21557,-22.852773334179613,-43.37314379724741,rio de janeiro,RJ
21557,-22.853354374141553,-43.37494209977496,rio de janeiro,RJ
21557,-22.853799702464116,-43.37445270996593,rio de janeiro,RJ
21675,-22.84193283500577,-43.364389516102776,rio de janeiro,RJ
21675,-22.84193283500577,-43.364389516102776,rio de janeiro,RJ
21675,-22.842048331121184,-43.36789717984307,rio de janeiro,RJ
21840,-22.827187090195668,-43.28920644393789,rio de janeiro,RJ
21840,-22.85852313099433,-43.4721608468173,rio de janeiro,RJ
21840,-22.859557539537235,-43.47242764235765,rio de janeiro,RJ
21931,-22.79351594151807,-43.20915754856586,rio de janeiro,RJ
21931,-22.794460469800693,-43.2098288870258,rio de janeiro,RJ
21931,-22.79475695014844,-43.20971609544105,rio de janeiro,RJ
21921,-22.79927714004985,-43.19440597052183,rio de janeiro,RJ
21921,-22.799963482110822,-43.19229108090485,rio de janeiro,RJ
21921,-22.800145064948914,-43.189445058428035,rio de janeiro,RJ
21941,-22.79331549292164,-43.186279542372226,rio de janeiro,RJ
21941,-22.79331549292164,-43.186279542372226,rio de janeiro,RJ
21941,-22.804269439860487,-43.231354752856696,rio de janeiro,RJ
22041,-22.964281479889124,-43.19234536995796,rio de janeiro,RJ
22041,-22.96431249457565,-43.19247065557727,rio de janeiro,RJ
22041,-22.964455833746918,-43.19153157077729,rio de janeiro,RJ
22230,-22.932669999999973,-43.17766999999998,rio de janeiro,RJ
22230,-22.933186266347633,-43.17713009569316,rio de janeiro,RJ
22230,-22.933186266347633,-43.17713009569316,rio de janeiro,RJ
22441,-22.90069046602754,-43.5941079967394,rio de janeiro,RJ
22441,-22.978088102997983,-43.22363220599595,rio de janeiro,RJ
22441,-22.978177278774783,-43.22358106936547,rio de janeiro,RJ
22793,-22.829416975412297,-43.409947892148075,rio de janeiro,RJ
22793,-22.89164999999997,-43.26401999999996,rio de janeiro,RJ
22793,-22.95664630850754,-43.356659674012086,rio de janeiro,RJ
23075,-22.810831201973958,-43.32975426029854,rio de janeiro,RJ
23075,-22.86905663025746,-43.59282900421791,rio de janeiro,RJ
23075,-22.869181470088446,-43.59317163115035,rio de janeiro,RJ
23032,-22.884564394396655,-43.48471426781706,rio de janeiro,RJ
23032,-22.959302565064483,-43.62637910199667,rio de janeiro,RJ
23032,-22.960701534550136,-43.62457427182891,rio de janeiro,RJ
23013,-22.890969451007024,-43.53438162031852,rio de janeiro,RJ
23013,-22.89159397195461,-43.53530179338093,rio de janeiro,RJ
23013,-22.891608355819685,-43.53387799832657,rio de janeiro,RJ
23560,-22.86566683640465,-43.673606338148694,rio de janeiro,RJ
23560,-22.868253512637715,-43.67363183720936,rio de janeiro,RJ
23560,-22.86849246878062,-43.67390129724741,rio de janeiro,RJ
24450,-22.815009941781874,-43.021697441781875,são gonçalo,RJ
24450,-22.815009941781874,-43.02167452636877,sao goncalo,RJ
24450,-22.8150808057107,-43.02136191368553,sao goncalo,RJ
24750,-22.82952666093368,-42.988551310768,sao goncalo,RJ
24750,-22.82952666093368,-42.988551310768,são gonçalo,RJ
24750,-22.832019974694976,-42.989314331281925,sao goncalo,RJ
26535,-22.793172737772643,-43.411317727968,nilópolis,RJ
26535,-22.793521951366383,-43.41184483142185,nilopolis,RJ
26535,-22.79387925250891,-43.41017813431186,nilopolis,RJ
27541,-22.46273874271452,-44.42689279294826,resende,RJ
27541,-22.46287266388715,-44.42904654302038,resende,RJ
27541,-22.46287266388715,-44.42904654302038,resende,RJ
28300,-21.099818248549564,-42.115320168056186,itaperuna,RJ
28300,-21.099949584496663,-42.11526742723553,itaperuna,RJ
28300,-21.102048176981153,-42.11598954131961,itaperuna,RJ
28625,-22.27124519506677,-42.534672970297095,nova friburgo,RJ
28625,-22.271249064003666,-42.53736202538509,nova friburgo,RJ
28625,-22.27155119849639,-42.53445461122892,nova friburgo,RJ
71931,-15.83612305024187,-48.04018517722967,brasilia,DF
71931,-15.83612305024187,-48.04018517722967,brasilia,DF
71931,-15.83612305024187,-48.04018517722967,brasília,DF
72015,-15.833197649558297,-48.0522953749847,brasilia,DF
72015,-15.833494580993712,-48.05317328259584,brasilia,DF
72015,-15.833625756394243,-48.05311331669846,brasilia,DF
72812,-16.241949000000005,-47.95081425000001,luziania,GO
72812,-16.24206467270315,-47.957433876168906,luziania,GO
72812,-16.24517352511756,-47.948067534242725,luziania,GO
74333,-16.687097999999995,-49.33419524999999,goiânia,GO
74333,-16.687097999999995,-49.33419524999999,goiania,GO
74333,-16.687097999999995,-49.33419524999999,goiania,GO
75350,-16.830455077743437,-49.538999593648185,guapo,GO
75350,-16.830455077743437,-49.538999593648185,guapo,GO
75350,-16.830618207870057,-49.53351243047982,guapo,GO
76330,-15.723130641733102,-49.33093029096724,jaraguá,GO
76330,-15.723130641733102,-49.33093029096724,jaraguá,GO
76330,-15.723130641733102,-49.33093029096724,jaraguá,GO
76680,-15.547317223128422,-49.953082058103895,itapuranga,GO
76680,-15.54946877054708,-49.95154930084438,itapuranga,GO
76680,-15.55178285538741,-49.953013186150756,itapuranga,GO
78015,-15.569315739207555,-56.01706965893331,cuiaba,MT
78015,-15.569630386804741,-56.020225387973646,cuiaba,MT
78015,-15.570744390645345,-56.01974277874492,cuiaba,MT
78195,-15.126563999999945,-55.582923499999964,chapada dos guimaraes,MT
78195,-15.126563999999945,-55.582923499999964,chapada dos guimarães,MT
78195,-15.126563999999945,-55.582923499999964,chapada dos guimaraes,MT
78643,-12.361718999999947,-52.59058549999996,querencia,MT
78643,-12.361718999999947,-52.59058549999996,querencia,MT
78643,-12.361718999999947,-52.59058549999996,querencia,MT
81130,-25.495366589473374,-49.29464690015446,curitiba,PR
81130,-25.497009102994127,-49.2960886997574,curitiba,PR
81130,-25.497563741329536,-49.295473004847416,curitiba,PR
83750,-25.718084730355162,-49.65474955624307,lapa,PR
83750,-25.71808977676554,-49.654768733200946,lapa,PR
83750,-25.71808977676554,-49.654768733200946,lapa,PR
83706,-25.5198712225102,-49.36442050789564,araucaria,PR
83706,-25.529524648458306,-49.370403953872255,araucaria,PR
83706,-25.52955096165552,-49.371660652983024,araucaria,PR
84268,-24.318712875629988,-50.63921381465432,telemaco borba,PR
84268,-24.31873882997335,-50.644932768978684,telemaco borba,PR
84268,-24.319650525846438,-50.6388268854071,telemaco borba,PR
85460,-25.40440044395614,-52.997722830770954,quedas do iguacu,PR
85460,-25.44026487554534,-52.889721482426374,quedas do iguacu,PR
85460,-25.443536439574235,-52.91801779170775,quedas do iguacu,PR
85890,-25.0301384301864,-54.24141277320504,missal,PR
85890,-25.0301384301864,-54.24141277320504,missal,PR
85890,-25.0301384301864,-54.24141277320504,missal,PR
85817,-24.93399238386507,-53.40328609117662,cascavel,PR
85817,-24.934022999999996,-53.41024327367409,cascavel,PR
85817,-24.934842525102535,-53.41074322009348,cascavel,PR
85909,-24.709336531445594,-53.74524137623805,toledo,PR
85909,-24.733869733802624,-53.72780867511409,toledo,PR
85909,-24.734002711535243,-53.72787075937387,toledo,PR
85911,-24.756101925282593,-53.73328527852525,toledo,PR
85911,-24.75635862692246,-53.735945262705286,toledo,PR
85911,-24.75729574357794,-53.735227826888085,toledo,PR
86026,-23.28606060892157,-51.20335832500434,londrina,PR
86026,-23.28606060892157,-51.20335832500434,londrina,PR
86026,-23.295236852835828,-51.14929415857236,londrina,PR
87025,-23.368720587297155,-51.933131981571094,maringa,PR
87025,-23.37036175107145,-51.93237717377237,maringá,PR
87025,-23.37036175107145,-51.93237717377237,maringá,PR
87380,-24.04181882932562,-52.8469012587377,janiopolis,PR
87380,-24.140946602618275,-52.778572957404215,janiopolis,PR
87380,-24.141176319106354,-52.78129930651815,janiopolis,PR
87580,-24.01650633144199,-53.44663857509141,alto piquiri,PR
87580,-24.01655466438648,-53.44100552330571,alto piquiri,PR
87580,-24.020962900388778,-53.44329359179732,alto piquiri,PR
88034,-27.573037974176316,-48.51156113904442,florianopolis,SC
88034,-27.5730960180334,-48.51143760629584,florianópolis,SC
88034,-27.573448652778648,-48.50964531709848,florianopolis,SC
88070,-27.582889694962297,-48.584443338594355,florianopolis,SC
88070,-27.58304181666445,-48.58521526851869,florianopolis,SC
88070,-27.584472477687807,-48.57972587907499,florianópolis,SC
88161,-27.495080180642862,-48.65735552950681,biguacu,SC
88161,-27.497911459018514,-48.66130838704655,biguacu,SC
88161,-27.498267804987556,-48.66043350143306,biguacu,SC
79603,-20.782938198919116,-51.697035666400474,tres lagoas,MS
79603,-20.784184192197664,-51.69781320788123,tres lagoas,MS
79603,-20.78450110815742,-51.69787090002961,tres lagoas,MS
29141,-20.126017686547392,-40.30543312521168,cariacica,ES
29141,-20.321083079345776,-40.43435594384649,cariacica,ES
29141,-20.331092019607993,-40.42785796444001,cariacica,ES
31310,-19.861360020803364,-43.978018449189356,belo horizonte,MG
31310,-19.861828940619667,-43.98095073411618,belo horizonte,MG
31310,-19.862446766864768,-43.980532659992015,belo horizonte,MG
31575,-19.80337584382803,-43.993773120903555,belo horizonte,MG
31575,-19.803557536211038,-43.99985965598131,belo horizonte,MG
31575,-19.803654157914544,-43.996223892578996,belo horizonte,MG
32017,-19.85683746090944,-44.02703081821815,contagem,MG
32017,-19.874162195471225,-44.02129907395237,contagem,MG
32017,-19.87422123894288,-44.018857992213285,contagem,MG
32223,-19.86522118169184,-44.110394179836575,contagem,MG
32223,-19.907732190800637,-44.07565472580471,contagem,MG
32223,-19.937950200676987,-44.04602061147588,contagem,MG
32242,-19.963318915761597,-44.06253949415088,contagem,MG
32242,-19.96672335665255,-44.06902844925732,contagem,MG
32242,-19.96672335665255,-44.06902844925732,contagem,MG
35170,-19.475554198970983,-42.62205262204049,coronel fabriciano,MG
35170,-19.47594373114296,-42.62158652521395,coronel fabriciano,MG
35170,-19.476032555224347,-42.62139273520011,coronel fabriciano,MG
35570,-20.4342119386987,-45.45112301422916,formiga,MG
35570,-20.43500410854183,-45.44788742974751,formiga,MG
35570,-20.435633414623766,-45.432656944522485,formiga,MG
35700,-19.421246029931066,-44.23417187204982,sete lagoas,MG
35700,-19.421246029931066,-44.23417187204982,sete lagoas,MG
35700,-19.426096960295563,-44.24500049980473,sete lagoas,MG
36047,-21.703608136575532,-43.352921177078315,juiz de fora,MG
36047,-21.703608136575532,-43.352921177078315,juiz de fora,MG
36047,-21.704066999999995,-43.354536749999994,juiz de fora,MG
36045,-21.73662,-43.36828425,juiz de fora,MG
36045,-21.73662,-43.36828425,juiz de fora,MG
36045,-21.737401292255754,-43.36802384984708,juiz de fora,MG
36213,-21.10305882317371,-44.025484655876234,dores de campos,MG
36213,-21.10409433139278,-44.026492454036756,dores de campos,MG
36213,-21.10457770067646,-44.02681177853337,dores de campos,MG
36307,-21.119037884093647,-44.25456808874624,são joão del rei,MG
36307,-21.126905172081457,-44.24618893242536,sao joao del rei,MG
36307,-21.127322921342707,-44.2464377067011,sao joao del rei,MG
36500,-21.0853485,-42.96964500000001,uba,MG
36500,-21.085938,-42.96942675,uba,MG
36500,-21.088238209688406,-42.97711141473085,uba,MG
36830,-20.568633701607745,-41.836297870847304,espera feliz,MG
36830,-20.569435945795856,-41.83687554809769,espera feliz,MG
36830,-20.638822355289182,-41.95623788441442,espera feliz,MG
37175,-20.934634499999994,-45.82684124999999,ilicinea,MG
37175,-20.934801,-45.83585249999999,ilicinea,MG
37175,-20.934906151129564,-45.83512115110063,ilicinea,MG
37310,-21.936521999999947,-44.11779199999995,bom jardim de minas,MG
37310,-21.939113999999947,-44.11997899999997,bom jardim de minas,MG
37310,-21.944005055228864,-44.19289363138703,bom jardim de minas,MG
38195,-19.85706533423348,-47.58197138447653,conquista,MG
38195,-19.898226487668644,-47.69044122810879,conquista,MG
38195,-19.90020578015323,-47.6851681668274,conquista,MG
11703,-24.011440323619368,-46.41265304385708,praia grande,SP
11703,-24.01414036195274,-46.45459625721814,praia grande,SP
11703,-24.014173807921246,-46.45473631221126,praia grande,SP
11790,-24.272641184419246,-47.23822150462886,pedro de toledo,SP
11790,-24.272641184419246,-47.23822150462886,pedro de toledo,SP
11790,-24.273691815444057,-47.23562660415751,pedro de toledo,SP
11950,-24.690370405269203,-48.149922732095355,cajati,SP
11950,-24.690370405269203,-48.149922732095355,cajati,SP
11950,-24.714440999999994,-48.11180399999999,cajati,SP
12215,-23.177924622540225,-45.87456470107913,sao jose dos campos,SP
12215,-23.178128112960934,-45.87411818956661,sao jose dos campos,SP
12215,-23.178309171244738,-45.87294051526343,são josé dos campos,SP
12701,-22.5711540313636,-44.96237668942238,cruzeiro,SP
12701,-22.571281637400407,-44.963076419543825,cruzeiro,SP
12701,-22.571281637400407,-44.963076419543825,cruzeiro,SP
12916,-22.97003613765944,-46.539859232586956,braganca paulista,SP
12916,-22.97032944907378,-46.539088726758585,braganca paulista,SP
12916,-22.970860376074796,-46.5419600306711,braganca paulista,SP
13023,-22.884841886202345,-47.045900755208,campinas,SP
13023,-22.886217754919546,-47.0458459067459,campinas,SP
13023,-22.88622585167847,-47.04613598724109,campinas,SP
13045,-22.926754068555592,-47.036606202464114,campinas,SP
13045,-22.926754068555592,-47.036606202464114,campinas,SP
13045,-22.926754068555592,-47.036606202464114,campinas,SP
13091,-22.84002014829306,-47.03470171754884,campinas,SP
13091,-22.848324516224434,-47.03072669745544,campinas,SP
13091,-22.86075308607905,-47.028842071162195,campinas,SP
13067,-22.854651104564187,-47.160697766786136,campinas,SP
13067,-22.864054825873236,-47.14325252641492,campinas,SP
13067,-22.864176031363595,-47.14324027116393,campinas,SP
13145,-22.71264913933287,-47.16912867138898,paulinia,SP
13145,-22.71338717918505,-47.16915933144102,paulínia,SP
13145,-22.71363573411618,-47.16824318344975,paulínia,SP
13188,-22.879431857758817,-47.2568908756479,hortolândia,SP
13188,-22.884680373134316,-47.23886082463792,hortolandia,SP
13188,-22.884743713266854,-47.23840952619359,hortolandia,SP
13183,-22.840227,-47.220714100341475,hortolandia,SP
13183,-22.840514999999996,-47.2299862090264,hortolandia,SP
13183,-22.841308645261517,-47.21940877608377,hortolandia,SP
13216,-23.13273227193508,-46.89103102240867,jundiaí,SP
13216,-23.149823404956894,-46.87485440328346,jundiaí,SP
13216,-23.1518414787926,-46.87645977254892,jundiaí,SP
13218,-23.125350341540194,-46.806570883610846,jundiai,SP
13218,-23.12810025972553,-46.808227336177914,jundiai,SP
13218,-23.13271290004528,-46.827783668966475,jundiai,SP
13205,-23.179570783801655,-46.889263135870436,jundiai,SP
13205,-23.242945295862445,-46.85566965736627,jundiai,SP
13205,-23.243697535374313,-46.857306750216345,jundiai,SP
13257,-22.97554365755215,-46.8459009929098,itatiba,SP
13257,-22.976223211287067,-46.842054398219176,itatiba,SP
13257,-22.977790705219263,-46.872454982493664,itatiba,SP
13285,-22.99357011315679,-47.01348673444191,vinhedo,SP
13285,-23.012122256708217,-46.99910191138609,vinhedo,SP
13285,-23.016194492135735,-46.99692327451781,vinhedo,SP
13332,-23.026532688373912,-47.22180903715631,indaiatuba,SP
13332,-23.026532688373912,-47.22180903715631,indaiatuba,SP
13332,-23.026532688373912,-47.22180903715631,indaiatuba,SP
13341,-23.102895418555235,-47.16632250000001,indaiatuba,SP
13341,-23.108315916223646,-47.18082150000001,indaiatuba,SP
13341,-23.108315916223646,-47.18082150000001,indaiatuba,SP
13617,-22.174840376407673,-47.38552892411607,leme,SP
13617,-22.177912516106417,-47.383682446441064,leme,SP
13617,-22.177912516106417,-47.383682446441064,leme,SP
14025,-21.18184452320202,-47.81322891855855,ribeirao preto,SP
14025,-21.182283754371284,-47.81638965015293,ribeirao preto,SP
14025,-21.182661953372953,-47.81690903067112,ribeirão preto,SP
14600,-20.556560999999945,-47.90279149999995,sao joaquim da barra,SP
14600,-20.556560999999945,-47.90279149999995,sao joaquim da barra,SP
14600,-20.56573531186852,-47.86578075483016,são joaquim da barra,SP
15076,-20.805118250266847,-49.35560728570768,sao jose do rio preto,SP
15076,-20.80512743415534,-49.355608266511304,sao jose do rio preto,SP
15076,-20.82284204568054,-49.353887962260885,sao jose do rio preto,SP
15930,-21.317676706108024,-48.634276309038945,candido rodrigues,SP
15930,-21.317676706108024,-48.634276309038945,candido rodrigues,SP
15930,-21.317676706108024,-48.634276309038945,candido rodrigues,SP
16012,-21.202823000513828,-50.407441654098655,aracatuba,SP
16012,-21.204680044192937,-50.40623244687311,aracatuba,SP
16012,-21.204680044192937,-50.40623244687311,aracatuba,SP
16700,-21.205152,-50.62604400000001,guararapes,SP
16700,-21.210480728719435,-50.72929912370494,guararapes,SP
16700,-21.213396000000003,-50.682991499999986,guararapes,SP
17053,-22.346812746429823,-49.07847808394306,bauru,SP
17053,-22.3495626977117,-49.074996053705725,bauru,SP
17053,-22.353482588666463,-49.07261194059101,bauru,SP
17208,-22.25808431329286,-48.54896651999824,jau,SP
17208,-22.258599176935725,-48.550927119222294,jau,SP
17208,-22.258599176935725,-48.550927119222294,jau,SP
17300,-22.244576423042957,-48.38810551581179,dois córregos,SP
17300,-22.244957567363034,-48.3868464714743,dois córregos,SP
17300,-22.24773404955146,-48.38859906183108,dois corregos,SP
17523,-22.215290927714477,-49.97543602297649,marilia,SP
17523,-22.215499574841793,-49.9755703395647,marilia,SP
17523,-22.215499574841793,-49.9755703395647,marilia,SP
17510,-22.19022701583294,-49.94650734899813,marilia,SP
17510,-22.191022246465426,-49.954911564112194,marilia,SP
17510,-22.191081362031596,-49.9510061885563,marilia,SP
17890,-21.495246265800304,-51.43085683241695,junqueiropolis,SP
17890,-21.49746973218132,-51.43419168933259,junqueiropolis,SP
17890,-21.49746973218132,-51.43419168933259,junqueiropolis,SP
18074,-23.440652999999998,-47.495025,sorocaba,SP
18074,-23.440652999999998,-47.495025,sorocaba,SP
18074,-23.440652999999998,-47.495025,sorocaba,SP
05885,-23.671080628368607,-46.781688179987306,sao paulo,SP
05885,-23.671164524325363,-46.78106059506253,sao paulo,SP
05885,-23.671647977128888,-46.7815562063937,sao paulo,SP
05831,-23.670697820416716,-46.74919717415893,sao paulo,SP
05831,-23.670800161261422,-46.74889582584105,sao paulo,SP
05831,-23.670857064660442,-46.74806608159733,sao paulo,SP
06172,-23.534533341104506,-46.811963445611326,osasco,SP
06172,-23.534533341104506,-46.811963445611326,osasco,SP
06172,-23.53605036052289,-46.812487389405,osasco,SP
06455,-23.497575763364807,-46.86356295208341,barueri,SP
06455,-23.498035028017398,-46.85338858880028,barueri,SP
06455,-23.498099609336577,-46.85291835047388,barueri,SP
06542,-23.44275607662933,-46.86659190331104,santana de parnaiba,SP
06542,-23.44275607662933,-46.86659190331104,santana de parnaiba,SP
06542,-23.443711022084702,-46.866343650363326,santana de parnaiba,SP
06763,-23.60877978369903,-46.76071452492162,taboao da serra,SP
06763,-23.609005622849594,-46.75369970176911,taboao da serra,SP
06763,-23.609023239800337,-46.76056376019966,taboao da serra,SP
06852,-23.69972821489191,-46.866960686129495,itapecerica da serra,SP
06852,-23.69974458106793,-46.86708343244963,itapecerica da serra,SP
06852,-23.700094364743475,-46.867627934990544,itapecerica da serra,SP
07013,-23.469896933666107,-46.52678372592186,guarulhos,SP
07013,-23.47036582431186,-46.52446955759132,guarulhos,SP
07013,-23.47058431779098,-46.523297545934554,guarulhos,SP
07134,-23.409167922509585,-46.5225818928355,guarulhos,SP
07134,-23.413016553490852,-46.51594405808517,guarulhos,SP
07134,-23.418962381903174,-46.51830142492355,guarulhos,SP
07791,-23.346994499999997,-46.829787749999994,cajamar,SP
07791,-23.4072222821008,-46.860967089495944,cajamar,SP
07791,-23.40745802931018,-46.86296661950691,cajamar,SP
07803,-23.329231113431028,-46.72808168926574,franco da rocha,SP
07803,-23.32930516412023,-46.72774666266321,franco da rocha,SP
07803,-23.329346284391395,-46.72801280219603,franco da rocha,SP
07942,-23.270438977470665,-46.741259480441876,francisco morato,SP
07942,-23.270438977470665,-46.741259480441876,francisco morato,SP
07942,-23.270724622283723,-46.740036091162935,francisco morato,SP
08411,-23.545028776299823,-46.41132080780765,sao paulo,SP
08411,-23.54576537246811,-46.409996514570935,sao paulo,SP
08411,-23.546680241553446,-46.41047180020277,sao paulo,SP
08525,-23.55278392645274,-46.38450688550984,ferraz de vasconcelos,SP
08525,-23.55673956026929,-46.39247117393224,ferraz de vasconcelos,SP
08525,-23.557227663434844,-46.39085199911859,ferraz de vasconcelos,SP
08743,-23.54185888443757,-46.20258800799501,mogi das cruzes,SP
08743,-23.550473150900935,-46.21721516873996,mogi das cruzes,SP
08743,-23.551812020982897,-46.21557544487669,mogi das cruzes,SP
09020,-23.65743787483404,-46.52234046627046,santo andre,SP
09020,-23.65743787483404,-46.52234046627046,santo andre,SP
09020,-23.65743787483404,-46.52234046627046,santo andre,SP
09120,-23.624669206719545,-46.5424677837922,santo andre,SP
09120,-23.670870051530283,-46.49638642296389,santo andre,SP
09120,-23.670870051530283,-46.49638642296389,santo andre,SP
09195,-23.66599557323452,-46.51702463222542,santo andre,SP
09195,-23.666159577298156,-46.51644211754857,santo andre,SP
09195,-23.666531807146676,-46.516408217527264,santo andre,SP
09280,-23.61916936141828,-46.528916104130936,santo andre,SP
09280,-23.61916936141828,-46.528916104130936,santo andre,SP
09280,-23.61916936141828,-46.528916104130936,santo andre,SP
09850,-23.659428613833636,-46.6060490677215,sao bernardo do campo,SP
09850,-23.659428613833636,-46.6060490677215,sao bernardo do campo,SP
09850,-23.69605953286676,-46.58507155660258,sao bernardo do campo,SP
09951,-23.68502593246275,-46.58411810061672,diadema,SP
09951,-23.68523089312724,-46.58497746364474,diadema,SP
09951,-23.685264114086117,-46.58485853635526,diadema,SP
11095,-23.922098718275812,-46.38701623535693,santos,SP
11095,-23.922098718275812,-46.38701623535693,santos,SP
11095,-23.922098718275812,-46.38701623535693,santos,SP
11523,-23.882481196332847,-46.42009156686167,cubatao,SP
11523,-23.882812517588388,-46.4200249777858,cubatao,SP
11523,-23.882984348958864,-46.42010814217284,cubatão,SP
88811,-28.645120551085235,-49.343472288673695,criciuma,SC
88811,-28.647158170749158,-49.356146436109434,criciuma,SC
88811,-28.649510999999997,-49.348402225535565,criciuma,SC
88820,-28.67451740699625,-49.257804841745184,içara,SC
88820,-28.679187943766326,-49.306517512880895,icara,SC
88820,-28.679538866395117,-49.31958909995279,icara,SC
89053,-26.870308029978624,-49.08528325921872,blumenau,SC
89053,-26.87042924202203,-49.0820058388828,blumenau,SC
89053,-26.87042924202203,-49.0820058388828,blumenau,SC
89228,-26.272304767125146,-48.806391033397134,joinville,SC
89228,-26.2723256194818,-48.807469849154586,joinville,SC
89228,-26.272464684430712,-48.79974550735758,joinville,SC
89980,-26.38855094756462,-53.077287125379726,campo erê,SC
89980,-26.389485,-53.078287456368955,campo ere,SC
89980,-26.389819691956625,-53.079829696049515,campo ere,SC
91550,-30.020803680405557,-51.11700056861588,porto alegre,RS
91550,-30.05784532441953,-51.212438517958944,porto alegre,RS
91550,-30.077021487809752,-51.1313949910142,porto alegre,RS
91750,-30.116463328062764,-51.21348449901904,porto alegre,RS
91750,-30.116789356870516,-51.2023410925973,porto alegre,RS
91750,-30.117463051070448,-51.21242144073525,porto alegre,RS
92990,-29.984009610362147,-51.30744717348287,eldorado do sul,RS
92990,-29.98447309790361,-51.310129754083206,eldorado do sul,RS
92990,-29.98757786762543,-51.31231019853507,eldorado do sul,RS
93115,-29.732048403154355,-51.14320794397504,sao leopoldo,RS
93115,-29.734004863994855,-51.141006236600155,sao leopoldo,RS
93115,-29.734761777452064,-51.13854655684265,sao leopoldo,RS
93425,-29.714188231668537,-51.11154337489511,novo hamburgo,RS
93425,-29.716580062932398,-51.11982731200107,novo hamburgo,RS
93425,-29.716799353423614,-51.12118467976856,novo hamburgo,RS
94460,-30.0988756396198,-51.07202828623591,viamao,RS
94460,-30.102843239565306,-51.07391763994502,viamao,RS
94460,-30.105039104934654,-51.077579162950784,viamao,RS
95020,-29.15602733262661,-51.18002727309341,caxias do sul,RS
95020,-29.15609184112586,-51.179073711566915,caxias do sul,RS
95020,-29.156093775878492,-51.17887110462026,caxias do sul,RS
97300,-30.235616447351248,-54.352561624775475,sao gabriel,RS
97300,-30.260594459347576,-54.51428955394053,são gabriel,RS
97300,-30.310802026266757,-54.32468339141671,sao gabriel,RS
97845,-28.22153973269834,-55.05041555029054,dezesseis de novembro,RS
97845,-28.224352560557612,-55.05030121371752,dezesseis de novembro,RS
97845,-28.226368696429805,-55.0474501009228,dezesseis de novembro,RS
98125,-28.78418552532322,-53.23601452239265,fortaleza dos valos,RS
98125,-28.786410120579273,-53.23473922785974,fortaleza dos valos,RS
98125,-28.78789264193917,-53.23101888925637,fortaleza dos valos,RS
02022,-23.502344382138418,-46.63783705832298,sao paulo,SP
02022,-23.502387558322983,-46.63772911786157,são paulo,SP
02022,-23.502387558322983,-46.63772911786157,sao paulo,SP
02616,-23.46460076106505,-46.65737731877193,sao paulo,SP
02616,-23.464682999999994,-46.65808196393319,sao paulo,SP
02616,-23.4650863230711,-46.65739948404407,sao paulo,SP
02945,-23.478632172629727,-46.728458995412375,sao paulo,SP
02945,-23.47951490590919,-46.727726720785974,sao paulo,SP
02945,-23.48037967931574,-46.7263702689708,sao paulo,SP
03001,-23.540637238675153,-46.612909109642715,sao paulo,SP
03001,-23.540637238675153,-46.612909109642715,sao paulo,SP
03001,-23.54138387625104,-46.614049445814196,sao paulo,SP
03186,-23.55993827699231,-46.581987813491814,são paulo,SP
03186,-23.561319268942242,-46.58078223313522,sao paulo,SP
03186,-23.561319268942242,-46.58078223313522,sao paulo,SP
03449,-23.55347404579032,-46.52780031251085,são paulo,SP
03449,-23.554326844855414,-46.52715386234055,sao paulo,SP
03449,-23.554675204830044,-46.52182026242136,sao paulo,SP
03521,-23.545181043020364,-46.516232200386646,sao paulo,SP
03521,-23.545181043020364,-46.516232200386646,sao paulo,SP
03521,-23.545764701915854,-46.516273591032395,são paulo,SP
03759,-23.496293713572626,-46.49096028420568,sao paulo,SP
03759,-23.49925432584106,-46.49130238966478,sao paulo,SP
03759,-23.49925432584106,-46.49130238966478,sao paulo,SP
03801,-23.497787168474776,-46.49019646794392,sao paulo,SP
03801,-23.497787168474776,-46.49019646794392,sao paulo,SP
03801,-23.498032714957592,-46.48821920260835,são paulo,SP
03911,-23.578691804605008,-46.51751428587913,sao paulo,SP
03911,-23.578730968636396,-46.51861997100231,sao paulo,SP
03911,-23.57913682157476,-46.5218011152539,sao paulo,SP
03930,-23.577199281435718,-46.501481587569934,sao paulo,SP
03930,-23.578402631138562,-46.501620569248075,sao paulo,SP
03930,-23.579057419931875,-46.50101245628713,sao paulo,SP
04163,-23.621597276992315,-46.614424212043396,sao paulo,SP
04163,-23.623190371823352,-46.61449151007526,sao paulo,SP
04163,-23.6263452850424,-46.61546947960068,são paulo,SP
04273,-23.592740898695823,-46.61988766250218,sao paulo,SP
04273,-23.592740898695823,-46.61988766250218,sao paulo,SP
04273,-23.593361144324533,-46.61990378711986,sao paulo,SP
04302,-23.620598612816707,-46.63883948834322,sao paulo,SP
04302,-23.620598612816707,-46.63883948834322,sao paulo,SP
04302,-23.620598612816707,-46.63883948834322,sao paulo,SP
04349,-23.64620744685208,-46.64686209769749,sao paulo,SP
04349,-23.646392947544566,-46.647182032748596,sao paulo,SP
04349,-23.646392947544566,-46.647182032748596,sao paulo,SP
04578,-23.60601031363604,-46.69672618593126,sao paulo,SP
04578,-23.60601031363604,-46.69672618593126,sao paulo,SP
04578,-23.60601031363604,-46.69672618593126,sao paulo,SP
04544,-23.59017540714994,-46.67284978074322,sao paulo,SP
04544,-23.59017540714994,-46.67284978074322,são paulo,SP
04544,-23.59017540714994,-46.67284978074322,sao paulo,SP
04537,-23.58449328420568,-46.68006344947781,sao paulo,SP
04537,-23.58449328420568,-46.68006344947781,sao paulo,SP
04537,-23.58449328420568,-46.68006344947781,são paulo,SP
04795,-23.640902381160625,-46.72365341645056,são paulo,SP
04795,-23.64634048033741,-46.72528249587722,são paulo,SP
04795,-23.64634048033741,-46.72528249587722,sao paulo,SP
04847,-23.74981810254469,-46.69876375197105,sao paulo,SP
04847,-23.74981810254469,-46.69876375197105,sao paulo,SP
04847,-23.74981810254469,-46.69876375197105,são paulo,SP
05059,-23.53146034915458,-46.71197339938831,sao paulo,SP
05059,-23.53208343460344,-46.709583550524535,sao paulo,SP
05059,-23.532280136435,-46.712342209412945,sao paulo,SP
05374,-23.57585420676329,-46.76058505023372,sao paulo,SP
05374,-23.57619598803792,-46.759233732305155,sao paulo,SP
05374,-23.57628688703906,-46.75919894532288,sao paulo,SP
05588,-23.57370846517395,-46.737071816405994,sao paulo,SP
05588,-23.57370846517395,-46.737071816405994,sao paulo,SP
05588,-23.57370846517395,-46.737071816405994,são paulo,SP
38442,-18.62915662455154,-48.18213377125686,araguari,MG
38442,-18.629272835910694,-48.18070978485147,araguari,MG
38442,-18.630602999999994,-48.20252399999999,araguari,MG
38414,-18.89219459390486,-48.33884213313673,uberlandia,MG
38414,-18.907249747977744,-48.319173289747646,uberlandia,MG
38414,-18.90750365306711,-48.321763685123216,uberlandia,MG
38660,-15.618652376720151,-46.426594261195454,buritis,MG
38660,-15.619165605259978,-46.42622125483813,buritis,MG
38660,-15.619771983045165,-46.42436723419226,buritis,MG
38700,-18.57832911066058,-46.5143152577057,patos de minas,MG
38700,-18.580620993180606,-46.51491912110269,patos de minas,MG
38700,-18.58181105756318,-46.51826299255585,patos de minas,MG
39625,-16.545157651842548,-41.50228427600247,itaobim,MG
39625,-16.54587724929406,-41.500134236069165,itaobim,MG
39625,-16.54604988115533,-41.50156280216819,itaobim,MG
41233,-12.906125843492928,-38.4507704293288,salvador,BA
41233,-12.9061498975993,-38.45366635469451,salvador,BA
41233,-12.907759950100047,-38.45042676977171,salvador,BA
41750,-12.952061483482984,-38.37528719219045,salvador,BA
41750,-12.952061483482984,-38.37528719219045,salvador,BA
41750,-12.952061483482984,-38.37528719219045,salvador,BA
45530,-14.274911470763398,-38.99703199903161,itacare,BA
45530,-14.275648426077936,-38.99709934859281,itacare,BA
45530,-14.275724887148305,-38.997017228836405,itacare,BA
45656,-14.816922495225123,-39.03515280544815,ilheus,BA
45656,-14.817895908845825,-39.03508616137145,ilheus,BA
45656,-14.818037804054825,-39.03282744718628,ilheus,BA
51130,-8.138307143806225,-34.90439840446372,recife,PE
51130,-8.138307143806225,-34.90439840446372,recife,PE
51130,-8.138307143806225,-34.90439840446372,recife,PE
55602,-8.114795326868798,-35.29900313019114,vitoria de santo antao,PE
55602,-8.11529224974572,-35.29326365450401,vitória de santo antão,PE
55602,-8.11711511353661,-35.29571730309345,vitoria de santo antao,PE
58038,-7.09772956341969,-34.83740501457095,joao pessoa,PB
58038,-7.097951043020357,-34.83603469386577,joao pessoa,PB
58038,-7.098163877727563,-34.83305603120921,joao pessoa,PB
59124,-5.738324945528417,-35.25080889778113,natal,RN
59124,-5.738324945528417,-35.25080889778113,natal,RN
59124,-5.740560932281121,-35.250807315713516,natal,RN
59596,-5.097817732907535,-36.24190335057292,galinhos,RN
59596,-5.097817732907535,-36.24190335057292,galinhos,RN
59596,-5.098425370396572,-36.24165651245267,galinhos,RN
59995,-6.203482955077715,-38.2890889288198,agua nova,RN
59995,-6.203482955077715,-38.2890889288198,agua nova,RN
59995,-6.203482955077715,-38.2890889288198,agua nova,RN
60844,-3.8228151269067268,-38.47770332519985,fortaleza,CE
60844,-3.823297251223956,-38.48082590821592,fortaleza,CE
60844,-3.823377359974622,-38.477912971694806,fortaleza,CE
65632,-5.109211347976236,-42.83227363513391,timon,MA
68010,-2.424064729987663,-54.711970431453544,santarem,PA
68010,-2.424064729987663,-54.711970431453544,santarem,PA
68010,-2.424064729987663,-54.711970431453544,santarem,PA
69911,-10.001347843138928,-67.79170811274655,rio branco,AC
69911,-10.00190122676277,-67.83880677048323,rio branco,AC
69911,-10.008036000000004,-67.7778255,rio branco,AC
70660,-15.801523747520392,-47.94362530539865,brasilia,DF
70660,-15.801666558395555,-47.94465350730104,brasilia,DF
70660,-15.801666558395555,-47.94465350730104,brasília,DF
18800,-23.157164570625653,-49.39323541157938,piraju,SP
18800,-23.1616194579999,-49.38902969748958,piraju,SP
18800,-23.170857918117445,-49.38228677566995,piraju,SP
19210,-22.301738602544585,-51.561075459006055,tarabai,SP
19210,-22.30244583352272,-51.54080246065907,tarabai,SP
19210,-22.30244583352272,-51.54080246065907,tarabai,SP
19910,-22.938346375706036,-49.88815136946807,ourinhos,SP
19910,-22.94422035094268,-49.88424574488819,ourinhos,SP
19910,-22.959650048214666,-49.89453566544037,ourinhos,SP
20090,-22.89745303413356,-43.180505634456786,rio de janeiro,RJ
20090,-22.89745303413356,-43.180505634456786,rio de janeiro,RJ
20090,-22.89745303413356,-43.180505634456786,rio de janeiro,RJ
20510,-22.91582689762265,-43.618858003795765,rio de janeiro,RJ
20510,-22.920438456575596,-43.24780417055226,rio de janeiro,RJ
20510,-22.920691809048407,-43.24882740966009,rio de janeiro,RJ
20775,-22.887860269778958,-43.27585171149515,rio de janeiro,RJ
20775,-22.887860269778958,-43.27585171149515,rio de janeiro,RJ
20775,-22.888369822926872,-43.275368912574294,rio de janeiro,RJ
21211,-22.829981606151602,-43.30625391049681,rio de janeiro,RJ
21211,-22.830179404956898,-43.306581096716535,rio de janeiro,RJ
21211,-22.831027868717193,-43.305443172081446,rio de janeiro,RJ
21320,-22.88431716235795,-43.3429223025562,rio de janeiro,RJ
21320,-22.884579870102186,-43.35064668763337,rio de janeiro,RJ
21320,-22.884585149604657,-43.350589090743945,rio de janeiro,RJ
21530,-22.822261930896147,-43.34691729946912,rio de janeiro,RJ
21530,-22.823837999999995,-43.3308735,rio de janeiro,RJ
21530,-22.823837999999995,-43.3308735,rio de janeiro,RJ
22081,-22.98181538718329,-43.190949211350926,rio de janeiro,RJ
22081,-22.98181538718329,-43.190949211350926,rio de janeiro,RJ
22081,-22.98181538718329,-43.190949211350926,rio de janeiro,RJ
22031,-22.962972841328487,-43.19345231633683,rio de janeiro,RJ
22031,-22.962972841328487,-43.19345231633683,rio de janeiro,RJ
22031,-22.963157369599138,-43.1909217740574,rio de janeiro,RJ
22070,-22.972950333889948,-43.18593969336697,rio de janeiro,RJ
22070,-22.97303693115595,-43.18596502236123,rio de janeiro,RJ
22070,-22.9732998800855,-43.18617448961263,rio de janeiro,RJ
24110,-22.856367583058596,-43.103026068941176,niteroi,RJ
24110,-22.859549948641092,-43.10109593868643,niteroi,RJ
24110,-22.859549948641092,-43.10109593868643,niteroi,RJ
24241,-22.902263447371677,-43.090789458912866,niteroi,RJ
24241,-22.902591503079318,-43.0980384747734,niteroi,RJ
24241,-22.902591503079318,-43.0980384747734,niteroi,RJ
24315,-22.892864511512528,-43.05406242728948,niteroi,RJ
24315,-22.892972503771126,-43.054212114815925,niteroi,RJ
24315,-22.895264022476805,-43.05665833028447,niteroi,RJ
24412,-22.81934041555496,-43.035620518574106,sao goncalo,RJ
24412,-22.840358603352243,-43.06698744933359,sao goncalo,RJ
24412,-22.84081313212594,-43.06753953361718,sao goncalo,RJ
24425,-22.848071644846677,-43.09221462057184,sao goncalo,RJ
24425,-22.848102468834547,-43.09223987000871,sao goncalo,RJ
24425,-22.848126443047338,-43.09225950845961,sao goncalo,RJ
26263,-22.68714606120849,-43.47713826108991,nova iguacu,RJ
26263,-22.715390512567293,-43.455131051120475,nova iguacu,RJ
26263,-22.71978380342555,-43.46539867721943,nova iguacu,RJ
26379,-22.73074510878233,-43.564369067444964,queimados,RJ
26379,-22.73074510878233,-43.564369067444964,queimados,RJ
26379,-22.730818677338565,-43.56319926616679,queimados,RJ
27345,-22.538577287154432,-44.181207873989,barra mansa,RJ
27345,-22.53950255092621,-44.180615247706164,barra mansa,RJ
27345,-22.539916286412353,-44.18098307835566,barra mansa,RJ
27963,-22.330513738563763,-41.74026270563256,macae,RJ
27963,-22.332240747921006,-41.74882256573231,macae,RJ
27963,-22.332240747921006,-41.74882256573231,macae,RJ
27946,-22.34696809643724,-41.789641610764484,macae,RJ
27946,-22.353733572792308,-41.79141643178469,macaé,RJ
27946,-22.3561853398586,-41.7919655939298,macae,RJ
28080,-21.69119276237888,-41.309886903492256,campos dos goytacazes,RJ
28080,-21.691451620544925,-41.30987987566874,campos dos goytacazes,RJ
28080,-21.692606526208813,-41.309848520763836,campos dos goytacazes,RJ
71880,-15.898714658729634,-48.04320111352335,brasilia,DF
71880,-15.899202413075844,-48.04631723639163,brasilia,DF
71880,-15.900574568046336,-48.050769038943095,brasilia,DF
71940,-15.846263999999998,-47.92064175,brasilia,DF
71940,-15.846590369449078,-47.9243790567723,brasilia,DF
71940,-15.846590369449078,-47.9243790567723,brasilia,DF
72125,-15.80345248192415,-48.068486703081795,brasilia,DF
72125,-15.804293947937,-48.07068620267383,brasilia,DF
72125,-15.804513585720025,-48.06884842156974,brasilia,DF
74125,-16.604011162997438,-49.25509731226408,goiania,GO
74125,-16.604445426233784,-49.25571478030326,goiania,GO
74125,-16.671598268799656,-49.284561523316455,goiania,GO
74936,-16.757066999999946,-49.29002449999996,aparecida de goiania,GO
74936,-16.757066999999946,-49.29002449999996,aparecida de goiania,GO
74936,-16.757686218729294,-49.29235931416399,aparecida de goiania,GO
75760,-18.26008022357868,-48.151855775021545,cumari,GO
75760,-18.262977284206514,-48.152222435917004,cumari,GO
75760,-18.263710987203623,-48.14791035373271,cumari,GO
76980,-12.624581999999947,-60.30993499999997,vilhena,RO
76980,-12.624581999999947,-60.30993499999997,vilhena,RO
76980,-12.624581999999947,-60.30993499999997,vilhena,RO
77023,-10.087639144192849,-48.336759793087595,palmas,TO
77023,-10.092389566685043,-48.3364547459802,palmas,TO
77023,-10.155358786664896,-48.31472465016022,palmas,TO
78068,-15.568840562346093,-56.045045964287,cuiaba,MT
78068,-15.573551624268061,-56.04818761753336,cuiaba,MT
78068,-15.57917308218998,-56.024117383682814,cuiaba,MT
78050,-15.540757598316839,-56.094730968837354,cuiaba,MT
78050,-15.54100846947408,-56.09497714791905,cuiaba,MT
78050,-15.54154328136503,-56.095463505363156,cuiabá,MT
78049,-15.523030812999934,-56.08648499999998,cuiabá,MT
78049,-15.523030812999934,-56.08648499999998,cuiaba,MT
78049,-15.523030812999934,-56.08648499999998,cuiaba,MT
78030,-15.56975840423846,-56.09537660710555,cuiaba,MT
78030,-15.597861519995096,-56.12331628927353,cuiaba,MT
78030,-15.59922142024454,-56.12251280605827,cuiaba,MT
78556,-11.853287248708957,-55.526567470449585,sinop,MT
78556,-11.854234017586505,-55.528325450318704,sinop,MT
78556,-11.854234017586505,-55.528325450318704,sinop,MT
78600,-15.385250311488313,-52.20179007665805,barra do garcas,MT
78600,-15.38571904903378,-52.20775776699394,barra do garcas,MT
78600,-15.428576999999947,-52.65688399999996,barra do garcas,MT
79062,-20.504645823161283,-54.559452587848824,campo grande,MS
79062,-20.50503482237861,-54.56626985734889,campo grande,MS
79062,-20.50503482237861,-54.56626985734889,campo grande,MS
80240,-25.44254292783772,-49.286670401610024,curitiba,PR
80240,-25.442678943937885,-49.283330390645745,curitiba,PR
80240,-25.442678943937885,-49.283330390645745,curitiba,PR
81530,-25.451467660558475,-49.24456951970194,curitiba,PR
81530,-25.451587132379313,-49.22895108713726,curitiba,PR
81530,-25.451587132379313,-49.22895108713726,curitiba,PR
83075,-25.51755382244482,-49.10540157815513,sao jose dos pinhais,PR
83075,-25.520526623831834,-49.10211571784309,sao jose dos pinhais,PR
83075,-25.520949482370625,-49.10064908228981,sao jose dos pinhais,PR
83020,-25.5478241679685,-49.189959927840064,sao jose dos pinhais,PR
83020,-25.54871653621104,-49.19682843184845,sao jose dos pinhais,PR
83020,-25.54892652379382,-49.19226892663824,sao jose dos pinhais,PR
83065,-25.500818959362316,-49.16806649461493,sao jose dos pinhais,PR
83065,-25.50304343158864,-49.16204894740035,sao jose dos pinhais,PR
83065,-25.503938120722562,-49.16390606466046,sao jose dos pinhais,PR
83490,-24.65723728479025,-48.99296359854233,adrianopolis,PR
83490,-24.65734927216013,-48.99301709405892,adrianopolis,PR
83490,-24.65739486082314,-48.992754162739544,adrianópolis,PR
83508,-25.365151175999983,-49.31161630499997,almirante tamandare,PR
83508,-25.365151175999983,-49.31161630499997,almirante tamandaré,PR
83508,-25.365151175999983,-49.31161630499997,almirante tamandare,PR
84026,-25.093680860317516,-50.15061147065541,ponta grossa,PR
84026,-25.093994154415963,-50.15048760284877,ponta grossa,PR
84026,-25.096539494302164,-50.14512443261539,ponta grossa,PR
84267,-24.322295493846706,-50.64001324087678,telemaco borba,PR
84267,-24.322477049313033,-50.638737041634485,telêmaco borba,PR
84267,-24.32250204814768,-50.63768578797624,telemaco borba,PR
85863,-25.50578030211492,-54.54573447745025,foz do iguacu,PR
85863,-25.506947448575108,-54.55081359169516,foz do iguacu,PR
85863,-25.508551734324765,-54.552586569051456,foz do iguacu,PR
86047,-23.337801795433748,-51.163292220764916,londrina,PR
86047,-23.339178479978436,-51.163910689130695,londrina,PR
86047,-23.341120468219696,-51.168216828255375,londrina,PR
86037,-23.311565999999992,-51.11566199999999,londrina,PR
86037,-23.311600869125243,-51.11627544714674,londrina,PR
86037,-23.31243764917196,-51.11783993104038,londrina,PR
86460,-23.300255228738248,-50.312265455813275,abatia,PR
86460,-23.300355646346308,-50.31106842970416,abatia,PR
86460,-23.301010853579836,-50.31528949823455,abatia,PR
87060,-23.43494397876847,-51.964032519462236,maringa,PR
87060,-23.436956676516953,-51.961739467784184,maringa,PR
87060,-23.437125743170363,-51.96278040022681,maringá,PR
87560,-23.99278598350291,-53.69902728244386,iporã,PR
87560,-23.994467674895567,-53.69760105163654,ipora,PR
87560,-23.994467674895567,-53.69760105163654,ipora,PR
88025,-27.572727425211998,-48.53145861893354,florianopolis,SC
88025,-27.572727425211998,-48.53145861893354,florianopolis,SC
88025,-27.573091133792953,-48.530421533729516,florianopolis,SC
88353,-27.09960944237496,-48.910555294766944,brusque,SC
88353,-27.100312631909738,-48.90959120070888,brusque,SC
88353,-27.10116126687033,-48.91265590601094,brusque,SC
88359,-27.12672845752367,-48.93668606349369,brusque,SC
88359,-27.13150484190624,-48.95937516547909,brusque,SC
88359,-27.132302256264932,-48.962115246142034,brusque,SC
30150,-19.914105069940565,-43.93038952498697,belo horizonte,MG
30150,-19.914105069940565,-43.93038952498697,belo horizonte,MG
30150,-19.91425625783373,-43.92998630169081,belo horizonte,MG
30360,-19.953775329736203,-43.94734988467313,belo horizonte,MG
30360,-19.953775329736203,-43.94734988467313,belo horizonte,MG
30360,-19.953775329736203,-43.94734988467313,belo horizonte,MG
30870,-19.898350238703806,-44.00950433403538,belo horizonte,MG
30870,-19.89874710784772,-44.00825010497284,belo horizonte,MG
30870,-19.898975036078227,-44.008075363276944,belo horizonte,MG
31749,-19.794068580407092,-43.94820476729499,belo horizonte,MG
31749,-19.79410885567546,-43.948567587425714,belo horizonte,MG
31749,-19.794683684495617,-43.947882649247646,belo horizonte,MG
32140,-19.81170019008104,-44.14261549445133,contagem,MG
32140,-19.81170019008104,-44.14261549445133,contagem,MG
32140,-19.819446554602965,-44.14472913287371,contagem,MG
33172,-19.769551461720635,-43.88887401681296,santa luzia,MG
33172,-19.77579320785926,-43.891221965356785,santa luzia,MG
33172,-19.77579320785926,-43.891221965356785,santa luzia,MG
33600,-19.56724090895775,-44.038438179275936,pedro leopoldo,MG
33600,-19.56752871023518,-44.03068119710152,pedro leopoldo,MG
33600,-19.568560439775585,-44.03148528438582,pedro leopoldo,MG
33936,-19.76650321413113,-44.00171466359803,ribeirao das neves,MG
33936,-19.766556071715673,-44.00162722365764,ribeirao das neves,MG
33936,-19.770010080096604,-44.08212598150755,ribeirao das neves,MG
34007,-19.976524076684278,-43.85625425186817,nova lima,MG
34007,-19.983362055200672,-43.94480291486569,nova lima,MG
34007,-19.986683703243596,-43.94243086553874,nova lima,MG
35550,-20.34198551508888,-45.15056212787654,itapecerica,MG
35550,-20.345376340323394,-45.15645305363007,itapecerica,MG
35550,-20.466606749823164,-45.12612725420463,itapecerica,MG
36033,-21.780830536211035,-43.36406088481735,juiz de fora,MG
36033,-21.781331717691735,-43.36298284467919,juiz de fora,MG
36033,-21.781331717691735,-43.36298284467919,juiz de fora,MG
36325,-21.085488711420645,-44.20383136985799,tiradentes,MG
36325,-21.08567540290736,-44.204846490019676,tiradentes,MG
36325,-21.08567540290736,-44.204846490019676,tiradentes,MG
36407,-20.644722,-43.81092000000001,conselheiro lafaiete,MG
36407,-20.645588906845564,-43.810831188140384,conselheiro lafaiete,MG
36407,-20.647139924510768,-43.81362543029209,conselheiro lafaiete,MG
37504,-22.418808350325936,-45.48032878767225,itajuba,MG
37504,-22.421074499999996,-45.48164399999999,itajuba,MG
37504,-22.42143479855148,-45.48221077349541,itajuba,MG
37540,-22.219183915627728,-45.71710366437104,santa rita do sapucai,MG
37540,-22.219382999999944,-45.72124999999997,santa rita do sapucai,MG
37540,-22.219382999999944,-45.72124999999997,santa rita do sapucai,MG
37570,-22.244831277480014,-46.413151791853196,ouro fino,MG
37570,-22.24589457012501,-46.410588508011216,ouro fino,MG
37570,-22.246836456669275,-46.410146446201445,ouro fino,MG
37968,-21.181684725195726,-46.98091352536219,monte santo de minas,MG
37968,-21.181810945340917,-46.98025467204546,monte santo de minas,MG
37968,-21.18206881462666,-46.97989843311142,monte santo de minas,MG
38081,-19.744266644757232,-47.90618812681073,uberaba,MG
38081,-19.744266644757232,-47.90618812681073,uberaba,MG
38081,-19.746025570479855,-47.909224143616115,uberaba,MG
38360,-18.675274216224683,-49.57411675532402,capinopolis,MG
38360,-18.677289011796873,-49.575867076679685,capinopolis,MG
38360,-18.677849221489957,-49.57444687102052,capinopolis,MG
12213,-23.047572189999983,-45.90348949999998,sao jose dos campos,SP
12213,-23.109912471345027,-45.913047189071456,sao jose dos campos,SP
12213,-23.111538952639876,-45.917759551827835,sao jose dos campos,SP
12308,-23.297084612268446,-45.962202494171606,jacarei,SP
12308,-23.29738169608748,-45.96071282653355,jacarei,SP
12308,-23.29749654006337,-45.96177569464183,jacarei,SP
12411,-22.8925739703249,-45.39086659020213,pindamonhangaba,SP
12411,-22.928917254662863,-45.433117403487465,pindamonhangaba,SP
12411,-22.929991191125108,-45.434721425340065,pindamonhangaba,SP
13024,-22.887680321686123,-47.04953676089216,campinas,SP
13024,-22.887704831707417,-47.05218908140973,campinas,SP
13024,-22.887844270615684,-47.05071928642738,campinas,SP
13060,-22.840773195316224,-47.157258797310206,campinas,SP
13060,-22.915457541386406,-47.100841509578764,campinas,SP
13060,-22.9155048036385,-47.1162265144362,campinas,SP
13142,-22.76966916902304,-47.16496311281669,paulinia,SP
13142,-22.770750142391297,-47.171100835131895,paulinia,SP
13142,-22.770868861503843,-47.17149314654625,paulinia,SP
13272,-22.93768715665699,-47.00182911677804,valinhos,SP
13272,-22.93797155403222,-47.002608202748846,valinhos,SP
13272,-22.938177456203356,-46.99374693317983,valinhos,SP
13225,-23.209221789511098,-46.820089950047866,varzea paulista,SP
13225,-23.212402766008182,-46.85329628845607,varzea paulista,SP
13225,-23.214152558410376,-46.853878257864665,varzea paulista,SP
13295,-23.097950999999995,-47.01503249999999,itupeva,SP
13295,-23.13401252262103,-47.078031043712855,itupeva,SP
13295,-23.134330278377295,-47.079477554821366,itupeva,SP
13345,-23.093458142527467,-47.218402500125855,indaiatuba,SP
13345,-23.093458142527467,-47.218402500125855,indaiatuba,SP
13345,-23.093458142527467,-47.218402500125855,indaiatuba,SP
13321,-23.181540563256817,-47.277671087704896,salto,SP
13321,-23.182547715699677,-47.27965480433735,salto,SP
13321,-23.18273217793906,-47.286288122511706,salto,SP
13375,-22.928107942529245,-47.563380136162834,mombuca,SP
13375,-22.929096554447312,-47.56608270611051,mombuca,SP
13375,-22.92940931834325,-47.563193653422644,mombuca,SP
13328,-23.117461332794623,-47.33218888037397,salto,SP
13328,-23.177288556206342,-47.3432490929943,salto,SP
13328,-23.17761249290893,-47.351399111137695,salto,SP
13473,-22.696829179459947,-47.294273769615224,americana,SP
13473,-22.696829179459947,-47.294273769615224,americana,SP
13473,-22.70431127345191,-47.31895858822792,americana,SP
13457,-22.758636530816442,-47.39798346918355,santa barbara d'oeste,SP
13457,-22.75900798258125,-47.396569415345745,santa barbara d'oeste,SP
13457,-22.760336511489747,-47.39465451704052,santa barbara d'oeste,SP
13414,-22.675300700530876,-47.629897307663434,piracicaba,SP
13414,-22.67550723007681,-47.62950523229852,piracicaba,SP
13414,-22.675889319955367,-47.626033640112276,piracicaba,SP
13568,-21.99242316439204,-47.86800834632258,sao carlos,SP
13568,-21.99242316439204,-47.86800834632258,sao carlos,SP
13568,-21.99242316439204,-47.86800834632258,sao carlos,SP
13870,-21.961730354823043,-46.79367633037413,sao joao da boa vista,SP
13870,-21.962266522946926,-46.79362762907317,sao joao da boa vista,SP
13870,-21.962266522946926,-46.79362762907317,sao joao da boa vista,SP
13972,-22.42317929862871,-46.807087442135185,itapira,SP
13972,-22.423709976583854,-46.807716853585916,itapira,SP
13972,-22.424341690263415,-46.81471049386499,itapira,SP
14140,-21.313847999999947,-47.76793099999995,cravinhos,SP
14140,-21.313847999999947,-47.76793099999995,cravinhos,SP
14140,-21.328284904420574,-47.73123734328259,cravinhos,SP
14407,-20.473481743263,-47.413346812421075,franca,SP
14407,-20.473481743263,-47.413346812421075,franca,SP
14407,-20.473546115475596,-47.41730929850906,franca,SP
14405,-20.50308874516733,-47.40772826372743,franca,SP
14405,-20.505146160748097,-47.407343090638356,franca,SP
14405,-20.50519383847448,-47.407216404108254,franca,SP
14960,-21.456825572734925,-49.22722388785674,novo horizonte,SP
14960,-21.456825572734925,-49.22722388785674,novo horizonte,SP
14960,-21.456825572734925,-49.22722388785674,novo horizonte,SP
15091,-20.824351452503713,-49.394466029688125,sao jose do rio preto,SP
15091,-20.824541983145295,-49.399274664515126,sao jose do rio preto,SP
15091,-20.824659047277695,-49.399850620046536,são josé do rio preto,SP
15081,-20.834633549432574,-49.35885213258401,sao jose do rio preto,SP
15081,-20.83718841730352,-49.360178541973916,sao jose do rio preto,SP
15081,-20.83773967447372,-49.36165668699046,sao jose do rio preto,SP
15502,-20.404549990344517,-49.98446281422701,votuporanga,SP
15502,-20.404818690552744,-49.98701728956818,votuporanga,SP
15502,-20.404818690552744,-49.98701728956818,votuporanga,SP
16402,-21.668726629753593,-49.72930007216226,lins,SP
16402,-21.66973462975359,-49.73265804662705,lins,SP
16402,-21.66973462975359,-49.73265804662705,lins,SP
16901,-20.880855450458764,-51.37956158283807,andradina,SP
16901,-20.88158248098565,-51.37520709616829,andradina,SP
16901,-20.881699658895485,-51.379663347769615,andradina,SP
17900,-21.44763175838232,-51.58494464082874,dracena,SP
17900,-21.471320381815644,-51.53568591364522,dracena,SP
17900,-21.472450649378075,-51.524121279164945,dracena,SP
05871,-23.682582953372954,-46.77140109103238,são paulo,SP
05871,-23.683042706293158,-46.77369221382612,sao paulo,SP
05871,-23.68320479156327,-46.77145359824574,sao paulo,SP
05888,-23.665818709129216,-46.78312160450682,sao paulo,SP
05888,-23.67036172710359,-46.79537064778012,sao paulo,SP
05888,-23.670862931444407,-46.79506746517394,sao paulo,SP
06060,-23.548131605302295,-46.77635093558485,osasco,SP
06060,-23.54822174702714,-46.7764485891201,osasco,SP
06060,-23.548262988339157,-46.77649326720812,osasco,SP
06420,-23.504315344405804,-46.8745757194987,barueri,SP
06420,-23.506508949489163,-46.890856393132815,barueri,SP
06420,-23.50667292375493,-46.890873481141476,barueri,SP
06708,-23.57896639301167,-46.83754020024241,cotia,SP
06708,-23.580811613653427,-46.85733518650819,cotia,SP
06708,-23.58397480270903,-46.83892490331131,cotia,SP
07071,-23.43238982653355,-46.44522520191586,guarulhos,SP
07071,-23.450477249235394,-46.55518144463039,guarulhos,SP
07071,-23.451792485429053,-46.56774485276125,guarulhos,SP
07172,-23.41610845989382,-46.43053171717929,guarulhos,SP
07172,-23.416378124617694,-46.433491910352586,guarulhos,SP
07172,-23.41661659838998,-46.42795369900168,guarulhos,SP
07700,-23.335638199176042,-46.75890060774862,caieiras,SP
07700,-23.34183961200919,-46.75422674958657,caieiras,SP
07700,-23.346845070009575,-46.74468590594454,caieiras,SP
08690,-23.491825223271775,-46.32171703025378,suzano,SP
08690,-23.491825223271775,-46.32171703025378,suzano,SP
08690,-23.492690210587934,-46.32158278855794,suzano,SP
08664,-23.549569813859236,-46.33539874063147,suzano,SP
08664,-23.549618698402337,-46.33632160786335,suzano,SP
08664,-23.549618698402337,-46.33632160786335,suzano,SP
09090,-23.643010171400885,-46.5375136510808,santo andre,SP
09090,-23.643010171400885,-46.5375136510808,santo andré,SP
09090,-23.643962172322233,-46.53737650314625,santo andre,SP
09635,-23.6505917349529,-46.566528584655764,sao bernardo do campo,SP
09635,-23.650834220122153,-46.57307667652485,são bernardo do campo,SP
09635,-23.650834220122153,-46.57307667652485,sao bernardo do campo,SP
09628,-23.66000124008879,-46.56540643559935,sao bernardo do campo,SP
09628,-23.660199240088787,-46.56568437731553,sao bernardo do campo,SP
09628,-23.66148702746846,-46.56416174311855,sao bernardo do campo,SP
09780,-23.642546081084767,-46.576991511161495,são caetano do sul,SP
09780,-23.708516662282506,-46.53491426305905,sao bernardo do campo,SP
09780,-23.70965391618097,-46.53494149942307,sao bernardo do campo,SP
11065,-23.94829054010617,-46.325420587137245,santos,SP
11065,-23.94859654010618,-46.32545208713725,santos,SP
11065,-23.948780731057767,-46.336901825148566,santos,SP
11013,-23.93247997638663,-46.3232468864047,santos,SP
11013,-23.932789470713868,-46.32639333527612,santos,SP
11013,-23.932894986409995,-46.32668819248078,santos,SP
11090,-23.929454424470407,-46.36599249880888,santos,SP
11090,-23.93492556064973,-46.37203973299099,santos,SP
11090,-23.93492556064973,-46.37203973299099,santos,SP
11443,-23.904231154068555,-46.160157090108434,guaruja,SP
11443,-23.944292495213244,-46.29004817621896,guaruja,SP
11443,-23.944631653318233,-46.28752303695805,guaruja,SP
11500,-23.874884131615982,-46.41504289579722,cubatao,SP
11500,-23.874899028551006,-46.414898472048904,cubatao,SP
11500,-23.875206787686835,-46.41515809870731,cubatao,SP
11623,-23.730963279150032,-45.44587727261624,maresias,SP
11623,-23.75355092453404,-45.72535928051731,sao sebastiao,SP
11623,-23.75355092453404,-45.72535928051731,sao sebastiao,SP
88504,-27.811701419095158,-50.349301187344906,lages,SC
88504,-27.813041947544573,-50.339802100755904,lages,SC
88504,-27.81327303497028,-50.3493077776848,lages,SC
88750,-28.220764348310524,-49.16781412514563,braco do norte,SC
88750,-28.245152999999945,-49.17326299999996,braco do norte,SC
88750,-28.245152999999945,-49.17326299999996,braco do norte,SC
89110,-26.84704620874617,-49.03264866393359,gaspar,SC
89110,-26.89409564437513,-48.999935958887185,gaspar,SC
89110,-26.894155888244843,-48.99993684482644,gaspar,SC
89225,-26.23092752964453,-48.80478575045422,joinville,SC
89225,-26.231573739334323,-48.8042682918516,joinville,SC
89225,-26.231634076717974,-48.80420510836495,joinville,SC
89580,-27.00975492630927,-50.95150486978036,fraiburgo,SC
89580,-27.01037918244831,-50.94951389692813,fraiburgo,SC
89580,-27.01086834899455,-50.950001019091566,fraiburgo,SC
89650,-26.971193999999947,-51.44125849999996,treze tilias,SC
89650,-26.992016930475696,-51.41498050951694,treze tilias,SC
89650,-26.992016930475696,-51.41498050951694,treze tilias,SC
95590,-29.979085268592637,-50.12121791296188,tramandai,RS
95590,-29.98017129673501,-50.123465111207146,tramandai,RS
95590,-29.981446637568247,-50.126630775673796,tramandai,RS
97050,-29.68048849228023,-53.79561855043514,santa maria,RS
97050,-29.68095531058983,-53.801032433839595,santa maria,RS
97050,-29.681430967251412,-53.798680247013685,santa maria,RS
98804,-28.28851826959882,-54.25262226877689,santo angelo,RS
98804,-28.29308066903624,-54.25882443168005,santo ângelo,RS
98804,-28.29308066903624,-54.25882443168005,santo angelo,RS
99150,-28.335831838722854,-52.281388601859256,marau,RS
99150,-28.414248868882098,-52.21313073217008,marau,RS
99150,-28.414248868882098,-52.21313073217008,marau,RS
01023,-23.539021407438398,-46.63072986511052,sao paulo,SP
01023,-23.541081532632955,-46.63084531784219,sao paulo,SP
01023,-23.541081532632955,-46.63084531784219,são paulo,SP
01308,-23.553773895089147,-46.65209952637194,sao paulo,SP
01308,-23.553773895089147,-46.65209952637194,sao paulo,SP
01308,-23.553773895089147,-46.65209952637194,sao paulo,SP
02804,-23.478756076751772,-46.698664704110676,sao paulo,SP
02804,-23.480779798776627,-46.697238476686465,sao paulo,SP
02804,-23.481014814876787,-46.69776687829648,sao paulo,SP
02864,-23.471213395781632,-46.67837478573489,sao paulo,SP
02864,-23.471239023313515,-46.68429173604941,sao paulo,SP
02864,-23.471266023313518,-46.68429076158464,sao paulo,SP
03077,-23.527268852905493,-46.57660929006271,sao paulo,SP
03077,-23.527268852905493,-46.57660929006271,sao paulo,SP
03077,-23.527268852905493,-46.57660929006271,sao paulo,SP
03167,-23.553643075203006,-46.59799703068774,sao paulo,SP
03167,-23.553643075203006,-46.59799703068774,são paulo,SP
03167,-23.553643075203006,-46.59799703068774,sao paulo,SP
03210,-23.556906147094494,-46.60849426977895,sao paulo,SP
03210,-23.595832246465438,-46.55748296142303,são paulo,SP
03210,-23.596198783570284,-46.55653371480159,sao paulo,SP
03437,-23.554629315201378,-46.52694461017755,são paulo,SP
03437,-23.555921448237058,-46.52714903788447,são paulo,SP
03437,-23.556484519014354,-46.527625655288794,sao paulo,SP
03504,-23.533537620318523,-46.539300304893466,sao paulo,SP
03504,-23.533537620318523,-46.539300304893466,sao paulo,SP
03504,-23.533537620318523,-46.539300304893466,sao paulo,SP
03546,-23.529326657510516,-46.51164157605741,sao paulo,SP
03546,-23.530123309740905,-46.511313967799666,sao paulo,SP
03546,-23.53359722592187,-46.510112467799686,são paulo,SP
03604,-23.519913165730596,-46.54694372376578,sao paulo,SP
03604,-23.5206272514571,-46.547751389260746,são paulo,SP
03604,-23.52178103274858,-46.548851605055084,sao paulo,SP
03872,-23.5123069977783,-46.50033379961334,são paulo,SP
03872,-23.512534016725276,-46.501049539944844,sao paulo,SP
03872,-23.512538179294822,-46.501081124617684,sao paulo,SP
03933,-23.58209647998613,-46.50073960802289,sao paulo,SP
03933,-23.582108336112842,-46.4986058782965,sao paulo,SP
03933,-23.582222456765017,-46.50073182642412,sao paulo,SP
04006,-23.574476598938237,-46.642631384961575,sao paulo,SP
04006,-23.574546566189653,-46.6427719432454,são paulo,SP
04006,-23.574546566189653,-46.6427719432454,sao paulo,SP
04022,-23.5926665247259,-46.65093847527411,sao paulo,SP
04022,-23.5926665247259,-46.65093847527411,são paulo,SP
04022,-23.5926665247259,-46.65093847527411,sao paulo,SP
04007,-23.57255304968547,-46.65320331502103,sao paulo,SP
04007,-23.573418810433388,-46.65175185345377,sao paulo,SP
04007,-23.573903447688807,-46.65093718526744,sao paulo,SP
04119,-23.591520582244442,-46.63243858224443,sao paulo,SP
04119,-23.591520582244442,-46.63177070543636,sao paulo,SP
04119,-23.591520582244442,-46.63177070543636,sao paulo,SP
04362,-23.620762935797437,-46.71974028973314,são paulo,SP
04362,-23.64304119584956,-46.66579333607375,sao paulo,SP
04362,-23.643114642795332,-46.66588516916726,sao paulo,SP
04424,-23.684089009224813,-46.63895493839741,sao paulo,SP
04424,-23.684448310608143,-46.637579565281655,sao paulo,SP
04424,-23.68450339269455,-46.638802455738876,sao paulo,SP
04565,-23.606778530671114,-46.696159513878456,sao paulo,SP
04565,-23.606778530671114,-46.696159513878456,sao paulo,SP
04565,-23.606778530671114,-46.696159513878456,sao paulo,SP
04542,-23.583922019706844,-46.67706236747644,sao paulo,SP
04542,-23.583988005828374,-46.676983683593996,sao paulo,SP
04542,-23.583988005828374,-46.676983683593996,sao paulo,SP
04621,-23.623185646522842,-46.68490363475956,sao paulo,SP
04621,-23.623242317790982,-46.68466721065843,sao paulo,SP
04621,-23.623242317790982,-46.68466721065843,sao paulo,SP
04773,-23.677958808211695,-46.71097240368747,sao paulo,SP
04773,-23.679123443245405,-46.70975184485541,sao paulo,SP
04773,-23.67913658228982,-46.70966218067981,sao paulo,SP
04850,-23.659407786809464,-46.75699374209451,sao paulo,SP
04850,-23.659407786809464,-46.75699374209451,sao paulo,SP
04850,-23.746252526227707,-46.677001782820696,são paulo,SP
04830,-23.72732033799529,-46.703348658462886,sao paulo,SP
04830,-23.727500077990655,-46.70219100721335,sao paulo,SP
04830,-23.727583014899977,-46.700402341814545,sao paulo,SP
04829,-23.72332743130018,-46.70745139203073,são paulo,SP
04829,-23.72430643719134,-46.70672776694096,sao paulo,SP
04829,-23.72472784761443,-46.70937569375772,sao paulo,SP
04895,-23.41584763780366,-46.75104288689484,sao paulo,SP
04895,-23.41584763780366,-46.75104288689484,sao paulo,SP
04895,-23.416612218708504,-46.75236368650818,sao paulo,SP
05056,-23.528465497085804,-46.70410595337296,sao paulo,SP
05056,-23.52862543188909,-46.704255397145374,sao paulo,SP
05056,-23.52883449708581,-46.70422295337295,sao paulo,SP
05044,-23.52326733653655,-46.69557261772529,sao paulo,SP
05044,-23.52326733653655,-46.69557261772529,sao paulo,SP
05044,-23.52326733653655,-46.69557261772529,sao paulo,SP
05083,-23.52935240022503,-46.7200315206878,sao paulo,SP
05083,-23.529631400225036,-46.719950520687775,sao paulo,SP
05083,-23.53018570191585,-46.719725034277786,sao paulo,SP
05087,-23.523680934214372,-46.73103383250616,sao paulo,SP
05087,-23.523680934214372,-46.73103383250616,sao paulo,SP
05087,-23.523680934214372,-46.73103383250616,sao paulo,SP
05021,-23.48468841825844,-46.70165590521668,sao paulo,SP
05021,-23.52858720122337,-46.68235959616829,sao paulo,SP
05021,-23.52858720122337,-46.68235959616829,sao paulo,SP
05136,-23.48818950746445,-46.74580205826949,sao paulo,SP
05136,-23.488896113367908,-46.74510625481877,sao paulo,SP
05136,-23.488896113367908,-46.74510625481877,sao paulo,SP
05161,-23.470909847625382,-46.75443075633317,sao paulo,SP
05161,-23.480482777136544,-46.7544001964915,sao paulo,SP
05161,-23.482348994171616,-46.75574245671983,sao paulo,SP
05125,-23.49683106217895,-46.74013053234455,são paulo,SP
05125,-23.496899900483427,-46.740116450033874,sao paulo,SP
05125,-23.49740511324939,-46.73957402513118,sao paulo,SP
05348,-23.541493787069136,-46.741041493105406,sao paulo,SP
05348,-23.541493787069136,-46.741041493105406,sao paulo,SP
05348,-23.54149451294311,-46.74104191187885,sao paulo,SP
05468,-23.53634728642737,-46.71387176588381,sao paulo,SP
05468,-23.536481542631414,-46.715735184219454,sao paulo,SP
05468,-23.536485764643068,-46.71392121637123,são paulo,SP
05469,-23.53759820260835,-46.7195527986324,sao paulo,SP
05469,-23.53759820260835,-46.7195527986324,sao paulo,SP
05469,-23.53759820260835,-46.7195527986324,sao paulo,SP
05402,-23.558304677634965,-46.66827181880892,sao paulo,SP
05402,-23.558304677634965,-46.66827181880892,sao paulo,SP
05402,-23.558304677634965,-46.66827181880892,sao paulo,SP
38500,-18.610285950301716,-47.60485455155883,monte carmelo,MG
38500,-18.610285950301716,-47.60485455155883,monte carmelo,MG
38500,-18.610285950301716,-47.60485455155883,monte carmelo,MG
39205,-18.132743999999946,-45.160365499999955,tres marias,MG
39205,-18.132743999999946,-45.160365499999955,tres marias,MG
39205,-18.19544151600219,-45.22577155124201,tres marias,MG
39480,-15.346946814634657,-44.24385132969157,januaria,MG
39480,-15.347800518071589,-44.25532320632543,januária,MG
39480,-15.462162649921792,-44.371277618995904,januária,MG
41385,-12.908135902048954,-38.427727715902506,salvador,BA
41385,-12.909543428282584,-38.43056526146614,salvador,BA
41385,-12.909729790420606,-38.42859977957613,salvador,BA
41630,-12.83613350882616,-38.471705872793464,salvador,BA
41630,-12.83613350882616,-38.471705872793464,salvador,BA
41630,-12.836156589568624,-38.471640676462684,salvador,BA
41770,-12.976752161812273,-38.44780476837919,salvador,BA
41770,-12.978135512637712,-38.446403453372966,salvador,BA
41770,-12.978367577191094,-38.44783758225866,salvador,BA
41820,-12.877116951101819,-38.389445449791346,salvador,BA
41820,-12.877227993920656,-38.389408817108844,salvador,BA
41820,-12.877247365022285,-38.3892809201471,salvador,BA
45075,-14.829096704176608,-40.86466910450478,vitoria da conquista,BA
45075,-14.831997307519208,-40.85784980682672,vitoria da conquista,BA
45075,-14.83240101365212,-40.85963419673299,vitoria da conquista,BA
46930,-12.512308577390838,-41.574648732358995,palmeiras,BA
46930,-12.513460160702262,-41.577242950441196,palmeiras,BA
46930,-12.513555132733094,-41.582842925210166,palmeiras,BA
50820,-8.074028155575537,-34.923318517877725,recife,PE
50820,-8.074117100467458,-34.92276681917597,recife,PE
50820,-8.074583759261523,-34.9230822988365,recife,PE
52080,-8.008528541524841,-34.91151664697036,recife,PE
52080,-8.008711405047011,-34.91300174679755,recife,PE
52080,-8.00885543018832,-34.91306604373563,recife,PE
52010,-8.053434272548916,-34.89995512406942,recife,PE
52010,-8.053781385509856,-34.902266982514845,recife,PE
52010,-8.053790919239391,-34.899268908275126,recife,PE
53060,-7.968628593109858,-34.84718432139766,olinda,PE
53060,-7.968655008203901,-34.84743729267936,olinda,PE
53060,-7.968659457960576,-34.84727914585374,olinda,PE
53230,-8.006254880013953,-34.863286104072,olinda,PE
53230,-8.00733971994926,-34.86713867845811,olinda,PE
53230,-8.00760674355124,-34.866812215794305,olinda,PE
55125,-7.997964488643854,-36.05786149059145,toritama,PE
55125,-8.001128879879651,-36.057017573059774,toritama,PE
55125,-8.001862129642392,-36.060543856378786,toritama,PE
57150,-9.547236037105316,-35.96145346531109,pilar,AL
57150,-9.590621238992037,-35.952671619496016,pilar,AL
57150,-9.592700114267352,-35.95850101567387,pilar,AL
57570,-9.398894113104516,-36.98745983777404,cacimbinhas,AL
57570,-9.400760388310193,-36.992601014274776,cacimbinhas,AL
57570,-9.400760388310193,-36.992601014274776,cacimbinhas,AL
60874,-3.7565153494722034,-38.604178301555066,fortaleza,CE
60874,-3.796773291618893,-38.46702008052287,fortaleza,CE
60874,-3.8114745413921587,-38.50787133413687,fortaleza,CE
61760,-3.816804584306565,-38.43405809844747,eusebio,CE
61760,-3.821746789240582,-38.42151775230473,eusebio,CE
61760,-3.821746789240582,-38.42151775230473,eusebio,CE
62600,-3.674532346899027,-39.5774526160219,itapaje,CE
62600,-3.6746945164434064,-39.57809791566724,itapaje,CE
62600,-3.6754710504046018,-39.58173656763751,itapajé,CE
64049,-5.047747633054443,-42.79182385075861,teresina,PI
64049,-5.048904687731574,-42.79395335273186,teresina,PI
64049,-5.049314466167608,-42.793015829340334,teresina,PI
64806,-6.770958197809626,-43.01636291209621,floriano,PI
64806,-6.770958197809626,-43.01636291209621,floriano,PI
64806,-6.77231415326805,-43.013256631742955,floriano,PI
66023,-1.448656906290652,-48.451241226912344,belem,PA
66023,-1.4527844999999988,-48.49565400000001,belem,PA
66023,-1.4556939683479304,-48.49859011252825,belem,PA
66045,-1.4291556278203392,-48.45846815251885,belem,PA
66045,-1.4372805739799421,-48.455217672197044,belem,PA
66045,-1.4429699999999914,-48.480583499999995,belem,PA
68371,-3.187368772081602,-52.213024730373526,altamira,PA
68371,-3.202084219476939,-52.211001523939984,altamira,PA
68371,-3.2029050198146973,-52.20495526945928,altamira,PA
70235,-15.81229423141458,-47.893234047739895,brasilia,DF
70235,-15.81229423141458,-47.893234047739895,brasilia,DF
70235,-15.81229423141458,-47.893234047739895,brasilia,DF
70719,-15.783282,-47.88768421244212,brasilia,DF
70719,-15.783282,-47.88768421244212,brasilia,DF
70719,-15.783282,-47.88768421244212,brasilia,DF
18760,-23.01812472953806,-49.158432,cerqueira cesar,SP
18760,-23.018824399768153,-49.1596457418429,cerqueira césar,SP
18760,-23.020519264130474,-49.158997032475874,cerqueira cesar,SP
18701,-23.0942742850424,-48.90055703788448,avare,SP
18701,-23.094332340821293,-48.9064738703128,avare,SP
18701,-23.094743390025513,-48.90595791491516,avare,SP
18890,-23.447205885183322,-49.41138983979859,taguai,SP
18890,-23.447205885183322,-49.41138983979859,taguai,SP
18890,-23.447205885183322,-49.41138983979859,taguai,SP
19051,-22.14171133028447,-51.46240145850884,presidente prudente,SP
19051,-22.142246069055627,-51.46091171344781,presidente prudente,SP
19051,-22.1431255353758,-51.45987658919217,presidente prudente,SP
19200,-22.267158610236475,-51.49495612652426,pirapozinho,SP
19200,-22.267158610236475,-51.49495612652426,pirapozinho,SP
19200,-22.267278571776675,-51.492954126798644,pirapozinho,SP
19803,-22.670697038576964,-50.436933610883464,assis,SP
19803,-22.67143315875458,-50.436580251639406,assis,SP
19803,-22.67345322289017,-50.433408344097096,assis,SP
20780,-22.885492452680463,-43.57959442492353,rio de janeiro,RJ
20780,-22.886195363869774,-43.26868791727748,rio de janeiro,RJ
20780,-22.88650136386977,-43.268833866207025,rio de janeiro,RJ
21940,-22.806265505684152,-43.20819293935027,rio de janeiro,RJ
21940,-22.806784132379317,-43.207523031767636,rio de janeiro,RJ
21940,-22.806872183449762,-43.20743099901903,rio de janeiro,RJ
23057,-22.784274977523513,-43.227154055047045,rio de janeiro,RJ
23057,-22.78584664636111,-43.22530461691487,rio de janeiro,RJ
23057,-22.787545510280964,-43.22817568925604,rio de janeiro,RJ
23970,-22.854761101476544,-42.29734691832723,parati,RJ
23970,-23.026810499999996,-44.530767,paraty,RJ
23970,-23.04357027427325,-44.59478595714229,parati,RJ
25055,-22.624977432995134,-43.20923148777833,duque de caxias,RJ
25055,-22.752917817851475,-43.27614909325114,duque de caxias,RJ
25055,-22.753120500000005,-43.280829,duque de caxias,RJ
27211,-22.482663233971948,-44.07670629739164,volta redonda,RJ
27211,-22.48280101027178,-44.078166272000644,volta redonda,RJ
27211,-22.482870066333888,-44.078066271856414,volta redonda,RJ
27261,-22.517853150152916,-44.102633573691485,volta redonda,RJ
27261,-22.518007040798665,-44.10265157369147,volta redonda,RJ
27261,-22.518135,-44.10265976686477,volta redonda,RJ
27933,-22.384077550533842,-41.818043604171685,macae,RJ
27933,-22.384077550533842,-41.818043604171685,macaé,RJ
27933,-22.384077550533842,-41.818043604171685,macae,RJ
28035,-21.74593250452771,-41.33107925792348,campos dos goytacazes,RJ
28035,-21.746022597970377,-41.331024848486514,campos dos goytacazes,RJ
28035,-21.746138077055882,-41.33095634353716,campos dos goytacazes,RJ
70800,-15.751484999999995,-47.87022599999999,brasilia,DF
70800,-15.752052723007681,-47.86969033236193,brasilia,DF
70800,-15.752052723007681,-47.86969033236193,brasilia,DF
72320,-15.855089256745321,-48.069354804890715,brasilia,DF
72320,-15.855865264718856,-48.073309147409255,brasilia,DF
72320,-15.855870173431196,-48.072128929105354,samambaia,DF
73252,-15.685562563533363,-47.82474665647142,brasilia,DF
73252,-15.685976071087614,-47.825594666641244,brasília,DF
73252,-15.685976071087614,-47.825594666641244,brasilia,DF
74305,-16.688931459836503,-49.297734886958395,goiania,GO
74305,-16.68917675738078,-49.29927564239755,goiania,GO
74305,-16.68917675738078,-49.29927564239755,goiania,GO
74450,-16.650679499999995,-49.32508274999999,goiania,GO
74450,-16.652796233266038,-49.33142806957378,goiânia,GO
74450,-16.652796233266038,-49.33142806957378,goiânia,GO
74921,-16.746657242692613,-49.20906887674646,aparecida de goiania,GO
74921,-16.746842095133783,-49.207712140027894,aparecida de goiania,GO
74921,-16.74765717992191,-49.207717163685814,aparecida de goiania,GO
75880,-18.822080999999947,-50.627451499999964,paranaiguara,GO
75880,-18.822080999999947,-50.62744699999996,paranaiguara,GO
75880,-18.822080999999947,-50.62744699999996,paranaiguara,GO
75903,-17.77162670548488,-50.92113499953625,rio verde,GO
75903,-17.77223976203369,-50.92098636637811,rio verde,GO
75903,-17.773516758684323,-50.92374273685741,rio verde,GO
76906,-10.851309012228553,-61.95809488744179,ji-parana,RO
76906,-10.857004182530813,-61.95470312326231,ji-parana,RO
76906,-10.857469741566883,-61.95237457657395,ji-paraná,RO
78552,-11.819771999999993,-55.5069375,sinop,MT
78552,-11.820059897050697,-55.50624445476469,sinop,MT
78552,-11.82162348956757,-55.5040175858901,sinop,MT
78563,-11.191223999999945,-56.38223149999996,tabapora,MT
78563,-11.303696771306736,-56.809357915897536,tabapora,MT
78563,-11.304295731302448,-56.82561692825006,tabapora,MT
79042,-20.468289666397304,-54.56207806910385,campo grande,MS
79042,-20.468744014166916,-54.562737877315534,campo grande,MS
79042,-20.470954637587067,-54.56615573408409,campo grande,MS
79107,-20.42860105995724,-54.67095984901036,campo grande,MS
79107,-20.42888516209814,-54.66960852386178,campo grande,MS
79107,-20.429573245551932,-54.67097517999624,campo grande,MS
79320,-19.014517832589043,-57.64997746085081,corumbá,MS
79320,-19.014812177364057,-57.65084242137389,corumba,MS
79320,-19.014961142013004,-57.65113021351828,corumbá,MS
80060,-25.42159963474524,-49.261145794881486,curitiba,PR
80060,-25.42159963474524,-49.261145794881486,curitiba,PR
80060,-25.42160686372554,-49.25814795559466,curitiba,PR
80220,-25.438464,-49.2779115,curitiba,PR
80220,-25.438464,-49.2779115,curitiba,PR
80220,-25.438464,-49.2779115,curitiba,PR
80430,-25.42346765251885,-49.283601585204,curitiba,PR
80430,-25.423476820156917,-49.28781056258297,curitiba,PR
80430,-25.423476820156917,-49.28781056258297,curitiba,PR
81200,-25.413882066333883,-49.31176947377227,curitiba,PR
81200,-25.431244590963946,-49.32280854117518,curitiba,PR
81200,-25.43132074977741,-49.32999207706691,curitiba,PR
82200,-25.388394348606322,-49.2711614321369,curitiba,PR
82200,-25.389224528997673,-49.271822717179305,curitiba,PR
82200,-25.389224528997673,-49.271822717179305,curitiba,PR
82940,-25.448306537168435,-49.22143586823002,curitiba,PR
82940,-25.449737163891704,-49.22213017670728,curitiba,PR
82940,-25.449830297535883,-49.22183209686077,curitiba,PR
83605,-25.4444457950577,-49.55321452445078,campo largo,PR
83605,-25.444744564916586,-49.55223196196062,campo largo,PR
83605,-25.44550223909597,-49.55358870596535,campo largo,PR
83860,-26.069366999999946,-49.45172299999996,pien,PR
83860,-26.070339671555445,-49.41549572835739,pien,PR
83860,-26.070339671555445,-49.41549572835739,pien,PR
84500,-25.452440999999993,-50.656679999999994,irati,PR
84500,-25.456664591792755,-50.63328621158205,irati,PR
84500,-25.456674112443356,-50.635690232040126,irati,PR
85010,-25.3746315,-51.47432099999999,guarapuava,PR
85010,-25.383107596745198,-51.46895283582437,guarapuava,PR
85010,-25.384292265075754,-51.470670721045785,guarapuava,PR
85585,-25.819325944426705,-52.91765961111426,vere,PR
85585,-25.874077611752305,-52.91106660300798,vere,PR
85585,-25.874930240708046,-52.90573866645284,vere,PR
85640,-25.903041716734606,-53.46746806886998,ampere,PR
85640,-25.903041716734606,-53.46746806886998,ampere,PR
85640,-25.90352659997574,-53.467491251716716,ampere,PR
85826,-25.256256596979338,-53.57681965947302,lindoeste,PR
85826,-25.25664213917454,-53.57674586672199,lindoeste,PR
85826,-25.257173291542692,-53.575357189651214,lindoeste,PR
86020,-23.30160572780459,-51.17155006480842,londrina,PR
86020,-23.301776452391998,-51.16900550695356,londrina,PR
86020,-23.302696380778,-51.17209611336497,londrina,PR
86058,-23.31007750741947,-51.15381655487203,londrina,PR
86058,-23.348334768868305,-51.210697538480616,londrina,PR
86058,-23.348334768868305,-51.210697538480616,londrina,PR
86010,-23.30870251399403,-51.16164202553523,londrina,PR
86010,-23.30911811518264,-51.15634407602874,londrina,PR
86010,-23.30922057908982,-51.16026052681436,londrina,PR
87020,-23.396710835167152,-51.94214297874352,maringa,PR
87020,-23.396917869857063,-51.94136810369265,maringa,PR
87020,-23.397058828428786,-51.9413400108625,maringa,PR
87043,-23.390340985855786,-51.891992610739344,maringa,PR
87043,-23.390549229842097,-51.89244621356206,maringá,PR
87043,-23.391048221097293,-51.89267154298959,maringa,PR
88351,-27.071295401610016,-48.93658263918866,brusque,SC
88351,-27.07135364633422,-48.92375851239114,brusque,SC
88351,-27.07135364633422,-48.92375851239114,brusque,SC
29154,-20.2984707697504,-40.37723634698816,cariacica,ES
29154,-20.29969327223838,-40.381726173211895,cariacica,ES
29154,-20.300505395664143,-40.383504503634875,cariacica,ES
29308,-20.83478755786945,-41.11158157014174,cachoeiro de itapemirim,ES
29308,-20.83504987819677,-41.113945620981376,cachoeiro de itapemirim,ES
29308,-20.835348916401426,-41.11319679212448,cachoeiro de itapemirim,ES
29460,-21.12038549999999,-41.665947750000015,bom jesus do norte,ES
29460,-21.120617226719045,-41.66651011680857,bom jesus do norte,ES
29460,-21.121773415099987,-41.66633185017271,bom jesus do norte,ES
30431,-19.788376988054775,-43.98555835720466,belo horizonte,MG
30431,-19.79087638856827,-43.989052621415055,belo horizonte,MG
30431,-19.81536436164807,-43.96225645628715,belo horizonte,MG
31010,-19.903747757067745,-43.909443488088655,belo horizonte,MG
31010,-19.90912421371685,-43.91402253857695,belo horizonte,MG
31010,-19.90912421371685,-43.91402253857695,belo horizonte,MG
31030,-19.868312620154164,-44.00440951675939,belo horizonte,MG
31030,-19.868312620154164,-44.00440951675939,belo horizonte,MG
31030,-19.873413471002323,-43.980961919095165,belo horizonte,MG
31255,-19.858588848563134,-43.94814044586583,belo horizonte,MG
31255,-19.8592341648681,-43.947447752293805,belo horizonte,MG
31255,-19.85931718734491,-43.9494433015466,belo horizonte,MG
31615,-19.80122995248591,-43.97873727678334,belo horizonte,MG
31615,-19.801310029789846,-43.98676625532672,belo horizonte,MG
31615,-19.801311810433397,-43.958808272548914,belo horizonte,MG
31995,-19.820421748519585,-43.98034231132757,belo horizonte,MG
31995,-19.8348789708581,-43.89210973218294,belo horizonte,MG
31995,-19.834990323619365,-43.89294319124005,belo horizonte,MG
32015,-19.887754197771702,-44.02551655078972,contagem,MG
32015,-19.8908625398044,-44.08366594958109,contagem,MG
32015,-19.918456119954943,-44.0889360273419,contagem,MG
32230,-19.877067477914128,-44.020746827174065,contagem,MG
32230,-19.88927052350796,-44.11370132577558,contagem,MG
32230,-19.96832863616052,-44.03047501800713,contagem,MG
32604,-19.93532715959758,-44.1917430726352,betim,MG
32604,-19.935645003606684,-44.1913982113509,betim,MG
32604,-19.93588198917995,-44.19104325590049,betim,MG
34012,-19.96717574964466,-43.851683143995245,nova lima,MG
34012,-19.975438661869802,-43.84766034126933,nova lima,MG
34012,-19.978675698496467,-43.93918413677603,nova lima,MG
35650,-19.67111461095207,-44.898010845204006,pitangui,MG
35650,-19.671513755759424,-44.890187411018644,pitangui,MG
35650,-19.67164351515914,-44.88926028507905,pitangui,MG
36400,-19.179103878170803,-41.48012712347343,conselheiro lafaiete,MG
36400,-19.179171394046367,-41.480492781101574,conselheiro lafaiete,MG
36400,-19.181699568838006,-41.46777212386336,conselheiro lafaiete,MG
36570,-20.701715570458077,-42.86679414415842,vicosa,MG
36570,-20.70283414975712,-42.865995546716036,vicosa,MG
36570,-20.720820770160774,-42.86649777051557,viçosa,MG
36502,-21.119927640459856,-42.92793184295009,ubá,MG
36502,-21.120087446232457,-42.91067895264525,uba,MG
36502,-21.120087446232457,-42.91067895264525,uba,MG
36800,-20.70047173123619,-42.02505526276051,carangola,MG
36800,-20.70050035533233,-42.025167156954524,carangola,MG
36800,-20.70108177877414,-42.02730142210333,carangola,MG
37945,-20.677543463785174,-46.328456923959656,são josé da barra,MG
37945,-20.67827464391615,-46.33087348789993,sao jose da barra,MG
37945,-20.68534587172504,-46.33498908649378,sao jose da barra,MG
38150,-19.662368467468696,-48.30972600299938,veríssimo,MG
38150,-19.66697808496445,-48.308841913225216,verissimo,MG
38150,-19.66821100448447,-48.30854315900878,verissimo,MG
11900,-24.40577545632178,-47.7465970159327,registro,SP
11900,-24.407804030496084,-47.74304209973986,registro,SP
11900,-24.460194084935075,-47.81708411822627,registro,SP
12236,-23.15941108854364,-45.89917821085158,sao jose dos campos,SP
12236,-23.239227647500833,-45.89634453250584,sao jose dos campos,SP
12236,-23.239446896496556,-45.89872251736408,sao jose dos campos,SP
12307,-23.292049500000005,-45.95678324999999,jacarei,SP
12307,-23.29205153733622,-45.954748519562614,jacarei,SP
12307,-23.29236343729053,-45.95437878938762,jacarei,SP
12951,-23.107276978420078,-46.595334906014266,atibaia,SP
12951,-23.110460014609693,-46.533984239068126,atibaia,SP
12951,-23.110779843140616,-46.5469930983593,atibaia,SP
13087,-22.837625528997677,-47.051581416180966,campinas,SP
13087,-22.838720510964276,-47.04989408381903,campinas,SP
13087,-22.84204994532287,-47.050673710514204,campinas,SP
13088,-22.846487898399737,-47.03556055880146,campinas,SP
13088,-22.846609987837684,-47.03652086038296,campinas,SP
13088,-22.846616581577987,-47.0365215714726,campinas,SP
13084,-22.81440569663573,-47.0951033782965,campinas,SP
13084,-22.814731508742568,-47.09398412531019,campinas,SP
13084,-22.815593947544567,-47.09624584401868,campinas,SP
13031,-22.91426570413756,-47.080133329996,campinas,SP
13031,-22.91426570413756,-47.080133329996,campinas,SP
13031,-22.91426570413756,-47.080133329996,campinas,SP
13181,-22.793900178043444,-47.205378666109375,sumare,SP
13181,-22.79401228905642,-47.20531070724243,sumare,SP
13181,-22.795202817003723,-47.20285810648236,sumare,SP
13211,-23.173011027232732,-46.924197394670244,jundiai,SP
13211,-23.173651585921068,-46.93060292292215,jundiai,SP
13211,-23.17373884378756,-46.935596837180704,jundiai,SP
13230,-23.2013885952598,-46.79198936881711,campo limpo paulista,SP
13230,-23.201547505168914,-46.79044585834594,campo limpo paulista,SP
13230,-23.20210840413916,-46.79195947127424,campo limpo paulista,SP
13310,-23.2665451917883,-47.30688082168613,itu,SP
13310,-23.2665451917883,-47.30688082168613,itu,SP
13310,-23.26665121497963,-47.315839885757356,itu,SP
13403,-22.689766185383007,-47.677783130965686,piracicaba,SP
13403,-22.691064277020985,-47.67902873573231,piracicaba,SP
13403,-22.691064277020985,-47.67902873573231,piracicaba,SP
13465,-22.73521861674424,-47.342868596611446,americana,SP
13465,-22.73558168255063,-47.33251167382514,americana,SP
13465,-22.735810965355824,-47.334268957761424,americana,SP
13567,-21.999164050233723,-47.876854305585944,sao carlos,SP
13567,-21.999334872648987,-47.877564468802916,sao carlos,SP
13567,-22.00000224424374,-47.87647347792721,sao carlos,SP
13848,-22.318043753117554,-46.92155928877482,mogi guacu,SP
13848,-22.31991676066435,-46.927767533502035,mogi-guacu,SP
13848,-22.3209090136662,-46.92782596496108,mogi guacu,SP
13825,-22.610053026371947,-47.065465084511516,holambra,SP
13825,-22.61075994087947,-47.0692572223152,holambra,SP
13825,-22.61099784226327,-47.06689371952639,holambra,SP
14010,-21.169893268942232,-47.810317557591304,ribeirao preto,SP
14010,-21.17123192200934,-47.80921167346645,ribeirao preto,SP
14010,-21.17176614203273,-47.812641270037744,ribeirão preto,SP
15061,-20.796573721367604,-49.3569598923013,sao jose do rio preto,SP
15061,-20.79695645267027,-49.32448774503024,sao jose do rio preto,SP
15061,-20.797253898606566,-49.35695934252583,sao jose do rio preto,SP
15820,-21.080742910122492,-48.658293836309326,pirangi,SP
15820,-21.08305916537001,-48.65982123325143,pirangi,SP
15820,-21.083777741580445,-48.65748582218599,pirangi,SP
15900,-21.37809634306899,-48.49455217607657,taquaritinga,SP
15900,-21.378261585857665,-48.49443523502612,taquaritinga,SP
15900,-21.379126208195515,-48.49988595687879,taquaritinga,SP
16800,-20.935728,-51.107208749999984,mirandopolis,SP
16800,-21.001723494795762,-51.08544309087773,mirandopolis,SP
16800,-21.016669999999976,-51.11666999999994,mirandopolis,SP
17039,-22.302014437965276,-49.003968571758236,bauru,SP
17039,-22.30244643796528,-49.00408009729346,bauru,SP
17039,-22.30283323896361,-49.002558678198305,bauru,SP
17700,-21.722393999999944,-50.86290049999997,osvaldo cruz,SP
17700,-21.77349930757683,-50.875849291026036,osvaldo cruz,SP
17700,-21.774633618862136,-50.87616534144321,osvaldo cruz,SP
18035,-23.495441525627086,-47.4597187612046,sorocaba,SP
18035,-23.49572020827979,-47.46291272381695,sorocaba,SP
18035,-23.49608912268446,-47.464392510127546,sorocaba,SP
18090,-23.47299540605342,-47.45464334733691,sorocaba,SP
18090,-23.47299540605342,-47.45464334733691,sorocaba,SP
18090,-23.47299540605342,-47.45464334733691,sorocaba,SP
18081,-23.469499991113196,-47.44276684609617,sorocaba,SP
18081,-23.470180763806344,-47.44417541395927,sorocaba,SP
18081,-23.470490252293818,-47.44452963613021,sorocaba,SP
18048,-23.53056101915858,-47.46772564279534,sorocaba,SP
18048,-23.530808440475447,-47.468157652518855,sorocaba,SP
18048,-23.530808440475447,-47.468157652518855,sorocaba,SP
06186,-23.524496329447743,-46.809943982255064,osasco,SP
06186,-23.524496329447743,-46.809943982255064,osasco,SP
06186,-23.524496329447743,-46.809943982255064,osasco,SP
06727,-23.645998088550893,-47.05670489425243,cotia,SP
06727,-23.65629667605801,-47.02124664845621,cotia,SP
06727,-23.65808653566278,-47.02938326741302,cotia,SP
06722,-23.634397445467105,-46.95014179808413,cotia,SP
06722,-23.634397445467105,-46.95014179808413,cotia,SP
06722,-23.634397445467105,-46.95014179808413,cotia,SP
07950,-23.2535162305163,-46.742814138466144,francisco morato,SP
07950,-23.253891467408973,-46.74386493038214,francisco morato,SP
07950,-23.253891467408973,-46.74386493038214,francisco morato,SP
08121,-23.494402047463772,-46.38807868581569,sao paulo,SP
08121,-23.494767150152924,-46.38697552039932,sao paulo,SP
08121,-23.49507763289054,-46.38568612174772,sao paulo,SP
08373,-23.416171932594615,-46.75311716176329,sao paulo,SP
08373,-23.418700106436216,-46.75483235036055,sao paulo,SP
08373,-23.424561082381288,-46.751354119222306,sao paulo,SP
08550,-23.518457263817105,-46.34207922912526,poa,SP
08550,-23.51987828085057,-46.34288133075234,poa,SP
08550,-23.520124026920204,-46.34419997100231,poa,SP
08587,-23.4199339826392,-46.311702654093146,itaquaquecetuba,SP
08587,-23.420029257221067,-46.3117085259993,itaquaquecetuba,SP
08587,-23.424660619853277,-46.31413953349902,itaquaquecetuba,SP
08616,-23.502713336112706,-46.31205206097041,suzano,SP
08616,-23.549460876964346,-46.29079349821132,suzano,SP
08616,-23.550991359828714,-46.289614233716286,suzano,SP
08752,-23.460688612873927,-46.2619801728177,mogi das cruzes,SP
08752,-23.460738067737232,-46.26201790127012,mogi das cruzes,SP
08752,-23.537508290916456,-46.26462896786274,mogi das cruzes,SP
09110,-23.661780021048575,-46.52294526951121,santo andre,SP
09110,-23.663048857608697,-46.5117293351319,santo andre,SP
09110,-23.663048857608697,-46.5117293351319,santo andre,SP
09360,-23.642685838190317,-46.442573559813006,maua,SP
09360,-23.642685838190317,-46.442573559813006,maua,SP
09360,-23.670530360263083,-46.459906343614676,maua,SP
09540,-23.6171169441431,-46.56942469872741,sao caetano do sul,SP
09540,-23.6171169441431,-46.56942469872741,sao caetano do sul,SP
09540,-23.6171169441431,-46.56942469872741,sao caetano do sul,SP
09541,-23.614109999999997,-46.56685139064575,sao caetano do sul,SP
09541,-23.61682815245949,-46.566841657801014,sao caetano do sul,SP
09541,-23.61682815245949,-46.566841657801014,sao caetano do sul,SP
09682,-23.664784169311496,-46.595776234231764,sao bernardo do campo,SP
09682,-23.665591466010657,-46.59618382234995,sao bernardo do campo,SP
09682,-23.665849931444402,-46.59637896517394,sao bernardo do campo,SP
09693,-23.662900048012027,-46.59300995796057,sao bernardo do campo,SP
09693,-23.66326718290151,-46.59188910727677,sao bernardo do campo,SP
09693,-23.66350890397595,-46.5910521021409,sao bernardo do campo,SP
09715,-23.707205015263444,-46.54898413431257,sao bernardo do campo,SP
09715,-23.708135530365986,-46.5489574354879,sao bernardo do campo,SP
09715,-23.708135530365986,-46.5489574354879,sao bernardo do campo,SP
09861,-23.695010697183992,-46.58192358442555,sao bernardo do campo,SP
09861,-23.695010697183992,-46.58192358442555,sao bernardo do campo,SP
09861,-23.695010697183992,-46.58192358442555,sao bernardo do campo,SP
09921,-23.6732664457269,-46.61234239924407,diadema,SP
09921,-23.67345854593455,-46.6102412596514,diadema,SP
09921,-23.67354854593455,-46.6102322596514,diadema,SP
11350,-23.940027867683412,-46.41550854593971,sao vicente,SP
11350,-23.940066046148175,-46.41931140623149,sao vicente,SP
11350,-23.94021523626923,-46.41885608988127,sao vicente,SP
88495,-28.015222752641755,-48.627978129315075,garopaba,SC
88495,-28.015222752641755,-48.627978129315075,garopaba,SC
88495,-28.018968710911267,-48.62547606698135,garopaba,SC
88840,-28.45230091853658,-49.30891662070301,urussanga,SC
88840,-28.506076965727672,-49.31630368070567,urussanga,SC
88840,-28.50770047404948,-49.319514076041635,urussanga,SC
89167,-27.218880891742266,-49.63653167583239,rio do sul,SC
89167,-27.219480255063775,-49.63449144131214,rio do sul,SC
89167,-27.219789026092815,-49.643018169761994,rio do sul,SC
89504,-26.76934645270615,-51.02351460217475,cacador,SC
89504,-26.77038504788657,-51.030228030323656,cacador,SC
89504,-26.77038504788657,-51.030228030323656,cacador,SC
89550,-26.882363999999946,-50.991591499999956,rio das antas,SC
89550,-26.882363999999946,-50.991591499999956,rio das antas,SC
89550,-26.882363999999946,-50.991591499999956,rio das antas,SC
90230,-29.987027221626164,-51.202370095044344,porto alegre,RS
90230,-29.999793845951938,-51.20536756189049,porto alegre,RS
90230,-30.000743140717862,-51.20009096918465,porto alegre,RS
91360,-30.012419577298157,-51.15305379782434,porto alegre,RS
91360,-30.013989757977964,-51.152769629465126,porto alegre,RS
91360,-30.013989757977964,-51.152769629465126,porto alegre,RS
93265,-29.84360423889451,-51.16558360274637,esteio,RS
93265,-29.84377651128984,-51.17328267550251,esteio,RS
93265,-29.844486543433216,-51.15729328283389,esteio,RS
93950,-29.561435907536556,-51.09033213295036,dois irmaos,RS
93950,-29.567917729384316,-51.09118000943506,dois irmaos,RS
93950,-29.568779999999997,-51.095493000000005,dois irmaos,RS
94035,-29.938130046627048,-51.00580259339832,gravatai,RS
94035,-29.938440331669444,-51.001808914103485,gravatai,RS
94035,-29.938500052455428,-50.99288291090083,gravatai,RS
95012,-29.163814521447534,-51.20582747788742,caxias do sul,RS
95012,-29.16550389342501,-51.21084180151248,caxias do sul,RS
95012,-29.166128631439978,-51.21230076023948,caxias do sul,RS
95555,-29.623665870337437,-49.94209012367896,capao da canoa,RS
95555,-29.62717591225674,-49.94115779160977,capao da canoa,RS
95555,-29.628043700858303,-49.94152151816527,capao da canoa,RS
95660,-29.481862410340245,-50.79084700439524,três coroas,RS
95660,-29.482482500666432,-50.790143188798176,tres coroas,RS
95660,-29.484963845244685,-50.79972176400028,tres coroas,RS
95600,-29.639693367713676,-50.783910027629005,taquara,RS
95600,-29.640846273455747,-50.79593645001109,taquara,RS
95600,-29.64098029848821,-50.79171020231072,taquara,RS
95765,-29.417257036139063,-51.3465015830812,bom principio,RS
95765,-29.443976999999997,-51.363537750000006,bom principio,RS
95765,-29.44525811692569,-51.351169454262916,bom principio,RS
95717,-29.102521499999998,-51.45159374999999,pinto bandeira,RS
95717,-29.108972999999946,-51.46404649999997,pinto bandeira,RS
95717,-29.108972999999946,-51.46404649999997,pinto bandeira,RS
95980,-28.967764668296944,-52.00235855007313,anta gorda,RS
95980,-28.968866139908982,-52.00837681810101,anta gorda,RS
95980,-28.969186499999996,-52.00928999999999,anta gorda,RS
96040,-31.738874185959926,-52.37882052221699,pelotas,RS
96040,-31.739972185959925,-52.37845407328745,pelotas,RS
96040,-31.742285615875126,-52.38200191730615,pelotas,RS
96407,-31.306165226180028,-54.11029951619051,bage,RS
96407,-31.306279932937258,-54.12378118741794,bage,RS
96407,-31.307497336415803,-54.117040575233744,bage,RS
97032,-29.68692917069648,-53.805873473628054,santa maria,RS
97032,-29.694362448237058,-53.877460322638406,santa maria,RS
97032,-29.694362448237058,-53.877460322638406,santa maria,RS
98590,-27.838243757662827,-53.77450437452163,santo augusto,RS
98590,-27.840808342075256,-53.77820331378827,santo augusto,RS
98590,-27.84098666988635,-53.77250620457661,santo augusto,RS
98750,-28.180379999999946,-53.73816649999996,ajuricaba,RS
98750,-28.231691746235096,-53.69917511586873,ajuricaba,RS
98750,-28.231691746235096,-53.69917511586873,ajuricaba,RS
98803,-28.272303,-54.259877249999995,santo angelo,RS
98803,-28.276758701496224,-54.255688328354154,santo ângelo,RS
98803,-28.277404700444812,-54.25873083144431,santo angelo,RS
01220,-23.54216419900167,-46.64545253996194,sao paulo,SP
01220,-23.542199580904835,-46.64653347114654,sao paulo,SP
01220,-23.542343444630372,-46.646473499999985,sao paulo,SP
01251,-23.545614226758595,-46.675340407034355,sao paulo,SP
01251,-23.54627939993657,-46.67337757103707,sao paulo,SP
01251,-23.546584027468462,-46.674231826937586,sao paulo,SP
01550,-23.571742474320544,-46.61652074508045,sao paulo,SP
01550,-23.571742474320544,-46.61652074508045,sao paulo,SP
01550,-23.571742474320544,-46.61652074508045,sao paulo,SP
01547,-23.58120762392521,-46.620163089647406,sao paulo,SP
01547,-23.58121355453289,-46.620482589647395,sao paulo,SP
01547,-23.581229521784316,-46.620775089647395,sao paulo,SP
02066,-23.50475193228113,-46.60780514709451,são paulo,SP
02066,-23.504937590339896,-46.60670855037795,sao paulo,SP
02066,-23.50503993228113,-46.60796617262972,sao paulo,SP
02010,-23.500123928054293,-46.62578319001199,sao paulo,SP
02010,-23.501164840412013,-46.62597393643607,sao paulo,SP
02010,-23.50118684016517,-46.62601307460561,são paulo,SP
02028,-23.50746649624909,-46.61739386081135,são paulo,SP
02028,-23.50751845268047,-46.6174707485429,sao paulo,SP
02028,-23.507898466447294,-46.61680530145028,sao paulo,SP
02261,-23.464751479600665,-46.57715387093891,sao paulo,SP
02261,-23.464751479600665,-46.57715387093891,sao paulo,SP
02261,-23.464751479600665,-46.57715387093891,sao paulo,SP
02537,-23.48966832001268,-46.65370624646544,sao paulo,SP
02537,-23.49007212600268,-46.65151665430786,são paulo,SP
02537,-23.490213621703504,-46.65270730460501,são paulo,SP
02751,-23.48936770552254,-46.68119502331351,sao paulo,SP
02751,-23.489451712735892,-46.681094530526885,sao paulo,SP
02751,-23.489506236193645,-46.68110852775691,sao paulo,SP
03088,-23.525715112567184,-46.56222933034741,sao paulo,SP
03088,-23.525715112567184,-46.56222933034741,sao paulo,SP
03088,-23.525715112567184,-46.56222933034741,são paulo,SP
03122,-23.565952791563276,-46.59663344379366,sao paulo,SP
03122,-23.566128505972614,-46.60025899209415,são paulo,SP
03122,-23.566200505972603,-46.60015549209415,sao paulo,SP
03201,-23.59699983735359,-46.57486320330083,sao paulo,SP
03201,-23.59702705744709,-46.574743997778285,são paulo,SP
03201,-23.59707512994282,-46.57493019371177,sao paulo,SP
03288,-23.589748666108854,-46.53241142867446,sao paulo,SP
03288,-23.59053868581569,-46.53278980045006,sao paulo,SP
03288,-23.591296288649072,-46.53115369233655,sao paulo,SP
03564,-23.53321650340715,-46.50046729003948,sao paulo,SP
03564,-23.53321650340715,-46.50046729003948,sao paulo,SP
03564,-23.53346435276127,-46.49968618220902,são paulo,SP
03520,-23.544233130446077,-46.51994105912052,são paulo,SP
03520,-23.544476549541233,-46.52080875229381,sao paulo,SP
03520,-23.544476549541233,-46.52080875229381,sao paulo,SP
03550,-23.52870015736628,-46.50862580169082,sao paulo,SP
03550,-23.529041224536893,-46.508323012493484,sao paulo,SP
03550,-23.530509404889138,-46.50715580044672,sao paulo,SP
03632,-23.526399902212066,-46.549672594101146,sao paulo,SP
03632,-23.526399902212066,-46.549672594101146,sao paulo,SP
03632,-23.526399902212066,-46.549672594101146,sao paulo,SP
03910,-23.582086166253085,-46.51800268013155,sao paulo,SP
03910,-23.582086166253085,-46.51800268013155,sao paulo,SP
03910,-23.582610000000003,-46.51761554440535,sao paulo,SP
03951,-23.58353292305826,-46.48957476496762,são paulo,SP
03951,-23.58353292305826,-46.48957476496762,sao paulo,SP
03951,-23.58353292305826,-46.48957476496762,sao paulo,SP
04040,-23.598711772652553,-46.650613514596266,são paulo,SP
04040,-23.598711772652553,-46.650613514596266,são paulo,SP
04040,-23.599195382546206,-46.648556142309644,sao paulo,SP
04243,-23.622657485429045,-46.58609464793122,sao paulo,SP
04243,-23.622657485429045,-46.58609464793122,sao paulo,SP
04243,-23.622657485429045,-46.58609464793122,sao paulo,SP
04275,-23.59267441993187,-46.616541569248085,sao paulo,SP
04275,-23.59272358006812,-46.61781428864907,sao paulo,SP
04275,-23.59309637246811,-46.617522883432365,sao paulo,SP
04445,-23.679725448785323,-46.685578719545234,sao paulo,SP
04445,-23.679725448785323,-46.685578719545234,sao paulo,SP
04445,-23.6799984343586,-46.68595972675859,sao paulo,SP
04461,-23.68998397140635,-46.67922846517395,são paulo,SP
04461,-23.690134739107844,-46.68022836150382,sao paulo,SP
04461,-23.690224739107844,-46.680358861503834,são paulo,SP
04676,-23.470409462115526,-46.71566907799064,sao paulo,SP
04676,-23.516352419095156,-46.38191391618096,sao paulo,SP
04676,-23.667425878313043,-46.685674540562324,sao paulo,SP
04960,-23.536931814876795,-46.53566959631251,sao paulo,SP
04960,-23.537344330941004,-46.53559932820908,sao paulo,SP
04960,-23.722152893553258,-46.78544917755371,sao paulo,SP
05010,-23.52867401610016,-46.690135077298144,sao paulo,SP
05010,-23.52867401610016,-46.690135077298144,sao paulo,SP
05010,-23.52867401610016,-46.690135077298144,sao paulo,SP
05141,-23.49065997530149,-46.7284764394945,sao paulo,SP
05141,-23.490709334439412,-46.727553824311855,sao paulo,SP
05141,-23.4908959977783,-46.72697080974089,sao paulo,SP
05138,-23.48184783319866,-46.73572675659298,sao paulo,SP
05138,-23.481880679987317,-46.73559723105777,sao paulo,SP
05138,-23.482190944486145,-46.73488313543773,sao paulo,SP
05134,-23.48467399056494,-46.74372166861901,sao paulo,SP
05134,-23.484977748542903,-46.74415993450284,sao paulo,SP
05134,-23.485141519014356,-46.74279649209415,sao paulo,SP
05571,-23.506988651437847,-46.373080746739596,sao paulo,SP
05571,-23.59086222312764,-46.797251795138266,sao paulo,SP
05571,-23.590983069940567,-46.79707974118532,sao paulo,SP
39401,-16.683596737722855,-43.877317908823365,montes claros,MG
39401,-16.683634411357595,-43.87881600647773,montes claros,MG
39401,-16.68371540383171,-43.87798904746378,montes claros,MG
40285,-12.983452981237155,-38.49319258631407,salvador,BA
40285,-12.983452981237155,-38.49319258631407,salvador,BA
40285,-12.983452981237155,-38.49319258631407,salvador,BA
45450,-13.736046941776753,-39.478467630725916,gandu,BA
45450,-13.73615503887039,-39.47820261194602,gandu,BA
45450,-13.736263111946014,-39.47824846112961,gandu,BA
48005,-12.125573258304632,-38.43410956968798,alagoinhas,BA
48005,-12.12948292564954,-38.42023018383284,alagoinhas,BA
48005,-12.135756591810761,-38.41860959181076,alagoinhas,BA
48904,-9.41228001654753,-40.4955168526388,juazeiro,BA
48904,-9.41228001654753,-40.4955168526388,juazeiro,BA
48904,-9.413630999999995,-40.49925975000001,juazeiro,BA
49052,-10.914448354060445,-37.0618162141624,aracaju,SE
49052,-10.914448354060445,-37.0618162141624,aracaju,SE
49052,-10.914448354060445,-37.0618162141624,aracaju,SE
49026,-10.934770175089842,-37.05316006463163,aracaju,SE
49026,-10.935620004991659,-37.06022769732822,aracaju,SE
49026,-10.936012840412015,-37.06012911019097,aracaju,SE
49160,-10.829459037632725,-37.0651149030438,nossa senhora do socorro,SE
49160,-10.82952368289559,-37.0644691813363,nossa senhora do socorro,SE
49160,-10.831219925272606,-37.079509040846766,nossa senhora do socorro,SE
52060,-8.0296332119499,-34.90923337689973,recife,PE
52060,-8.029641657222049,-34.909270727306854,recife,PE
52060,-8.029641657222049,-34.909270727306854,recife,PE
52070,-8.020658626788968,-34.925544701929894,recife,PE
52070,-8.020661693020369,-34.92558977553148,recife,PE
52070,-8.0216045723065,-34.92087095129547,recife,PE
55370,-8.5119606383427,-36.43398694778948,são bento do una,PE
55370,-8.517132,-36.43265924999999,sao bento do una,PE
55370,-8.517132,-36.43265924999999,sao bento do una,PE
55860,-7.585707909348045,-35.493664266572374,sao vicente ferrer,PE
55860,-7.586722504070562,-35.49382130238423,sao vicente ferrer,PE
55860,-7.589472117416284,-35.49129811578932,sao vicente ferrer,PE
56355,-8.438489816110502,-40.766386973147846,dormentes,PE
56355,-8.442240346755147,-40.76776608123904,dormentes,PE
56355,-8.44314066979639,-40.76946539450771,dormentes,PE
59040,-5.727435856793125,-35.2609452039794,natal,RN
59040,-5.727435856793125,-35.2609452039794,natal,RN
59040,-5.727435856793125,-35.2609452039794,natal,RN
59152,-5.877738075771432,-35.21718585682135,parnamirim,RN
59152,-5.877738075771432,-35.21718585682135,parnamirim,RN
59152,-5.877738075771432,-35.21718585682135,parnamirim,RN
60455,-3.7344700263719393,-38.55260761296094,fortaleza,CE
60455,-3.7361570080500823,-38.55226888703905,fortaleza,CE
60455,-3.736742982514854,-38.5549959708581,fortaleza,CE
60862,-3.792873934510676,-38.60816498296302,fortaleza,CE
60862,-3.792876889713361,-38.608155427807674,fortaleza,CE
60862,-3.805691398659595,-38.508315658909396,fortaleza,CE
62685,-3.413684999999944,-39.18590899999995,paraipaba,CE
62685,-3.4288959862135973,-39.14836664804014,paraipaba,CE
62685,-3.4304375431861795,-39.14370111471933,paraipaba,CE
65077,-2.4799517329669056,-44.21311542798252,sao luis,MA
65077,-2.4799517329669056,-44.21311542798252,sao luis,MA
65077,-2.48260292062668,-44.21720335148572,sao luis,MA
65130,-2.502303657786879,-44.1118924767582,paco do lumiar,MA
65130,-2.506817999999946,-44.12920849999995,paco do lumiar,MA
65130,-2.506817999999946,-44.12920849999995,paço do lumiar,MA
67110,-1.369239304527417,-48.41285809629305,ananindeua,PA
67110,-1.3823702152880548,-48.40745002800383,ananindeua,PA
67110,-1.3865745134550926,-48.407899452295545,ananindeua,PA
68180,-4.239467024178054,-55.97699446135631,itaituba,PA
68180,-4.245623028265173,-55.98191133681073,itaituba,PA
68180,-4.246923849887093,-55.982657902736975,itaituba,PA
69054,-3.0652956958441813,-60.00224923162775,manaus,AM
69054,-3.0653433505639716,-60.00228510358715,manaus,AM
69054,-3.0661666656890287,-60.00276381087222,manaus,AM
70258,-15.775978499999994,-47.885255999999984,brasília,DF
70258,-15.823322999999998,-47.902418999999995,brasilia,DF
70258,-15.823347884012634,-47.901867592903905,brasilia,DF
70744,-15.762595499999993,-47.88525825000001,brasilia,DF
70744,-15.762595499999993,-47.88525825000001,brasilia,DF
70744,-15.762595499999993,-47.88525825000001,brasilia,DF
18950,-23.047323789404185,-49.63162068906257,ipaussu,SP
18950,-23.047503138012544,-49.63002424098577,ipaussu,SP
18950,-23.04785330109099,-49.62743398478284,ipaussu,SP
21060,-22.847135657510513,-43.26747088288412,rio de janeiro,RJ
21060,-22.84796292477931,-43.267086692740584,rio de janeiro,RJ
21060,-22.84842908076061,-43.266857140285175,rio de janeiro,RJ
22071,-22.977015065785633,-43.193814223151904,rio de janeiro,RJ
22071,-22.977015065785633,-43.193814223151904,rio de janeiro,RJ
22071,-22.977015065785633,-43.193814223151904,rio de janeiro,RJ
22281,-22.95213205689883,-43.19384782889948,rio de janeiro,RJ
22281,-22.952331534277786,-43.194730117404326,rio de janeiro,RJ
22281,-22.952492487362285,-43.19364433094828,rio de janeiro,RJ
22431,-22.977095940879472,-43.2249416257142,rio de janeiro,RJ
22431,-22.977517033585308,-43.22490188871249,rio de janeiro,RJ
22431,-22.977627915344254,-43.22481264014095,rio de janeiro,RJ
22770,-22.925634223151906,-43.35815518844143,rio de janeiro,RJ
22770,-22.92592319761669,-43.35829723951187,rio de janeiro,RJ
22770,-22.92609479516995,-43.35842725659299,rio de janeiro,RJ
23036,-22.797601679987313,-43.1760187507646,rio de janeiro,RJ
23036,-22.928180826245093,-43.58125487815225,rio de janeiro,RJ
23036,-22.928180826245093,-43.58125487815225,rio de janeiro,RJ
23060,-22.808464761308162,-43.354776591793794,rio de janeiro,RJ
23060,-22.808464761308162,-43.354776591793794,rio de janeiro,RJ
23060,-22.808464761308162,-43.354776591793794,rio de janeiro,RJ
23042,-22.895284413423532,-43.3011174561555,rio de janeiro,RJ
23042,-22.918315161156897,-43.55239319949546,rio de janeiro,RJ
23042,-22.91831549999999,-43.55439750000001,rio de janeiro,RJ
24210,-22.498530844704117,-44.09163710196716,niteroi,RJ
24210,-22.498541674100217,-44.09147357808608,niteroi,RJ
24210,-22.884705680824034,-43.06669635290548,niteroi,RJ
24722,-22.772909531975127,-42.96647521217198,sao goncalo,RJ
24722,-22.772909531975127,-42.96647521217198,sao goncalo,RJ
24722,-22.773982641255067,-42.96636876418857,sao goncalo,RJ
25580,-22.7788311178902,-43.33694523824974,sao joao de meriti,RJ
25580,-22.77909,-43.33385700000001,sao joao de meriti,RJ
25580,-22.779131705682396,-43.33381440696267,sao joao de meriti,RJ
25963,-22.405470745751916,-42.97634154426028,teresopolis,RJ
25963,-22.40550016484495,-42.97631114453081,teresopolis,RJ
25963,-22.40569348931855,-42.976251096622505,teresopolis,RJ
26553,-22.769237447385745,-43.43640262408148,mesquita,RJ
26553,-22.770559448806598,-43.4359206861844,mesquita,RJ
26553,-22.770559448806598,-43.4359206861844,mesquita,RJ
26600,-22.551873492816554,-43.689463456899304,paracambi,RJ
26600,-22.551873492816554,-43.689463456899304,paracambi,RJ
26600,-22.551873492816554,-43.689463456899304,paracambi,RJ
26910,-22.431044999999955,-43.499079999999964,governador portela,RJ
26910,-22.431044999999955,-43.499079999999964,governador portela,RJ
26910,-22.431044999999955,-43.499079999999964,governador portela,RJ
28360,-20.957812029703202,-41.73561933582803,bom jesus do itabapoana,RJ
28360,-20.96384193084794,-41.734440325070295,bom jesus do itabapoana,RJ
28360,-21.01586036662584,-41.7171040858314,bom jesus do itabapoana,RJ
72640,-15.91307885940278,-48.0538468205119,brasilia,DF
72640,-15.913484779973073,-48.05322783004037,brasília,DF
72640,-15.914141687176027,-48.05399469545996,brasilia,DF
72600,-15.89927396658429,-48.057893206591054,brasilia,DF
72600,-15.899526919381131,-48.06368574553626,brasília,DF
72600,-15.899595405297708,-48.064713001621755,brasilia,DF
72745,-15.658544123715325,-48.19374403785422,brasilia,DF
72745,-15.658808104317364,-48.1944822302216,brasília,DF
72745,-15.659155961068507,-48.19104772441047,brasília,DF
74323,-16.656875215348386,-49.38034830962377,goiania,GO
74323,-16.69214025127603,-49.31740708876869,goiania,GO
74323,-16.694350098847394,-49.31563222882031,goiania,GO
74453,-16.65373693706539,-49.33197907133431,goiânia,GO
74453,-16.655067387731552,-49.33357901970683,goiania,GO
74453,-16.655215106950834,-49.330395152409785,goiania,GO
74563,-16.647783774119986,-49.26665699965791,goiania,GO
74563,-16.64781179129397,-49.27045323994887,goiania,GO
74563,-16.648236223535644,-49.2690369203109,goiânia,GO
74815,-16.6367637935273,-49.27827000058533,goiânia,GO
74815,-16.637477333054424,-49.2780338068267,goiania,GO
74815,-16.637477333054424,-49.2780338068267,goiania,GO
75690,-17.696139041840144,-48.61145080313286,caldas novas,GO
75690,-17.696139041840144,-48.61145080313286,caldas novas,GO
75690,-17.696139041840144,-48.61145080313286,caldas novas,GO
75650,-17.71444796378272,-49.09960081867526,morrinhos,GO
75650,-17.718393170808763,-49.10853635485036,morrinhos,GO
75650,-17.718756926021182,-49.10717157352439,morrinhos,GO
75834,-17.535636233859616,-52.537434721958206,mineiros,GO
75834,-17.53855488570656,-52.5420421682494,mineiros,GO
75834,-17.538590837184366,-52.542207200000945,mineiros,GO
76400,-14.357783999999945,-49.09362199999997,uruaçu,GO
76400,-14.357783999999945,-49.09362199999997,uruacu,GO
76400,-14.357783999999945,-49.09362199999997,uruacu,GO
76801,-8.71253843418853,-63.91929192437948,porto velho,RO
76801,-8.719958079872393,-63.90480912071327,porto velho,RO
76801,-8.725642527093788,-63.91927304155586,porto velho,RO
76812,-8.770940345594852,-63.84292449338463,porto velho,RO
76812,-8.77145364712091,-63.84646991986334,porto velho,RO
76812,-8.771473370964678,-63.8599752448555,porto velho,RO
78020,-15.596998600795088,-56.10688429668939,cuiaba,MT
78020,-15.597501670387343,-56.102566540284336,cuiaba,MT
78020,-15.59751295971567,-56.10268117038735,cuiaba,MT
78550,-11.824275369122299,-55.493676400470065,sinop,MT
78550,-11.82543442007883,-55.49397284632507,sinop,MT
78550,-11.82543442007883,-55.49397284632507,sinop,MT
79950,-23.044292272745057,-54.20174500260617,navirai,MS
79950,-23.04458224189986,-54.19716905327827,navirai,MS
79950,-23.044609221217915,-54.202822845866145,naviraí,MS
80010,-25.429870467107186,-49.26681587870053,curitiba,PR
80010,-25.429870467107186,-49.26681587870053,curitiba,PR
80010,-25.429870467107186,-49.26681587870053,curitiba,PR
80230,-25.436236848660656,-49.2626239885484,curitiba,PR
80230,-25.436236848660656,-49.2626239885484,curitiba,PR
80230,-25.436236848660656,-49.2626239885484,curitiba,PR
80710,-25.41936304633859,-49.29705694670785,curitiba,PR
80710,-25.41936304633859,-49.29705694670785,curitiba,PR
80710,-25.419959079087167,-49.29443442117262,curitiba,PR
81770,-25.46325045371681,-49.35266029555504,curitiba,PR
81770,-25.521408000000005,-49.227768,curitiba,PR
81770,-25.52308532194592,-49.231881382047405,curitiba,PR
82530,-25.420284628916868,-49.23819540714993,curitiba,PR
82530,-25.4205852964107,-49.231390965866424,curitiba,PR
82530,-25.420968314184304,-49.237939194009996,curitiba,PR
83830,-25.659460726458722,-49.31886620365576,fazenda rio grande,PR
83830,-25.665981910215244,-49.32886111300174,fazenda rio grande,PR
83830,-25.665981910215244,-49.32886111300174,fazenda rio grande,PR
84178,-24.79611036875941,-49.99949570990931,castro,PR
84178,-24.799476115782312,-50.0013100146623,castro,PR
84178,-24.80000214307353,-50.00112531781069,castro,PR
84220,-24.103711962297467,-49.474830187181134,senges,PR
84220,-24.10438549978193,-49.46856427235205,sengés,PR
84220,-24.104623790680154,-49.4708015525413,sengés,PR
84530,-25.354928999999945,-50.42445199999996,teixeira soares,PR
84530,-25.363860659640295,-50.46227250264186,teixeira soares,PR
84530,-25.363860659640295,-50.46227250264186,teixeira soares,PR
86040,-23.3308673769426,-51.14430141099181,londrina,PR
86040,-23.331190106413455,-51.114617928488826,londrina,PR
86040,-23.33154603246013,-51.141659448785326,londrina,PR
87050,-23.42035752421628,-51.92753295216374,maringá,PR
87050,-23.420520002147466,-51.927809127524824,maringa,PR
87050,-23.420670249638945,-51.92735055966021,maringá,PR
87114,-23.423181783311236,-51.86594733985012,sarandi,PR
87114,-23.42478223040438,-51.860739836586475,sarandi,PR
87114,-23.42547128877304,-51.86199248975996,sarandi,PR
87508,-23.770748455122863,-53.303937605166716,umuarama,PR
87508,-23.770748455122863,-53.303937605166716,umuarama,PR
87508,-23.770748455122863,-53.303937605166716,umuarama,PR
88309,-26.893655420641537,-48.68386844638486,itajai,SC
88309,-26.894968275510017,-48.684989090580814,itajai,SC
88309,-26.895197495176525,-48.68403619338899,itajai,SC
88330,-26.971891376074787,-48.63357912031852,balneário camboriú,SC
88330,-26.972679634164646,-48.63428835524495,balneario camboriu,SC
88330,-26.972679634164646,-48.63428835524495,balneario camboriu,SC
88345,-26.977494337700026,-48.63690751239205,camboriu,SC
88345,-27.023948824464323,-48.66449538670154,camboriú,SC
88345,-27.023948824464323,-48.66449538670154,camboriú,SC
29124,-20.431617215673818,-40.37636985684618,vila velha,ES
29124,-20.43377802182828,-40.34058816789676,vila velha,ES
29124,-20.433840668299677,-40.340697334665435,vila velha,ES
29178,-20.03613763561072,-40.39135799869587,serra,ES
29178,-20.038460654696866,-40.38662787934073,serra,ES
29178,-20.040159567327866,-40.387954764616495,serra,ES
29980,-18.319354539662385,-40.40172876202575,pinheiros,ES
29980,-18.319999999999936,-40.40527999999995,pinheiros,ES
29980,-18.403242340890394,-40.22824610802908,pinheiros,ES
30180,-19.916833379681467,-43.94357157995254,belo horizonte,MG
30180,-19.916833379681467,-43.94357157995254,belo horizonte,MG
30180,-19.916833379681467,-43.94357157995254,belo horizonte,MG
30140,-19.922503348866126,-43.95679344087947,belo horizonte,MG
30140,-19.923096290582315,-43.95430413405277,belo horizonte,MG
30140,-19.923096290582315,-43.95430413405277,belo horizonte,MG
30380,-19.811536585348243,-43.99862902345775,belo horizonte,MG
30380,-19.849789229473686,-43.89559135548722,belo horizonte,MG
30380,-19.93409039588249,-43.95237299999999,belo horizonte,MG
31270,-19.85031920773456,-43.96215572863843,belo horizonte,MG
31270,-19.85045387344906,-43.96277021524606,belo horizonte,MG
31270,-19.850587898984287,-43.96260821524604,belo horizonte,MG
32040,-19.83566705066358,-44.034058728820625,contagem,MG
32040,-19.847493282786477,-44.04308901004629,contagem,MG
32040,-19.84885709602716,-44.04437497993383,contagem,MG
32010,-19.914565351556355,-44.08264848162811,contagem,MG
32010,-19.919141283455062,-44.122857197143006,contagem,MG
32010,-19.919141283455062,-44.122857197143006,contagem,MG
33400,-19.563507079010904,-43.91888605312745,lagoa santa,MG
33400,-19.568357898408713,-43.94873551965437,lagoa santa,MG
33400,-19.5813798808559,-43.903798251013065,lagoa santa,MG
35180,-19.527267205891217,-42.63468593331321,timoteo,MG
35180,-19.52998027060637,-42.63307160533028,timoteo,MG
35180,-19.52998027060637,-42.63307160533028,timoteo,MG
35519,-19.824682087827625,-44.961090967427275,nova serrana,MG
35519,-19.830100233518817,-44.958850284924075,nova serrana,MG
35519,-19.85495032899155,-44.98879986419059,nova serrana,MG
36506,-21.08464551967555,-42.97005854425465,uba,MG
36506,-21.09170026622801,-42.97385365967138,uba,MG
36506,-21.102763133039645,-42.96873301774611,ubá,MG
37014,-21.543245239323166,-45.44871310960243,varginha,MG
37014,-21.543245239323166,-45.44871310960243,varginha,MG
37014,-21.543245239323166,-45.44871310960243,varginha,MG
37270,-20.866480945351384,-45.28626216238548,campo belo,MG
37270,-20.872628150567145,-45.2809014275855,campo belo,MG
37270,-20.87408297663278,-45.281061523159096,campo belo,MG
37564,-22.183679336231457,-46.23907102948771,borda da mata,MG
37564,-22.18443594598503,-46.239239807077794,borda da mata,MG
37564,-22.1844818640077,-46.23918755079708,borda da mata,MG
37590,-22.214439999999968,-46.532779999999946,jacutinga,MG
37590,-22.275747863909565,-46.609102138578166,jacutinga,MG
37590,-22.27743784203557,-46.61217681592885,jacutinga,MG
11700,-24.00109676773919,-46.41254004857276,praia grande,SP
11700,-24.00109676773919,-46.41254004857276,praia grande,SP
11700,-24.00109676773919,-46.41254004857276,praia grande,SP
12225,-23.103079760396092,-45.93824249964177,sao jose dos campos,SP
12225,-23.155687607110252,-45.90267523386502,são josé dos campos,SP
12225,-23.167862999999997,-45.77875417929482,sao jose dos campos,SP
12245,-23.187044661117195,-45.886301993767574,sao jose dos campos,SP
12245,-23.187281311962607,-45.88852442922272,sao jose dos campos,SP
12245,-23.187642118789313,-45.88717340798665,sao jose dos campos,SP
12239,-23.261261134052752,-45.91046618803739,sao jose dos campos,SP
12239,-23.261387008050075,-45.90747897377227,são josé dos campos,SP
12239,-23.261414134052764,-45.9097641880374,sao jose dos campos,SP
12952,-23.047477671213503,-46.67479547760594,atibaia,SP
12952,-23.047477671213503,-46.67479547760594,atibaia,SP
12952,-23.047477671213503,-46.67479547760594,atibaia,SP
13105,-22.87674645406544,-46.96914453857696,campinas,SP
13105,-22.879508280598998,-46.967669413266776,campinas,SP
13105,-22.87952297179478,-46.968638666382695,campinas,SP
13174,-22.80517432584106,-47.267555432281135,sumare,SP
13174,-22.805364841443378,-47.268493307670674,sumare,SP
13174,-22.806793163194662,-47.27411064876795,sumare,SP
13273,-22.912148962355644,-46.95627149999999,valinhos,SP
13273,-22.92231862672676,-46.968817026293955,valinhos,SP
13273,-22.92317325717148,-46.96871912934156,valinhos,SP
13348,-23.06442669904331,-47.22783175715107,indaiatuba,SP
13348,-23.067274117067097,-47.17701132945359,indaiatuba,SP
13348,-23.069541165206015,-47.19722976888216,indaiatuba,SP
13483,-22.548385791563277,-47.44897789869583,limeira,SP
13483,-22.548848082669586,-47.44990701015147,limeira,SP
13483,-22.550088656673797,-47.4460710663339,limeira,SP
13406,-22.68067349769139,-47.70264197155058,piracicaba,SP
13406,-22.680732721443686,-47.70099050140135,piracicaba,SP
13406,-22.680732721443686,-47.70099050140135,piracicaba,SP
13506,-22.36261443228795,-47.522746135659936,rio claro,SP
13506,-22.363299813098113,-47.525349175220526,rio claro,SP
13506,-22.36459049999999,-47.52470475,rio claro,SP
13570,-22.02555965191682,-47.878681357575324,sao carlos,SP
13570,-22.026295037191982,-47.87853353372953,sao carlos,SP
13570,-22.026342407858067,-47.879644525186,sao carlos,SP
13604,-22.32077604302036,-47.37977304815626,araras,SP
13604,-22.32120706855559,-47.380933052051404,araras,SP
13604,-22.321805054992986,-47.384833279822175,araras,SP
14770,-20.7019787220026,-48.53409968258895,colina,SP
14770,-20.7019787220026,-48.53409968258895,colina,SP
14770,-20.701983931619292,-48.534945088624504,colina,SP
14870,-21.247306329848968,-48.32923527667636,jaboticabal,SP
14870,-21.2508727139561,-48.31692793434483,jaboticabal,SP
14870,-21.251255875313518,-48.32593558634308,jaboticabal,SP
15025,-20.793901781220352,-49.37844927574376,sao jose do rio preto,SP
15025,-20.794956793754906,-49.380753637554875,sao jose do rio preto,SP
15025,-20.795432378930315,-49.378530847058386,sao jose do rio preto,SP
15704,-20.267730011884883,-50.55598463628143,jales,SP
15704,-20.270310985569594,-50.55420848556958,jales,SP
15704,-20.27192137411999,-50.55171984064756,jales,SP
15808,-21.135318171244737,-48.951407792255765,catanduva,SP
15808,-21.135318171244737,-48.951407792255765,catanduva,SP
15808,-21.136045138496158,-48.95051486955393,catanduva,SP
16660,-21.727758117345886,-49.35555655638933,pongaí,SP
16660,-21.728194605489797,-49.35615052025528,pongai,SP
16660,-21.728538,-49.35589424999999,pongai,SP
17054,-22.333091469328885,-49.08591187428578,bauru,SP
17054,-22.33440401359,-49.0864976924808,bauru,SP
17054,-22.334497470713867,-49.08575344988184,bauru,SP
17032,-22.31319976048812,-49.02864469233658,bauru,SP
17032,-22.313788252306132,-49.03267859805066,bauru,SP
17032,-22.31418159977496,-49.03210273076931,bauru,SP
17212,-22.30369130142581,-48.552761943996046,jaú,SP
17212,-22.303692492094147,-48.54630416625309,jau,SP
17212,-22.303954355238577,-48.549188099616714,jau,SP
17350,-22.50647531145396,-48.56040902751119,igaracu do tiete,SP
17350,-22.506518509334292,-48.55909714349695,igaracu do tiete,SP
17350,-22.50689413441326,-48.558049015296056,igaracu do tiete,SP
17606,-21.919767098450464,-50.52625875107845,tupa,SP
17606,-21.919793676614052,-50.52628819150581,tupa,SP
17606,-21.921675197890934,-50.53358643251441,tupa,SP
18087,-23.427395265624014,-47.361136044953604,sorocaba,SP
18087,-23.428330180928047,-47.35049847269872,sorocaba,SP
18087,-23.43301803497029,-47.42273311754855,sorocaba,SP
18053,-23.47858851693297,-47.54360488272259,sorocaba,SP
18053,-23.48066424822743,-47.540434710628524,sorocaba,SP
18053,-23.48160556253111,-47.5395738406216,sorocaba,SP
18670,-22.63190699999995,-48.64402249999995,areiópolis,SP
18670,-22.663703088661798,-48.660029784742036,areiopolis,SP
18670,-22.664026049924374,-48.66032491070595,areiopolis,SP
18608,-22.84779311748564,-48.463463935751655,botucatu,SP
18608,-22.84810234318696,-48.46401247216918,botucatu,SP
18608,-22.850256086635188,-48.46831148185825,botucatu,SP
05879,-23.661747,-46.64331000000001,são paulo,SP
05879,-23.661747,-46.64331000000001,sao paulo,SP
05879,-23.685496599508983,-46.800158339606135,sao paulo,SP
06386,-23.528048470096902,-46.84012255925423,carapicuiba,SP
06386,-23.528519988432286,-46.84051901427046,carapicuiba,SP
06386,-23.528519988432286,-46.84051901427046,carapicuiba,SP
07082,-23.426265489035732,-46.542204838190315,guarulhos,SP
07082,-23.426310489035732,-46.54343333819031,guarulhos,SP
07082,-23.426314376074785,-46.541969161809675,guarulhos,SP
07094,-23.44948291118931,-46.54617219317328,guarulhos,SP
07094,-23.449491911189302,-46.5461406931733,guarulhos,SP
07094,-23.449491911189302,-46.5461406931733,guarulhos,SP
07123,-23.44002559838998,-46.52691185789715,guarulhos,SP
07123,-23.440057208436727,-46.528286395781635,guarulhos,SP
07123,-23.440228292255753,-46.529890376074775,guarulhos,SP
07193,-23.44514234471119,-46.501273676380634,guarulhos,SP
07193,-23.445204286427384,-46.50147167638062,guarulhos,SP
07193,-23.445230898695826,-46.50382783749782,guarulhos,SP
07241,-23.419756101972137,-46.382808439253736,guarulhos,SP
07241,-23.438838352761266,-46.4285739292227,guarulhos,SP
07241,-23.439163494864108,-46.4297109045242,guarulhos,SP
08010,-23.49151474493622,-46.44208296627047,são paulo,SP
08010,-23.491584628368607,-46.44276342936694,são paulo,SP
08010,-23.49159676103638,-46.43881158658898,sao paulo,SP
08090,-23.4075203119626,-46.761912555369605,são paulo,SP
08090,-23.43548389869582,-46.72353025867046,sao paulo,SP
08090,-23.473465973032866,-46.42701979462708,sao paulo,SP
08032,-23.506808175688146,-46.40826488412486,sao paulo,SP
08032,-23.506913598389986,-46.429525875382296,sao paulo,SP
08032,-23.50741764037906,-46.43094192537659,sao paulo,SP
08031,-23.49202606368976,-46.4757014239747,sao paulo,SP
08031,-23.50420019469558,-46.42666593949229,sao paulo,SP
08031,-23.504733575913182,-46.42762291479598,sao paulo,SP
08330,-23.590730566478115,-46.70653254247211,sao paulo,SP
08330,-23.590730566478115,-46.70653254247211,sao paulo,SP
08330,-23.60436775659299,-46.460209892867454,sao paulo,SP
08420,-23.53635428369771,-46.42858281505828,sao paulo,SP
08420,-23.53641797668648,-46.428903251457086,são paulo,SP
08420,-23.536417997778305,-46.429071715794315,sao paulo,SP
08452,-23.5241928440187,-46.393123348317864,sao paulo,SP
08452,-23.524228581741557,-46.38810473757863,sao paulo,SP
08452,-23.524655050233726,-46.392299586040735,sao paulo,SP
08410,-23.542146345431064,-46.41897991470158,sao paulo,SP
08410,-23.542578165323803,-46.419223804181556,sao paulo,SP
08410,-23.542963993623356,-46.41420852484273,sao paulo,SP
08576,-23.482447596074707,-46.3536209107922,itaquaquecetuba,SP
08576,-23.483259736050424,-46.353358685689535,itaquaquecetuba,SP
08576,-23.48358820688966,-46.35526162563135,itaquaquecetuba,SP
08773,-23.503850504802184,-46.19307411911747,mogi das cruzes,SP
08773,-23.503915346177635,-46.1930589219201,mogi das cruzes,SP
08773,-23.503915346177635,-46.1930589219201,mogi das cruzes,SP
11025,-23.959225592561594,-46.32041387246812,santos,SP
11025,-23.959430444082127,-46.320521181920554,santos,SP
11025,-23.960123444082125,-46.32108915638534,santos,SP
88704,-28.461287357752926,-48.98550421925678,tubarão,SC
88704,-28.466026754355934,-48.98993120003112,tubarao,SC
88704,-28.466026754355934,-48.98993120003112,tubarao,SC
88960,-29.071827,-49.6268235,sombrio,SC
88960,-29.089903561887787,-49.611397102261385,sombrio,SC
88960,-29.097524917756843,-49.64314782940392,sombrio,SC
89291,-26.264195999999995,-49.39217325,sao bento do sul,SC
89291,-26.264195999999995,-49.39217325,sao bento do sul,SC
89291,-26.26475451750194,-49.391510905226646,sao bento do sul,SC
89460,-26.03460999999993,-50.52624999999995,canoinhas,SC
89460,-26.126923898235134,-50.391726006680464,canoinhas,SC
89460,-26.132149293448485,-50.390942576546486,canoinhas,SC
90470,-30.027035735212703,-51.18114143158865,porto alegre,RS
90470,-30.027035735212703,-51.18114143158865,porto alegre,RS
90470,-30.027035735212703,-51.18114143158865,porto alegre,RS
91509,-30.076538508368134,-51.124850366495494,porto alegre,RS
91509,-30.076538508368134,-51.124850366495494,porto alegre,RS
91509,-30.076538508368134,-51.124850366495494,porto alegre,RS
92200,-29.93876598481725,-51.17888320871171,canoas,RS
92200,-29.940014307179137,-51.17947358128107,canoas,RS
92200,-29.940014307179137,-51.17947358128107,canoas,RS
95032,-28.87522534968658,-50.97776742267644,caxias do sul,RS
95032,-29.139188644261793,-51.20054393101992,caxias do sul,RS
95032,-29.1400703705017,-51.20704882566663,caxias do sul,RS
95098,-29.153953725904213,-51.159242664960665,caxias do sul,RS
95098,-29.183541137635086,-51.196586551766416,caxias do sul,RS
95098,-29.183905637402646,-51.196735150348275,caxias do sul,RS
96225,-29.589686680297437,-51.16371513669673,sao jose do norte,RS
96225,-29.87965539109942,-51.164999560487196,sao jose do norte,RS
96225,-31.633681355248115,-51.419035085105556,sao jose do norte,RS
96400,-31.30709407614439,-54.107673197582415,bage,RS
96400,-31.31086072872593,-54.10724463850023,bage,RS
96400,-31.311107627895286,-54.10833358482286,bage,RS
99523,-28.110298624854664,-52.91753041745246,almirante tamandare do sul,RS
99523,-28.111052791742267,-52.91734552535572,almirante tamandaré do sul,RS
99523,-28.112769727075285,-52.913168450127,almirante tamandare do sul,RS
01316,-23.550440311962603,-46.63837024132953,sao paulo,SP
01316,-23.550440311962603,-46.63837024132953,sao paulo,SP
01316,-23.550745766864768,-46.63829204330881,sao paulo,SP
02067,-23.503606480985646,-46.61098845406545,são paulo,SP
02067,-23.5039272982228,-46.6106382436035,sao paulo,SP
02067,-23.504184293092486,-46.61006412545441,são paulo,SP
02047,-23.516228288983875,-46.621841082340914,sao paulo,SP
02047,-23.516228288983875,-46.621841082340914,sao paulo,SP
02047,-23.516228288983875,-46.621841082340914,sao paulo,SP
02245,-23.482447731894485,-46.60518486871721,sao paulo,SP
02245,-23.482447731894485,-46.60518486871721,sao paulo,SP
02245,-23.482447731894485,-46.60518486871721,sao paulo,SP
02267,-23.476044656673796,-46.59878890161002,sao paulo,SP
02267,-23.476389537884472,-46.598088666945586,sao paulo,SP
02267,-23.47643279877663,-46.598178216486815,sao paulo,SP
02244,-23.486533250072107,-46.60489292922271,sao paulo,SP
02244,-23.48678713627446,-46.60531347737896,sao paulo,SP
02244,-23.48678713627446,-46.60531347737896,sao paulo,SP
02275,-23.464398183294698,-46.588829664571776,sao paulo,SP
02275,-23.464758436580297,-46.58964859478331,são paulo,SP
02275,-23.464845659317593,-46.587691026509184,sao paulo,SP
02420,-23.47222158451152,-46.63679355981301,são paulo,SP
02420,-23.47232153788447,-46.63734175243804,sao paulo,SP
02420,-23.47232153788447,-46.63734175243804,sao paulo,SP
03031,-23.52833381848348,-46.61941011172019,sao paulo,SP
03031,-23.52851381848348,-46.61947213725541,sao paulo,SP
03031,-23.530404929222705,-46.620002345836376,sao paulo,SP
03325,-23.5505731851232,-46.555542403687475,são paulo,SP
03325,-23.55095811019098,-46.55458844532288,são paulo,SP
03325,-23.55095811019098,-46.55458844532288,sao paulo,SP
03470,-23.566237986562495,-46.52154154304097,sao paulo,SP
03470,-23.566237986562495,-46.52154154304097,sao paulo,SP
03470,-23.566323059120528,-46.518909910208365,sao paulo,SP
03589,-23.54361140743839,-46.487594483207346,sao paulo,SP
03589,-23.5495825037509,-46.48519378282069,sao paulo,SP
03589,-23.54959749653754,-46.4848517828207,são paulo,SP
03804,-23.494409507905853,-46.48211375007212,sao paulo,SP
03804,-23.49451154373846,-46.481146937685196,sao paulo,SP
03804,-23.494538515119206,-46.48241330114256,são paulo,SP
04042,-23.60259267349109,-46.64921706032003,sao paulo,SP
04042,-23.60262455453289,-46.649283045242065,sao paulo,SP
04042,-23.60262455453289,-46.649283045242065,sao paulo,SP
04088,-23.600691869005654,-46.656291767268804,sao paulo,SP
04088,-23.600708130994338,-46.65637122551783,sao paulo,SP
04088,-23.600712447753516,-46.65626379970967,sao paulo,SP
04087,-23.60279140760459,-46.65377490724947,sao paulo,SP
04087,-23.604257734116175,-46.65519959241736,sao paulo,SP
04087,-23.604762258670455,-46.6557608237636,sao paulo,SP
04140,-23.583580155981295,-46.603243598245754,sao paulo,SP
04140,-23.59786952622771,-46.62906293158863,sao paulo,SP
04140,-23.59906716541636,-46.629272315021026,sao paulo,SP
04136,-23.60718820344507,-46.62551013711117,sao paulo,SP
04136,-23.607404822090153,-46.62508638842403,sao paulo,SP
04136,-23.607553138496158,-46.625091464337224,sao paulo,SP
04472,-23.521642375142388,-46.394654566604565,sao paulo,SP
04472,-23.52665072910926,-46.453582873675465,sao paulo,SP
04472,-23.52665072910926,-46.453582873675465,sao paulo,SP
04516,-23.600813700242416,-46.67364437968147,sao paulo,SP
04516,-23.60082077295295,-46.6736339085349,são paulo,SP
04516,-23.600893274222358,-46.67362158035657,são paulo,SP
04543,-23.585122974369835,-46.67134873164487,são paulo,SP
04543,-23.585122974369835,-46.67134873164487,sao paulo,SP
04543,-23.585122974369835,-46.67134873164487,são paulo,SP
04561,-23.588954716631036,-46.68308474049283,sao paulo,SP
04561,-23.60257747960067,-46.6946790976975,sao paulo,SP
04561,-23.60257747960067,-46.6946790976975,são paulo,SP
04583,-23.615295297247425,-46.693973073835714,sao paulo,SP
04583,-23.615303146988463,-46.69638253909967,sao paulo,SP
04583,-23.615303146988463,-46.69638253909967,sao paulo,SP
04752,-23.650737254226215,-46.708108559221266,sao paulo,SP
04752,-23.65212360034708,-46.70741200264472,sao paulo,SP
04752,-23.65223536164807,-46.70840028934157,sao paulo,SP
05037,-23.507046530431047,-46.689114406389685,sao paulo,SP
05037,-23.50704673420686,-46.68911446531281,sao paulo,SP
05037,-23.5121670313636,-46.688940670552256,sao paulo,SP
05451,-23.541057575913175,-46.703603414795985,sao paulo,SP
05451,-23.541057575913175,-46.703603414795985,sao paulo,SP
05451,-23.541070500000004,-46.703983499999985,sao paulo,SP
05577,-23.583555000000004,-46.77799049999999,são paulo,SP
05577,-23.583555000000004,-46.77799049999999,sao paulo,SP
05577,-23.583555000000004,-46.77799049999999,sao paulo,SP
05592,-23.5772327089019,-46.74145456468473,sao paulo,SP
05592,-23.5772327089019,-46.74145456468473,sao paulo,SP
05592,-23.577287344345926,-46.740797024839765,sao paulo,SP
38412,-18.911981252293817,-48.27117835775293,uberlandia,MG
38412,-18.92881104302036,-48.297518722315175,uberlandia,MG
38412,-18.92881104302036,-48.297518722315175,uberlandia,MG
39800,-17.598122491152022,-41.49369680217019,teofilo otoni,MG
39800,-17.647984060978715,-41.38679306838144,teofilo otoni,MG
39800,-17.834795101502767,-41.508838510997215,teofilo otoni,MG
40050,-12.92620395328405,-38.37589564951799,salvador,BA
40050,-12.972386471444075,-38.50434904815243,salvador,BA
40050,-12.972417660225032,-38.504379857917485,salvador,BA
40290,-12.982989158921098,-38.49533047844908,salvador,BA
40290,-12.985521925814586,-38.49690093519136,salvador,BA
40290,-12.986472053098462,-38.49458707892438,salvador,BA
40710,-12.881098497095502,-38.48164359175315,salvador,BA
40710,-12.881098497095502,-38.48164359175315,salvador,BA
40710,-12.881098497095502,-38.48164359175315,salvador,BA
41330,-12.881921514116096,-38.41081155943584,salvador,BA
41330,-12.882492888039131,-38.40848434067109,salvador,BA
41330,-12.883793590580732,-38.40961898714794,salvador,BA
45816,-12.926028317756689,-46.94373837620837,arraial d'ajuda,BA
45816,-12.928724076753292,-46.94339803502417,arraial d'ajuda,BA
45816,-16.387703999999992,-39.0410505,porto seguro,BA
48330,-11.472472422695589,-37.934545912376485,rio real,BA
48330,-11.473108555114926,-37.93003132527545,rio real,BA
48330,-11.474705332340735,-37.93096212758547,rio real,BA
48410,-10.5794487235274,-38.379498038518555,cicero dantas,BA
48410,-10.585667223767617,-38.38060378128494,cicero dantas,BA
48410,-10.585667223767617,-38.38060378128494,cicero dantas,BA
49048,-10.938681828466793,-37.063705995585245,aracaju,SE
49048,-10.938681828466793,-37.063705995585245,aracaju,SE
49048,-10.939189338046091,-37.07399572217095,aracaju,SE
50050,-8.04818977629983,-34.89072413696696,recife,PE
50050,-8.050526497085812,-34.89005772245942,recife,PE
50050,-8.050526497085812,-34.89005772245942,recife,PE
55642,-8.193350085583221,-35.54539795126177,gravata,PE
55642,-8.193525540008661,-35.54556225135703,gravatá,PE
55642,-8.193553035912833,-35.5458477224185,gravatá,PE
57084,-9.536853407022848,-35.718739205362006,maceio,AL
57084,-9.537371329447751,-35.71923133236194,maceio,AL
57084,-9.537371570633061,-35.72053810283338,maceio,AL
58028,-7.097543595898855,-34.853762048917076,joao pessoa,PB
58028,-7.097543595898855,-34.853762048917076,joão pessoa,PB
58028,-7.097543595898855,-34.853762048917076,joao pessoa,PB
58195,-6.400147500000003,-36.44684549999998,frei martinho,PB
58195,-6.401579551310011,-36.45155808881325,frei martinho,PB
58195,-6.401974578815285,-36.452185006620226,frei martinho,PB
59621,-5.164527646734168,-37.32956497462242,mossoró,RN
59621,-5.16506327488937,-37.33208706219235,mossoro,RN
59621,-5.165177397726971,-37.3367012886078,mossoro,RN
60025,-3.7233061290610956,-38.527235004991645,fortaleza,CE
60025,-3.7269897792131292,-38.527079491134735,fortaleza,CE
60025,-3.7283184271452368,-38.53000446932888,fortaleza,CE
60811,-3.756554509808138,-38.48345447391667,fortaleza,CE
60811,-3.756554509808138,-38.48345447391667,fortaleza,CE
60811,-3.756554509808138,-38.48345447391667,fortaleza,CE
61901,-3.8793426299739497,-38.620624263735415,maracanau,CE
61901,-3.8794251229607775,-38.61965507848625,maracanau,CE
61901,-3.8799321349154887,-38.61439128657612,maracanau,CE
62500,-3.369107999999944,-39.59425699999997,itapipoca,CE
62500,-3.369107999999944,-39.59425699999997,itapipoca,CE
62500,-3.369107999999944,-39.59425699999997,itapipoca,CE
64460,-5.882031,-42.6319785,agua branca,PI
64460,-5.887472668401269,-42.6378445453085,agua branca,PI
64460,-5.8875930915042165,-42.62470917378938,agua branca,PI
65081,-2.495254315104549,-44.24176427622995,sao luis,MA
65081,-2.49718754593455,-44.21412975950719,sao luis,MA
65081,-2.4999444796006705,-44.293115247706176,sao luis,MA
65980,-7.314069256118101,-47.47403047924818,carolina,MA
65980,-7.325339126758778,-47.472181847545606,carolina,MA
65980,-7.325874875831702,-47.47183067056183,carolina,MA
67133,-1.34685575262153,-48.39271325262151,ananindeua,PA
67133,-1.348613725179429,-48.412053217258844,ananindeua,PA
67133,-1.3513125447736556,-48.41253124776634,ananindeua,PA
70384,-15.826958999999992,-47.92446674999999,brasilia,DF
70384,-15.826958999999992,-47.92446674999999,brasilia,DF
70384,-15.826958999999992,-47.92446674999999,brasília,DF
19470,-21.575025,-51.980539500000006,presidente epitácio,SP
19470,-21.746026815408886,-52.08011875351202,presidente epitacio,SP
19470,-21.755854566072774,-52.10589148198015,presidente epitacio,SP
20260,-22.911700976138217,-43.211905679439056,rio de janeiro,RJ
20260,-22.912123914507525,-43.211108546482805,rio de janeiro,RJ
20260,-22.912123914507525,-43.211108546482805,rio de janeiro,RJ
20715,-22.903813288649072,-43.26963178031053,rio de janeiro,RJ
20715,-22.904019597004996,-43.2696538674478,rio de janeiro,RJ
20715,-22.904129409660097,-43.26967253176764,rio de janeiro,RJ
20920,-22.888927544624064,-43.22866916006514,rio de janeiro,RJ
20920,-22.889764226470124,-43.232781376594374,rio de janeiro,RJ
20920,-22.889803212043407,-43.232772395493186,rio de janeiro,RJ
20950,-22.90099976741302,-43.24456248793922,rio de janeiro,RJ
20950,-22.901294000836717,-43.248895915488475,rio de janeiro,RJ
20950,-22.901430929770964,-43.25065894102371,rio de janeiro,RJ
21073,-22.84543156757464,-43.27120657103709,rio de janeiro,RJ
21073,-22.845560553147912,-43.27111910046746,rio de janeiro,RJ
21073,-22.845560553147912,-43.27111910046746,rio de janeiro,RJ
21235,-22.82856549347913,-43.319441398840056,rio de janeiro,RJ
21235,-22.829461868717196,-43.31918172104579,rio de janeiro,RJ
21235,-22.829614093254097,-43.31915146237533,rio de janeiro,RJ
22231,-22.932767557851122,-43.17834623036526,rio de janeiro,RJ
22231,-22.932767557851122,-43.17834623036526,rio de janeiro,RJ
22231,-22.932767557851122,-43.17834623036526,rio de janeiro,RJ
22451,-22.80691592039829,-43.35316077453297,rio de janeiro,RJ
22451,-22.81998110713255,-43.27240419317329,rio de janeiro,RJ
22451,-22.820089107132546,-43.27266158381903,rio de janeiro,RJ
22775,-22.93758919900166,-43.37230226533555,rio de janeiro,RJ
22775,-22.93924785573767,-43.371187391662296,rio de janeiro,RJ
22775,-22.93935898306312,-43.371185648883504,rio de janeiro,RJ
23811,-22.853194714418603,-43.763764475183685,itaguai,RJ
23811,-22.853513867055156,-43.768439134638804,itaguai,RJ
23811,-22.853513867055156,-43.768439134638804,itaguai,RJ
24141,-22.87362312851284,-43.046866854290464,niteroi,RJ
24141,-22.874630698883802,-43.051426086881236,niteroi,RJ
24141,-22.874630698883802,-43.051426086881236,niteroi,RJ
24416,-22.831020459234388,-43.074919904696145,sao goncalo,RJ
24416,-22.831043854484086,-43.07430817764308,são gonçalo,RJ
24416,-22.837294203873455,-43.06311748063272,sao goncalo,RJ
25675,-22.48866648946961,-43.20221929485787,petrópolis,RJ
25675,-22.48956802652405,-43.1987840203738,petropolis,RJ
25675,-22.489678167253903,-43.196626290141666,petropolis,RJ
25925,-22.656791766423147,-43.03987010353174,mage,RJ
25925,-22.656791766423147,-43.03987010353174,mage,RJ
25925,-22.70233404240235,-43.13128940071629,mage,RJ
26070,-22.692382582200718,-43.43713847580024,nova iguacu,RJ
26070,-22.70247681187459,-43.41736929832586,nova iguaçu,RJ
26070,-22.702773156435196,-43.429698050950876,nova iguacu,RJ
26185,-22.696860924131887,-43.33229686395154,belford roxo,RJ
26185,-22.70231309099995,-43.33193249799996,belford roxo,RJ
26185,-22.704308025938527,-43.3341044682601,belford roxo,RJ
26280,-22.73814802341557,-43.48657185767492,nova iguacu,RJ
26280,-22.73814802341557,-43.486703124526784,nova iguaçu,RJ
26280,-22.738889695085312,-43.484544271510025,nova iguacu,RJ
26221,-22.7576986113088,-43.44152936201366,nova iguaçu,RJ
26221,-22.75889355918109,-43.446993621771725,nova iguacu,RJ
26221,-22.75889355918109,-43.446993621771725,nova iguacu,RJ
26550,-22.766359932474387,-43.43269214793542,mesquita,RJ
26550,-22.766370839310785,-43.43269512116067,mesquita,RJ
26550,-22.76691256893,-43.43220091553043,mesquita,RJ
27285,-22.477833330790762,-44.064405482260845,volta redonda,RJ
27285,-22.477833330790762,-44.064405482260845,volta redonda,RJ
27285,-22.483696214442407,-44.08148703593331,volta redonda,RJ
28500,-21.850667636151197,-42.26007714856484,cantagalo,RJ
28500,-21.8511057711917,-42.259605458809496,cantagalo,RJ
28500,-21.8511057711917,-42.259605458809496,cantagalo,RJ
28615,-22.251408421274263,-42.54069637599298,nova friburgo,RJ
28615,-22.29237447626299,-42.50465913032193,nova friburgo,RJ
28615,-22.295497646357212,-42.52703878859512,nova friburgo,RJ
71939,-15.792332777433858,-47.84828094435846,brasilia,DF
71939,-15.79245683886607,-47.848377727063585,brasilia,DF
71939,-15.792608305901235,-47.84842053296483,brasilia,DF
72510,-16.01900598505664,-48.019400886671455,brasília,DF
72510,-16.020237901125743,-48.020223001127135,brasilia,DF
72510,-16.02033315862326,-48.0210851829473,brasilia,DF
72641,-15.916673886428613,-48.06587875266236,brasilia,DF
72641,-15.916960181896636,-48.06406829346095,brasilia,DF
72641,-15.917444114125123,-48.06461135092864,brasilia,DF
72726,-15.666106349608476,-48.20237784830338,brasília,DF
72726,-15.666338379005321,-48.20131281363745,brasilia,DF
72726,-15.6665580045204,-48.20162900644187,brazlândia,DF
72887,-16.08274499999993,-47.93224123899995,cidade ocidental,GO
72887,-16.08274499999993,-47.93224123899995,cidade ocidental,GO
72887,-16.08274499999993,-47.93224123899995,cidade ocidental,GO
74265,-16.69210304830714,-49.288088780483726,goiania,GO
74265,-16.692605750450674,-49.290835891853476,goiania,GO
74265,-16.692665573881023,-49.28913931349895,goiânia,GO
74215,-16.68415135838626,-49.28738784258814,goiania,GO
74215,-16.68579679637566,-49.28685370766413,goiânia,GO
74215,-16.68581821491744,-49.286605798936854,goiânia,GO
74835,-16.640590500000005,-49.271829749999995,goiania,GO
74835,-16.640590500000005,-49.271829749999995,goiania,GO
74835,-16.640590500000005,-49.271829749999995,goiania,GO
75830,-17.534739769555298,-52.53819023868871,mineiros,GO
75830,-17.535378799072323,-52.54318533033049,mineiros,GO
75830,-17.53560810000228,-52.54389741562577,mineiros,GO
76260,-16.23071246346297,-51.25790065849226,diorama,GO
76260,-16.231261728487514,-51.26003782081439,diorama,GO
76260,-16.231311082953283,-51.25900449078298,diorama,GO
76908,-10.869052500000002,-61.913799,ji-paraná,RO
76908,-10.869052500000002,-61.913799,ji-paraná,RO
76908,-10.871394138711707,-61.924461817920914,ji-parana,RO
78043,-15.539048064220593,-56.095566173276204,cuiaba,MT
78043,-15.539359320870517,-56.09502821297992,cuiaba,MT
78043,-15.539359320870517,-56.09502821297992,cuiaba,MT
78035,-15.580357319500543,-56.03559221031659,cuiaba,MT
78035,-15.580357319500543,-56.03559221031659,cuiaba,MT
78035,-15.580357319500543,-56.03559221031659,cuiaba,MT
78400,-14.148263999999944,-56.883454999999955,diamantino,MT
78400,-14.148263999999944,-56.883454999999955,diamantino,MT
78400,-14.148263999999944,-56.883454999999955,diamantino,MT
80740,-25.434799628080146,-49.3126430770097,curitiba,PR
80740,-25.435868458508846,-49.30871253289282,curitiba,PR
80740,-25.43617240466844,-49.31317037191986,curitiba,PR
81030,-25.470358407438397,-49.260521519706856,curitiba,PR
81030,-25.472143592013335,-49.25998218053558,curitiba,PR
81030,-25.472143592013335,-49.25998218053558,curitiba,PR
82540,-25.382911465851944,-49.25839701114778,curitiba,PR
82540,-25.38321753667202,-49.246339279967835,curitiba,PR
82540,-25.38385722814357,-49.25882350582839,curitiba,PR
82640,-25.367495932121614,-49.23808440921844,curitiba,PR
82640,-25.367495932121614,-49.23808440921844,curitiba,PR
82640,-25.369258944774614,-49.236070300450066,curitiba,PR
82820,-25.40670607048883,-49.19932426977896,curitiba,PR
82820,-25.40687190397595,-49.19957023022105,curitiba,PR
82820,-25.4078320449536,-49.20215362767611,curitiba,PR
83320,-25.4247677510244,-49.17963931626176,pinhais,PR
83320,-25.424855223440364,-49.179424709273455,pinhais,PR
83320,-25.424942711062457,-49.17837981917595,pinhais,PR
83324,-25.41739461555801,-49.19570743865778,pinhais,PR
83324,-25.417780332794624,-49.192695094090816,pinhais,PR
83324,-25.41818195350075,-49.18335736448443,pinhais,PR
83607,-25.44502752815388,-49.492116744185545,campo largo,PR
83607,-25.446841045989174,-49.469595695908154,campo largo,PR
83607,-25.44840517760357,-49.50819779680848,campo largo,PR
85145,-25.73011425828312,-52.11485636744385,foz do jordão,PR
85145,-25.73059960125319,-52.11587917320329,foz do jordao,PR
85145,-25.732720519186927,-52.116003320056414,foz do jordao,PR
85960,-24.484959637132366,-54.29870389206211,marechal candido rondon,PR
85960,-24.522749571002414,-54.05502159533279,marechal candido rondon,PR
85960,-24.523223147194955,-54.05435054577449,marechal candido rondon,PR
87112,-23.442920638138634,-51.88633005313924,sarandi,PR
87112,-23.443386156624268,-51.88549986712414,sarandi,PR
87112,-23.444236947814865,-51.88608628848932,sarandi,PR
87230,-23.615929027148347,-52.471768880553086,jussara,PR
87230,-23.618436309101796,-52.47087788503321,jussara,PR
87230,-23.619903839041157,-52.4658055169862,jussara,PR
87395,-24.26398499999995,-52.97611399999997,rancho alegre d'oeste,PR
87395,-24.306098967841894,-52.956698405135604,rancho alegre d'oeste,PR
87395,-24.306098967841894,-52.956698405135604,rancho alegre d  oeste,PR
88063,-27.57919469635056,-48.533708720435285,florianópolis,SC
88063,-27.603103799612207,-48.47875069758894,florianopolis,SC
88063,-27.659084950602995,-48.48086732445608,florianopolis,SC
88020,-27.583435729384316,-48.542707451151244,florianopolis,SC
88020,-27.583540270615675,-48.542397490564944,florianopolis,SC
88020,-27.583737956979633,-48.541555351376296,florianopolis,SC
88032,-27.469330476410214,-48.46811922044447,florianopolis,SC
88032,-27.47073403314391,-48.468515763076226,florianopolis,SC
88032,-27.47073403314391,-48.468515763076226,florianopolis,SC
88132,-27.62218556423348,-48.66620715188663,palhoca,SC
88132,-27.632015555496363,-48.67410230235863,palhoca,SC
88132,-27.632015555496363,-48.67410230235863,palhoca,SC
88117,-27.569742906856778,-48.607793245852505,sao jose,SC
88117,-27.570366214875275,-48.60878569745477,sao jose,SC
88117,-27.570366214875275,-48.60878569745477,sao jose,SC
88302,-26.908062165549527,-48.66277456188599,itajai,SC
88302,-26.90894109017505,-48.66468790686633,itajai,SC
88302,-26.90894109017505,-48.66468790686633,itajai,SC
88370,-26.870556864526026,-48.67521166920018,navegantes,SC
88370,-26.87422113387191,-48.670807325906615,navegantes,SC
88370,-26.87471256893232,-48.68026287748391,navegantes,SC
88336,-27.007294499999993,-48.64299749999999,balneário camboriú,SC
88336,-27.007359795054885,-48.64285176957224,balneario camboriu,SC
88336,-27.01094006647697,-48.623002440593204,balneario camboriu,SC
29101,-20.32691941707496,-40.271962121009686,vila velha,ES
29101,-20.32691941707496,-40.271962121009686,vila velha,ES
29101,-20.327491220812448,-40.3056193719912,vila velha,ES
29113,-20.36907140082858,-40.35190627135911,vila velha,ES
29113,-20.369077691622877,-40.351907814384134,vila velha,ES
29113,-20.369102854800055,-40.35191398648419,vila velha,ES
29903,-19.382409145317165,-40.0543144402302,linhares,ES
29903,-19.382456865137986,-40.05552190110439,linhares,ES
29903,-19.382548604618997,-40.05560606901579,linhares,ES
29906,-19.345612500000005,-40.056360749999996,linhares,ES
29906,-19.346450412857035,-40.05840800978571,linhares,ES
29906,-19.346986134426025,-40.05765955076855,linhares,ES
30170,-19.913694201928433,-43.939851248794724,belo horizonte,MG
30170,-19.913694201928433,-43.939851248794724,belo horizonte,MG
30170,-19.915194431558678,-43.94025815150987,belo horizonte,MG
30530,-19.923035008598333,-44.00200670676329,belo horizonte,MG
30530,-19.923337425471804,-44.00263585665642,belo horizonte,MG
30530,-19.923683343874472,-44.00174350637663,belo horizonte,MG
30850,-19.91186160782505,-44.00205689272322,belo horizonte,MG
30850,-19.91322628587912,-44.00070779364075,belo horizonte,MG
30850,-19.913446890335656,-44.001784522279934,belo horizonte,MG
31070,-19.835268878267193,-43.97650128421893,belo horizonte,MG
31070,-19.885194000000006,-43.90596225,belo horizonte,MG
31070,-19.885194000000006,-43.90596225,belo horizonte,MG
31140,-19.886558217871787,-43.93576467969885,belo horizonte,MG
31140,-19.887196733049894,-43.934346842101384,belo horizonte,MG
31140,-19.887605298084143,-43.93585220566676,belo horizonte,MG
31260,-19.855478137111184,-43.944631103525865,belo horizonte,MG
31260,-19.855485000000005,-43.94453625,belo horizonte,MG
31260,-19.856494204163262,-43.94315124277467,belo horizonte,MG
32185,-19.836383249532382,-44.0265984916027,contagem,MG
32185,-19.83655689448146,-44.02660068964003,contagem,MG
32185,-19.83661955724217,-44.0358911153661,contagem,MG
32423,-19.976600471856063,-44.06974118014234,ibirite,MG
32423,-19.976600471856063,-44.06974118014234,ibirite,MG
32423,-19.9863125498017,-44.0673785498017,ibirite,MG
32676,-19.93488123016824,-44.11997985143726,betim,MG
32676,-19.93493169323367,-44.119648626590205,betim,MG
32676,-19.93493169323367,-44.119648626590205,betim,MG
32667,-19.957052766028042,-44.13985961157595,betim,MG
32667,-19.95727426740965,-44.14296237204316,betim,MG
32667,-19.957402411605166,-44.13793850669947,betim,MG
35680,-20.059747366598156,-44.543699863077535,itaúna,MG
35680,-20.0626465384578,-44.55274288254744,itauna,MG
35680,-20.06292049643432,-44.55560452170816,itauna,MG
36010,-21.758843232298506,-43.34985836594725,juiz de fora,MG
36010,-21.75999744186042,-43.34683063572619,juiz de fora,MG
36010,-21.760101,-43.34298975,juiz de fora,MG
36160,-21.335780649085237,-43.03898931109085,guarani,MG
36160,-21.335780649085237,-43.03898931109085,guarani,MG
36160,-21.335780649085237,-43.03898931109085,guarani,MG
37410,-21.61831059117201,-45.25333932593221,tres coracoes,MG
37410,-21.638311683381644,-45.36335066568594,tres coracoes,MG
37410,-21.639014999999993,-45.36305999999998,tres coracoes,MG
38022,-19.753235573548412,-47.94017447083587,uberaba,MG
38022,-19.753279937913366,-47.940304731787975,uberaba,MG
38022,-19.754161401953123,-47.94042742710273,uberaba,MG
38200,-20.011501001053034,-48.93865350114877,frutal,MG
38200,-20.01167147278306,-48.926444058832864,frutal,MG
38200,-20.011886907374475,-48.93360445520405,frutal,MG
38307,-18.929915355688507,-49.4815260865869,ituiutaba,MG
38307,-18.929915355688507,-49.4815260865869,ituiutaba,MG
38307,-18.966591942322538,-49.47185041687907,ituiutaba,MG
38304,-18.980057951431224,-49.44769781985923,ituiutaba,MG
38304,-18.980761840148762,-49.44956305693134,ituiutaba,MG
38304,-18.981118986716094,-49.44847912100879,ituiutaba,MG
11704,-24.013616718712665,-46.43399684827067,praia grande,SP
11704,-24.019640591176618,-46.47370814293955,praia grande,SP
11704,-24.020167167136314,-46.47526530943325,praia grande,SP
11720,-24.005057375238064,-46.45656042477931,praia grande,SP
11720,-24.005678375238073,-46.45598089924407,praia grande,SP
11720,-24.00635231695426,-46.4561599247793,praia grande,SP
12043,-23.01934991845442,-45.61576608367227,taubate,SP
12043,-23.020530567581574,-45.61717798956174,taubate,SP
12043,-23.022651606711193,-45.62020892761237,taubate,SP
12053,-22.994082813999967,-45.58151197799998,taubate,SP
12053,-22.99602587018684,-45.57133841556578,taubate,SP
12053,-22.996197680010766,-45.579124567885536,taubate,SP
12242,-23.192434477927225,-45.897002580904825,sao jose dos campos,SP
12242,-23.19275348932418,-45.89869016472386,sao jose dos campos,SP
12242,-23.193099325004347,-45.90425097530149,sao jose dos campos,SP
12425,-22.92696999359124,-45.47529064733547,pindamonhangaba,SP
12425,-22.92767741313378,-45.47760361646201,pindamonhangaba,SP
12425,-22.927966293318512,-45.4723545628773,pindamonhangaba,SP
12919,-22.962519540544218,-46.56184281398158,braganca paulista,SP
12919,-22.962806999999994,-46.55968069356184,braganca paulista,SP
12919,-22.964622065704884,-46.56634093491522,braganca paulista,SP
12924,-22.859813351361435,-46.534805861881296,braganca paulista,SP
12924,-22.859813351361435,-46.534805861881296,braganca paulista,SP
12924,-22.86015021047438,-46.53172071047437,braganca paulista,SP
13015,-22.89565240276799,-47.06058600000001,campinas,SP
13015,-22.896465620005042,-47.06049933199293,campinas,SP
13015,-22.89684435498297,-47.05782953220033,campinas,SP
13202,-23.19292385103985,-46.87642530127315,jundiai,SP
13202,-23.196068696087476,-46.88059361267247,jundiai,SP
13202,-23.196264189595265,-46.87869436231191,jundiai,SP
13324,-23.202326933666114,-47.310678921461076,salto,SP
13324,-23.20233175572998,-47.31071715143302,salto,SP
13324,-23.20233175572998,-47.31071715143302,salto,SP
13412,-22.659443707455775,-47.65464990550516,piracicaba,SP
13412,-22.660751493479122,-47.65512061558667,piracicaba,SP
13412,-22.663860841796993,-47.65875299376759,piracicaba,SP
13500,-22.3904025,-47.56517550000001,rio claro,SP
13500,-22.393181999999946,-47.56175449999995,rio claro,SP
13500,-22.393968645673603,-47.56142924789879,rio claro,SP
13840,-22.35388356277169,-46.92192583486394,mogi guacu,SP
13840,-22.354182678869392,-46.923056233781665,mogi guacu,SP
13840,-22.35460174103596,-46.93364816383631,mogi-guacu,SP
14350,-21.007316999999944,-47.40856999999997,altinopolis,SP
14350,-21.013577999999995,-47.39330700000001,altinopolis,SP
14350,-21.01594451051416,-47.3924947033897,altinopolis,SP
14403,-20.532984442771863,-47.366053101687,franca,SP
14403,-20.533933680369124,-47.36738405710959,franca,SP
14403,-20.534480999999992,-47.367729,franca,SP
14540,-20.02724233277207,-47.74518594520016,igarapava,SP
14540,-20.028802100136538,-47.75320411426742,igarapava,SP
14540,-20.029428729760596,-47.74460199190878,igarapava,SP
14850,-21.336500999999945,-48.074664499999955,pradopolis,SP
14850,-21.34876279604216,-48.0863745920843,pradopolis,SP
14850,-21.351458364910343,-48.08679089966099,pradopolis,SP
15046,-20.741380623427997,-49.383927774084455,sao jose do rio preto,SP
15046,-20.747200070923792,-49.38572746207185,sao jose do rio preto,SP
15046,-20.747207984731546,-49.38762997812197,sao jose do rio preto,SP
15130,-20.789390999999945,-49.505304499999966,mirassol,SP
15130,-20.800016011180677,-49.50043842540455,mirassol,SP
15130,-20.80023800010758,-49.55536956126953,mirassol,SP
16025,-21.199474445467107,-50.43814074271452,araçatuba,SP
16025,-21.20806629952562,-50.44812175698824,aracatuba,SP
16025,-21.20806629952562,-50.44812175698824,aracatuba,SP
17160,-22.025105515101828,-48.92006274508528,arealva,SP
17160,-22.025175697844553,-48.91998727078656,arealva,SP
17160,-22.02558945979598,-48.91734582678692,arealva,SP
18131,-23.524095340723772,-47.15078879029439,sao roque,SP
18131,-23.525107381509503,-47.15166249560005,sao roque,SP
18131,-23.525235409815657,-47.15548038024807,são roque,SP
18460,-23.94878554590213,-49.49615278264505,itarare,SP
18460,-24.06785777799996,-49.32171999999997,itarare,SP
18460,-24.099321011136663,-49.32545915693917,itarare,SP
18604,-22.868886547090067,-48.42818123198219,botucatu,SP
18604,-22.87040990804759,-48.42466656279547,botucatu,SP
18604,-22.870789333891146,-48.42583116126143,botucatu,SP
18683,-22.59284374522339,-48.8047563257567,lencois paulista,SP
18683,-22.592993929237185,-48.80679027552383,lencois paulista,SP
18683,-22.59451051262094,-48.80289703788161,lencois paulista,SP
05665,-23.61319323594008,-46.72192942449765,sao paulo,SP
05665,-23.61319323594008,-46.72192942449765,sao paulo,SP
05665,-23.61428449753836,-46.72000863771221,são paulo,SP
05757,-23.622520976686474,-46.76073299999999,são paulo,SP
05757,-23.622520976686474,-46.76073299999999,sao paulo,SP
05757,-23.622520976686474,-46.76073299999999,sao paulo,SP
05787,-23.611968660280475,-46.75439829323671,sao paulo,SP
05787,-23.612854714957596,-46.75497483833455,sao paulo,SP
05787,-23.616236158203005,-46.75693672370017,sao paulo,SP
05887,-23.672794448614223,-46.796145958804466,são paulo,SP
05887,-23.672874116010018,-46.79625821828168,sao paulo,SP
05887,-23.67308939938832,-46.79556006064975,sao paulo,SP
06056,-23.56336969637593,-46.78699223452021,osasco,SP
06056,-23.563427333602682,-46.78654448277466,osasco,SP
06056,-23.56353208844737,-46.78645726652829,osasco,SP
06286,-23.502864133216036,-46.77313941508444,osasco,SP
06286,-23.503285424375274,-46.77204481790656,osasco,SP
06286,-23.50331253038265,-46.775610331236756,osasco,SP
06327,-23.525251922169332,-46.82212422128823,carapicuiba,SP
06327,-23.527289639089876,-46.82845437969661,carapicuiba,SP
06327,-23.52805590383446,-46.835051584353394,carapicuíba,SP
06458,-23.48458263268506,-46.82032483185356,barueri,SP
06458,-23.485553090192738,-46.82366554222137,barueri,SP
06458,-23.48565938105176,-46.82490210471504,barueri,SP
06694,-23.536045654850113,-46.94279597843593,itapevi,SP
06694,-23.537329343592134,-46.940299071391074,itapevi,SP
06694,-23.537462592347392,-46.94126487474246,itapevi,SP
06768,-23.607512999999997,-46.76161049999999,taboão da serra,SP
06768,-23.607693000000005,-46.75265774999998,taboao da serra,SP
06768,-23.607693000000005,-46.75265774999998,taboao da serra,SP
07112,-23.465304114698753,-46.51148732089968,guarulhos,SP
07112,-23.465304114698753,-46.51148732089968,guarulhos,SP
07112,-23.465304114698753,-46.51148732089968,guarulhos,SP
07180,-23.44842,-46.47255256549716,guarulhos,SP
07180,-23.44842,-46.47255256549716,guarulhos,SP
07180,-23.448989860118864,-46.47480372300768,guarulhos,SP
07145,-23.400108922009352,-46.482286091176626,guarulhos,SP
07145,-23.40026638550986,-46.47905996863639,guarulhos,SP
07145,-23.401033587206072,-46.47984414648908,guarulhos,SP
08030,-23.49509372334138,-46.427590276714255,sao paulo,SP
08030,-23.496187704137565,-46.42688595198796,são paulo,SP
08030,-23.49619286402227,-46.423157923403465,sao paulo,SP
08223,-23.48426678072605,-46.61319143713042,sao paulo,SP
08223,-23.520961769179355,-46.46906512874637,sao paulo,SP
08223,-23.520961769179355,-46.46906512874637,sao paulo,SP
08390,-23.43311223961746,-46.77523232168784,sao paulo,SP
08390,-23.481250780411177,-46.63576625446735,sao paulo,SP
08390,-23.481579300808328,-46.63595609052599,são paulo,SP
09163,-23.7622680628159,-46.46728047262276,santo andré,SP
09163,-23.7623436628035,-46.471003216578715,santo andre,SP
09163,-23.76273980322003,-46.47758260644005,santo andre,SP
09290,-23.635806400513495,-46.536029232615626,santo andre,SP
09290,-23.64139995974959,-46.507899080212354,santo andre,SP
09290,-23.64140190867915,-46.5078965291419,santo andré,SP
09790,-23.659702491257434,-46.597951989468406,sao bernardo do campo,SP
09790,-23.7025677086127,-46.582500247824335,sao bernardo do campo,SP
09790,-23.702808695297986,-46.5828668792067,sao bernardo do campo,SP
09890,-23.690570383865076,-46.56562143435861,são bernardo do campo,SP
09890,-23.690570383865076,-46.56562143435861,sao bernardo do campo,SP
09890,-23.690570383865076,-46.56562143435861,sao bernardo do campo,SP
11320,-23.96471422888113,-46.38144586151197,sao vicente,SP
11320,-23.96471422888113,-46.38144586151197,sao vicente,SP
11320,-23.96471422888113,-46.38144586151197,sao vicente,SP
11410,-23.94771120644415,-46.291763713821936,guarujá,SP
11410,-23.94771120644415,-46.291763713821936,guarujá,SP
11410,-23.94771120644415,-46.291763713821936,guarujá,SP
11450,-23.934471411881795,-46.305242649864454,guaruja,SP
11450,-23.935110078599724,-46.30404698312717,guaruja,SP
11450,-23.936687246322087,-46.30532014244533,guaruja,SP
11674,-23.622994315116227,-45.427333382289305,caraguatatuba,SP
11674,-23.624100384320887,-45.43998054993595,caraguatatuba,SP
11674,-23.624311079024267,-45.44079174518539,caraguatatuba,SP
88904,-28.938189688425272,-49.481331269371005,ararangua,SC
88904,-28.94886183831558,-49.49981733831558,ararangua,SC
88904,-28.94886183831558,-49.49981733831558,ararangua,SC
89160,-27.189250558621374,-49.587502981575696,rio do sul,SC
89160,-27.202992477350307,-49.612693500000006,rio do sul,SC
89160,-27.202992477350307,-49.612693500000006,rio do sul,SC
89150,-27.033589175036862,-49.63607860246079,presidente getulio,SC
89150,-27.033589175036862,-49.63607860246079,presidente getulio,SC
89150,-27.03573847258537,-49.61202389821512,presidente getulio,SC
89239,-26.12999394684566,-48.8763472655814,joinville,SC
89239,-26.136359393748343,-48.89914454140396,joinville,SC
89239,-26.145693,-48.903584605055094,joinville,SC
89896,-27.112295999999947,-53.68846399999997,itapiranga,SC
89896,-27.162959031861668,-53.71720317402002,itapiranga,SC
89896,-27.164316280624316,-53.71360052080212,itapiranga,SC
89815,-27.114589590918918,-52.622774136661405,chapecó,SC
89815,-27.11519831305493,-52.62809377191858,chapeco,SC
89815,-27.11585411243987,-52.62721168011784,chapeco,SC
90010,-30.02717858228982,-51.22982361128748,porto alegre,RS
90010,-30.02717858228982,-51.22982361128748,porto alegre,RS
90010,-30.02717858228982,-51.22982361128748,porto alegre,RS
90570,-30.01301457285476,-51.20351043490685,porto alegre,RS
90570,-30.0130177422966,-51.20360328308951,porto alegre,RS
90570,-30.0130177422966,-51.20360328308951,porto alegre,RS
93890,-29.570112581950763,-50.91712923826736,nova hartz,RS
93890,-29.57020359228804,-50.87965251072899,nova hartz,RS
93890,-29.573341108684996,-50.898278112156866,nova hartz,RS
94155,-29.91218058273593,-51.02355192086688,gravatai,RS
94155,-29.913677499685022,-51.02114399999999,gravatai,RS
94155,-29.913695793947976,-51.01687896475921,gravatai,RS
95181,-29.133609999999976,-51.37221999999997,jansen,RS
95181,-29.135813519717114,-51.37239948028289,jansen,RS
95181,-29.232712384151217,-51.33788459203129,farroupilha,RS
95913,-29.438742225100444,-51.963587629572295,lajeado,RS
95913,-29.438753239124196,-51.96901175002844,lajeado,RS
95913,-29.438753239124196,-51.96901175002844,lajeado,RS
97070,-29.700211102552398,-53.82104555086381,santa maria,RS
97070,-29.700236299002416,-53.82304345110299,santa maria,RS
97070,-29.70223783341101,-53.821410046619135,santa maria,RS
97574,-30.886687900804432,-55.52502367188627,santana do livramento,RS
97574,-30.88714698986014,-55.52547506738569,santana do livramento,RS
97574,-30.88867345480108,-55.526921505256425,santana do livramento,RS
98995,-27.90128396743496,-55.1407880714587,porto xavier,RS
98995,-27.90178206646967,-55.13789328273422,porto xavier,RS
98995,-27.901815577957407,-55.13800580492167,porto xavier,RS
99500,-28.27456103528211,-52.77361227682658,carazinho,RS
99500,-28.27474819034843,-52.77563092436861,carazinho,RS
99500,-28.275145482839225,-52.77652894548978,carazinho,RS
01315,-23.55074650014423,-46.63950533152522,sao paulo,SP
01315,-23.55074650014423,-46.63950533152522,sao paulo,SP
01315,-23.55074650014423,-46.63950533152522,sao paulo,SP
01452,-23.567582368024706,-46.69295141756596,sao paulo,SP
01452,-23.567582368024706,-46.69295141756596,sao paulo,SP
01452,-23.56883153079836,-46.69199439364803,sao paulo,SP
02060,-23.516528333054428,-46.60369615390382,sao paulo,SP
02060,-23.516528333054428,-46.60369615390382,sao paulo,SP
02060,-23.516912053292153,-46.603099655837056,sao paulo,SP
02040,-23.488167572854753,-46.62251082209014,sao paulo,SP
02040,-23.48829241993187,-46.6224936962317,sao paulo,SP
02040,-23.48829241993187,-46.6224936962317,sao paulo,SP
02264,-23.46106286317615,-46.57420538495959,sao paulo,SP
02264,-23.461105702419797,-46.57463661722278,sao paulo,SP
02264,-23.461105702419797,-46.57463661722278,sao paulo,SP
02365,-23.424106892867442,-46.58228799347912,são paulo,SP
02365,-23.424149399388316,-46.580858853453755,sao paulo,SP
02365,-23.424789368085,-46.58054625193439,sao paulo,SP
02310,-23.46604099417162,-46.59723140896761,sao paulo,SP
02310,-23.46604099417162,-46.59723140896761,sao paulo,SP
02310,-23.46604099417162,-46.59723140896761,sao paulo,SP
02442,-23.469655107132553,-46.64600123604942,sao paulo,SP
02442,-23.47006278934157,-46.645147220785965,sao paulo,SP
02442,-23.470428656673793,-46.64654664723872,sao paulo,SP
02422,-23.467444441928144,-46.639115337980805,sao paulo,SP
02422,-23.468950749927878,-46.63872262003007,sao paulo,SP
02422,-23.468950749927878,-46.63872262003007,sao paulo,SP
03029,-23.526998706907513,-46.619775041635386,sao paulo,SP
03029,-23.527071681372288,-46.619918067170616,sao paulo,SP
03029,-23.527071681372288,-46.619918067170616,sao paulo,SP
03151,-23.582656623925203,-46.586820944630375,sao paulo,SP
03151,-23.582711503750904,-46.586870580904844,sao paulo,SP
03151,-23.5861727216227,-46.58545030974091,sao paulo,SP
03370,-23.56692978934157,-46.55917783749783,sao paulo,SP
03370,-23.56692978934157,-46.55917783749783,sao paulo,SP
03370,-23.567490272548913,-46.558431135726195,são paulo,SP
03423,-23.54523246572221,-46.539280194010004,sao paulo,SP
03423,-23.545663093254095,-46.539485852905486,sao paulo,SP
03423,-23.545663093254095,-46.539485852905486,sao paulo,SP
03477,-23.55320448542905,-46.525271091869115,sao paulo,SP
03477,-23.56497238911653,-46.51474140660168,sao paulo,SP
03477,-23.565004250072114,-46.5143518709389,sao paulo,SP
03461,-23.567031471002323,-46.5260715,são paulo,SP
03461,-23.567081678682854,-46.52454873776685,sao paulo,SP
03461,-23.567084406144193,-46.52499408122884,sao paulo,SP
03417,-23.539685940879473,-46.54635608021235,sao paulo,SP
03417,-23.539685940879473,-46.54635608021235,sao paulo,SP
03417,-23.539685940879473,-46.54635608021235,sao paulo,SP
03585,-23.55983513416184,-46.49038577651694,sao paulo,SP
03585,-23.55988116541636,-46.491122802527535,sao paulo,SP
03585,-23.55989029087078,-46.48964243935025,sao paulo,SP
03728,-23.496546038687708,-46.509968039373284,sao paulo,SP
03728,-23.49681829629691,-46.50855019986173,sao paulo,SP
03728,-23.497488670552258,-46.50968426019966,sao paulo,SP
03880,-23.50649234793597,-46.48661031978896,sao paulo,SP
03880,-23.507701535748033,-46.48311768165533,sao paulo,SP
03880,-23.50772066107185,-46.48479939526244,sao paulo,SP
04011,-23.577286075768956,-46.64140689286745,sao paulo,SP
04011,-23.577286075768956,-46.64140689286745,sao paulo,SP
04011,-23.577286075768956,-46.64140689286745,sao paulo,SP
04104,-23.574671999999993,-46.637951018321864,sao paulo,SP
04104,-23.574677475140483,-46.63798102485952,sao paulo,SP
04104,-23.575069623925202,-46.63792111656762,sao paulo,SP
04152,-23.62240456469452,-46.626019351892104,sao paulo,SP
04152,-23.622767193173285,-46.62634253274857,sao paulo,SP
04152,-23.622767193173285,-46.62634253274857,são paulo,SP
04185,-23.643142093254088,-46.59185885429047,são paulo,SP
04185,-23.643391830140235,-46.59213916403138,sao paulo,SP
04185,-23.643459360515298,-46.59247254682996,sao paulo,SP
04160,-23.623071118241057,-46.60293659755326,sao paulo,SP
04160,-23.62358155176294,-46.61056007369148,sao paulo,SP
04160,-23.623648511800994,-46.60397948681402,sao paulo,SP
04118,-23.594108521784314,-46.63019174562871,sao paulo,SP
04118,-23.594108521784314,-46.63019174562871,sao paulo,SP
04118,-23.594108521784314,-46.63019174562871,são paulo,SP
04379,-23.651958258670454,-46.660462559668794,sao paulo,SP
04379,-23.652067699498275,-46.660312372689745,sao paulo,SP
04379,-23.652696841112217,-46.659911700837554,sao paulo,SP
04367,-23.649202225373614,-46.664430507069135,são paulo,SP
04367,-23.649424921172635,-46.66926289355993,sao paulo,SP
04367,-23.649476605603347,-46.66893040161003,sao paulo,SP
04378,-23.64192602415024,-46.666337489324185,são paulo,SP
04378,-23.642050249645,-46.66618916303854,são paulo,SP
04378,-23.642287427981955,-46.666145587021674,sao paulo,SP
04514,-23.598032039961947,-46.66690070719597,sao paulo,SP
04514,-23.598032039961947,-46.66690070719597,sao paulo,SP
04514,-23.598032039961947,-46.66690070719597,são paulo,SP
04618,-23.616754072162266,-46.68017592783772,são paulo,SP
04618,-23.616754072162266,-46.68017592783772,sao paulo,SP
04618,-23.616754072162266,-46.68017592783772,sao paulo,SP
04750,-23.644289462115523,-46.701457465029705,sao paulo,SP
04750,-23.64530093005943,-46.703677741185324,sao paulo,SP
04750,-23.64530093005943,-46.703677741185324,sao paulo,SP
04782,-23.68211925950717,-46.70561095420966,sao paulo,SP
04782,-23.686843421316862,-46.703692172918196,sao paulo,SP
04782,-23.686923604218364,-46.70361332708181,sao paulo,SP
04827,-23.719291819334313,-46.701999976212974,são paulo,SP
04827,-23.719477405094086,-46.705207337929046,são paulo,SP
04827,-23.719486565180148,-46.70522382608396,sao paulo,SP
05025,-23.526757026371943,-46.685239968492155,sao paulo,SP
05025,-23.526757026371943,-46.685239968492155,sao paulo,SP
05025,-23.527256940879475,-46.68567755704306,são paulo,SP
05030,-23.537941910352586,-46.69218298557327,sao paulo,SP
05030,-23.538617779906513,-46.69154251442673,sao paulo,SP
05030,-23.53880699999999,-46.69220001110851,sao paulo,SP
05175,-23.471742740492818,-46.741410628916874,sao paulo,SP
05175,-23.472114799613347,-46.74191153220032,sao paulo,SP
05175,-23.472305779906502,-46.74132396003806,sao paulo,SP
05340,-23.549365163194658,-46.75840389702238,são paulo,SP
05340,-23.550887635714503,-46.75781887936346,são paulo,SP
05340,-23.550887635714503,-46.75781887936346,sao paulo,SP
05501,-23.56687272786059,-46.70731964687961,sao paulo,SP
05501,-23.56687272786059,-46.70731964687961,sao paulo,SP
05501,-23.56837227200066,-46.705818194846735,sao paulo,SP
38750,-18.253622999999948,-46.36717999999996,presidente olegário,MG
38750,-18.253622999999948,-46.36717999999996,presidente olegario,MG
38750,-18.400393353108633,-46.430037430312,presidente olegario,MG
39260,-17.473556999999946,-44.78711299999995,varzea da palma,MG
39260,-17.473556999999946,-44.78711299999995,várzea da palma,MG
39260,-17.473556999999946,-44.78711299999995,varzea da palma,MG
39404,-16.668897370246412,-43.85462848404406,montes claros,MG
39404,-16.670941837573327,-43.84977734429492,montes claros,MG
39404,-16.670948000221372,-43.85346893323357,montes claros,MG
40420,-12.91136658865139,-38.497004634920316,salvador,BA
40420,-12.911822477864067,-38.49708568189146,salvador,BA
40420,-12.913108470165605,-38.497713946707854,salvador,BA
41745,-12.93031670110756,-38.40761329222249,salvador,BA
41745,-12.931047669511491,-38.40748806323983,salvador,BA
41745,-12.931443893529366,-38.40926046871914,salvador,BA
45000,-14.836758353061713,-40.848160765373905,vitória da conquista,BA
45000,-14.845074645509488,-40.84762734219623,vitoria da conquista,BA
45000,-14.845246347717895,-40.840287618759646,vitoria da conquista,BA
45822,-16.34674145240771,-39.58016727295632,eunápolis,BA
45822,-16.352699628635026,-39.58635037136497,eunapolis,BA
45822,-16.354683852781974,-39.58609367860961,eunapolis,BA
46100,-14.191083683484836,-41.67219743362969,brumado,BA
46100,-14.191301036824793,-41.67128276707376,brumado,BA
46100,-14.19341401393884,-41.67101186012974,brumado,BA
48030,-12.109024986222884,-38.41382847214628,alagoinhas,BA
48030,-12.126597479352135,-38.426594618193846,alagoinhas,BA
48030,-12.127422241999966,-38.329669999999965,alagoinhas,BA
57035,-9.640162592561595,-35.702627846240404,maceio,AL
57035,-9.640162592561595,-35.702627846240404,maceio,AL
57035,-9.641723125581867,-35.70529335116133,maceio,AL
58059,-7.174745999999999,-34.82028224999999,joao pessoa,PB
58059,-7.174745999999999,-34.82028224999999,joao pessoa,PB
58059,-7.175907969544396,-34.835183108351664,joao pessoa,PB
58220,-6.692627999999946,-35.58939199999995,bananeiras,PB
58220,-6.7438838307588425,-35.63017902830327,bananeiras,PB
58220,-6.744022771431143,-35.63027214811556,bananeiras,PB
60170,-3.7256805622729345,-38.49042739393334,fortaleza,CE
60170,-3.7256805622729345,-38.49042739393334,fortaleza,CE
60170,-3.726203635077689,-38.492334110894795,fortaleza,CE
60125,-3.725821066239238,-38.50045702090285,fortaleza,CE
60125,-3.7260126125587996,-38.49824319450029,fortaleza,CE
60125,-3.7260516006116804,-38.500435304605,fortaleza,CE
60813,-3.776598342370476,-38.483132158702084,fortaleza,CE
60813,-3.777298658895489,-38.4831044635005,fortaleza,CE
60813,-3.777298658895489,-38.4831044635005,fortaleza,CE
63504,-6.34474766617846,-39.31731070892474,iguatu,CE
63504,-6.344790417296599,-39.31753709552761,iguatu,CE
63504,-6.366123517086194,-39.303120435711506,iguatu,CE
64235,-3.4625137892290376,-41.556314661459986,cocal,PI
64235,-3.4628517476209377,-41.555141224590265,cocal,PI
64235,-3.465766146796407,-41.55036064605081,cocal,PI
65300,-3.6405849283455614,-45.37582875379915,santa ines,MA
65300,-3.6405849283455614,-45.37582875379915,santa ines,MA
65300,-3.6431727551793065,-45.3811596906215,santa inês,MA
68555,-6.59274671745443,-49.44073767236696,xinguara,PA
68555,-6.59274671745443,-49.44073767236696,xinguara,PA
68555,-6.849074999999971,-49.26318952699995,xinguara,PA
68695,-2.905202999999947,-48.75208099999996,tailandia,PA
68695,-2.905202999999947,-48.75208099999996,tailandia,PA
68695,-2.9212686580657516,-48.949643260888514,tailandia,PA
70200,-15.804895266610584,-47.83616413396361,brasilia,DF
70200,-15.804895266610584,-47.83616413396361,brasília,DF
70200,-15.804895266610584,-47.83616413396361,brasilia,DF
18840,-23.272415008060193,-49.485022213357354,sarutaia,SP
18840,-23.272921081548922,-49.4810740774,sarutaia,SP
18840,-23.273246650695985,-49.48254982127452,sarutaiá,SP
19160,-22.063688402322615,-51.475588877912344,alvares machado,SP
19160,-22.063688402322615,-51.475588877912344,alvares machado,SP
19160,-22.063756675909346,-51.47572039629743,alvares machado,SP
20011,-22.902922602833378,-43.176455349991315,rio de janeiro,RJ
20011,-22.902922602833378,-43.176455349991315,rio de janeiro,RJ
20011,-22.902922602833378,-43.176455349991315,rio de janeiro,RJ
20750,-22.869210329476402,-43.303780435743576,rio de janeiro,RJ
20750,-22.869210329476402,-43.303780435743576,rio de janeiro,RJ
20750,-22.869210329476402,-43.303780435743576,rio de janeiro,RJ
20771,-22.880992745772943,-43.29199030919263,rio de janeiro,RJ
20771,-22.881103186796647,-43.27243415820299,rio de janeiro,RJ
20771,-22.88115047100233,-43.27122079808413,rio de janeiro,RJ
21331,-22.863407237318828,-43.36647393173286,rio de janeiro,RJ
21331,-22.86345858228666,-43.36605,rio de janeiro,RJ
21331,-22.864374755467797,-43.365961535518544,rio de janeiro,RJ
21832,-22.88305112323195,-43.4889261110046,rio de janeiro,RJ
21832,-22.88305112323195,-43.4889261110046,rio de janeiro,RJ
21832,-22.883548482712115,-43.48862898797087,rio de janeiro,RJ
21910,-22.785593595331562,-43.18538207271054,rio de janeiro,RJ
21910,-22.78587758938772,-43.186046762451035,rio de janeiro,RJ
21910,-22.78597444463038,-43.18506344171618,rio de janeiro,RJ
22245,-22.9372857352127,-43.18719373896361,rio de janeiro,RJ
22245,-22.93747585567546,-43.18721421648681,rio de janeiro,RJ
22245,-22.93747585567546,-43.18721421648681,rio de janeiro,RJ
22241,-22.93481381487679,-43.19193706341969,rio de janeiro,RJ
22241,-22.934922423250093,-43.19379710297762,rio de janeiro,RJ
22241,-22.93547211434592,-43.191883948929565,rio de janeiro,RJ
22723,-22.90593355921822,-43.42129173133025,rio de janeiro,RJ
22723,-22.908485975849754,-43.380939289485795,rio de janeiro,RJ
22723,-22.908677641422198,-43.408015493799056,rio de janeiro,RJ
23066,-22.8702548849581,-43.570437820055865,rio de janeiro,RJ
23066,-22.883192999999995,-43.62543959638544,rio de janeiro,RJ
23066,-22.883192999999995,-43.62543959638544,rio de janeiro,RJ
23095,-22.84381264907807,-43.55196429159662,rio de janeiro,RJ
23095,-22.843865595086466,-43.551055986509965,rio de janeiro,RJ
23095,-22.843865595086466,-43.551055986509965,rio de janeiro,RJ
23510,-22.90619313455336,-43.23263727562857,rio de janeiro,RJ
23510,-22.914200294477467,-43.680143650297154,rio de janeiro,RJ
23510,-22.914386046627047,-43.68067422202674,rio de janeiro,RJ
24905,-22.895536225445962,-42.79661378284364,marica,RJ
24905,-22.901665372340847,-42.795023744017996,marica,RJ
24905,-22.958491500000004,-42.98904225000001,marica,RJ
26010,-22.677438465882116,-43.437122502216425,nova iguacu,RJ
26010,-22.68106084828009,-43.44994662040251,nova iguaçu,RJ
26010,-22.683272085960965,-43.4436275297152,nova iguacu,RJ
26173,-22.72156091673524,-43.38656840828506,belford roxo,RJ
26173,-22.72197261686703,-43.35687261759197,belford roxo,RJ
26173,-22.72197261686703,-43.35687261759197,belford roxo,RJ
26425,-22.68024410062488,-43.62666975786477,japeri,RJ
26425,-22.681982106801176,-43.6046731065545,japeri,RJ
26425,-22.681982106801176,-43.6046731065545,japeri,RJ
27524,-22.46953034776961,-44.481451840960275,resende,RJ
27524,-22.4700332894858,-44.482982815425046,resende,RJ
27524,-22.470156670552257,-44.48316169900167,resende,RJ
28013,-21.720614631053817,-41.32483587746674,campos dos goytacazes,RJ
28013,-21.75494619803527,-41.31097369772096,campos dos goytacazes,RJ
28013,-21.75494619803527,-41.31097369772096,campos dos goytacazes,RJ
28380,-21.029846737565816,-41.989701337585736,natividade,RJ
28380,-21.03116987494192,-41.98830620839693,natividade,RJ
28380,-21.031650917105768,-41.99062852941641,natividade,RJ
28637,-22.043650622016823,-42.67135816093056,sumidouro,RJ
28637,-22.04431048215224,-42.67226871173603,sumidouro,RJ
28637,-22.044320325619882,-42.6731568832874,sumidouro,RJ
72151,-15.820388320311563,-48.088436304726876,brasilia,DF
72151,-15.821387464328993,-48.08769661206291,brasilia,DF
72151,-15.821668862399921,-48.08893423455837,brasilia,DF
72236,-15.844972546206952,-48.11967479264399,brasilia,DF
72236,-15.84525943919074,-48.12007089987147,brasilia,DF
72236,-15.84525943919074,-48.12007089987147,brasilia,DF
74645,-16.659512807781283,-49.24389802147049,goiania,GO
74645,-16.659641501371492,-49.245112867083606,goiania,GO
74645,-16.659647079631483,-49.24513695502446,goiania,GO
74603,-16.660841986045032,-49.24371159365478,goiania,GO
74603,-16.661100247161034,-49.243846992686464,goiania,GO
74603,-16.66716310322188,-49.2423074492437,goiania,GO
75640,-17.287809536165618,-49.018919933877726,piracanjuba,GO
75640,-17.288724613593352,-49.019580654185646,piracanjuba,GO
75640,-17.291123203481472,-49.01909921658692,piracanjuba,GO
76550,-13.413536999999991,-49.15261124999999,porangatu,GO
76550,-13.414917794145214,-49.150575354635706,porangatu,GO
76550,-13.414933206370392,-49.15055922556285,porangatu,GO
76847,-10.868722828598262,-61.97235182582319,extrema,RO
76847,-11.023793022841375,-62.673043611410165,extrema,RO
76847,-22.854742337839564,-46.31402603661472,extrema,RO
78365,-13.455578999999947,-58.51720249999997,sapezal,MT
78365,-13.535306999999998,-58.81880206404651,sapezal,MT
78365,-13.535933392192147,-58.821447718020934,sapezal,MT
80620,-25.452256250377825,-49.28451449025095,curitiba,PR
80620,-25.452256250377825,-49.28451449025095,curitiba,PR
80620,-25.452256250377825,-49.28451449025095,curitiba,PR
84015,-25.06386111740434,-50.14810066665711,ponta grossa,PR
84015,-25.064966087263304,-50.158311883753626,ponta grossa,PR
84015,-25.065573150152915,-50.14851120330085,ponta grossa,PR
84935,-23.772608999999992,-49.94812350000001,tomazina,PR
84935,-23.77403863772169,-49.957077806289405,tomazina,PR
84935,-23.774294265509102,-49.94723166536389,tomazina,PR
85440,-24.524604110531424,-52.9878073740602,ubirata,PR
85440,-24.525153075494284,-52.98799938022354,ubirata,PR
85440,-24.525652812286346,-52.988288185511436,ubirata,PR
85504,-26.075664316571327,-52.63875188401798,pato branco,PR
85504,-26.075664316571327,-52.63875188401798,pato branco,PR
85504,-26.075664316571327,-52.63875188401798,pato branco,PR
86050,-23.317082119078883,-51.19004447682952,londrina,PR
86050,-23.318089303624063,-51.18741076005544,londrina,PR
86050,-23.31862312193163,-51.18903576165961,londrina,PR
86081,-23.261564545191003,-51.18835950497482,londrina,PR
86081,-23.261609492201334,-51.18708154646319,londrina,PR
86081,-23.261750664723877,-51.17697288011416,londrina,PR
87702,-23.07034714597502,-52.458885039905326,paranavai,PR
87702,-23.07098062171216,-52.45983977697107,paranavai,PR
87702,-23.073838289136006,-52.47005558935891,paranavai,PR
88160,-27.363717103182317,-48.633718095532416,biguaçu,SC
88160,-27.479749939636697,-48.66066604227044,biguacu,SC
88160,-27.48509055416287,-48.64755966985422,biguaçu,SC
88338,-26.956067814362104,-48.6407742354364,balneario camboriu,SC
88338,-26.956196999999996,-48.639755249999986,balneario camboriu,SC
88338,-26.956196999999996,-48.639755249999986,balneario camboriu,SC
29166,-20.10146152222698,-40.17985821446878,serra,ES
29166,-20.151072841471485,-40.27515216257922,serra,ES
29166,-20.167765522072767,-40.25400232944773,serra,ES
29190,-19.79866317175276,-40.27141836584259,aracruz,ES
29190,-19.798697821031876,-40.27132907731565,aracruz,ES
29190,-19.8012723624837,-40.27250206744531,aracruz,ES
29311,-20.834880849246815,-41.11196413041938,cachoeiro de itapemirim,ES
29311,-20.835137767150137,-41.111883739978666,cachoeiro de itapemirim,ES
29311,-20.842484039186417,-41.14681176531717,cachoeiro de itapemirim,ES
29645,-19.996467447170264,-40.74142016773337,santa maria de jetiba,ES
29645,-19.999024437745376,-40.74224169793212,santa maria de jetiba,ES
29645,-19.9990482421709,-40.741947939656434,santa maria de jetiba,ES
29725,-19.406856123930517,-40.537386148221714,marilândia,ES
29725,-19.407325947577203,-40.536756160864925,marilandia,ES
29725,-19.407487499999995,-40.53825450000001,marilândia,ES
30130,-19.896838407438395,-43.95320231597331,belo horizonte,MG
30130,-19.916207195043484,-43.940508150441126,belo horizonte,MG
30130,-19.916207195043484,-43.940508150441126,belo horizonte,MG
30492,-19.96647847905241,-43.96811666734959,belo horizonte,MG
30492,-19.96647847905241,-43.96811666734959,belo horizonte,MG
30492,-19.96673353926945,-43.96832540536092,belo horizonte,MG
30820,-19.898169683882454,-44.00522872675858,belo horizonte,MG
30820,-19.898769206763284,-44.005415301690824,belo horizonte,MG
30820,-19.898900800450065,-44.00508969830917,belo horizonte,MG
31170,-19.837637309651495,-43.92004981246412,belo horizonte,MG
31170,-19.876195091302638,-43.923331528351696,belo horizonte,MG
31170,-19.877605418258437,-43.92286383833455,belo horizonte,MG
31150,-19.82868428804991,-43.97104285667457,belo horizonte,MG
31150,-19.874211496797344,-43.94468309241738,belo horizonte,MG
31150,-19.87464601082004,-43.94606325590049,belo horizonte,MG
31330,-19.86734812439807,-43.99890583798762,belo horizonte,MG
31330,-19.867360342498344,-43.99890979090242,belo horizonte,MG
31330,-19.869710845692133,-43.99657357660566,belo horizonte,MG
31720,-19.82198591035258,-43.95257854371286,belo horizonte,MG
31720,-19.82198591035258,-43.95257854371286,belo horizonte,MG
31720,-19.82198591035258,-43.95257854371286,belo horizonte,MG
32677,-19.932431427145243,-44.11043935053957,betim,MG
32677,-19.933942593816102,-44.11078282378126,betim,MG
32677,-19.93493169323367,-44.119648626590205,betim,MG
32600,-19.92334588077531,-44.29207903935762,betim,MG
32600,-19.92369645622111,-44.29214007071053,betim,MG
32600,-19.92376432854874,-44.292268899917445,betim,MG
33200,-19.682462138630296,-43.91264665215833,vespasiano,MG
33200,-19.682466605175094,-43.912766176123334,vespasiano,MG
33200,-19.682586262440413,-43.91261025679218,vespasiano,MG
34000,-19.96630634708929,-43.852990505532745,nova lima,MG
34000,-19.9739408707819,-43.9349738707819,nova lima,MG
34000,-19.9739408707819,-43.9349738707819,nova lima,MG
35065,-18.843464751167478,-41.96578416401198,governador valadares,MG
35065,-18.843464751167478,-41.96578416401198,governador valadares,MG
35065,-18.843563728136527,-41.96578657927847,governador valadares,MG
35430,-20.376966318410542,-42.90316936560516,ponte nova,MG
35430,-20.376966318410542,-42.90316936560516,ponte nova,MG
35430,-20.3769750111056,-42.90302865218831,ponte nova,MG
36021,-21.70655447209563,-43.30660377498969,juiz de fora,MG
36021,-21.70655447209563,-43.30660377498969,juiz de fora,MG
36021,-21.771858326266344,-43.333349157939686,juiz de fora,MG
37165,-21.103433678660608,-45.84223144285752,campo do meio,MG
37165,-21.1044545423844,-45.836058542384286,campo do meio,MG
37165,-21.105848474648,-45.82944966323198,campo do meio,MG
37650,-22.7380538262515,-46.128252934371254,camanducaia,MG
37650,-22.741109264884503,-46.1328401769387,camanducaia,MG
37650,-22.741109264884503,-46.1328401769387,camanducaia,MG
11701,-24.000695341544034,-46.413472974598555,praia grande,SP
11701,-24.001288784898172,-46.41380812406943,praia grande,SP
11701,-24.00146270774424,-46.413420150152916,praia grande,SP
12020,-23.00334239550502,-45.58002472752459,taubate,SP
12020,-23.003488458521375,-45.57992801713498,taubate,SP
12020,-23.003580124522717,-45.57941755381058,taubate,SP
12081,-23.020805732798888,-45.53271830493145,taubate,SP
12081,-23.022319916514974,-45.52309947817595,taubate,SP
12081,-23.02239025364227,-45.532322465797776,taubate,SP
12241,-23.221861880232186,-45.919754626744066,sao jose dos campos,SP
12241,-23.22308251595593,-45.92082313933288,sao jose dos campos,SP
12241,-23.223089618933546,-45.92237897723474,sao jose dos campos,SP
12237,-23.234947501529213,-45.91332210061168,sao jose dos campos,SP
12237,-23.234947501529213,-45.91332210061168,sao jose dos campos,SP
12237,-23.236172677331904,-45.912859781959774,sao jose dos campos,SP
12229,-23.255646421016547,-45.86988928283834,são josé dos campos,SP
12229,-23.255713047885376,-45.82945474164879,sao jose dos campos,SP
12229,-23.261941078827366,-45.85546988051819,sao jose dos campos,SP
12324,-23.306847094193515,-46.00812542497289,jacarei,SP
12324,-23.308463371685512,-46.00873985807735,jacarei,SP
12324,-23.308761310577616,-46.00520304302037,jacareí,SP
12702,-22.577472911737566,-44.96708172967279,cruzeiro,SP
12702,-22.577526349028794,-44.96907667448835,cruzeiro,SP
12702,-22.578917214569937,-44.970104514787366,cruzeiro,SP
12913,-22.956902679412728,-46.524658610104886,braganca paulista,SP
12913,-22.956902679412728,-46.524658610104886,bragança paulista,SP
12913,-22.95750491772243,-46.52488623678449,braganca paulista,SP
13013,-22.900911925616033,-47.07036553205609,campinas,SP
13013,-22.90095703817581,-47.06260369535995,campinas,SP
13013,-22.90095703817581,-47.06260369535995,campinas,SP
13185,-22.858861047466128,-47.21076692319949,hortolandia,SP
13185,-22.858861047466128,-47.21076692319949,hortolandia,SP
13185,-22.859302579259555,-47.162646156420934,hortolandia,SP
13170,-22.81072667999825,-47.280809602870676,sumare,SP
13170,-22.81072667999825,-47.280809602870676,sumare,SP
13170,-22.81072667999825,-47.280809602870676,sumare,SP
13252,-22.962507150351165,-46.79794228444784,itatiba,SP
13252,-22.964086503081273,-46.84474589537227,itatiba,SP
13252,-22.96504972157105,-46.82287701262035,itatiba,SP
13308,-23.293342311350447,-47.31370742439953,itu,SP
13308,-23.31523409361474,-47.30227337759819,itu,SP
13308,-23.31530999999999,-47.302233750000006,itu,SP
13390,-22.82846190803942,-47.59698205002008,rio das pedras,SP
13390,-22.828899493919877,-47.59496545964489,rio das pedras,SP
13390,-22.82925458323654,-47.60117248980903,rio das pedras,SP
13416,-22.70911714528378,-47.64255433482839,piracicaba,SP
13416,-22.709289822118812,-47.64455469721266,piracicaba,SP
13416,-22.709289822118812,-47.64455469721266,piracicaba,SP
13484,-22.540087289197345,-47.41771292048015,limeira,SP
13484,-22.540320986758253,-47.41627776021917,limeira,SP
13484,-22.541719708891844,-47.427681190013296,limeira,SP
13471,-22.71910276824975,-47.3348837828207,americana,SP
13471,-22.71910276824975,-47.3348837828207,americana,SP
13471,-22.719194360811354,-47.33270081072184,americana,SP
13504,-22.340753069833347,-47.65110917266296,rio claro,SP
13504,-22.340753069833347,-47.65110917266296,rio claro,SP
13504,-22.377960169349453,-47.55784776610173,rio claro,SP
13520,-22.532213305337347,-47.91723837414892,sao pedro,SP
13520,-22.532213305337347,-47.91723837414892,sao pedro,SP
13520,-22.535405698838723,-47.90517456258631,sao pedro,SP
13960,-22.552509593380687,-46.48574803715298,socorro,SP
13960,-22.552533610488265,-46.485762635787,socorro,SP
13960,-22.552533610488265,-46.485762635787,socorro,SP
13905,-22.702861495652463,-46.80829661140132,amparo,SP
13905,-22.702861495652463,-46.80829661140132,amparo,SP
13905,-22.70333354177962,-46.80650172967278,amparo,SP
14160,-21.128070666834194,-47.99292258348872,sertaozinho,SP
14160,-21.128070666834194,-47.99292258348872,sertaozinho,SP
14160,-21.128520006665102,-47.99008169302907,sertaozinho,SP
14110,-21.115912358589654,-47.79194450291419,bonfim paulista,SP
14110,-21.169765431082375,-47.81512758502408,bonfim paulista,SP
14110,-21.176171544028136,-47.82600436308318,bonfim paulista,SP
14400,-20.52855579669566,-47.40277521753101,franca,SP
14400,-20.52903717581311,-47.401447746987124,franca,SP
14400,-20.52967697647652,-47.40106474243539,franca,SP
14709,-20.912743834063466,-48.48467421285658,bebedouro,SP
14709,-20.913794999999993,-48.48582800482493,bebedouro,SP
14709,-20.914558974666566,-48.483864000000004,bebedouro,SP
14820,-21.71767115266437,-48.10187036900162,americo brasiliense,SP
14820,-21.718556673946633,-48.09897055676188,américo brasiliense,SP
14820,-21.71927370182365,-48.09987828052718,americo brasiliense,SP
14940,-21.734662725633285,-48.814806562573224,ibitinga,SP
14940,-21.734662725633285,-48.814806562573224,ibitinga,SP
14940,-21.738056784282378,-48.823753438238676,ibitinga,SP
15041,-20.78066626733426,-49.427201612383016,são josé do rio preto,SP
15041,-20.781713673707426,-49.418203383290184,são josé do rio preto,SP
15041,-20.781894157275673,-49.419245953971654,são josé do rio preto,SP
15090,-20.813126040317048,-49.36687786598493,sao jose do rio preto,SP
15090,-20.8238162742393,-49.39051427485119,sao jose do rio preto,SP
15090,-20.824225034798676,-49.38827488404062,são josé do rio preto,SP
15804,-21.109708618856473,-48.95821524433545,catanduva,SP
15804,-21.11111721233187,-48.957184519014355,catanduva,SP
15804,-21.111156554075855,-48.961362752271015,catanduva,SP
15807,-21.1179971892973,-48.94461879404156,catanduva,SP
15807,-21.11869068720068,-48.946444365802996,catanduva,SP
15807,-21.118735152374622,-48.945518334583625,catanduva,SP
17051,-22.324382194269806,-49.10394040466842,bauru,SP
17051,-22.324643663627352,-49.1044292345202,bauru,SP
17051,-22.324745547691855,-49.106055929909374,bauru,SP
17522,-22.22388871230981,-49.96219223289206,marilia,SP
17522,-22.24232805107044,-49.93581430252754,marília,SP
17522,-22.24448565770853,-49.935687161246285,marilia,SP
17780,-21.637253999999945,-51.00523099999997,lucelia,SP
17780,-21.712646472491162,-51.019262156878895,lucelia,SP
17780,-21.712646472491162,-51.019262156878895,lucelia,SP
18072,-23.38754718567147,-47.558981190114864,sorocaba,SP
18072,-23.404497795700884,-47.51873192234266,sorocaba,SP
18072,-23.404497795700884,-47.51873192234266,sorocaba,SP
18021,-23.505131608661763,-47.4302430313636,sorocaba,SP
18021,-23.50595732445608,-47.428383252986315,sorocaba,SP
18021,-23.50612792645274,-47.42718353482606,sorocaba,SP
18117,-23.538878288716468,-47.464727675881115,votorantim,SP
18117,-23.538878288716468,-47.464727675881115,votorantim,SP
18117,-23.55872975160132,-47.45604541436331,votorantim,SP
18116,-23.542232821587245,-47.4425166227244,votorantim,SP
18116,-23.54232282590336,-47.44262753691893,votorantim,SP
18116,-23.544973308644384,-47.45846881210683,votorantim,SP
18200,-23.573334903992784,-48.044080407795434,itapetininga,SP
18200,-23.577640281223452,-48.03233420767391,itapetininga,SP
18200,-23.577640281223452,-48.03233420767391,itapetininga,SP
18570,-22.996511534089564,-48.01333244715821,conchas,SP
18570,-23.008409696636363,-48.00827052277512,conchas,SP
18570,-23.008409696636363,-48.00827052277512,conchas,SP
05612,-23.58813695337295,-46.70790256549717,sao paulo,SP
05612,-23.58813695337295,-46.70790256549717,sao paulo,SP
05612,-23.589817554532896,-46.71286269164407,sao paulo,SP
05890,-23.662921861503833,-46.78337048834322,sao paulo,SP
05890,-23.663058831525216,-46.7822679096601,sao paulo,SP
05890,-23.663084605603338,-46.78260956924808,sao paulo,SP
06365,-23.519833609018267,-46.84246649948162,carapicuiba,SP
06365,-23.519833609018267,-46.84246649948162,carapicuíba,SP
06365,-23.522758853663227,-46.85916894932274,carapicuiba,SP
06409,-23.49072290234487,-46.8981706379204,barueri,SP
06409,-23.49073730865487,-46.89817891501562,barueri,SP
06409,-23.49073730865487,-46.89817891501562,barueri,SP
06717,-23.602553566428536,-46.90613830071437,cotia,SP
06717,-23.602687458797302,-46.92546533305443,cotia,SP
06717,-23.603330284205672,-46.92598959048413,cotia,SP
06803,-23.64164685157331,-46.83952698847295,embu das artes,SP
06803,-23.642002116677475,-46.840219390199856,embu das artes,SP
06803,-23.642217917245475,-46.840644457820275,embu das artes,SP
07194,-23.440862598389984,-46.508780488343234,guarulhos,SP
07194,-23.44095150874257,-46.50713991618096,guarulhos,SP
07194,-23.441222368024714,-46.509602537191995,guarulhos,SP
08041,-23.50817598456956,-46.44329210933364,sao paulo,SP
08041,-23.508987370246402,-46.44336369415424,sao paulo,SP
08041,-23.509608066333882,-46.443443825148584,sao paulo,SP
08180,-23.416072637803662,-46.75113288689484,sao paulo,SP
08180,-23.416225302527547,-46.751184686508175,sao paulo,SP
08180,-23.475206605347644,-46.41174302648852,sao paulo,SP
08450,-23.538378017485144,-46.40588148695826,sao paulo,SP
08450,-23.53841303238152,-46.40615878408639,sao paulo,SP
08450,-23.538976868168938,-46.402997385509856,sao paulo,SP
08583,-23.43540168416621,-46.38267532468135,itaquaquecetuba,SP
08583,-23.435413859835883,-46.38279179808733,itaquaquecetuba,SP
08583,-23.4354796208344,-46.38125042426341,itaquaquecetuba,SP
09015,-23.653393679987307,-46.52816810713256,santo andre,SP
09015,-23.653835765690097,-46.52771844201903,santo andre,SP
09015,-23.653879312799322,-46.52869696947311,santo andre,SP
09171,-23.629217427948525,-46.528579104618984,santo andre,SP
09171,-23.652738158419446,-46.54748093338932,santo andre,SP
09171,-23.66538552816322,-46.53708914264498,santo andre,SP
09350,-23.66651400839517,-46.439911562656675,maua,SP
09350,-23.66651400839517,-46.439911562656675,maua,SP
09350,-23.666538613050054,-46.439888780568815,maua,SP
09351,-23.656566495203364,-46.462200714194545,maua,SP
09351,-23.656566495203364,-46.462200714194545,maua,SP
09351,-23.656566495203364,-46.462200714194545,maua,SP
09655,-23.64843248384158,-46.58335914057361,sao bernardo do campo,SP
09655,-23.651354813116185,-46.590019990827415,sao bernardo do campo,SP
09655,-23.65235467902358,-46.590954150379794,sao bernardo do campo,SP
09601,-23.66371725535223,-46.56304080642269,sao bernardo do campo,SP
09601,-23.664140695539214,-46.56266359215758,sao bernardo do campo,SP
09601,-23.666082461427038,-46.560945499160646,sao bernardo do campo,SP
09853,-23.685323306898184,-46.57137938746216,sao bernardo do campo,SP
09853,-23.68532815163159,-46.573810062609176,sao bernardo do campo,SP
09853,-23.729759874545586,-46.59394546073053,sao bernardo do campo,SP
11431,-23.99081047960067,-46.28393221051421,guarujá,SP
11431,-23.99124578045476,-46.28316745115126,guaruja,SP
11431,-23.991361030526882,-46.28594029961334,guarujá,SP
89135,-27.027030495726653,-49.38413160975049,apiuna,SC
89135,-27.027192363363394,-49.38251276125488,apiuna,SC
89135,-27.027404266419833,-49.384558896170084,apiuna,SC
89667,-27.418079102418318,-51.77139539758167,piratuba,SC
89667,-27.4183896951796,-51.77072611520248,piratuba,SC
89667,-27.418399801872027,-51.77096945329615,piratuba,SC
89870,-26.83389123449166,-52.98025002304992,pinhalzinho,SC
89870,-26.83422152474597,-52.9813148461655,pinhalzinho,SC
89870,-26.83422152474597,-52.9813148461655,pinhalzinho,SC
89990,-26.3455721559813,-52.84712498320734,são lourenço do oeste,SC
89990,-26.34756383448867,-52.84436277932806,sao lourenco do oeste,SC
89990,-26.347833355696103,-52.84793694870867,são lourenço do oeste,SC
90160,-30.041478188729887,-51.22625235553123,porto alegre,RS
90160,-30.04179405828381,-51.22613188245142,porto alegre,RS
90160,-30.042482867332218,-51.226032096716544,porto alegre,RS
90430,-30.026255113509198,-51.20134068971084,porto alegre,RS
90430,-30.026439979890917,-51.20162222501073,porto alegre,RS
90430,-30.026662240348596,-51.20179212490615,porto alegre,RS
91350,-30.010848621703502,-51.15615196904043,porto alegre,RS
91350,-30.011217370246406,-51.157002012897514,porto alegre,RS
91350,-30.011380742714522,-51.15938273134623,porto alegre,RS
92330,-29.895936274508923,-51.23427785819594,canoas,RS
92330,-29.8966211559813,-51.230533121991954,canoas,RS
92330,-29.89667407986292,-51.22967237392274,canoas,RS
94080,-29.89970807216227,-51.06543937079467,gravataí,RS
94080,-29.901474136274462,-51.06492137815225,gravatai,RS
94080,-29.907636132555314,-51.064009704753985,gravatai,RS
94770,-30.092809899462708,-50.694388328298245,capao da porteira,RS
95320,-28.736114564507275,-51.61026267514096,nova prata,RS
95320,-28.756607458672267,-51.61102451039161,nova prata,RS
95320,-28.757708918577276,-51.61104652609378,nova prata,RS
95560,-29.248053953427753,-49.855370851567926,torres,RS
95560,-29.251168793315017,-49.860012137448045,torres,RS
95560,-29.303839121258463,-49.77909011468144,torres,RS
95588,-29.766125210852383,-50.04651083212868,xangri-la,RS
95588,-29.766267907306403,-50.04613362354248,xangri-la,RS
95588,-29.76764078266506,-50.05331794764673,xangri-la,RS
95760,-29.549390055875435,-51.36128736366594,sao sebastiao do cai,RS
95760,-29.551897618576092,-51.35922712842414,sao sebastiao do cai,RS
95760,-29.55982832032209,-51.36006827816499,sao sebastiao do cai,RS
99051,-28.23459269117519,-52.37700840860584,passo fundo,RS
99051,-28.23728732821449,-52.379788966648796,passo fundo,RS
99051,-28.237518508958857,-52.37959996714663,passo fundo,RS
01224,-23.53910589647413,-46.65144034194122,sao paulo,SP
01224,-23.539160954757936,-46.65146178365741,são paulo,SP
01224,-23.539160954757936,-46.65146178365741,são paulo,SP
02124,-23.501627413266775,-46.57263395282468,sao paulo,SP
02124,-23.501627413266775,-46.57263395282468,sao paulo,SP
02124,-23.50193780322003,-46.57258242630852,sao paulo,SP
02110,-23.508061816243764,-46.59546795314695,sao paulo,SP
02110,-23.51490269608747,-46.59493006549716,sao paulo,SP
02110,-23.516329057831644,-46.59499927669044,sao paulo,SP
02452,-23.495075706359252,-46.64697879892085,sao paulo,SP
02452,-23.49535284179699,-46.646417174158934,são paulo,SP
02452,-23.49600831141434,-46.645445592705826,sao paulo,SP
02634,-23.456904580068123,-46.649764204830035,sao paulo,SP
02634,-23.456904580068123,-46.649764204830035,sao paulo,SP
02634,-23.456904580068123,-46.649764204830035,sao paulo,SP
03237,-23.590955189566607,-46.55194987898898,sao paulo,SP
03237,-23.590955189566607,-46.55194987898898,sao paulo,SP
03237,-23.590955189566607,-46.55194987898898,sao paulo,SP
03579,-23.559084492642405,-46.49596072675859,sao paulo,SP
03579,-23.559279474609003,-46.496116273241405,sao paulo,SP
03579,-23.559433459893825,-46.4964072850424,são paulo,SP
03692,-23.531133331669448,-46.48162764570953,sao paulo,SP
03692,-23.531539504076928,-46.48497566344923,são paulo,SP
03692,-23.531609349122004,-46.484156076739765,são paulo,SP
03613,-23.515382437096576,-46.534562775484105,são paulo,SP
03613,-23.51559795920133,-46.53433385068379,são paulo,SP
03613,-23.51559795920133,-46.53433385068379,sao paulo,SP
03641,-23.452391868980364,-46.71025844630152,sao paulo,SP
03641,-23.452912037191975,-46.71072062378097,sao paulo,SP
03641,-23.523736306134225,-46.53669059394657,sao paulo,SP
03733,-23.507527801954694,-46.531930803770756,sao paulo,SP
03733,-23.507863051576333,-46.52613949569002,sao paulo,SP
03733,-23.507902369753527,-46.52618545919294,sao paulo,SP
03929,-23.602272998615014,-46.49233420912922,sao paulo,SP
03929,-23.602609723495576,-46.48648735569788,são paulo,SP
03929,-23.60274742131686,-46.48720200874257,sao paulo,SP
04265,-23.585207926986616,-46.616728796958725,sao paulo,SP
04265,-23.585482372468107,-46.616518010964285,sao paulo,SP
04265,-23.585780284205672,-46.61722494033122,sao paulo,SP
04306,-23.62977799362336,-46.640216943937894,sao paulo,SP
04306,-23.62977799362336,-46.640216943937894,sao paulo,SP
04306,-23.62977799362336,-46.640216943937894,sao paulo,SP
04724,-23.644732375426535,-46.720101925981375,são paulo,SP
04724,-23.644732375426535,-46.720101925981375,sao paulo,SP
04724,-23.644745528997674,-46.72097958090484,sao paulo,SP
04880,-23.447393250466884,-46.756208204633545,sao paulo,SP
04880,-23.561263764469537,-46.454798843228176,são paulo,SP
04880,-23.580420066333886,-46.38799249417161,sao paulo,SP
05185,-23.43134306050551,-46.74814181695425,são paulo,SP
05185,-23.431801023313525,-46.747686384124876,são paulo,SP
05185,-23.432965648623714,-46.750425322926866,sao paulo,SP
38440,-18.640554414209554,-48.18754728235859,araguari,MG
38440,-18.640569575691256,-48.18816731831062,araguari,MG
38440,-18.64092812532317,-48.182305873925394,araguari,MG
40270,-12.967938820235913,-38.49359018758958,salvador,BA
40270,-12.96808536266578,-38.492950134268085,salvador,BA
40270,-12.968337245732986,-38.49201656444151,salvador,BA
41290,-12.865047584185259,-38.41766596728126,salvador,BA
41290,-12.894399565641404,-38.45498483819031,salvador,BA
41290,-12.894729152707779,-38.451817831946045,salvador,BA
41612,-12.943406242570289,-38.37604929072655,salvador,BA
41612,-12.944809382739896,-38.374426922153575,salvador,BA
41612,-12.945098201984797,-38.37428736802069,salvador,BA
41810,-12.948290706907523,-38.48373738175893,salvador,BA
41810,-12.97869000305842,-38.45698699209415,salvador,BA
41810,-12.984362935824887,-38.45175344583469,salvador,BA
44076,-12.252920804605017,-38.93574412003007,feira de santana,BA
44076,-12.252920804605017,-38.93574412003007,feira de santana,BA
44076,-12.25359241993188,-38.940814540106174,feira de santana,BA
45700,-15.237603110447951,-40.2272424574012,itapetinga,BA
45700,-15.239385224356026,-40.22490913814802,itapetinga,BA
45700,-15.23996178127781,-40.22765720516089,itapetinga,BA
47806,-12.130478451282789,-44.97757173526681,barreiras,BA
47806,-12.130478451282789,-44.97757173526681,barreiras,BA
47806,-12.130586514390348,-44.97774091603356,barreiras,BA
48180,-11.932807682087118,-38.08199459782607,entre rios,BA
48180,-11.932807682087118,-38.08199459782607,entre rios,BA
48180,-11.933329999999955,-38.016669999999976,entre rios,BA
48730,-11.540006999999997,-39.306379500000006,conceição do coité,BA
48730,-11.558127917097213,-39.28620169397744,conceição do coité,BA
48730,-11.558145883339334,-39.283829749216196,conceicao do coite,BA
49095,-10.876031671544311,-37.05133155372559,aracaju,SE
49095,-10.876031671544311,-37.05133155372559,aracaju,SE
49095,-10.876031671544311,-37.05133155372559,aracaju,SE
51250,-8.131391999999995,-34.93613699999999,recife,PE
51250,-8.13142405558045,-34.936884505926926,recife,PE
51250,-8.132082223700172,-34.93938027407813,recife,PE
53429,-7.877339619661788,-34.83155355213527,paulista,PE
53429,-7.88144659836024,-34.82960720079361,paulista,PE
53429,-7.88144659836024,-34.82960720079361,paulista,PE
54280,-8.093797024163782,-34.96434722039051,jaboatao dos guararapes,PE
54280,-8.0974674259805,-34.96422916340418,jaboatao dos guararapes,PE
54280,-8.099046000000001,-34.96755599999999,jaboatao dos guararapes,PE
54330,-8.084132960055626,-34.98872385829262,jaboatao dos guararapes,PE
54330,-8.084132960055626,-34.98872385829262,jaboatão dos guararapes,PE
54330,-8.084152978446735,-34.98907582172838,jaboatao dos guararapes,PE
56903,-7.982941759170138,-38.28744818814088,serra talhada,PE
56903,-7.983575999999999,-38.28890924999998,serra talhada,PE
56903,-7.9836699319886355,-38.29346190348702,serra talhada,PE
57500,-9.360166743407644,-37.248598307555746,santana do ipanema,AL
57500,-9.361709315588893,-37.25034659868359,santana do ipanema,AL
57500,-9.361709315588893,-37.25034659868359,santana do ipanema,AL
57740,-9.365052497014249,-36.36790226125753,paulo jacinto,AL
57740,-9.36536591803707,-36.36802398519502,paulo jacinto,AL
57740,-9.36742644040377,-36.3703101693948,paulo jacinto,AL
58051,-7.142974155433035,-34.839859567863094,joao pessoa,PB
58051,-7.143076672677705,-34.842695745935735,joao pessoa,PB
58051,-7.143242986530638,-34.83505399875267,joao pessoa,PB
58703,-7.024381947004218,-37.28478707892728,patos,PB
58703,-7.025073251597973,-37.29057958173439,patos,PB
58703,-7.025073251597973,-37.29057958173439,patos,PB
60040,-3.7321613119625985,-38.53910137898899,fortaleza,CE
60040,-3.7321613119625985,-38.53910137898899,fortaleza,CE
60040,-3.735935591724878,-38.5331000553696,fortaleza,CE
68665,-1.9255771377273234,-47.05299715997475,garrafao do norte,PA
68665,-1.9258195318209628,-47.050747005777026,garrafao do norte,PA
68665,-1.9260663882779943,-47.054710379125034,garrafao do norte,PA
68790,-1.2754800000000017,-48.090082499999994,santa isabel do pará,PA
68790,-1.2917099999999664,-48.16017999999997,santa isabel do para,PA
68790,-1.292479435049749,-48.15757995311576,santa isabel do pará,PA
70734,-15.77178107851532,-47.883486375867726,brasilia,DF
70734,-15.772178715946303,-47.88450686234893,brasilia,DF
70734,-15.772178715946303,-47.88450686234893,brasilia,DF
19013,-22.128550424229722,-51.39273162647358,presidente prudente,SP
19013,-22.12947979600667,-51.3915163426337,presidente prudente,SP
19013,-22.129680202823046,-51.393874815721745,presidente prudente,SP
20040,-22.901001705522532,-43.17703341520001,rio de janeiro,RJ
20040,-22.901001705522532,-43.17703341520001,rio de janeiro,RJ
20040,-22.901001705522532,-43.17703341520001,rio de janeiro,RJ
20765,-22.864664210658432,-43.300140610335205,rio de janeiro,RJ
20765,-22.86503151154119,-43.293811500000004,rio de janeiro,RJ
20765,-22.86503151154119,-43.293811500000004,rio de janeiro,RJ
21040,-22.849118937272795,-43.247688333198646,rio de janeiro,RJ
21040,-22.849645499999998,-43.241264999999984,rio de janeiro,RJ
21040,-22.849793601448397,-43.24895333097694,rio de janeiro,RJ
21010,-22.805306999999992,-43.303167,rio de janeiro,RJ
21010,-22.80671581878332,-43.300772139399264,rio de janeiro,RJ
21010,-22.80671581878332,-43.300772139399264,rio de janeiro,RJ
21071,-22.845295572018046,-43.26908370635925,rio de janeiro,RJ
21071,-22.845920026342966,-43.2701444431366,rio de janeiro,RJ
21071,-22.8460069911132,-43.27034815390382,rio de janeiro,RJ
21361,-22.84708695700829,-43.327532638928844,rio de janeiro,RJ
21361,-22.84763946932889,-43.33745573757864,rio de janeiro,RJ
21361,-22.84781746739564,-43.32746325491955,rio de janeiro,RJ
21830,-22.863287290060423,-43.428406176047964,rio de janeiro,RJ
21830,-22.87592353621104,-43.48135324854289,rio de janeiro,RJ
21830,-22.87594752899767,-43.47380219608749,rio de janeiro,RJ
22763,-22.813344,-43.370810999999996,rio de janeiro,RJ
22763,-22.937438472387306,-43.35294013321602,rio de janeiro,RJ
22763,-22.937438472387306,-43.35294013321602,rio de janeiro,RJ
23092,-22.8512035396871,-43.54349303014654,rio de janeiro,RJ
23092,-22.8512035396871,-43.54349303014654,rio de janeiro,RJ
23092,-22.851465476049693,-43.54349303014654,rio de janeiro,RJ
23073,-22.88228388617521,-43.58639929358926,rio de janeiro,RJ
23073,-22.88247498550632,-43.585695512113425,rio de janeiro,RJ
23073,-22.882807875382298,-43.5864828569162,rio de janeiro,RJ
23595,-22.811965105454387,-43.22618475216497,rio de janeiro,RJ
23595,-22.8215655,-43.28760375,rio de janeiro,RJ
23595,-22.8215655,-43.28760375,rio de janeiro,RJ
23826,-22.86715728827696,-43.809721807842735,itaguaí,RJ
23826,-22.87064999402472,-43.806969437548254,itaguaí,RJ
23826,-22.87410932406942,-43.79989997359783,itaguai,RJ
23895,-22.716162000000004,-43.729305749999995,seropedica,RJ
23895,-22.722806790899618,-43.73770769769434,seropedica,RJ
23895,-22.724023247948733,-43.73580112124242,seropedica,RJ
25267,-22.62733414444734,-43.244109068936325,duque de caxias,RJ
25267,-22.62733414444734,-43.244109068936325,duque de caxias,RJ
25267,-22.629585477306364,-43.25435135599956,duque de caxias,RJ
25901,-22.57502540042769,-43.06470120364679,mage,RJ
25901,-22.57545905173351,-43.06487593962473,mage,RJ
25901,-22.57685716293192,-43.06502725800203,mage,RJ
27259,-22.49508164924408,-44.08136753856192,volta redonda,RJ
27259,-22.49522686003046,-44.08158411483785,volta redonda,RJ
27259,-22.495280065056797,-44.08161266387638,volta redonda,RJ
27460,-22.656655355663396,-44.0509877408285,rio claro,RJ
27460,-22.72135415736752,-44.13956600344477,rio claro,RJ
27460,-22.722067868129173,-44.13962379078822,rio claro,RJ
28027,-21.755897134725302,-41.314631946877725,campos dos goytacazes,RJ
28027,-21.75593369987278,-41.31464684378966,campos dos goytacazes,RJ
28027,-21.766368488262714,-41.3258527240997,campos dos goytacazes,RJ
28051,-21.74015052059755,-41.33446652870911,campos dos goytacazes,RJ
28051,-21.740216873784888,-41.33416749949673,campos dos goytacazes,RJ
28051,-21.7404583170894,-41.33361396777018,campos dos goytacazes,RJ
70835,-15.776653500000002,-47.87501624999999,brasilia,DF
70835,-15.776653500000002,-47.87501624999999,brasilia,DF
70835,-15.777074739737486,-47.875398856324736,brasília,DF
71015,-15.820816119200614,-47.98279660749821,brasilia,DF
71015,-15.820944427564665,-47.985680925352376,brasília,DF
71015,-15.821065003133326,-47.983786598612845,brasilia,DF
71010,-15.812774970146613,-47.9875737552289,brasília,DF
71010,-15.812814894994522,-47.99052159081568,brasilia,DF
71010,-15.812843816325312,-47.98075350066591,brasília,DF
72115,-15.748033023861783,-47.92424951664843,brasilia,DF
72115,-15.748033023861783,-47.92424951664843,brasilia,DF
72115,-15.818114016968142,-48.06432342959985,brasilia,DF
72304,-15.865721999999991,-48.058983,brasilia,DF
72304,-15.866001388727666,-48.05769531358565,brasilia,DF
72304,-15.866001388727666,-48.05769531358565,brasilia,DF
72960,-15.920467236614595,-48.805330992740124,corumba de goias,GO
72960,-15.921873869021038,-48.80713857081457,corumba de goias,GO
72960,-15.92243613039487,-48.80787464775024,corumba de goias,GO
74460,-16.61739479661117,-49.254711294534566,goiania,GO
74460,-16.653753000000002,-49.34188125000001,goiania,GO
74460,-16.656913744201375,-49.34431756694326,goiania,GO
74930,-16.7539545,-49.33613249999999,aparecida de goiania,GO
74930,-16.758919587806496,-49.343928494074305,aparecida de goiania,GO
74930,-16.758919587806496,-49.343928494074305,aparecida de goiania,GO
74911,-16.73586591191243,-49.25062134661116,aparecida de goiania,GO
74911,-16.73639645050297,-49.25751465816022,aparecida de goiania,GO
74911,-16.73639645050297,-49.25751465816022,aparecida de goiania,GO
75064,-16.280177334072302,-48.973824008464874,anapolis,GO
75064,-16.281405358490044,-48.97290077286986,anápolis,GO
75064,-16.281467999999993,-48.98007899999999,anapolis,GO
76803,-8.711422880288355,-63.89701047200373,porto velho,RO
76803,-8.711422880288355,-63.89701047200373,porto velho,RO
76803,-8.711422880288355,-63.89701047200373,porto velho,RO
78095,-15.538381920532672,-56.06575079990102,cuiaba,MT
78095,-15.578261354206964,-56.03597673592052,cuiabá,MT
78095,-15.657485947278804,-56.04549742310489,cuiabá,MT
79090,-20.463935188958644,-54.64886664441437,campo grande,MS
79090,-20.46693051727054,-54.65430285896467,campo grande,MS
79090,-20.46693051727054,-54.65430285896467,campo grande,MS
81490,-25.46977023396488,-49.20157699468045,curitiba,PR
81490,-25.571246721683046,-49.316618224333794,curitiba,PR
81490,-25.571246721683046,-49.316618224333794,curitiba,PR
83203,-25.507500757603,-48.530925781819974,paranagua,PR
83203,-25.507500757603,-48.530925781819974,paranagua,PR
83203,-25.507500757603,-48.530925781819974,paranagua,PR
84130,-25.408788034711613,-49.99760656314136,palmeira,PR
84130,-25.408800978437306,-49.99760872042897,palmeira,PR
84130,-25.411116887272378,-49.99840063394031,palmeira,PR
84900,-23.772572920111518,-50.285994358446295,ibaiti,PR
84900,-23.774239620949565,-50.282352281706665,ibaiti,PR
84900,-23.774464818567246,-50.28194789652689,ibaiti,PR
86385,-23.099820921369577,-50.18376880856178,barra do jacare,PR
86385,-23.109853189064122,-50.177594967144906,barra do jacare,PR
86385,-23.109893635984115,-50.17792937512637,barra do jacaré,PR
86840,-23.890365034141283,-51.3586429605504,faxinal,PR
86840,-23.985012519958556,-51.309172643124406,faxinal,PR
86840,-23.988714025530776,-51.31074205213022,faxinal,PR
87023,-23.376872070028295,-51.940893763407544,maringa,PR
87023,-23.377542536459046,-51.936513358339205,maringa,PR
87023,-23.37833447476424,-51.942093824884864,maringa,PR
87053,-23.41231457905565,-51.94390193250103,maringa,PR
87053,-23.449585592835216,-51.9223848974724,maringa,PR
87053,-23.449585592835216,-51.9223848974724,maringa,PR
88066,-27.694391469328885,-48.49922167153321,florianopolis,SC
88066,-27.694556191028322,-48.50498157051402,florianopolis,SC
88066,-27.696618355819687,-48.5033302735012,florianopolis,SC
88215,-27.135301023313524,-48.51322889425243,bombinhas,SC
88215,-27.135951935339552,-48.512454348058064,bombinhas,SC
88215,-27.136572131495768,-48.512057314999026,bombinhas,SC
79600,-20.770410310200806,-51.71674514361749,tres lagoas,MS
79600,-20.772233311317294,-51.699922368344666,tres lagoas,MS
79600,-20.773071683946792,-51.7005319119225,tres lagoas,MS
29230,-20.66568784865488,-40.655326001402734,anchieta,ES
29230,-20.677916999999944,-40.68206449999997,anchieta,ES
29230,-20.693858911966938,-40.67835705005802,anchieta,ES
29260,-20.31664354532068,-40.80281388172446,domingos martins,ES
29260,-20.31680912249455,-40.803305097396084,domingos martins,ES
29260,-20.31680912249455,-40.803305097396084,domingos martins,ES
29278,-18.715221572704582,-40.4028927347358,arace,ES
29278,-18.715221572704582,-40.4028927347358,arace,ES
29278,-20.288385179288362,-40.34547953086614,arace,ES
29313,-20.773361714718344,-41.16086933611663,cachoeiro de itapemirim,ES
29313,-20.773361714718344,-41.16086933611663,cachoeiro de itapemirim,ES
29313,-20.773361714718344,-41.16086933611663,cachoeiro de itapemirim,ES
29830,-18.49466602477313,-40.467696441187734,nova venecia,ES
29830,-18.666020999999944,-40.51825999999997,nova venecia,ES
29830,-18.666020999999944,-40.51825999999997,nova venecia,ES
30160,-19.916079999999965,-43.93498999999997,belo horizonte,MG
30160,-19.91608572967278,-43.93775393115595,belo horizonte,MG
30160,-19.916381755207997,-43.93783493115595,belo horizonte,MG
30494,-19.954851056062104,-43.96768977407814,belo horizonte,MG
30494,-19.954851056062104,-43.96768977407814,belo horizonte,MG
30494,-19.955226091032394,-43.96745468552723,belo horizonte,MG
30520,-19.934604282820697,-44.02147378654294,belo horizonte,MG
30520,-19.934604282820697,-44.02147378654294,belo horizonte,MG
30520,-19.935669855127202,-44.022082752005346,belo horizonte,MG
30644,-19.910719850532644,-43.88344183803062,belo horizonte,MG
30644,-19.910719850532644,-43.88344183803062,belo horizonte,MG
30644,-19.984801211495142,-44.01950380209485,belo horizonte,MG
31560,-19.82574002345214,-43.987895364660645,belo horizonte,MG
31560,-19.830559097409033,-43.97289594393788,belo horizonte,MG
31560,-19.830607909804325,-43.97290708159733,belo horizonte,MG
32661,-19.945303075236243,-44.1289611206261,betim,MG
32661,-19.9760250380287,-44.13929260075592,betim,MG
32661,-19.97626107077729,-44.13908410796926,betim,MG
32900,-20.03545758972489,-44.311350751525154,igarape,MG
32900,-20.038344523967904,-44.30785754312185,igarape,MG
32900,-20.03898113752972,-44.3092359665759,igarape,MG
34800,-19.764344575240337,-43.63232209868624,caete,MG
34800,-19.764344575240337,-43.63232209868624,caete,MG
34800,-19.765397295882586,-43.63288051082137,caete,MG
36280,-20.899696355868098,-43.82755594374788,carandai,MG
36280,-20.900022751976028,-43.82851764908693,carandai,MG
36280,-20.901633817447816,-43.827488006598735,carandaí,MG
36820,-20.576171999999946,-42.187251499999974,divino,MG
36820,-20.601016407540545,-42.144738017265176,divino,MG
36820,-20.6011337377751,-42.14460286471651,divino,MG
37264,-21.175866186601105,-45.056930893693675,ribeirão vermelho,MG
37264,-21.181836812239673,-45.05958843406554,ribeirao vermelho,MG
37264,-21.181836812239673,-45.05958843406554,ribeirao vermelho,MG
37460,-22.33265306570481,-44.94047468278237,passa quatro,MG
37460,-22.33424873567021,-44.940776099203404,passa quatro,MG
37460,-22.34055160310719,-44.9454422834633,passa quatro,MG
37584,-20.005741365537304,-43.09265133326443,congonhal,MG
37584,-20.50678037295706,-43.85594985871332,congonhal,MG
37584,-20.508110188112227,-43.856163251877035,congonhal,MG
12040,-23.024195130269838,-45.58452843202557,taubate,SP
12040,-23.024195130269838,-45.58452843202557,taubate,SP
12040,-23.024205449362235,-45.57634163336027,taubaté,SP
12080,-23.013783503679857,-45.55046505427783,taubate,SP
12080,-23.013783503679857,-45.55046505427783,taubate,SP
12080,-23.014272867314055,-45.549072853297545,taubaté,SP
12515,-22.796047624995623,-45.20222499996501,guaratingueta,SP
12515,-22.796708624960644,-45.20156399999999,guaratingueta,SP
12515,-22.79810570055835,-45.19857253629293,guaratingueta,SP
12908,-22.929515643632055,-46.546852484044074,braganca paulista,SP
12908,-22.93049336177151,-46.54662329954637,bragança paulista,SP
12908,-22.930631618159495,-46.541806170848304,braganca paulista,SP
13025,-22.885646333054428,-47.04439069845339,campinas,SP
13025,-22.885646333054428,-47.04439069845339,campinas,SP
13025,-22.889226719400995,-47.054774101159936,campinas,SP
13085,-22.739353948828995,-47.055945033392206,campinas,SP
13085,-22.74569750773853,-47.05998970719483,campinas,SP
13085,-22.74910404384041,-47.0570781895557,campinas,SP
13043,-22.926824161809677,-47.048759046627055,campinas,SP
13043,-22.928308186796652,-47.04947765820298,campinas,SP
13043,-22.928793296150893,-47.05230803788447,campinas,SP
13290,-23.065080097557434,-46.95037753698772,louveira,SP
13290,-23.065463412708684,-46.9522927545918,louveira,SP
13290,-23.065748007726288,-46.951306006396706,louveira,SP
13207,-23.1899911500834,-46.887334864929095,jundiai,SP
13207,-23.190514444024785,-46.88745428446513,jundiai,SP
13207,-23.19136819524586,-46.88911356597196,jundiai,SP
13206,-23.202978999163275,-46.88275980904842,jundiaí,SP
13206,-23.20342406301567,-46.88211470107914,jundiai,SP
13206,-23.203460063015665,-46.88231720107914,jundiai,SP
13334,-23.074436157567874,-47.203288467566246,indaiatuba,SP
13334,-23.07482780914435,-47.20369693810881,indaiatuba,SP
13334,-23.07563697169481,-47.2032604483813,indaiatuba,SP
13340,-23.062375622915887,-47.134754683551826,indaiatuba,SP
13340,-23.062623212686006,-47.135014402997676,indaiatuba,SP
13340,-23.063497049640954,-47.135125142680074,indaiatuba,SP
13480,-22.55492782791854,-47.408715854146244,limeira,SP
13480,-22.5577101837442,-47.40749277031975,limeira,SP
13480,-22.55784843741701,-47.403342434502825,limeira,SP
13566,-21.989565000000006,-47.874685500000005,sao carlos,SP
13566,-21.990861619208726,-47.89232829301193,sao carlos,SP
13566,-21.990861619208726,-47.89232829301193,sao carlos,SP
13873,-21.928534355999943,-46.82815999999997,sao joao da boa vista,SP
13873,-21.951603059791644,-46.7973683734107,sao joao da boa vista,SP
13873,-21.952043640174143,-46.79836833154663,sao joao da boa vista,SP
14026,-21.202871615875125,-47.82423032653355,ribeirao preto,SP
14026,-21.202970615875117,-47.82421232653354,ribeirao preto,SP
14026,-21.202970615875117,-47.82421232653354,ribeirão preto,SP
14790,-20.305498999781815,-48.320904592406734,guaira,SP
14790,-20.305498999781815,-48.320904592406734,guaira,SP
14790,-20.308064975253405,-48.31966400248537,guaira,SP
15155,-20.875346999999994,-49.5736965,jaci,SP
15155,-20.875995284600606,-49.57023006296462,jaci,SP
15155,-20.876148329684582,-49.56943460629549,jaci,SP
16022,-21.226043744806745,-50.465905944401584,aracatuba,SP
16022,-21.226043744806745,-50.465905944401584,aracatuba,SP
16022,-21.226341853046865,-50.46436100936306,aracatuba,SP
17047,-22.32113268203875,-49.09890179466283,bauru,SP
17047,-22.32776118786451,-49.05055831877193,bauru,SP
17047,-22.327785,-49.050569249999995,bauru,SP
17400,-22.196027739313397,-49.655091654643684,garca,SP
17400,-22.196255109148563,-49.65896517507804,garca,SP
17400,-22.196412879823807,-49.65534742113119,garca,SP
17490,-22.40776410501231,-49.12834901835123,piratininga,SP
17490,-22.408662716929346,-49.13489859580609,piratininga,SP
17490,-22.408861611513316,-49.13403899568668,piratininga,SP
18055,-23.479235245628715,-47.51239293075193,sorocaba,SP
18055,-23.480488604106377,-47.51214891470318,sorocaba,SP
18055,-23.480488604106377,-47.51214891470318,sorocaba,SP
18276,-23.342073253326564,-47.864567349575566,tatui,SP
18276,-23.354012807163443,-47.85781593864078,tatuí,SP
18276,-23.355552363378283,-47.85871706584201,tatui,SP
05818,-23.66161680904841,-46.733351809740896,sao paulo,SP
05818,-23.66161680904841,-46.733351809740896,sao paulo,SP
05818,-23.661641919910632,-46.733218490831135,sao paulo,SP
05802,-23.649217280894344,-46.72722569764685,sao paulo,SP
05802,-23.65279787789627,-46.725347273172055,sao paulo,SP
05802,-23.65279787789627,-46.725347273172055,sao paulo,SP
06020,-23.53314862003007,-46.76046091150642,osasco,SP
06020,-23.53314862003007,-46.76046091150642,osasco,SP
06020,-23.53314862003007,-46.76046091150642,osasco,SP
06154,-23.556168754919543,-46.802286566737905,osasco,SP
06154,-23.55661073748076,-46.80421276648325,osasco,SP
06154,-23.556929647238732,-46.801892374257115,osasco,SP
06519,-23.467335572708794,-46.87881460555136,santana de parnaiba,SP
06519,-23.48454468106771,-46.95975954546465,santana de parnaíba,SP
06519,-23.485112101422626,-46.94658004531899,santana de parnaiba,SP
06713,-23.598911306507137,-46.85489013044807,cotia,SP
06713,-23.599683,-46.85492249999999,cotia,SP
06713,-23.600240999999997,-46.85498352943037,cotia,SP
06780,-23.617823004822213,-46.79358236394467,taboao da serra,SP
06780,-23.617823004822213,-46.79358236394467,taboao da serra,SP
06780,-23.617823004822213,-46.79358236394467,taboao da serra,SP
07084,-23.42548506633389,-46.54991984471119,guarulhos,SP
07084,-23.425543959201335,-46.54988557868313,guarulhos,SP
07084,-23.42577896502972,-46.54893521940099,guarulhos,SP
07092,-23.46018705467712,-46.54294045989383,guarulhos,SP
07092,-23.46024477407813,-46.54285077407812,guarulhos,SP
07092,-23.460710175688146,-46.544067864418025,guarulhos,SP
07031,-23.490229756592978,-46.543428508050084,guarulhos,SP
07031,-23.490827350539565,-46.54568459547579,guarulhos,SP
07031,-23.491353968798485,-46.542835172617195,guarulhos,SP
07114,-23.446373364418022,-46.532175710658436,guarulhos,SP
07114,-23.446705222315188,-46.531527438109514,guarulhos,SP
07114,-23.448071472387305,-46.53271148834324,guarulhos,SP
07135,-23.417843060505504,-46.52286435137628,guarulhos,SP
07135,-23.419379849847076,-46.52249746794391,guarulhos,SP
07135,-23.419388682209018,-46.522577629753584,guarulhos,SP
07500,-23.27749715011682,-46.24878900523098,santa isabel,SP
07500,-23.28567804627111,-46.27414431016235,santa isabel,SP
07500,-23.28567804627111,-46.27414431016235,santa isabel,SP
07953,-23.256470226437486,-46.73223162188086,francisco morato,SP
07953,-23.26560490851674,-46.725760292825875,francisco morato,SP
07953,-23.267028830719802,-46.724337155008335,francisco morato,SP
08051,-23.499998384338234,-46.47423583539886,sao paulo,SP
08051,-23.50344147090128,-46.4734707867775,sao paulo,SP
08051,-23.50347366481897,-46.47345233416614,sao paulo,SP
08081,-23.477502625310184,-46.42467021856428,são paulo,SP
08081,-23.47769162531019,-46.424521718564286,sao paulo,SP
08081,-23.47967482070517,-46.419863123780985,são paulo,SP
08070,-23.491257757977966,-46.44612559991918,sao paulo,SP
08070,-23.49174441825843,-46.464086943389624,sao paulo,SP
08070,-23.491846655288807,-46.46503024756196,sao paulo,SP
08720,-23.529648533759,-46.188765824684474,mogi das cruzes,SP
08720,-23.532066284872776,-46.184222854793525,mogi das cruzes,SP
08720,-23.53671275810057,-46.17779550424085,mogi das cruzes,SP
08750,-23.54028545225082,-46.17623523898663,mogi das cruzes,SP
08750,-23.54043592120178,-46.17820306289322,mogi das cruzes,SP
08750,-23.540502686186947,-46.178169973229515,mogi das cruzes,SP
09041,-23.651712291568987,-46.5304661804259,santo andre,SP
09041,-23.651940331669447,-46.530835601304176,santo andre,SP
09041,-23.652071027633113,-46.53088932398893,santo andre,SP
09050,-23.668122551762934,-46.54322941326677,santo andre,SP
09050,-23.668231442408683,-46.54325243158865,santo andré,SP
09050,-23.66854451431692,-46.5423415281207,santo andre,SP
09111,-23.662912167654877,-46.50491703304809,santo andre,SP
09111,-23.662912167654877,-46.50491703304809,santo andré,SP
09111,-23.662912167654877,-46.50491703304809,santo andré,SP
09550,-23.60300951222578,-46.572107580438775,sao caetano do sul,SP
09550,-23.60607227859208,-46.54970716679386,sao caetano do sul,SP
09550,-23.606614037191985,-46.548626050233715,são caetano do sul,SP
09820,-23.72719192377356,-46.55135445734716,são bernardo do campo,SP
09820,-23.728663517696006,-46.55127933917884,sao bernardo do campo,SP
09820,-23.731823365879578,-46.55313127216763,sao bernardo do campo,SP
09854,-23.669731383288145,-46.58979967666909,sao bernardo do campo,SP
09854,-23.669731383288145,-46.58979967666909,são bernardo do campo,SP
09854,-23.670064975027422,-46.58999279967085,sao bernardo do campo,SP
11432,-23.948220258122195,-46.29660302567946,guaruja,SP
11432,-23.95317180488341,-46.18166701105603,guaruja,SP
11432,-23.964196613741365,-46.247316077382216,guaruja,SP
11533,-23.899440686827063,-46.423986477769226,cubatao,SP
11533,-23.899773246692046,-46.42305476560353,cubatao,SP
11533,-23.922584144106494,-46.41081956942058,cubatao,SP
88802,-28.678561132121306,-49.35889371837333,criciuma,SC
88802,-28.678561132121306,-49.35889371837333,criciuma,SC
88802,-28.679669787941485,-49.373488425551486,criciúma,SC
89080,-26.893349760123222,-49.234142315639325,indaial,SC
89080,-26.89373338066235,-49.232615431566266,indaial,SC
89080,-26.893757855803738,-49.23484237256409,indaial,SC
89065,-26.86259842492354,-49.11585975284206,blumenau,SC
89065,-26.86276624760473,-49.0850318221554,blumenau,SC
89065,-26.86373183819032,-49.09955375826642,blumenau,SC
89182,-27.14881647998205,-49.53057402375631,lontras,SC
89182,-27.156070343751434,-49.53564322428006,lontras,SC
89182,-27.156070343751434,-49.53564322428006,lontras,SC
89115,-26.698411827775335,-48.90329633557651,luiz alves,SC
89115,-26.710235898547694,-48.910643449341066,luiz alves,SC
89115,-26.71108905355155,-48.91062143886227,luiz alves,SC
89232,-26.353606732985202,-48.829001463894,joinville,SC
89232,-26.354137499999997,-48.82954500000001,joinville,SC
89232,-26.35421344463038,-48.83228158673322,joinville,SC
89500,-26.7559667917265,-51.01825012818231,cacador,SC
89500,-26.756699276047627,-51.020108375790215,cacador,SC
89500,-26.758245522566224,-51.02058909305751,cacador,SC
91330,-30.027547750657273,-51.17304254314775,porto alegre,RS
91330,-30.027547750657273,-51.17304254314775,porto alegre,RS
91330,-30.027547750657273,-51.17304254314775,porto alegre,RS
93530,-29.64474620293176,-51.10888779706825,novo hamburgo,RS
93530,-29.644839466193858,-51.109451807139536,novo hamburgo,RS
93530,-29.645532262809883,-51.108373936423774,novo hamburgo,RS
95170,-28.627424776211807,-53.604824516554444,farroupilha,RS
95170,-28.627813939687883,-53.60491929356509,farroupilha,RS
95170,-28.63713833143963,-53.60551516797448,farroupilha,RS
01203,-23.530109175688136,-46.649744454902155,são paulo,SP
01203,-23.530109175688136,-46.649744454902155,sao paulo,SP
01203,-23.530459882595654,-46.649408045097836,sao paulo,SP
01231,-23.532781725229384,-46.657875583126554,sao paulo,SP
01231,-23.53314367415894,-46.658078601448395,são paulo,SP
01231,-23.53314367415894,-46.658078601448395,sao paulo,SP
01233,-23.532378789341564,-46.66016030474923,sao paulo,SP
01233,-23.532463152374614,-46.660134169715526,sao paulo,SP
01233,-23.532543177909837,-46.66017564418031,sao paulo,SP
02039,-23.49162668008938,-46.61927074223216,sao paulo,SP
02039,-23.491704656673793,-46.623777233971964,são paulo,SP
02039,-23.491704656673793,-46.623777233971964,sao paulo,SP
02377,-23.453789144324546,-46.633598722315185,sao paulo,SP
02377,-23.45393130030584,-46.63234549056494,sao paulo,SP
02377,-23.453940300305845,-46.63233746502971,sao paulo,SP
02940,-23.475958637823602,-46.727476951266084,sao paulo,SP
02940,-23.47791800805008,-46.72737948695825,sao paulo,SP
02940,-23.478110214265104,-46.72793588980902,sao paulo,SP
03059,-23.538534150152927,-46.592102200386655,sao paulo,SP
03059,-23.538943959201333,-46.592120817935225,sao paulo,SP
03059,-23.53909762003007,-46.59055256564138,sao paulo,SP
03254,-23.603120528449406,-46.52820429586243,sao paulo,SP
03254,-23.604361962808017,-46.52666750083673,sao paulo,SP
03254,-23.604497580904834,-46.528789704137544,sao paulo,SP
03333,-23.553607411025816,-46.57816918864685,são paulo,SP
03333,-23.553618779069787,-46.57786389647413,sao paulo,SP
03333,-23.554040408112627,-46.57602388355006,sao paulo,SP
03412,-23.55344830252754,-46.550251697472454,sao paulo,SP
03412,-23.553620381354918,-46.55059545767211,sao paulo,SP
03412,-23.553647632812,-46.550703405216694,sao paulo,SP
03573,-23.490165226758585,-46.48772482584106,sao paulo,SP
03573,-23.55662444379366,-46.51292582139766,sao paulo,SP
03573,-23.55666758895492,-46.51300017860234,sao paulo,SP
03809,-23.488278307519202,-46.47686514669046,sao paulo,SP
03809,-23.488623377538666,-46.47862598646041,sao paulo,SP
03809,-23.488711271843393,-46.478035655334395,sao paulo,SP
04148,-23.613831513185964,-46.62204850069247,sao paulo,SP
04148,-23.614019870928278,-46.61730659452077,sao paulo,SP
04148,-23.61402691534425,-46.61837569386577,são paulo,SP
04241,-23.621271579519863,-46.58788209103239,sao paulo,SP
04241,-23.621271908517667,-46.58710632259621,sao paulo,SP
04241,-23.621325380518197,-46.5872002754631,sao paulo,SP
04311,-23.63072470191585,-46.637132992786626,sao paulo,SP
04311,-23.63072470191585,-46.637132992786626,sao paulo,SP
04311,-23.630732266720532,-46.63846405023373,sao paulo,SP
04405,-23.667252338882808,-46.657187433810336,sao paulo,SP
04405,-23.667610693865768,-46.65537643810952,sao paulo,SP
04405,-23.668175210658433,-46.6562961880374,são paulo,SP
04794,-23.61932598043226,-46.700108809095255,sao paulo,SP
04794,-23.61932598043226,-46.700108809095255,sao paulo,SP
04794,-23.61932598043226,-46.700108809095255,sao paulo,SP
04726,-23.63142471135092,-46.71466540521669,sao paulo,SP
04726,-23.63186758673322,-46.71442280835591,sao paulo,SP
04726,-23.632054987504848,-46.71463475264766,sao paulo,SP
05089,-23.519709449362246,-46.7245119657222,sao paulo,SP
05089,-23.519709449362246,-46.7245119657222,sao paulo,SP
05089,-23.519709449362246,-46.7245119657222,sao paulo,SP
05126,-23.49722006356393,-46.74170415474055,sao paulo,SP
05126,-23.497552005280124,-46.74140168027578,são paulo,SP
05126,-23.498023484592334,-46.74184136649551,são paulo,SP
05303,-23.52206827105579,-46.73405688221486,sao paulo,SP
05303,-23.522105650845408,-46.7339448882798,são paulo,SP
05303,-23.522105650845408,-46.7339448882798,sao paulo,SP
05311,-23.525384700242416,-46.733469547608,sao paulo,SP
05311,-23.525509443505207,-46.738242648363915,são paulo,SP
05311,-23.525509443505207,-46.738242648363915,sao paulo,SP
05415,-23.55977296641469,-46.68477893574358,sao paulo,SP
05415,-23.55977296641469,-46.68477893574358,sao paulo,SP
05415,-23.55977296641469,-46.68477893574358,sao paulo,SP
05523,-23.592613588954915,-46.73931268013154,sao paulo,SP
05523,-23.592721588954927,-46.73928012184773,sao paulo,SP
05523,-23.59275554593455,-46.7397433709389,sao paulo,SP
38401,-18.87080945850884,-48.2882386058918,uberlandia,MG
38401,-18.871610626146914,-48.289230638640376,uberlandia,MG
38401,-18.872740728836067,-48.29126361281671,uberlandia,MG
38702,-18.351669517841184,-46.85541461532153,patos de minas,MG
38702,-18.559331488238353,-46.52386820634118,patos de minas,MG
38702,-18.55993948227796,-46.524482912873346,patos de minas,MG
39100,-17.65595013057593,-43.32031335298248,diamantina,MG
39100,-18.160841999999946,-43.570843999999965,diamantina,MG
39100,-18.160841999999946,-43.570843999999965,diamantina,MG
41195,-12.922606431405324,-38.435890347949574,salvador,BA
41195,-12.940816158129488,-38.452986099562644,salvador,BA
41195,-12.9410600968178,-38.45513956694655,salvador,BA
41315,-12.899569703616255,-38.44367570361627,salvador,BA
41315,-12.899746407517943,-38.44444262750511,salvador,BA
41315,-12.900216978013423,-38.4441126037189,salvador,BA
42850,-12.595566866284436,-38.33336960944586,dias d'avila,BA
42850,-12.595609185618482,-38.32934503891521,dias d'avila,BA
42850,-12.597752739211238,-38.326613676336976,dias d'avila,BA
46820,-11.965273458238086,-41.26598802793383,bonito,BA
46820,-11.965657606305866,-41.2658274236569,bonito,BA
46820,-11.966070592962947,-41.26785838045733,bonito,BA
49045,-10.928988566040058,-37.0657905877756,aracaju,SE
49045,-10.929171883826983,-37.0675493980451,aracaju,SE
49045,-10.929171883826983,-37.0675493980451,aracaju,SE
53625,-7.848439547649782,-34.91349295917055,igarassu,PE
53625,-7.865580824860109,-34.903582308211675,igarassu,PE
53625,-7.86933584384376,-34.903253145235844,igarassu,PE
56000,-8.057324552211297,-39.11420777257372,salgueiro,PE
56000,-8.057512766133986,-39.1140752351585,salgueiro,PE
56000,-8.057523441234146,-39.113401391276284,salgueiro,PE
58401,-7.197637343098916,-35.88276971297888,campina grande,PB
58401,-7.20065825783374,-35.88041707868314,campina grande,PB
58401,-7.201479268942237,-35.881179333198666,campina grande,PB
63560,-6.086377623930396,-39.21856913332811,acopiara,CE
63560,-6.086620938868451,-39.45570231703158,acopiara,CE
63560,-6.089290957900589,-39.45202535425986,acopiara,CE
70673,-15.788249999999994,-47.91759525,cruzeiro,DF
70673,-15.788249999999994,-47.91759525,cruzeiro,DF
70673,-15.789986999999991,-47.91648374999999,brasília,DF
70740,-15.763666499999994,-47.89031399999999,brasilia,DF
70740,-15.763666499999994,-47.89031399999999,brasilia,DF
70740,-15.763666499999994,-47.89031399999999,brasilia,DF
20756,-22.886098638900194,-43.3108898963299,rio de janeiro,RJ
20756,-22.886098638900194,-43.3108898963299,rio de janeiro,RJ
20756,-22.88616216126142,-43.309168617808346,rio de janeiro,RJ
20940,-22.892986875382306,-43.21627986303306,rio de janeiro,RJ
20940,-22.892986875382306,-43.21627986303306,rio de janeiro,RJ
20940,-22.896905919239387,-43.216775560361285,rio de janeiro,RJ
20910,-22.893197490420715,-43.23949160309318,rio de janeiro,RJ
20910,-22.89397575491954,-43.239239759911214,rio de janeiro,RJ
20910,-22.89431539771487,-43.23892698084142,rio de janeiro,RJ
21765,-22.88060839661836,-43.31612765973221,rio de janeiro,RJ
21765,-22.880662617808365,-43.31594679641071,rio de janeiro,RJ
21765,-22.883294409111834,-43.42810672938432,rio de janeiro,RJ
21721,-22.869865561746256,-43.43757229808415,rio de janeiro,RJ
21721,-22.869865561746256,-43.43757229808415,rio de janeiro,RJ
21721,-22.870115329447742,-43.44220368927815,rio de janeiro,RJ
22430,-22.978049730509493,-43.2184562117836,rio de janeiro,RJ
22430,-22.978049730509493,-43.2184562117836,rio de janeiro,RJ
22430,-22.978189207874774,-43.225414694114896,rio de janeiro,RJ
22790,-22.87867110141488,-43.5238334248658,rio de janeiro,RJ
22790,-22.879652336138,-43.53173449774259,rio de janeiro,RJ
22790,-22.90423542277787,-43.17358790636223,rio de janeiro,RJ
22745,-22.92584372770996,-43.31508018874111,rio de janeiro,RJ
22745,-22.928375996393324,-43.328976521928546,rio de janeiro,RJ
22745,-22.92855778795659,-43.32988239549317,rio de janeiro,RJ
22753,-22.849653698309176,-43.30160423189447,rio de janeiro,RJ
22753,-22.869621796224173,-43.24270770428101,rio de janeiro,RJ
22753,-22.879837267009002,-43.31926595239201,rio de janeiro,RJ
23052,-22.89895096404896,-43.54919693121246,rio de janeiro,RJ
23052,-22.901638851780316,-43.55126068013154,rio de janeiro,RJ
23052,-22.901702354097793,-43.551175199532686,rio de janeiro,RJ
23068,-22.882243932858042,-43.60316479525686,rio de janeiro,RJ
23068,-22.882644,-43.604536499999995,rio de janeiro,RJ
23068,-22.8826575,-43.60340924999999,rio de janeiro,RJ
23547,-22.809556198782605,-43.22403226110081,rio de janeiro,RJ
23547,-22.81451499999997,-43.20823966199998,rio de janeiro,RJ
23547,-22.8995791149513,-43.70451374356142,rio de janeiro,RJ
24360,-21.216289418912538,-41.89511822495882,niterói,RJ
24360,-21.21631693106335,-41.89512610698869,niteroi,RJ
24360,-21.21631693106335,-41.89512610698869,niteroi,RJ
24325,-21.21563180561561,-41.88980722590923,niteroi,RJ
24325,-22.497114352761272,-44.09474097737896,niteroi,RJ
24325,-22.497659174000283,-44.094893579094105,niteroi,RJ
24753,-22.87152435529495,-43.04179727411749,sao goncalo,RJ
24753,-22.876048414103497,-42.992747417854396,sao goncalo,RJ
24753,-22.877361,-42.99204374999999,sao goncalo,RJ
24858,-22.69733264889217,-42.873569929660725,itaborai,RJ
24858,-22.69733264889217,-42.873569929660725,itaborai,RJ
24858,-22.718104999469922,-42.86394632188223,itaborai,RJ
25725,-22.407581057191056,-43.17823360254233,petropolis,RJ
25725,-22.40848330561599,-43.17986355121095,petropolis,RJ
25725,-22.409537024345894,-43.179782466684166,petropolis,RJ
26900,-22.437808640541935,-43.462954916545165,miguel pereira,RJ
26900,-22.438033385758782,-43.45767567231337,miguel pereira,RJ
26900,-22.438033385758782,-43.45767567231337,miguel pereira,RJ
27175,-22.52928863660078,-43.81275309303933,pirai,RJ
27175,-22.606085904746774,-43.86965816796825,pirai,RJ
27175,-22.60617114021572,-43.87007519802545,pirai,RJ
28470,-21.46488999999997,-42.039769999999976,santo antonio de padua,RJ
28470,-21.466718031623667,-42.03520640766605,santo antonio de padua,RJ
28470,-21.46804071767811,-42.03677838460436,santo antonio de padua,RJ
71070,-15.748033023861783,-47.92424951664843,brasília,DF
71070,-15.792141760488123,-47.84948822384441,brasília,DF
71070,-15.792178103946604,-47.85638926952732,brasilia,DF
71635,-15.84001042394342,-47.870212034702206,brasilia,DF
71635,-15.84001042394342,-47.870212034702206,brasilia,DF
71635,-15.840228065081956,-47.87254323929229,brasilia,DF
73015,-15.652147295829806,-47.788594047350095,brasilia,DF
73015,-15.652147295829806,-47.788594047350095,brasilia,DF
73015,-15.652827724190471,-47.78777324953275,brasilia,DF
74020,-16.66269297262634,-49.296572999999995,goiania,GO
74020,-16.66269297262634,-49.296572999999995,goiania,GO
74020,-16.66269297262634,-49.296572999999995,goiania,GO
74650,-16.648300049276646,-49.32550001421135,goiania,GO
74650,-16.64966238957383,-49.24327871596454,goiania,GO
74650,-16.65072354460157,-49.24072223452005,goiania,GO
75261,-16.689655330999926,-49.10640191999994,senador canedo,GO
75261,-16.689655330999926,-49.10640191999994,senador canedo,GO
75261,-16.689655330999926,-49.10640191999994,senador canedo,GO
78280,-15.610583999999946,-58.08643999999997,mirassol d'oeste,MT
78280,-15.66562347170127,-58.107744774625964,mirassol d'oeste,MT
78280,-15.668225868061326,-58.08373821463348,mirassol d'oeste,MT
78735,-16.45274050941569,-54.635313831494564,rondonópolis,MT
78735,-16.4676015,-54.6083955,rondonópolis,MT
78735,-16.46896178351318,-54.57703578573489,rondonopolis,MT
79170,-20.920039558502943,-54.96728922074853,sidrolandia,MS
79170,-20.921343840974856,-54.96269527932817,sidrolandia,MS
79170,-20.923153403792533,-54.959679676169024,sidrolandia,MS
79110,-20.44708453621103,-54.639138881903165,campo grande,MS
79110,-20.447639298084145,-54.63699025341899,campo grande,MS
79110,-20.448257995941027,-54.636074364535965,campo grande,MS
80250,-25.43697104801202,-49.276983122944266,curitiba,PR
80250,-25.43697104801202,-49.276983122944266,curitiba,PR
80250,-25.437565048012026,-49.276706155692835,curitiba,PR
80215,-25.440894568399138,-49.251930405239264,curitiba,PR
80215,-25.440894568399138,-49.251930405239264,curitiba,PR
80215,-25.44156796775455,-49.25517076824416,curitiba,PR
81020,-25.47991017401471,-49.2823207821282,curitiba,PR
81020,-25.480299865947238,-49.283675827226034,curitiba,PR
81020,-25.480350271667035,-49.28635657437902,curitiba,PR
81830,-25.504944999163282,-49.26695783458365,curitiba,PR
81830,-25.5057928842691,-49.267386969328875,curitiba,PR
81830,-25.50625419011487,-49.265565046338594,curitiba,PR
83060,-25.477763470209567,-49.15037767683811,sao jose dos pinhais,PR
83060,-25.477763470209567,-49.15037767683811,sao jose dos pinhais,PR
83060,-25.478735008050077,-49.15032754218365,sao jose dos pinhais,PR
83070,-25.51232063833618,-49.118346955616424,sao jose dos pinhais,PR
83070,-25.514209330284462,-49.12344696266378,sao jose dos pinhais,PR
83070,-25.514702054363376,-49.121581406526765,sao jose dos pinhais,PR
83824,-25.661241732699466,-49.31259362672116,fazenda rio grande,PR
83824,-25.661241732699466,-49.31259362672116,fazenda rio grande,PR
83824,-25.6628692321042,-49.311139721694396,fazenda rio grande,PR
84020,-25.067411517629367,-50.11998024992787,ponta grossa,PR
84020,-25.068389594235036,-50.119352366495505,ponta grossa,PR
84020,-25.068642401061748,-50.11698847293557,ponta grossa,PR
84920,-23.808061072095885,-50.1372248666542,japira,PR
84920,-23.8090985264526,-50.1376106059037,japira,PR
84920,-23.809172042214556,-50.136463920184546,japira,PR
85988,-24.6965481865987,-54.241505180025484,entre rios do oeste,PR
85988,-24.6965481865987,-54.241505180025484,entre rios do oeste,PR
85988,-24.6965481865987,-54.241505180025484,entre rios do oeste,PR
86706,-23.408355069971574,-51.44974167943941,arapongas,PR
86706,-23.417480600130176,-51.416596470633905,arapongas,PR
86706,-23.417480600130176,-51.416596470633905,arapongas,PR
86800,-23.54455802701753,-51.477650616434,apucarana,PR
86800,-23.544861139013584,-51.46111598068926,apucarana,PR
86800,-23.545090388688354,-51.4593705703631,apucarana,PR
86975,-23.50634532242993,-51.696090205659,mandaguari,PR
86975,-23.506805049911165,-51.694333155364696,mandaguari,PR
86975,-23.50836255039082,-51.68255207466971,mandaguari,PR
87040,-23.403737334700278,-51.90399182649856,maringa,PR
87040,-23.4060630491766,-51.90415546763033,maringa,PR
87040,-23.406079254184995,-51.90328205864172,maringá,PR
88062,-27.500774489324183,-48.41873010935424,florianópolis,SC
88062,-27.545126690572996,-48.46195033094072,florianopolis,SC
88062,-27.57170085734439,-48.45951624473563,florianopolis,SC
77425,-11.724329999999952,-49.109084999999965,gurupi,TO
77425,-11.726423587418111,-49.088014392835646,gurupi,TO
77425,-11.72796924797579,-49.096880096223146,gurupi,TO
29052,-20.277607693536336,-40.31712715523331,vitória,ES
29052,-20.277607693536336,-40.31712715523331,vitória,ES
29052,-20.31061436245613,-40.28258493479128,vitoria,ES
29126,-20.343060088309773,-40.316620821998704,vila velha,ES
29126,-20.343060088309773,-40.316620821998704,vila velha,ES
29126,-20.34306377711076,-40.316436381949345,vila velha,ES
29704,-19.51670025116385,-40.66164679145715,colatina,ES
29704,-19.517253362039288,-40.65247193330034,colatina,ES
29704,-19.517253362039288,-40.65247193330034,colatina,ES
31842,-19.82529212568105,-43.915202589772186,belo horizonte,MG
31842,-19.82722128798388,-43.91623216468854,belo horizonte,MG
31842,-19.82727611977795,-43.916186471526814,belo horizonte,MG
31980,-19.832209368647472,-43.89054156139626,belo horizonte,MG
31980,-19.847793017485145,-43.91368672522938,belo horizonte,MG
31980,-19.84830112461769,-43.912463443649436,belo horizonte,MG
32143,-19.869671247595655,-44.02516586700341,contagem,MG
32143,-19.89534127695577,-44.101311435919335,contagem,MG
32143,-19.901759733521697,-44.106062788460214,contagem,MG
34003,-19.98144323366264,-43.84780489097385,nova lima,MG
34003,-19.9826301845097,-43.8612298211107,nova lima,MG
34003,-19.9826301845097,-43.8612298211107,nova lima,MG
35162,-19.43803087632108,-42.595751447830025,ipatinga,MG
35162,-19.43803087632108,-42.595751447830025,ipatinga,MG
35162,-19.43803087632108,-42.595751447830025,ipatinga,MG
35198,-19.37510648712156,-42.35973270959479,ipaba,MG
35198,-19.409546966596025,-42.41693197913857,ipaba,MG
35198,-19.409546966596025,-42.41693197913857,ipaba,MG
35670,-19.979336999999944,-44.43410149999997,mateus leme,MG
35670,-19.98010426423049,-44.40805841479268,mateus leme,MG
35670,-19.980553767684544,-44.40392432771621,mateus leme,MG
35930,-19.79874598170651,-43.17763396895859,joao monlevade,MG
35930,-19.79874598170651,-43.17763396895859,joao monlevade,MG
35930,-19.799049052051032,-43.17726422622427,joao monlevade,MG
36301,-21.077174702108408,-44.2845755913492,sao joao del rei,MG
36301,-21.11346572516629,-44.2443721983354,sao joao del rei,MG
36301,-21.113469714743058,-44.24356109167285,sao joao del rei,MG
36886,-21.131371560317195,-42.39574909877045,muriae,MG
36886,-21.134668282881893,-42.39904244391552,muriae,MG
36886,-21.135669914512683,-42.40245636188666,muriae,MG
37640,-22.810277999999947,-46.28146399999997,extrema,MG
37640,-22.810565999999945,-46.28177899999997,extrema,MG
37640,-22.825126655720567,-46.292024243115144,extrema,MG
37780,-21.827482624130504,-46.44893605337031,caldas,MG
37780,-21.8288703821189,-46.4473002450217,caldas,MG
37780,-21.830463947887665,-46.451995364303116,caldas,MG
37718,-21.88129040399997,-46.61625499999997,pocos de caldas,MG
11920,-24.64463497002925,-47.38028860584841,iguape,SP
11920,-24.646664305698764,-47.38273455485518,iguape,SP
11920,-24.646664305698764,-47.38273455485518,iguape,SP
12010,-23.023440038260073,-45.55914486762983,taubate,SP
12010,-23.024035548181818,-45.558290599870645,taubate,SP
12010,-23.024035548181818,-45.558290599870645,taubate,SP
12443,-22.890554767414542,-45.37761243148369,pindamonhangaba,SP
12443,-22.890554767414542,-45.37761243148369,pindamonhangaba,SP
12443,-22.890970584801945,-45.376871107097706,pindamonhangaba,SP
12620,-22.59649896219752,-45.19284940016242,piquete,SP
12620,-22.597032225247858,-45.19824216975864,piquete,SP
12620,-22.597204628005635,-45.198264794090676,piquete,SP
13035,-22.877045665512398,-47.048465295027285,campinas,SP
13035,-22.905009178458098,-47.08019715736629,campinas,SP
13035,-22.905490169859757,-47.077649874545564,campinas,SP
13050,-22.913205598460532,-47.107439081347444,campinas,SP
13050,-22.91335229309248,-47.10736795781636,campinas,SP
13050,-22.921396744063774,-47.09493547035842,campinas,SP
13054,-22.82180934412235,-47.02838525830034,campinas,SP
13054,-22.89388165059942,-47.143654419085365,campinas,SP
13054,-22.904386199508068,-47.160555735429526,campinas,SP
13253,-22.98716385179848,-46.82339008007356,itatiba,SP
13253,-22.98716385179848,-46.82339008007356,itatiba,SP
13253,-22.98716385179848,-46.82339008007356,itatiba,SP
13219,-23.161307151710762,-46.84589323720597,jundiai,SP
13219,-23.17026961432861,-46.84436622055807,jundiai,SP
13219,-23.174986499999992,-46.89850724999998,jundiai,SP
13454,-22.727624468960247,-47.38433753103975,santa barbara d oeste,SP
13454,-22.730293888222263,-47.37983220262057,santa barbara d'oeste,SP
13454,-22.73278206085205,-47.3775476130951,santa barbara d'oeste,SP
13417,-22.732271999451736,-47.635915497057155,piracicaba,SP
13417,-22.733344477927222,-47.634719485833074,piracicaba,SP
13417,-22.73366801610016,-47.6369958985516,piracicaba,SP
13843,-22.320670025185784,-46.92524172999757,mogi-guacu,SP
13843,-22.341798061564138,-46.92830199120086,mogi guaçu,SP
13843,-22.341827122394175,-46.92829179104197,mogi-guacu,SP
13800,-22.42785336269644,-46.940439661605055,mogi-mirim,SP
13800,-22.42797663558197,-46.95403536150383,mogi-mirim,SP
13800,-22.42899316403138,-46.95464620399333,mogi mirim,SP
13920,-22.711889022674036,-46.89111858332363,pedreira,SP
13920,-22.712433667116493,-46.89711755570504,pedreira,SP
13920,-22.713169288807634,-46.89232310430941,pedreira,SP
14270,-21.46513247981271,-47.369467457649485,santa rosa de viterbo,SP
14270,-21.46513247981271,-47.369467457649485,santa rosa de viterbo,SP
14270,-21.467214310220335,-47.37042498278096,santa rosa de viterbo,SP
15014,-20.812687868408965,-49.37513208092273,são josé do rio preto,SP
15014,-20.813361064655474,-49.37442473659334,sao jose do rio preto,SP
15014,-20.813361064655474,-49.37442473659334,sao jose do rio preto,SP
15075,-20.814228868852265,-49.3544238213828,sao jose do rio preto,SP
15075,-20.814467016905404,-49.35505974242797,sao jose do rio preto,SP
15075,-20.815792589508362,-49.353549795143,sao jose do rio preto,SP
15054,-20.757591094097304,-49.32294930922164,sao jose do rio preto,SP
15054,-20.76081299999999,-49.326909749999984,são josé do rio preto,SP
15054,-20.779910939392252,-49.36098639282691,sao jose do rio preto,SP
15013,-20.787759149928128,-49.43707519578489,são josé do rio preto,SP
15013,-20.811270929927648,-49.364151147101204,sao jose do rio preto,SP
15013,-20.811528535309048,-49.36945194272528,sao jose do rio preto,SP
15400,-20.71774821221135,-48.91546831104531,olimpia,SP
15400,-20.717785855463514,-48.91385118306479,olimpia,SP
15400,-20.718138865947232,-48.91150850236592,olimpia,SP
15520,-20.403596999999948,-50.114019499999955,valentim gentil,SP
15520,-20.414317836312303,-50.08045661202157,valentim gentil,SP
15520,-20.41440979069098,-50.08494924046634,valentim gentil,SP
15950,-21.234762073321168,-48.806079828499485,santa adélia,SP
15950,-21.234795741000454,-48.80522381427876,santa adélia,SP
15950,-21.236062128418805,-48.806643066022936,santa adelia,SP
15940,-21.261842032224102,-48.68094901411112,fernando prestes,SP
15940,-21.261930778668596,-48.6812332595562,fernando prestes,SP
15940,-21.263335665905917,-48.68272540507494,fernando prestes,SP
16920,-20.781729501427897,-51.59588472437645,castilho,SP
16920,-20.781729501427897,-51.59588472437645,castilho,SP
16920,-20.8494294435591,-51.483778042875734,castilho,SP
17519,-22.178297661665454,-49.96227428198399,marilia,SP
17519,-22.222604318492397,-49.939296690808504,marilia,SP
17519,-22.223333064777634,-49.93771826394345,marilia,SP
17513,-22.199567207651842,-49.942382492147075,marilia,SP
17513,-22.20014047293557,-49.94045845366142,marilia,SP
17513,-22.200354953372948,-49.941085243407,marilia,SP
17526,-22.228145287264105,-49.97729422370018,marilia,SP
17526,-22.228268920335914,-49.97648868096827,marília,SP
17526,-22.22873541628062,-49.97605108857579,marília,SP
17560,-22.21517701084243,-49.82240355890324,vera cruz,SP
17560,-22.216324599386226,-49.82456499937341,vera cruz,SP
17560,-22.216409364386642,-49.82595849188884,vera cruz,SP
18076,-23.457828519851077,-47.464672195539215,sorocaba,SP
18076,-23.458477285590657,-47.465233234116184,sorocaba,SP
18076,-23.458642721622706,-47.46533275867046,sorocaba,SP
05684,-23.60518138404502,-46.705333739329554,sao paulo,SP
05684,-23.60535552484273,-46.70806030099834,sao paulo,SP
05684,-23.60535552484273,-46.70806030099834,sao paulo,SP
05783,-23.641807742234096,-46.7664514891979,sao paulo,SP
05783,-23.64231158895492,-46.7675258469329,sao paulo,SP
05783,-23.64231158895492,-46.7675258469329,sao paulo,SP
05729,-23.579315914803622,-46.520884415867584,sao paulo,SP
05729,-23.631828829419668,-46.7390462761897,sao paulo,SP
05729,-23.632130022476797,-46.73873550207745,sao paulo,SP
05849,-23.649432494931595,-46.7546128147902,são paulo,SP
05849,-23.649432494931595,-46.7546128147902,sao paulo,SP
05849,-23.649432494931595,-46.7546128147902,são paulo,SP
06150,-23.56301134139297,-46.81506861893355,osasco,SP
06150,-23.56308431585774,-46.814849093398315,osasco,SP
06150,-23.563130374141558,-46.81470959339833,osasco,SP
06210,-23.523463024082396,-46.76746670390252,osasco,SP
06210,-23.523463024082396,-46.76746670390252,osasco,SP
06210,-23.523463024082396,-46.76746670390252,osasco,SP
06325,-23.521967853225757,-46.829954063765584,carapicuiba,SP
06325,-23.521967853225757,-46.829954063765584,carapicuíba,SP
06325,-23.521967853225757,-46.829954063765584,carapicuiba,SP
06543,-23.432683443312367,-46.87227962573165,santana de parnaíba,SP
06543,-23.432683443312367,-46.87227962573165,santana de parnaiba,SP
06543,-23.432683443312367,-46.87227962573165,santana de parnaíba,SP
06696,-23.510609314965645,-46.94200949097439,itapevi,SP
06696,-23.523510485140793,-46.936564932692114,itapevi,SP
06696,-23.523510485140793,-46.936564932692114,itapevi,SP
07170,-23.42538874783232,-46.42827699566463,guarulhos,SP
07170,-23.42538874783232,-46.42827699566463,guarulhos,SP
07170,-23.42538874783232,-46.42827699566463,guarulhos,SP
07190,-23.450516549541238,-46.497696375382304,guarulhos,SP
07190,-23.450516549541238,-46.497696375382304,guarulhos,SP
07190,-23.450516549541238,-46.497696375382304,guarulhos,SP
07231,-23.394711373853088,-46.45147370621502,guarulhos,SP
07231,-23.451085508742565,-46.46215163488946,guarulhos,SP
07231,-23.451085508742565,-46.46215163488946,guarulhos,SP
07790,-23.284309622721626,-46.874161479966894,cajamar,SP
07790,-23.284309622721626,-46.874161479966894,cajamar,SP
07790,-23.284309622721626,-46.874161479966894,cajamar,SP
08011,-23.491334496640217,-46.44916711936148,são paulo,SP
08011,-23.491547370532302,-46.446359129467695,sao paulo,SP
08011,-23.491547370532302,-46.446359129467695,sao paulo,SP
08344,-23.607440497085804,-46.450764083819024,são paulo,SP
08344,-23.60761114071786,-46.450661154596325,sao paulo,SP
08344,-23.60777039578163,-46.44619116180968,sao paulo,SP
08505,-23.540760000000006,-46.37401874999999,ferraz de vasconcelos,SP
08505,-23.549530499999992,-46.3695255,ferraz de vasconcelos,SP
08505,-23.549530499999992,-46.3695255,ferraz de vasconcelos,SP
08573,-23.483146631998153,-46.352608597914916,itaquaquecetuba,SP
08573,-23.48341747991307,-46.35222821591677,itaquaquecetuba,SP
08573,-23.48357916299844,-46.352193269714505,itaquaquecetuba,SP
08737,-23.513335555913002,-46.19550814955674,mogi das cruzes,SP
08737,-23.535295822579766,-46.20847577790697,mogi das cruzes,SP
08737,-23.5353432804461,-46.20678685977695,mogi das cruzes,SP
09071,-23.64678880366017,-46.54863872242095,santo andre,SP
09071,-23.64760695253623,-46.5544973248601,santo andre,SP
09071,-23.64760695253623,-46.5544973248601,santo andre,SP
09361,-23.641662808181234,-46.43983612715625,maua,SP
09361,-23.641731000000007,-46.43964899999999,mauá,SP
09361,-23.641731000000007,-46.43964899999999,maua,SP
09404,-23.6803060116026,-46.4084931015227,ribeirao pires,SP
09404,-23.6803060116026,-46.4084931015227,ribeirao pires,SP
09404,-23.6803060116026,-46.4084931015227,ribeirao pires,SP
09687,-23.67130505590308,-46.59908776611833,sao bernardo do campo,SP
09687,-23.671476231461796,-46.598864857608696,sao bernardo do campo,SP
09687,-23.671476231461796,-46.598864857608696,sao bernardo do campo,SP
09710,-23.70213809908248,-46.55105166706113,sao bernardo do campo,SP
09710,-23.702625733279458,-46.55164037290079,sao bernardo do campo,SP
09710,-23.702625733279458,-46.55164037290079,sao bernardo do campo,SP
09750,-23.67784462543938,-46.55635742466303,são bernardo do campo,SP
09750,-23.67784462543938,-46.55635742466303,sao bernardo do campo,SP
09750,-23.67784462543938,-46.55635742466303,sao bernardo do campo,SP
09862,-23.692852645565285,-46.58064423619364,sao bernardo do campo,SP
09862,-23.692901300046042,-46.58051673827112,sao bernardo do campo,SP
09862,-23.69321325229382,-46.580153549108545,sao bernardo do campo,SP
11070,-23.949002703849096,-46.340697012349246,santos,SP
11070,-23.949047703849097,-46.340427012349245,santos,SP
11070,-23.94927232584106,-46.342472313059126,santos,SP
88730,-28.321035604700054,-49.17728575618613,sao ludgero,SC
88730,-28.322190692443375,-49.17599923179213,sao ludgero,SC
88730,-28.322464938181852,-49.17544216363606,são ludgero,SC
89012,-26.89598017381665,-49.06160942971857,blumenau,SC
89012,-26.897020438253744,-49.064011878988964,blumenau,SC
89012,-26.89837813988114,-49.06314720788846,blumenau,SC
89518,-26.85325706163106,-51.375199336480584,macieira,SC
89518,-26.855912252440515,-51.37545811192968,macieira,SC
89518,-26.857052226169884,-51.37670266065708,macieira,SC
89899,-26.961754431618946,-53.55790297482861,iporã do oeste,SC
89899,-26.978011053217973,-53.53256768456263,ipora do oeste,SC
89899,-26.97950457735527,-53.53475788533309,iporã do oeste,SC
90220,-29.99720396087477,-51.192145304605,porto alegre,RS
90220,-29.99720396087477,-51.192145304605,porto alegre,RS
90220,-29.997764225085145,-51.19784766792651,porto alegre,RS
90245,-29.979024967251416,-51.19022294073525,porto alegre,RS
90245,-29.979024967251416,-51.19022294073525,porto alegre,RS
90245,-29.97914196725141,-51.19026344073523,porto alegre,RS
90820,-30.080925167638064,-51.23630870315662,porto alegre,RS
90820,-30.081842424635077,-51.24369618414226,porto alegre,RS
90820,-30.081842424635077,-51.24369618414226,porto alegre,RS
91010,-30.006747387731554,-51.17763824311854,porto alegre,RS
91010,-30.00800309881879,-51.18416381817089,porto alegre,RS
91010,-30.00800309881879,-51.18416381817089,porto alegre,RS
91260,-30.015907296245043,-51.175635905280686,porto alegre,RS
91260,-30.015907296245043,-51.175635905280686,porto alegre,RS
91260,-30.02933194396746,-51.11015023380149,porto alegre,RS
91510,-30.06477088954922,-51.18546320719597,porto alegre,RS
91510,-30.064850349991303,-51.178150308644376,porto alegre,RS
91510,-30.064923889549224,-51.18511220719598,porto alegre,RS
91787,-30.080487273943746,-51.131660454900256,porto alegre,RS
91787,-30.080487273943746,-51.131660454900256,porto alegre,RS
91787,-30.080487273943746,-51.131660454900256,porto alegre,RS
91770,-30.00259302541003,-51.14611278570685,porto alegre,RS
91770,-30.136304327485842,-51.222259845663466,porto alegre,RS
91770,-30.136304327485842,-51.222259845663466,porto alegre,RS
91790,-30.039282,-51.156898717583324,porto alegre,RS
91790,-30.039282,-51.156898717583324,porto alegre,RS
91790,-30.145536295956838,-51.148149912275265,porto alegre,RS
92025,-29.905924444091987,-51.15354008494657,canoas,RS
92025,-29.905924444091987,-51.15354008494657,canoas,RS
92025,-29.905924444091987,-51.15354008494657,canoas,RS
93348,-29.669785676248864,-51.14528313447451,novo hamburgo,RS
93348,-29.669840999999998,-51.14333699999999,novo hamburgo,RS
93348,-29.67005089834034,-51.146762417230114,novo hamburgo,RS
95010,-29.167375899574665,-51.16086817276615,caxias do sul,RS
95010,-29.167404509599184,-51.162447776711204,caxias do sul,RS
95010,-29.167465465667814,-51.15955399945923,caxias do sul,RS
95034,-29.14527777861904,-51.18636082659862,caxias do sul,RS
95034,-29.145692795519754,-51.186253521901776,caxias do sul,RS
95034,-29.146556480868465,-51.186208187958876,caxias do sul,RS
95059,-29.06920607327197,-50.9759557578773,caxias do sul,RS
95059,-29.10078680897982,-51.12304191804183,caxias do sul,RS
95059,-29.101192429732578,-51.123036284420266,caxias do sul,RS
95180,-29.133619912675734,-51.372054904709884,farroupilha,RS
95180,-29.133949738695318,-51.37209917665882,farroupilha,RS
95180,-29.133949738695318,-51.37209917665882,farroupilha,RS
95334,-28.855349069799722,-51.555366299722984,vila flores,RS
95334,-28.855349069799722,-51.555366299722984,vila flores,RS
95334,-28.857379003957156,-51.55363307922468,vila flores,RS
95400,-29.247122999999945,-50.591050999999965,sao francisco de paula,RS
95400,-29.247122999999945,-50.591050999999965,sao francisco de paula,RS
95400,-29.247122999999945,-50.591050999999965,sao francisco de paula,RS
96508,-30.03612230568808,-52.873792664688274,cachoeira do sul,RS
96508,-30.038081130402084,-52.883707219964194,cachoeira do sul,RS
96508,-30.040932057155043,-52.87219407774471,cachoeira do sul,RS
97418,-29.46629450498355,-54.22862195916632,toropi,RS
97418,-29.467117187624506,-54.22859680520068,toropi,RS
97418,-29.467562807388358,-54.228583180135956,toropi,RS
97850,-28.673930999999946,-55.00270699999996,bossoroca,RS
97850,-28.726787252797234,-54.90888849039674,bossoroca,RS
97850,-28.72731628033458,-54.91297828033458,bossoroca,RS
01001,-23.54929199999999,-46.633559478233785,sao paulo,SP
01001,-23.54929199999999,-46.633559478233785,sao paulo,SP
01001,-23.54929199999999,-46.633559478233785,sao paulo,SP
01129,-23.522047449622043,-46.642173998615014,são paulo,SP
01129,-23.522191449622035,-46.64250249861501,são paulo,SP
01129,-23.522192601448396,-46.642370526920196,sao paulo,SP
01244,-23.543609731057757,-46.65956126588382,sao paulo,SP
01244,-23.543609731057757,-46.65956126588382,sao paulo,SP
01244,-23.54499336358131,-46.65968022344037,sao paulo,SP
01405,-23.5589222828207,-46.65164153274859,sao paulo,SP
01405,-23.5589222828207,-46.65164153274859,sao paulo,SP
01405,-23.559363282820694,-46.651660134889475,sao paulo,SP
01516,-23.554455631975284,-46.62508397307979,sao paulo,SP
01516,-23.554455631975284,-46.62508397307979,sao paulo,SP
01516,-23.554455631975284,-46.62508397307979,são paulo,SP
02141,-23.486908485140585,-46.570090164723865,sao paulo,SP
02141,-23.48697549653755,-46.57017094463038,sao paulo,SP
02141,-23.487026230784057,-46.56944949529569,sao paulo,SP
02175,-23.51491291173756,-46.57453612822437,sao paulo,SP
02175,-23.515196383294473,-46.57611569710085,sao paulo,SP
02175,-23.516718741284578,-46.57445726194335,sao paulo,SP
02274,-23.461495501293417,-46.582977801120954,sao paulo,SP
02274,-23.463975310577617,-46.58395771357263,sao paulo,SP
02274,-23.46551402193457,-46.58517457771257,sao paulo,SP
02977,-23.404109479600663,-46.76209706050551,sao paulo,SP
02977,-23.46454138129644,-46.71430316618498,sao paulo,SP
02977,-23.464560333815015,-46.71441688129642,sao paulo,SP
03287,-23.592655037191985,-46.53054496641469,sao paulo,SP
03287,-23.59312202109182,-46.53081799362336,sao paulo,SP
03287,-23.59375151817763,-46.534400716631026,sao paulo,SP
03322,-23.54376675491955,-46.57545623910783,sao paulo,SP
03322,-23.54656291534425,-46.554668554677136,sao paulo,SP
03322,-23.54656291534425,-46.554668554677136,sao paulo,SP
03303,-23.544022347221347,-46.578056149460416,sao paulo,SP
03303,-23.544047146834696,-46.577867212187634,sao paulo,SP
03303,-23.54406400473186,-46.58411439133824,sao paulo,SP
03476,-23.569455874290977,-46.510949028791615,sao paulo,SP
03476,-23.569773311098984,-46.50837606199163,sao paulo,SP
03476,-23.569773311098984,-46.50837606199163,sao paulo,SP
03634,-23.522462958364606,-46.545775397166615,sao paulo,SP
03634,-23.523410168474786,-46.54556636441802,são paulo,SP
03634,-23.523882942335685,-46.54755701217111,sao paulo,SP
03812,-23.413218496249083,-46.74647177699231,sao paulo,SP
03812,-23.488491245808692,-46.47179134916174,são paulo,SP
03812,-23.490144419615746,-46.46888270041891,sao paulo,SP
03984,-23.60540264141035,-46.50931441687345,sao paulo,SP
03984,-23.60540264141035,-46.50931441687345,sao paulo,SP
03984,-23.60562156480467,-46.51119498237064,sao paulo,SP
04002,-23.515990438253734,-46.47016224271451,sao paulo,SP
04002,-23.56905190368749,-46.646054103670096,sao paulo,SP
04002,-23.56905190368749,-46.646054103670096,sao paulo,SP
04029,-23.589323875614895,-46.64875355940226,sao paulo,SP
04029,-23.589323875614895,-46.64875355940226,sao paulo,SP
04029,-23.590514380703205,-46.64999361165755,sao paulo,SP
04133,-23.60516781349181,-46.61601120953325,sao paulo,SP
04133,-23.60685187177563,-46.61646322064174,sao paulo,SP
04133,-23.61355103193185,-46.6173466572957,sao paulo,SP
04468,-23.689797496249096,-46.666642499999995,sao paulo,SP
04468,-23.68983850375091,-46.66517066472386,sao paulo,SP
04468,-23.68996449347912,-46.662625655288814,sao paulo,SP
04411,-23.67535007576895,-46.647314706359246,sao paulo,SP
04411,-23.676038599649882,-46.647052088498064,sao paulo,SP
04411,-23.676043494864107,-46.647105427837715,sao paulo,SP
04685,-23.660166008309883,-46.6962607986324,sao paulo,SP
04685,-23.660166008309883,-46.6962607986324,sao paulo,SP
04685,-23.660166008309883,-46.6962607986324,sao paulo,SP
04757,-23.646912496249083,-46.72320291618095,sao paulo,SP
04757,-23.647816959201336,-46.72263079239998,sao paulo,SP
04757,-23.647816959201336,-46.72263079239998,sao paulo,SP
04783,-23.691838641410342,-46.70633688995326,sao paulo,SP
04783,-23.691838641410342,-46.70633688995326,sao paulo,SP
04783,-23.692477002221704,-46.705677590339896,sao paulo,SP
04851,-23.435283218222814,-46.7836201309337,sao paulo,SP
04851,-23.435283218222814,-46.7836201309337,sao paulo,SP
04851,-23.435283218222814,-46.7836201309337,sao paulo,SP
04918,-23.686811999999996,-46.74132675,são paulo,SP
04918,-23.687336242022038,-46.74240265029714,sao paulo,SP
04918,-23.68756591237294,-46.7431092592999,sao paulo,SP
05018,-23.524258232038708,-46.683880621847734,sao paulo,SP
05018,-23.531123524842734,-46.67833720399333,sao paulo,SP
05018,-23.532062102457424,-46.67904018240582,sao paulo,SP
05414,-23.558639217871793,-46.68307670982171,sao paulo,SP
05414,-23.558846814876787,-46.68299566250218,sao paulo,SP
05414,-23.558846814876787,-46.68299566250218,sao paulo,SP
05455,-23.53579117868727,-46.713208482296935,sao paulo,SP
05455,-23.536111253678794,-46.712279231201975,sao paulo,SP
05455,-23.5363270335853,-46.711695499307524,sao paulo,SP
41260,-12.919795128564227,-38.42833983039355,salvador,BA
41260,-12.920072991729976,-38.428289929534934,salvador,BA
41260,-12.920851856025363,-38.42833841308538,salvador,BA
41321,-12.900897974098333,-38.43712132216485,salvador,BA
41321,-12.900942740729779,-38.42912089089806,salvador,BA
41321,-12.901648186639175,-38.43683529109279,salvador,BA
41603,-12.911466625310188,-38.3133119403312,salvador,BA
41603,-12.911513325281716,-38.30971606870844,salvador,BA
41603,-12.913510985104875,-38.31224186206331,salvador,BA
45201,-13.85034796639854,-40.08355335713437,jequie,BA
45201,-13.850482763315132,-40.09376660556675,jequie,BA
45201,-13.850511546338257,-40.09272934155596,jequié,BA
45600,-14.773852728186617,-39.27034573582435,itabuna,BA
45600,-14.78160005044261,-39.286894499999995,itabuna,BA
45600,-14.782470586524893,-39.27267353460994,itabuna,BA
45928,-17.846499999999963,-39.88417999999996,posto da mata,BA
45928,-17.846499999999963,-39.88417999999996,posto da mata,BA
45928,-17.882119854969194,-39.85789068260735,posto da mata,BA
48967,-10.332137888567775,-40.153306924122305,jaguarari,BA
48967,-10.335090451121703,-40.14974287847877,jaguarari,BA
49500,-10.6732297141555,-37.441031175722735,itabaiana,SE
49500,-10.6732297141555,-37.441031175722735,itabaiana,SE
49500,-10.6732297141555,-37.441031175722735,itabaiana,SE
55325,-9.024839005157318,-36.57020044972058,brejão,PE
55345,-9.039196783672091,-36.844490818909655,iati,PE
55345,-9.041309705078206,-36.84764379109707,iati,PE
55345,-9.041984280912045,-36.844173116739775,iati,PE
55813,-7.845795257169767,-35.2608251488973,carpina,PE
55813,-7.845932871708132,-35.25098261819695,carpina,PE
55813,-7.846176616172179,-35.24955655385157,carpina,PE
56580,-8.536037166953566,-37.69406564728396,ibimirim,PE
56580,-8.537512582471537,-37.701587623589496,ibimirim,PE
56580,-8.537512582471537,-37.701587623589496,ibimirim,PE
58039,-7.1118324170501666,-34.82610160944245,joao pessoa,PB
58039,-7.1118324170501666,-34.82610160944245,joão pessoa,PB
58039,-7.112465427902073,-34.82676620406026,joão pessoa,PB
59700,-5.645917913928806,-37.79941275866395,apodi,RN
59700,-5.645955939131463,-37.7994111742805,apodi,RN
59700,-5.649594659983555,-37.802086875337295,apodi,RN
60750,-3.8222008922240702,-38.55551621972484,fortaleza,CE
60750,-3.8222883491545874,-38.556565753534564,fortaleza,CE
60750,-3.8224133152827124,-38.557182711624115,fortaleza,CE
62800,-4.5256629259856656,-37.70307683523838,aracati,CE
62800,-4.526329999999973,-37.70068999999995,aracati,CE
62800,-4.52666141748738,-37.70570996349839,aracati,CE
64082,-5.096800104770994,-42.74364861065926,teresina,PI
64082,-5.102897239946528,-42.740235382499364,teresina,PI
64082,-5.10436999999996,-42.73994406899993,teresina,PI
65072,-2.484892213117228,-44.23354980623605,sao luis,MA
65072,-2.484892213117228,-44.23354980623605,sao luis,MA
65072,-2.4852609661991107,-44.25499856327973,são luís,MA
65057,-2.4862449081308884,-44.250924892723205,sao luis,MA
65057,-2.4969981713046185,-44.25402161928778,sao luis,MA
65057,-2.504777688874119,-44.296424376767284,sao luis,MA
68740,-1.2761382620362003,-47.92392547952646,castanhal,PA
68740,-1.2788119626861592,-47.928887598506584,castanhal,PA
68740,-1.2871921997042135,-47.92184442942986,castanhal,PA
68702,-1.186787053795929,-47.19109810378941,capanema,PA
68702,-1.1874870947255314,-47.19221376665018,capanema,PA
68702,-1.1930599117303664,-47.18430715034206,capanema,PA
19802,-22.66349421954523,-50.42839619969416,assis,SP
19802,-22.66352322093021,-50.42601260352586,assis,SP
19802,-22.66364691143481,-50.42522187398399,assis,SP
20241,-22.86492339753725,-43.42253753004968,rio de janeiro,RJ
20241,-22.90600837339865,-43.60964201192315,rio de janeiro,RJ
20241,-22.914157725777642,-43.17969544517864,rio de janeiro,RJ
20520,-22.921357442408677,-43.22489046823236,rio de janeiro,RJ
20520,-22.921357442408677,-43.22489046823236,rio de janeiro,RJ
20520,-22.921689551762938,-43.22484345712387,rio de janeiro,RJ
20785,-22.881584325841057,-43.27135796655892,rio de janeiro,RJ
20785,-22.881584325841057,-43.27135796655892,rio de janeiro,RJ
20785,-22.881584325841057,-43.27135796655892,rio de janeiro,RJ
21020,-22.823759200899953,-43.272423976822324,rio de janeiro,RJ
21020,-22.826594357752935,-43.28078658298231,rio de janeiro,RJ
21020,-22.82718992812619,-43.274944472243085,rio de janeiro,RJ
21635,-22.8253358978591,-43.410902595331564,rio de janeiro,RJ
21635,-22.82766383819032,-43.40811186663973,rio de janeiro,RJ
21635,-22.828403232298516,-43.418899373564614,rio de janeiro,RJ
21810,-22.873958716631037,-43.36075628253223,rio de janeiro,RJ
21810,-22.875551474897467,-43.462061580904845,rio de janeiro,RJ
21810,-22.875622453440485,-43.466693364992985,rio de janeiro,RJ
22621,-22.984267431040383,-43.2055037828207,rio de janeiro,RJ
22621,-23.007332231750258,-43.31189830919264,rio de janeiro,RJ
22621,-23.00742706189049,-43.315910518177624,rio de janeiro,RJ
22760,-22.934630946699187,-43.342371354969124,rio de janeiro,RJ
22760,-22.935234372756568,-43.34342785053958,rio de janeiro,RJ
22760,-22.9352943392423,-43.348466184413965,rio de janeiro,RJ
22743,-22.890617497085813,-43.63440213099434,rio de janeiro,RJ
22743,-22.91890563117389,-43.34388176987276,rio de janeiro,RJ
22743,-22.922381368024705,-43.34367846670316,rio de janeiro,RJ
23098,-22.86086387613642,-43.5077273547558,rio de janeiro,RJ
23098,-22.86086387613642,-43.5077273547558,rio de janeiro,RJ
23098,-22.861676675365377,-43.5080300177452,rio de janeiro,RJ
24020,-22.884747872789323,-43.12604536164927,niteroi,RJ
24020,-22.8854120605055,-43.120041129061086,niteroi,RJ
24020,-22.8854120605055,-43.120041129061086,niteroi,RJ
24358,-22.904088688941584,-43.1161285803933,niteroi,RJ
24358,-22.91056958518268,-43.04900761130971,niteroi,RJ
24358,-22.94519653834795,-43.09250808470302,niteroi,RJ
25045,-22.63572,-43.20961199999999,duque de caxias,RJ
25045,-22.713140624633233,-43.320433722538205,duque de caxias,RJ
25045,-22.71406280064957,-43.31996774792544,duque de caxias,RJ
25645,-22.533149334588636,-43.19472173668461,petropolis,RJ
25645,-22.533149334588636,-43.19472173668461,petrópolis,RJ
25645,-22.534089574565613,-43.198263233031525,petropolis,RJ
25750,-22.297133053548094,-43.12838908743585,petropolis,RJ
25750,-22.298284809031685,-43.09375054974758,petropolis,RJ
25750,-22.307192600987197,-43.12961077747766,petropolis,RJ
26510,-22.806364499999994,-43.419132000000005,nilopolis,RJ
26510,-22.806364499999994,-43.419132000000005,nilopolis,RJ
26510,-22.811026965236426,-43.41477417029441,nilopolis,RJ
27542,-22.460610776576868,-44.456761285818956,resende,RJ
27542,-22.46148311157595,-44.45437343880201,resende,RJ
27542,-22.46148311157595,-44.45437343880201,resende,RJ
27700,-22.263215872155993,-43.36693496063618,vassouras,RJ
27700,-22.371322585085448,-43.69059807790379,vassouras,RJ
27700,-22.372989746333165,-43.689405020321686,vassouras,RJ
28895,-22.453011470588784,-41.94363838235045,rio das ostras,RJ
28895,-22.453011470588784,-41.94363838235045,rio das ostras,RJ
28895,-22.488888519411546,-41.92107109712502,rio das ostras,RJ
71925,-15.841300500000003,-48.02681700000001,brasilia,DF
71925,-15.841300500000003,-48.02681700000001,brasília,DF
71925,-15.841457664723876,-48.026784395493166,brasília,DF
72135,-15.805501580281902,-48.07257046789969,brasília,DF
72135,-15.80665643332459,-48.07732991330886,brasilia,DF
72135,-15.806798077679005,-48.07100730270778,brasilia,DF
74493,-16.65554147931342,-49.389448738527754,goiania,GO
74493,-16.6557683277285,-49.39738461693662,goiania,GO
74493,-16.656236641100232,-49.38953706023337,goiania,GO
75124,-16.351607169403533,-48.97347924026365,anapolis,GO
75124,-16.353013500000003,-48.96504675,anapolis,GO
75124,-16.353013500000003,-48.96504675,anapolis,GO
76105,-16.564131180619597,-50.30343994380725,firminopolis,GO
76105,-16.565206499999995,-50.303537999999996,firminopolis,GO
76105,-16.567015705791267,-50.30343890404038,firminopolis,GO
77062,-10.3069669192834,-48.31572939878576,palmas,TO
77062,-10.30699310859378,-48.31994558465381,palmas,TO
77062,-10.307003644868773,-48.32064264386908,palmas,TO
80610,-25.425523320012683,-49.243310770182994,curitiba,PR
80610,-25.46198410075591,-49.2746440500895,curitiba,PR
80610,-25.46241474992788,-49.275392406053406,curitiba,PR
81460,-25.518409834006814,-49.32758119694429,curitiba,PR
81460,-25.518409834006814,-49.32758119694429,curitiba,PR
81460,-25.52168332789934,-49.331060873673295,curitiba,PR
83206,-25.512788655238055,-48.53936620829915,paranagua,PR
83206,-25.514752939914576,-48.531449833828006,paranagua,PR
83206,-25.51478456129676,-48.53140073747146,paranagua,PR
84025,-25.08260848447172,-50.1314791369741,ponta grossa,PR
84025,-25.083282677765617,-50.13007888911654,ponta grossa,PR
84025,-25.083554069531143,-50.12979909374808,ponta grossa,PR
85807,-24.930223697716503,-53.498675797677805,cascavel,PR
85807,-24.934825267008996,-53.490936175399675,cascavel,PR
85807,-24.93485839771487,-53.48911934722135,cascavel,PR
86086,-23.24669835491953,-51.13591960096451,londrina,PR
86086,-23.24735941326678,-51.13867338011416,londrina,PR
86086,-23.25135236344727,-51.13309934266865,londrina,PR
30220,-19.86187570136759,-43.90933256979635,belo horizonte,MG
30220,-19.932258049397007,-43.92384725936294,belo horizonte,MG
30220,-19.932893004443393,-43.923570348606326,belo horizonte,MG
30662,-19.825549591651694,-43.965395153770196,belo horizonte,MG
30662,-19.84063289425243,-43.911800046627036,belo horizonte,MG
30662,-19.872823422468397,-43.98585957953756,belo horizonte,MG
30666,-19.827008138917535,-43.91578621104439,belo horizonte,MG
30666,-20.008436406053413,-44.03954025284208,belo horizonte,MG
30666,-20.00906185928213,-44.04001519954993,belo horizonte,MG
31555,-19.833040529834395,-43.97898949362336,belo horizonte,MG
31555,-19.83352149096896,-43.97945557715392,belo horizonte,MG
31555,-19.833758769086458,-43.97893382806276,belo horizonte,MG
35400,-20.28916136686567,-43.472025744288565,ouro preto,MG
35400,-20.29055912631365,-43.475465755651854,ouro preto,MG
35400,-20.292193987069645,-43.476208984995665,ouro preto,MG
35969,-20.067716999999945,-43.41743899999997,catas altas,MG
35969,-20.069371698930308,-43.408398513849896,catas altas,MG
35969,-20.070565872372235,-43.40570202394353,catas altas,MG
36031,-21.785903926452754,-43.3475740531479,juiz de fora,MG
36031,-21.786826655754684,-43.34713205242542,juiz de fora,MG
36031,-21.78711591978764,-43.34698622952855,juiz de fora,MG
36240,-21.432539559430847,-43.56298575691882,santos dumont,MG
36240,-21.434377447810085,-43.563179674421896,santos dumont,MG
36240,-21.434785295103058,-43.56236974871122,santos dumont,MG
37600,-22.598177739546138,-46.05220482697329,cambui,MG
37600,-22.598796539360517,-46.05395371475318,cambuí,MG
37600,-22.600888575899873,-46.05458419940008,cambui,MG
37750,-21.66315300616624,-45.994478992907055,machado,MG
37750,-21.667909241115467,-45.92368882454052,machado,MG
37750,-21.667912658135247,-45.923393252329404,machado,MG
38175,-19.303888815801013,-47.53140454744858,santa juliana,MG
38175,-19.30472642115517,-47.53081838749837,santa juliana,MG
38175,-19.30472642115517,-47.53081838749837,santa juliana,MG
38280,-19.697793909137893,-50.458099727360995,iturama,MG
38280,-19.698305584255518,-50.4592896250379,iturama,MG
38280,-19.70028501749202,-50.456684271303644,iturama,MG
38230,-20.220203999999946,-49.16545099999996,fronteira,MG
38230,-20.233433999999946,-49.155897499999966,fronteira,MG
38230,-20.27552096396693,-49.19782733140299,fronteira,MG
12246,-23.095057874253637,-45.91132612747945,sao jose dos campos,SP
12246,-23.095057874253637,-45.91132612747945,sao jose dos campos,SP
12246,-23.095057874253637,-45.91132612747945,sao jose dos campos,SP
12233,-23.23596609987949,-45.88467053101122,sao jose dos campos,SP
12233,-23.23597323980033,-45.88991180682672,sao jose dos campos,SP
12233,-23.23614776019967,-45.889862123780986,sao jose dos campos,SP
12511,-22.793230443060796,-45.20968112339751,guaratingueta,SP
12511,-22.793230443060796,-45.20968112339751,guaratingueta,SP
12511,-22.793382483753085,-45.21246127863314,guaratingueta,SP
12903,-22.86279499999995,-46.537978263999946,braganca paulista,SP
12903,-22.86279499999995,-46.537978263999946,braganca paulista,SP
12903,-22.86279499999995,-46.537978263999946,bragança paulista,SP
12917,-22.97694120092112,-46.546536831718896,braganca paulista,SP
12917,-22.9776615,-46.54614375,braganca paulista,SP
12917,-22.9776615,-46.54614375,braganca paulista,SP
13070,-22.826654114733348,-47.067773278452904,campinas,SP
13070,-22.85736208435795,-47.15036069893065,campinas,SP
13070,-22.85736208435795,-47.15036069893065,campinas,SP
13097,-22.837487709732546,-47.03427919500154,campinas,SP
13097,-22.837487709732546,-47.03427919500154,campinas,SP
13097,-22.8436034454671,-47.02597032361936,campinas,SP
13083,-22.800925682896956,-47.06431013783897,campinas,SP
13083,-22.800925682896956,-47.06431013783897,campinas,SP
13083,-22.800925682896956,-47.06431013783897,campinas,SP
13099,-22.751063027536322,-47.01301559378374,campinas,SP
13099,-22.751112934264707,-47.0130120626473,campinas,SP
13099,-22.75892646917843,-47.01757596917842,campinas,SP
13101,-22.878061010795907,-47.14357711713783,campinas,SP
13101,-22.898451559092873,-47.01060190156148,campinas,SP
13101,-22.89873348384018,-47.0097411525877,campinas,SP
13276,-22.972405991741518,-46.99441320949049,valinhos,SP
13276,-22.974606972983384,-46.9929829329808,valinhos,SP
13276,-22.974784664871226,-46.996176400524924,valinhos,SP
13214,-23.117516946448056,-46.919077198164935,jundiai,SP
13214,-23.11820703209619,-46.923087908653116,jundiai,SP
13214,-23.11820703209619,-46.923087908653116,jundiai,SP
13250,-22.942881150750285,-46.70264272612543,itatiba,SP
13250,-22.996272091364062,-46.84860085281656,itatiba,SP
13250,-22.997822794327327,-46.84821299852747,itatiba,SP
13360,-22.978623537776976,-47.49087125160432,capivari,SP
13360,-22.98017791228582,-47.497102157077826,capivari,SP
13360,-22.98082947322403,-47.4998484240868,capivari,SP
13304,-23.262182387510805,-47.28663473212742,itu,SP
13304,-23.262182387510805,-47.28663473212742,itu,SP
13304,-23.262182387510805,-47.28663473212742,itu,SP
13418,-22.7151430635401,-47.63227347739127,piracicaba,SP
13418,-22.7151430635401,-47.63227347739127,piracicaba,SP
13418,-22.71614848514059,-47.631860497085796,piracicaba,SP
13420,-22.719718394656446,-47.623309208985,piracicaba,SP
13420,-22.72069727808884,-47.62090090215828,piracicaba,SP
13420,-22.72069727808884,-47.62090090215828,piracicaba,SP
13425,-22.738617514282495,-47.634555845951944,piracicaba,SP
13425,-22.74155374548448,-47.63221438452891,piracicaba,SP
13425,-22.74180953788448,-47.63208649777829,piracicaba,SP
13770,-21.514039387920675,-46.63400545980655,caconde,SP
13770,-21.518681186735787,-46.64511897489228,caconde,SP
13770,-21.51868852560574,-46.64731824419574,caconde,SP
14021,-21.20055551457095,-47.80166922814357,ribeirao preto,SP
14021,-21.200883834124745,-47.79594728715932,ribeirao preto,SP
14021,-21.206988849010354,-47.794806215505865,ribeirao preto,SP
14090,-21.13060996670219,-47.78861849086788,ribeirão preto,SP
14090,-21.13060996670219,-47.78861849086788,ribeirao preto,SP
14090,-21.13060996670219,-47.78861849086788,ribeirao preto,SP
14092,-21.172655346932885,-47.761652514570955,ribeirao preto,SP
14092,-21.172732889809023,-47.76349766111718,ribeirao preto,SP
14092,-21.172947831525217,-47.764758635581956,ribeirao preto,SP
14711,-20.93179285295771,-48.461727815170924,bebedouro,SP
14711,-20.933489596899037,-48.47018347597441,bebedouro,SP
14711,-20.933489596899037,-48.47018347597441,bebedouro,SP
14802,-21.752972254511057,-48.16687293198728,araraquara,SP
14802,-21.752972254511057,-48.16687293198728,araraquara,SP
14802,-21.754197000000005,-48.1708845,araraquara,SP
14955,-21.61358715771201,-49.07627542385909,borborema,SP
14955,-21.613766560484763,-49.0736205255029,borborema,SP
14955,-21.61376723996143,-49.07571428484911,borborema,SP
16018,-21.22235144031617,-50.43269036287541,aracatuba,SP
16018,-21.22235144031617,-50.43269036287541,aracatuba,SP
16018,-21.22235144031617,-50.43269036287541,araçatuba,SP
16050,-21.18725049653754,-50.43779958090485,aracatuba,SP
16050,-21.187288445467107,-50.43927146863638,araçatuba,SP
16050,-21.187469269729412,-50.44606961960783,araçatuba,SP
16200,-21.28120871484646,-50.34833297865432,birigui,SP
16200,-21.281406064185035,-50.34651821509718,birigui,SP
16200,-21.28212473125948,-50.33641134544909,birigui,SP
17026,-22.28778962782035,-49.05738303912522,bauru,SP
17026,-22.28784362782034,-49.057464039125215,bauru,SP
17026,-22.288941072450726,-49.0572847934965,bauru,SP
17800,-21.590273999999944,-51.072532999999964,adamantina,SP
17800,-21.590273999999944,-51.072532999999964,adamantina,SP
17800,-21.590273999999944,-51.072532999999964,adamantina,SP
18017,-23.482674497575175,-47.41473386003022,sorocaba,SP
18017,-23.483252110824953,-47.41167749021719,sorocaba,SP
18017,-23.4833380526149,-47.408500477915595,sorocaba,SP
18075,-23.454075172318298,-47.48473803297309,sorocaba,SP
18075,-23.462333776711596,-47.47985728013858,sorocaba,SP
18075,-23.462333776711596,-47.47985728013858,sorocaba,SP
18307,-24.0081960440197,-48.344256953620146,capao bonito,SP
18307,-24.009111603657825,-48.35224340475466,capao bonito,SP
18307,-24.0094048506115,-48.346853945136395,capao bonito,SP
05713,-23.621101491257434,-46.73345097114654,sao paulo,SP
05713,-23.62329321703507,-46.73182484318196,sao paulo,SP
05713,-23.623539873160595,-46.7310783090484,sao paulo,SP
05727,-23.62373348265909,-46.73884181542506,sao paulo,SP
05727,-23.62373348265909,-46.73884181542506,são paulo,SP
05727,-23.62373348265909,-46.73884181542506,sao paulo,SP
06050,-23.535815627243423,-46.79645506855558,osasco,SP
06050,-23.556822705986033,-46.786666778137835,osasco,SP
06050,-23.55688034165276,-46.78533817317799,osasco,SP
06093,-23.523357021483093,-46.78721489870635,osasco,SP
06093,-23.523357021483093,-46.78721489870635,osasco,SP
06093,-23.523357021483093,-46.78721489870635,osasco,SP
06720,-23.613044071325543,-46.95652872869182,cotia,SP
06720,-23.61337520621503,-46.955398086589,cotia,SP
06720,-23.613439735501167,-46.9554134716948,cotia,SP
06851,-23.71388837993472,-46.86711337219755,itapecerica da serra,SP
06851,-23.71435583458364,-46.85632595545042,itapecerica da serra,SP
06851,-23.71435583458364,-46.85632595545042,itapecerica da serra,SP
07020,-23.459548500000004,-46.49332724999998,guarulhos,SP
07020,-23.459548500000004,-46.49332724999998,guarulhos,SP
07020,-23.459548500000004,-46.49332724999998,guarulhos,SP
07097,-23.441965135985996,-46.54148511881796,guarulhos,SP
07097,-23.441965135985996,-46.54148511881796,guarulhos,SP
07097,-23.441965135985996,-46.54148511881796,guarulhos,SP
07133,-23.430830982514863,-46.51055899417162,guarulhos,SP
07133,-23.431314489217993,-46.51034883438214,guarulhos,SP
07133,-23.431915152374625,-46.50950853497028,guarulhos,SP
07140,-23.41969029225575,-46.49393378864909,guarulhos,SP
07140,-23.420679904524206,-46.49403376311386,guarulhos,SP
07140,-23.420843863725533,-46.49530439217494,guarulhos,SP
07857,-23.32103661105065,-46.72833895856004,franco da rocha,SP
07857,-23.32103661105065,-46.72833895856004,franco da rocha,SP
07857,-23.32103661105065,-46.72833895856004,franco da rocha,SP
08080,-23.479766260366535,-46.42590114454082,sao paulo,SP
08080,-23.479922158203006,-46.42585261754855,sao paulo,SP
08080,-23.48132106633389,-46.428461733135215,sao paulo,SP
08210,-23.525547653067107,-46.44119454302037,sao paulo,SP
08210,-23.52595440299499,-46.4413468827399,sao paulo,SP
08210,-23.52601223757863,-46.44215009908246,são paulo,SP
08430,-23.52142657507646,-46.42893406549715,sao paulo,SP
08430,-23.521561407438398,-46.4277520582838,sao paulo,SP
08430,-23.521581450458765,-46.42898090896761,sao paulo,SP
08542,-23.511521387275423,-46.370014291710774,ferraz de vasconcelos,SP
08542,-23.511599875595543,-46.37360982343678,ferraz de vasconcelos,SP
08542,-23.511693991949915,-46.37109569095159,ferraz de vasconcelos,SP
08610,-23.536806733958123,-46.301969555923776,suzano,SP
08610,-23.53719311734787,-46.3008611185271,suzano,SP
08610,-23.537457422446042,-46.300129221335546,suzano,SP
08673,-23.53139648893284,-46.316923371729516,suzano,SP
08673,-23.53159570678319,-46.318554452074586,suzano,SP
08673,-23.53169776261217,-46.31781284581247,suzano,SP
08735,-23.523385698795096,-46.22458244776626,mogi das cruzes,SP
08735,-23.523385698795096,-46.22458244776626,mogi das cruzes,SP
08735,-23.52706154262143,-46.20591571976755,mogi das cruzes,SP
09190,-23.667844391013794,-46.5357251465344,santo andré,SP
09190,-23.667844391013794,-46.5357251465344,santo andre,SP
09190,-23.667844391013794,-46.5357251465344,santo andré,SP
09405,-23.684887671688493,-46.43273702921993,ribeirao pires,SP
09405,-23.684887671688493,-46.43273702921993,ribeirao pires,SP
09405,-23.69836406277451,-46.399159818559966,ribeirao pires,SP
09663,-23.65353162556999,-46.59766261460572,sao bernardo do campo,SP
09663,-23.65353162556999,-46.59766261460572,sao bernardo do campo,SP
09663,-23.65353162556999,-46.59766261460572,sao bernardo do campo,SP
09920,-23.672424949218005,-46.620733468434835,diadema,SP
09920,-23.673610791015005,-46.6256343569162,diadema,SP
09920,-23.67375212989782,-46.625871761584655,diadema,SP
11010,-23.931125717179302,-46.33701991993188,santos,SP
11010,-23.931125717179302,-46.33701991993188,santos,SP
11010,-23.93115380792323,-46.33532326879801,santos,SP
11446,-23.932805880558746,-46.18238680732973,guaruja,SP
11446,-23.933502927188254,-46.182924261688406,guaruja,SP
11446,-23.934058522812464,-46.183230127283224,guarujá,SP
89041,-26.898986533913074,-49.12740819851159,blumenau,SC
89041,-26.903303349991305,-49.124699061486446,blumenau,SC
89041,-26.90504979072655,-49.123665100323215,blumenau,SC
89084,-26.869650631256505,-49.23151169690013,indaial,SC
89084,-26.87101832839382,-49.24637023227066,indaial,SC
89084,-26.871088911624827,-49.252276160991265,indaial,SC
91050,-29.997936499219716,-51.14943969571548,porto alegre,RS
91050,-29.99794649956731,-51.14846236372554,porto alegre,RS
91050,-29.9980410304897,-51.15157778056724,porto alegre,RS
91720,-30.076149416036735,-51.20924294226445,porto alegre,RS
91720,-30.076149416036735,-51.20924294226445,porto alegre,RS
91720,-30.076149416036735,-51.20924294226445,porto alegre,RS
93270,-29.839115398527678,-51.17169011067963,esteio,RS
93270,-29.839220417359734,-51.173819580439805,esteio,RS
93270,-29.83975285092464,-51.17241716733764,esteio,RS
94910,-29.944040868454508,-51.09253587723045,cachoeirinha,RS
94910,-29.946563018714073,-51.09132228889307,cachoeirinha,RS
94910,-29.94660497448522,-51.09139702261042,cachoeirinha,RS
94950,-29.93340549653755,-51.076830829447744,cachoeirinha,RS
94950,-29.935365097248116,-51.07574325527051,cachoeirinha,RS
94950,-29.935393418857835,-51.07959053239949,cachoeirinha,RS
95700,-29.1235622606625,-51.54381655101068,bento goncalves,RS
95700,-29.1235622606625,-51.54381655101068,bento goncalves,RS
95700,-29.136383102233083,-51.51340671005674,bento goncalves,RS
96180,-30.825468246366302,-51.72040935966364,camaqua,RS
96180,-30.825468246366302,-51.72040935966364,camaqua,RS
96180,-30.834872240956607,-51.814985742085895,camaqua,RS
97015,-29.68553935150118,-53.80949152640844,santa maria,RS
97015,-29.685757771381542,-53.809428627012515,santa maria,RS
97015,-29.685817341104503,-53.809443456142915,santa maria,RS
97590,-30.240234297279127,-54.92159897069196,rosário do sul,RS
97590,-30.243655111246017,-54.92233782337923,rosario do sul,RS
97590,-30.24367838900759,-54.924229619485445,rosario do sul,RS
01311,-23.55446653926945,-46.638846035951225,sao paulo,SP
01311,-23.556387822552278,-46.66250746083085,sao paulo,SP
01311,-23.556387822552278,-46.66250746083085,são paulo,SP
01415,-23.550811627531886,-46.65338095268046,são paulo,SP
01415,-23.550883365254755,-46.653376547319546,sao paulo,SP
01415,-23.550957911737562,-46.65356039731085,sao paulo,SP
02050,-23.514031739107846,-46.61026797224307,sao paulo,SP
02050,-23.515577873997323,-46.61172562155927,são paulo,SP
02050,-23.51576687399733,-46.61183812155927,sao paulo,SP
02150,-23.49230580183505,-46.56895798819902,sao paulo,SP
02150,-23.492505164031382,-46.56846661296092,sao paulo,SP
02150,-23.492506499999998,-46.56911850000001,sao paulo,SP
02189,-23.506713922009354,-46.569302565497175,sao paulo,SP
02189,-23.506757497085815,-46.566872460038056,sao paulo,SP
02189,-23.506884838190317,-46.56856155828379,sao paulo,SP
02223,-23.47548224562871,-46.579830265335545,são paulo,SP
02223,-23.47548224562871,-46.579830265335545,sao paulo,SP
02223,-23.475799257285473,-46.5796746253102,sao paulo,SP
02202,-23.491492093254084,-46.59604719677995,sao paulo,SP
02202,-23.49159092506777,-46.595987821541904,sao paulo,SP
02202,-23.491650991949914,-46.591366122540215,sao paulo,SP
02402,-23.479718951151256,-46.632511331380975,são paulo,SP
02402,-23.479718951151256,-46.632511331380975,são paulo,SP
02402,-23.48071661004674,-46.63208213390853,sao paulo,SP
03286,-23.58772937607479,-46.53486714002536,sao paulo,SP
03286,-23.58772937607479,-46.53486714002536,sao paulo,SP
03286,-23.58772937607479,-46.53486714002536,sao paulo,SP
03331,-23.545478675515763,-46.58524120407659,são paulo,SP
03331,-23.545478675515763,-46.58524120407659,são paulo,SP
03331,-23.545478675515763,-46.58524120407659,são paulo,SP
03413,-23.552493150152927,-46.54883797960068,são paulo,SP
03413,-23.552673150152927,-46.54891792131687,sao paulo,SP
03413,-23.55334709186911,-46.54839588995324,sao paulo,SP
03471,-23.561319949766265,-46.518920319175955,sao paulo,SP
03471,-23.561319949766265,-46.518920319175955,sao paulo,SP
03471,-23.561383075768948,-46.51903762254022,sao paulo,SP
03562,-23.543383714957603,-46.49679997960067,sao paulo,SP
03562,-23.543383714957603,-46.49679997960067,sao paulo,SP
03562,-23.543608798776635,-46.49541747377228,são paulo,SP
03587,-23.554369152922888,-46.49008065736627,sao paulo,SP
03587,-23.554873047463765,-46.48975740146578,são paulo,SP
03587,-23.554981959749597,-46.48885813474525,sao paulo,SP
03807,-23.49300026894224,-46.49177307077729,sao paulo,SP
03807,-23.494523427145236,-46.47372238190317,são paulo,SP
03807,-23.494523427145236,-46.47372238190317,sao paulo,SP
03952,-23.588181859282134,-46.48264273841536,sao paulo,SP
03952,-23.588250495085415,-46.48437649471796,sao paulo,SP
03952,-23.588412610883456,-46.48370393213688,sao paulo,SP
04131,-23.603150514570956,-46.616698895925865,sao paulo,SP
04131,-23.603150514570956,-46.616698895925865,sao paulo,SP
04131,-23.603150514570956,-46.616698895925865,sao paulo,SP
04248,-23.61015442131686,-46.59942454884873,sao paulo,SP
04248,-23.610383925040264,-46.59642958219339,sao paulo,SP
04248,-23.610383925040264,-46.59642958219339,sao paulo,SP
04319,-23.646188608661767,-46.63784147307978,sao paulo,SP
04319,-23.6466273985516,-46.638771417565955,sao paulo,SP
04319,-23.64679725644876,-46.6383795298344,sao paulo,SP
04567,-23.609973614490137,-46.69569101096428,sao paulo,SP
04567,-23.6100388262451,-46.69527173604943,são paulo,SP
04567,-23.6100388262451,-46.69527173604943,sao paulo,SP
04747,-23.652739634745252,-46.694999503750914,sao paulo,SP
04747,-23.652866924827997,-46.695243753562146,sao paulo,SP
04747,-23.652866924827997,-46.695243753562146,sao paulo,SP
04761,-23.661079230625074,-46.721053269202045,são paulo,SP
04761,-23.66180220483005,-46.718066263113855,sao paulo,SP
04761,-23.661881444630378,-46.71764002553522,sao paulo,SP
04811,-23.707785572854764,-46.69385257507645,sao paulo,SP
04811,-23.707969061890488,-46.69371629211152,sao paulo,SP
04811,-23.708377445467097,-46.694843696087474,sao paulo,SP
05101,-23.496204489035723,-46.73210038037397,são paulo,SP
05101,-23.496461958364613,-46.73226628740833,sao paulo,SP
05101,-23.49829561862658,-46.73278466607724,sao paulo,SP
05530,-23.575142089985608,-46.714951576197315,sao paulo,SP
05530,-23.575186408142052,-46.71563821903528,sao paulo,SP
05530,-23.57521304746377,-46.71555831764674,sao paulo,SP
05503,-23.56887845074722,-46.71603219983838,são paulo,SP
05503,-23.568898786567875,-46.71327849336495,sao paulo,SP
05503,-23.568898786567875,-46.71327849336495,sao paulo,SP
38410,-18.929887904678633,-48.23417248304077,uberlandia,MG
38410,-18.938594253719273,-48.25975069648826,uberlandia,MG
38410,-18.938594253719273,-48.25975069648826,uberlandia,MG
38480,-18.58408410430194,-48.70130564668386,tupaciguara,MG
38480,-18.58408410430194,-48.70130564668386,tupaciguara,MG
38480,-18.584889855947335,-48.6992303726846,tupaciguara,MG
39840,-18.065032367279937,-41.4345949976662,frei gaspar,MG
39840,-18.06819211466892,-41.426441212456496,frei gaspar,MG
39840,-18.069147000000005,-41.425082999999994,frei gaspar,MG
39990,-15.521869306788153,-41.495947688423996,aguas vermelhas,MG
39990,-15.521869306788153,-41.495947688423996,aguas vermelhas,MG
39990,-15.521869306788153,-41.495947688423996,águas vermelhas,MG
40320,-12.953941284265511,-38.49324298850283,salvador,BA
40320,-12.954118500029233,-38.493262519709454,salvador,BA
40320,-12.954203590661939,-38.49327163656296,salvador,BA
41386,-12.912942768770558,-38.43237976298092,salvador,BA
41386,-12.913163384558114,-38.43168565934883,salvador,BA
41386,-12.913821459180404,-38.434183502431324,salvador,BA
41335,-12.891138542168328,-38.42479176706769,salvador,BA
41335,-12.891138542168328,-38.42474226706767,salvador,BA
41335,-12.892159797529576,-38.424247452643165,salvador,BA
41905,-12.829729533826777,-38.46937625763613,salvador,BA
41905,-12.899312545706648,-38.46947727290476,salvador,BA
41905,-12.89980022972358,-38.46914750819018,salvador,BA
42820,-12.597037168325175,-38.04751297992473,monte gordo,BA
42820,-12.599467989329732,-38.03801363718455,camacari,BA
42820,-12.599467989329732,-38.03801363718455,monte gordo,BA
44400,-12.978758577298162,-38.510060814876795,nazare,BA
44400,-12.978758577298162,-38.510060814876795,nazare,BA
44400,-12.978813666945566,-38.5100285605055,nazare,BA
47850,-12.069501916428056,-45.794591657718655,luís eduardo magalhães,BA
47850,-12.070646999999994,-45.798579000000004,luis eduardo magalhaes,BA
47850,-12.070716099379135,-45.7992881298432,luis eduardo magalhaes,BA
48608,-9.388001124374881,-38.22302607086146,paulo afonso,BA
48608,-9.39711477349942,-38.213963590730906,paulo afonso,BA
48608,-9.39736757021666,-38.21480920977228,paulo afonso,BA
49020,-10.925909664723875,-37.0503084594898,aracaju,SE
49020,-10.926069706070795,-37.04591118971084,aracaju,SE
49020,-10.926069706070795,-37.04591118971084,aracaju,SE
49038,-10.987983158655585,-37.09448901716659,aracaju,SE
49038,-10.987983158655585,-37.09448901716659,aracaju,SE
49038,-10.987983158655585,-37.09448901716659,aracaju,SE
50610,-8.047426107132553,-34.90509047821569,recife,PE
50610,-8.048372898695831,-34.91350360851752,recife,PE
50610,-8.048923021796274,-34.91378058909406,recife,PE
51020,-8.108220761915991,-34.89719450818,recife,PE
51020,-8.108880346733944,-34.893739517593346,recife,PE
51020,-8.108880346733944,-34.893739517593346,recife,PE
51030,-8.125075424923537,-34.90384070413756,recife,PE
51030,-8.125075445467106,-34.911733919095155,recife,PE
51030,-8.125384607825263,-34.90385447154099,recife,PE
51150,-8.08515147491391,-34.90474221712685,recife,PE
51150,-8.085734916180968,-34.90431613266779,recife,PE
51150,-8.085938394067057,-34.904345394067064,recife,PE
55680,-8.465483729823214,-35.72884861554298,bonito,PE
55680,-8.466009503133824,-35.73132386836106,bonito,PE
55680,-8.466009503133824,-35.73132386836106,bonito,PE
55643,-8.209447538625518,-35.56761067877624,gravata,PE
55643,-8.20963122384566,-35.56368975262683,gravata,PE
55643,-8.20968768339565,-35.56923609729213,gravata,PE
56460,-8.969035839052435,-38.22279291468758,petrolandia,PE
56460,-8.969180869043244,-38.222716680974465,petrolandia,PE
56460,-8.969181800505961,-38.22284650554452,petrolandia,PE
58052,-7.149470133596545,-34.84307930743639,joao pessoa,PB
58052,-7.149771136274454,-34.84118442783773,joao pessoa,PB
58052,-7.1502102819839815,-34.846170799613354,joao pessoa,PB
59030,-5.7925506217035,-35.208705635581964,natal,RN
59030,-5.793150540942892,-35.20774351540768,natal,RN
59030,-5.79387268942238,-35.2133710567546,natal,RN
59200,-6.216987394807118,-36.022267270670866,santa cruz,RN
59200,-6.216987394807118,-36.022267270670866,santa cruz,RN
59200,-6.216987394807118,-36.022267270670866,santa cruz,RN
59970,-6.268592999999946,-38.17073149999996,marcelino vieira,RN
59970,-6.294453756230962,-38.16410735099248,marcelino vieira,RN
59970,-6.294895929599387,-38.160841052832524,marcelino vieira,RN
60711,-3.7919959564279844,-38.56667843248057,fortaleza,CE
60711,-3.7919959564279844,-38.56667843248057,fortaleza,CE
60711,-3.7929123144700676,-38.56915418142718,fortaleza,CE
62980,-5.777647505463847,-38.343631571207275,iracema,CE
62980,-5.804879730561091,-38.3149847981821,iracema,CE
62980,-5.808670919448767,-38.30523162983563,iracema,CE
63220,-7.034543999999997,-39.27669524999999,caririaçu,CE
63220,-7.034543999999997,-39.27669524999999,caririacu,CE
63220,-7.034543999999997,-39.27669524999999,caririacu,CE
64000,-5.068431122258663,-42.81683281896477,teresina,PI
64000,-5.074466720862889,-42.80653729409691,teresina,PI
64000,-5.074466720862889,-42.80653729409691,teresina,PI
65048,-2.546103929258575,-44.247635318125106,sao luis,MA
65048,-2.5463946844307204,-44.24492850360667,sao luis,MA
65048,-2.547065204654792,-44.245267114374805,sao luis,MA
65900,-5.481437242858834,-47.49398433104212,imperatriz,MA
65900,-5.497857083489751,-47.491176175071374,imperatriz,MA
65900,-5.504540277700753,-47.45789956573806,imperatriz,MA
18730,-23.358662999999993,-49.0201515,itai,SP
18730,-23.358662999999993,-49.0201515,itai,SP
18730,-23.402176257913986,-49.099986085276214,itai,SP
18725,-22.62041241529782,-47.05002549275737,holambra ii,SP
18725,-22.622637696571758,-47.04748516687654,holambra ii,SP
18725,-22.6251765,-47.061054000000006,holambra ii,SP
19025,-22.091392968186355,-51.409116553912355,presidente prudente,SP
19025,-22.092150887972572,-51.40919161111119,presidente prudente,SP
19025,-22.092332726792677,-51.41024967185664,presidente prudente,SP
19023,-22.1039648609771,-51.393904769230765,presidente prudente,SP
19023,-22.104337002880126,-51.397524997942774,presidente prudente,SP
19023,-22.104337002880126,-51.397524997942774,presidente prudente,SP
20211,-22.855537162869805,-43.32462241619747,rio de janeiro,RJ
20211,-22.88828841465176,-43.23446106786309,rio de janeiro,RJ
20211,-22.905215999999996,-43.189632,rio de janeiro,RJ
22251,-22.940627734695465,-43.187109662995766,rio de janeiro,RJ
22251,-22.942108654740544,-43.18854647362805,rio de janeiro,RJ
22251,-22.942154663310227,-43.18905721565009,rio de janeiro,RJ
22631,-22.999576499999996,-43.40999700000001,rio de janeiro,RJ
22631,-23.000301449362247,-43.359952531363604,rio de janeiro,RJ
22631,-23.000301449362247,-43.359952531363604,rio de janeiro,RJ
24461,-22.794881408978647,-43.03664547623296,sao goncalo,RJ
24461,-22.79496651810733,-43.036837188638934,sao goncalo,RJ
24461,-22.79498751497138,-43.036900179231075,sao goncalo,RJ
26140,-22.703358038103637,-43.394837468415446,belford roxo,RJ
26140,-22.718434696264204,-43.421827607123426,belford roxo,RJ
26140,-22.724660245766596,-43.405690071312485,belford roxo,RJ
26160,-22.707951285942393,-43.398458891232636,belford roxo,RJ
26160,-22.712633650703033,-43.38030213144435,belford roxo,RJ
26160,-22.712645035468327,-43.380310758961805,belford roxo,RJ
26292,-22.757516281807625,-43.57493261143805,nova iguacu,RJ
26292,-22.758290968336503,-43.608888034175976,nova iguacu,RJ
26292,-22.760362849042355,-43.56397321085113,nova iguacu,RJ
26453,-22.64430360235351,-43.66680758838018,japeri,RJ
26453,-22.644329369422007,-43.66668108459549,japeri,RJ
26453,-22.651490355807038,-43.60588643097931,japeri,RJ
26520,-22.805578635608203,-43.429837270878295,nilopolis,RJ
26520,-22.805620292530218,-43.411227617022945,nilopolis,RJ
26520,-22.80575256452843,-43.429784792263305,nilopolis,RJ
26525,-22.800075967330486,-43.423807384874735,nilopolis,RJ
26525,-22.800249337868937,-43.423681413858056,nilopolis,RJ
26525,-22.80051984483676,-43.42239740841883,nilopolis,RJ
71020,-15.805287638640394,-47.88618003551854,brasília,DF
71020,-15.806573831813678,-47.885951677621385,brasilia,DF
71020,-15.811292872454182,-47.974744349179495,brasilia,DF
71200,-15.78990290696793,-47.94582548052383,brasilia,DF
71200,-15.793808605603338,-47.85221850764605,brasília,DF
71200,-15.800121324065874,-47.959646205092774,brasilia,DF
71691,-15.79167603240559,-47.855889185149515,brasília,DF
71691,-15.840989999999948,-47.909599999999955,brasilia,DF
71691,-15.840989999999948,-47.909599999999955,brasilia,DF
71928,-15.843053489167191,-48.030175344364245,brasilia,DF
71928,-15.843053489167191,-48.030175344364245,brasilia,DF
71928,-15.843053489167191,-48.030175344364245,brasilia,DF
72001,-15.791398232240027,-47.85698890190887,brasilia,DF
73850,-16.694606999999944,-47.52457999999996,cristalina,GO
73850,-16.743167999999997,-47.61380249999999,cristalina,GO
73850,-16.753265975288496,-47.607643392425494,cristalina,GO
74370,-16.63448703493808,-49.269982785720956,goiania,GO
74370,-16.714848414733662,-49.343822738538776,goiania,GO
74370,-16.716677758259582,-49.34123302179202,goiania,GO
74890,-16.742903906795583,-49.19539125088396,goiania,GO
74890,-16.742903906795583,-49.19539125088396,goiânia,GO
74890,-16.74292352413826,-49.185118765080304,goiania,GO
75400,-16.307795999999946,-49.51515949999997,inhumas,GO
75400,-16.33868934903781,-49.514753603848774,inhumas,GO
75400,-16.33868934903781,-49.514753603848774,inhumas,GO
76804,-8.747015935927028,-63.8801951632022,porto velho,RO
76804,-8.75514275238261,-63.88987255220681,porto velho,RO
76804,-8.755212737510053,-63.89021680337423,porto velho,RO
77006,-10.093738257981425,-48.337217609932054,palmas,TO
77006,-10.15404371553197,-48.315687348013206,palmas,TO
77006,-10.154926729995411,-48.314258179469576,palmas,TO
78055,-15.49623171299993,-56.04010899999997,cuiaba,MT
78055,-15.524999577539312,-56.07182060827194,cuiaba,MT
78055,-15.524999577539312,-56.07182060827194,cuiaba,MT
78135,-15.651150332218206,-56.14203575838133,varzea grande,MT
78135,-15.652085614230527,-56.13911979570443,varzea grande,MT
78135,-15.652085614230527,-56.13911979570443,varzea grande,MT
78320,-11.406910796121537,-58.758174687429694,juina,MT
78320,-11.406910796121537,-58.758174687429694,juína,MT
78320,-11.409138000000002,-58.75687125,juina,MT
78579,-12.181340999999946,-56.73269149999996,itanhangá,MT
78579,-12.218923849142241,-56.64269829090315,itanhanga,MT
78579,-12.22862268870051,-56.6391336970867,itanhangá,MT
78680,-14.388783523551979,-51.00426759314957,cocalinho,MT
78680,-14.389993278738006,-51.0045877602225,cocalinho,MT
78680,-14.389993278738006,-51.0045877602225,cocalinho,MT
78890,-12.52241785515986,-55.73311127658436,sorriso,MT
78890,-12.527011736852202,-55.73680238569782,sorriso,MT
78890,-12.530240463101663,-55.74467239007114,sorriso,MT
80030,-25.41082769668712,-49.255595878473066,curitiba,PR
80030,-25.41082769668712,-49.255595878473066,curitiba,PR
80030,-25.41082769668712,-49.255595878473066,curitiba,PR
80040,-25.410715040798664,-49.245991280887466,curitiba,PR
80040,-25.411131380992064,-49.24594404094571,curitiba,PR
80040,-25.411499517629366,-49.24373144324539,curitiba,PR
81820,-25.513551785734887,-49.27289579156326,curitiba,PR
81820,-25.514566648075448,-49.28290805037795,curitiba,PR
81820,-25.514566648075448,-49.28290805037795,curitiba,PR
82300,-25.41157196808814,-49.34758566541635,curitiba,PR
82300,-25.411666013590004,-49.34828986011885,curitiba,PR
82300,-25.411666013590004,-49.34828986011885,curitiba,PR
83085,-25.526534710514195,-49.14551076144041,sao jose dos pinhais,PR
83085,-25.532157782128202,-49.1509400918691,sao jose dos pinhais,PR
83085,-25.532380997079855,-49.15026937177637,sao jose dos pinhais,PR
83322,-25.44731483348712,-49.19099450620375,pinhais,PR
83322,-25.448189363869773,-49.18907386329284,pinhais,PR
83322,-25.449451512897518,-49.1909286719659,pinhais,PR
83800,-25.723484398794973,-49.31791200000001,mandirituba,PR
83800,-25.752723909917467,-49.316449295312594,mandirituba,PR
83800,-25.755397606277096,-49.30978281851202,mandirituba,PR
84150,-25.67449814293935,-50.289489992934755,sao joao do triunfo,PR
84150,-25.679198999999947,-50.28456499999996,sao joao do triunfo,PR
84150,-25.67988582386233,-50.29790473989676,são joão do triunfo,PR
85415,-24.613011,-53.325283500000005,cafelandia,PR
85415,-24.61392285914279,-53.320538927256834,cafelandia,PR
85415,-24.61424667028552,-53.32551818516291,cafelandia,PR
85501,-26.217815990150285,-52.67482150970611,pato branco,PR
85501,-26.21833645330444,-52.67478231276186,pato branco,PR
85501,-26.218671176255356,-52.6778561944555,pato branco,PR
85803,-24.95442670191586,-53.45899973353926,cascavel,PR
85803,-24.95442670191586,-53.45899973353926,cascavel,PR
85803,-24.9610455,-53.454134249999996,cascavel,PR
86077,-23.274174456575608,-51.16231277699231,londrina,PR
86077,-23.275219945644682,-51.166409688437284,londrina,PR
86077,-23.275507624720323,-51.16081644857478,londrina,PR
86730,-23.226035100293434,-51.663836194335566,astorga,PR
86730,-23.226035100293434,-51.663836194335566,astorga,PR
86730,-23.22636615133112,-51.710554316482316,astorga,PR
88220,-27.05734389022809,-48.60834404046492,itapema,SC
88220,-27.05734389022809,-48.60834404046492,itapema,SC
88220,-27.05734389022809,-48.60834404046492,itapema,SC
88310,-26.88367099700659,-48.693842978203904,itajaí,SC
88310,-26.88373865064521,-48.6945438815687,itajai,SC
88310,-26.885266455202224,-48.6958139369666,itajai,SC
28960,-22.823048999999948,-42.217153999999965,iguaba grande,RJ
28960,-22.826612825946167,-42.22599764414028,iguaba grande,RJ
28960,-22.826612825946167,-42.22599764414028,iguaba grande,RJ
29175,-20.109908259573388,-40.187200250575586,serra,ES
29175,-20.112988482441637,-40.18236127461476,serra,ES
29175,-20.114848414651753,-40.17885060006342,serra,ES
30535,-19.916517447948607,-43.993811141698814,belo horizonte,MG
30535,-19.916517447948607,-43.993811141698814,belo horizonte,MG
30535,-19.916517447948607,-43.993811141698814,belo horizonte,MG
30720,-19.809309220152574,-43.93530476221807,belo horizonte,MG
30720,-19.851573694523513,-43.88383112868445,belo horizonte,MG
30720,-19.90131177407812,-43.97744170234854,belo horizonte,MG
31060,-19.890328499999995,-43.906266,belo horizonte,MG
31060,-19.890328499999995,-43.906266,belo horizonte,MG
31060,-19.890386528529504,-43.90598361159872,belo horizonte,MG
31573,-19.80467632223438,-43.987973772693145,belo horizonte,MG
31573,-19.805217452046872,-43.987332506225684,belo horizonte,MG
31573,-19.805735531039147,-43.989692568171854,belo horizonte,MG
36016,-21.69197452783457,-43.35010236943402,juiz de fora,MG
36016,-21.755695672270335,-43.350389269487934,juiz de fora,MG
36016,-21.761466705522537,-43.3501051851232,juiz de fora,MG
36050,-21.72340839800334,-43.3489064141035,juiz de fora,MG
36050,-21.72374119954992,-43.34033674340699,juiz de fora,MG
36050,-21.72417345636165,-43.34868188030138,juiz de fora,MG
36026,-21.774836316117547,-43.35183488259566,juiz de fora,MG
36026,-21.775012596168285,-43.35141854079865,juiz de fora,MG
36026,-21.775018348866123,-43.35118335706043,juiz de fora,MG
36415,-20.43806482201572,-43.852381622822605,congonhas,MG
36415,-20.4398124172859,-43.84850771093262,congonhas,MG
36415,-20.444860623229307,-43.84133118199415,congonhas,MG
37440,-21.967238532777156,-44.945384977935774,caxambu,MG
37440,-21.96731821111784,-44.93539895672125,caxambu,MG
37440,-21.96918709829698,-44.93011942700108,caxambu,MG
37795,-22.05521984644656,-46.5599860791651,andradas,MG
37795,-22.055722608559257,-46.55964044664524,andradas,MG
37795,-22.056879248931843,-46.55845891753618,andradas,MG
38010,-19.741348457847202,-47.931193355546704,uberaba,MG
38010,-19.74232148265908,-47.93102290215826,uberaba,MG
38010,-19.74232148265908,-47.93102290215826,uberaba,MG
38300,-18.960815680994337,-49.4686427695496,ituiutaba,MG
38300,-18.96119815421313,-49.469363373155865,ituiutaba,MG
38300,-18.96217287400375,-49.46605003189726,ituiutaba,MG
11706,-24.039444560250864,-46.51878789988789,praia grande,SP
11706,-24.03989649671618,-46.519769902529674,praia grande,SP
11706,-24.03993146551956,-46.51265629682578,praia grande,SP
12030,-23.026092778454736,-45.5640551923983,taubate,SP
12030,-23.026473850355806,-45.579756870455896,taubate,SP
12030,-23.026473850355806,-45.579756870455896,taubate,SP
12062,-22.987696734120725,-45.52255913325841,taubate,SP
12062,-22.987696734120725,-45.52255913325841,taubate,SP
12062,-22.992979955053176,-45.53556007545635,taubate,SP
12226,-20.817056688772638,-49.523852869962,sao jose dos campos,SP
12226,-20.81706508078115,-49.523629083068315,sao jose dos campos,SP
12226,-23.087624066935078,-45.9314797145733,são josé dos campos,SP
12214,-23.095585361648066,-45.91011329156328,sao jose dos campos,SP
12214,-23.095585361648066,-45.91011329156328,sao jose dos campos,SP
12214,-23.096780412095864,-45.918974645836286,sao jose dos campos,SP
12403,-22.912579974314955,-45.42712239883019,pindamonhangaba,SP
12403,-22.913395819619236,-45.42885762067352,pindamonhangaba,SP
12403,-22.91345373934876,-45.429390747737386,pindamonhangaba,SP
12608,-22.732884066398164,-45.12435517530207,lorena,SP
12608,-22.73507460421837,-45.12395404579031,lorena,SP
12608,-22.735767604218367,-45.12380396918464,lorena,SP
12900,-22.94899446211552,-46.54184411518264,braganca paulista,SP
12900,-22.94899446211552,-46.54184411518264,braganca paulista,SP
12900,-22.949108612268443,-46.539825412430055,braganca paulista,SP
12970,-23.043611999999946,-46.26841399999995,piracaia,SP
12970,-23.043611999999946,-46.26841399999995,piracaia,SP
12970,-23.043611999999946,-46.26841399999995,piracaia,SP
12950,-23.03571075343678,-46.5364170069147,atibaia,SP
12950,-23.111503809075124,-46.512034152484205,atibaia,SP
12950,-23.135739642247064,-46.58329858563669,atibaia,SP
12946,-23.123475534277798,-46.54670954232787,atibaia,SP
12946,-23.123512414651763,-46.54657343213689,atibaia,SP
12946,-23.123512414651763,-46.54657343213689,atibaia,SP
13076,-22.875517756719972,-47.046341182204465,campinas,SP
13076,-22.876608698309177,-47.04716467361068,campinas,SP
13076,-22.87740612545442,-47.05076826755725,campinas,SP
13178,-22.79189150957929,-47.199613106584295,sumare,SP
13178,-22.792101519526106,-47.19932252898483,sumare,SP
13178,-22.792502399388315,-47.19901854662703,sumare,SP
13140,-22.753640419931873,-47.15754526311386,paulinia,SP
13140,-22.754216999999947,-47.14663399999995,paulinia,SP
13140,-22.754719593109858,-47.157992125310194,paulinia,SP
13208,-23.18577007715393,-46.90235778114725,jundiai,SP
13208,-23.187389383865064,-46.897487601996666,jundiai,SP
13208,-23.188707062727214,-46.896840825725484,jundiai,SP
13280,-23.007634885943627,-46.98951915816489,vinhedo,SP
13280,-23.007694211495153,-46.9814107625656,vinhedo,SP
13280,-23.007776416873458,-46.977352973079796,vinhedo,SP
13347,-23.119914791668236,-47.22013690918531,indaiatuba,SP
13347,-23.123007301618987,-47.223758845209794,indaiatuba,SP
13347,-23.12344573688614,-47.22121998542906,indaiatuba,SP
13300,-23.25746308050081,-47.301310600987065,itu,SP
13300,-23.257861081885782,-47.30157241075662,itu,SP
13300,-23.257948608950226,-47.30455982183036,itu,SP
13710,-21.6157048835561,-47.346329103999295,tambau,SP
13710,-21.6157048835561,-47.346329103999295,tambau,SP
13710,-21.6157048835561,-47.346329103999295,tambau,SP
13908,-22.68555639399118,-46.781082535921314,amparo,SP
13908,-22.719573219545225,-46.83827022716263,amparo,SP
13908,-22.720222540106178,-46.83840335691621,amparo,SP
14078,-21.121648722386208,-47.77651748373093,ribeirao preto,SP
14078,-21.125042252620215,-47.77359758298472,ribeirão preto,SP
14078,-21.125960254152584,-47.77165181219859,ribeirao preto,SP
14406,-20.49977793102451,-47.405578498783605,franca,SP
14406,-20.511980955761917,-47.44053773449561,franca,SP
14406,-20.512269,-47.44340099999998,franca,SP
14580,-20.423507503787473,-47.813545529074744,guara,SP
14580,-20.423845989661746,-47.823089386262204,guará,SP
14580,-20.42478179343205,-47.82498880814878,guara,SP
14708,-20.914271493528997,-48.50036140946835,bebedouro,SP
14708,-20.91451092904902,-48.49300508494537,bebedouro,SP
14708,-20.915177571991116,-48.494883706577966,bebedouro,SP
15070,-20.810868254531965,-49.35968559548278,sao jose do rio preto,SP
15070,-20.81134867424631,-49.36510663366165,sao jose do rio preto,SP
15070,-20.811423308276098,-49.35892875892142,são josé do rio preto,SP
15385,-20.395263415019837,-51.32396999454042,ilha solteira,SP
15385,-20.397259322304954,-51.32376815617992,ilha solteira,SP
15385,-20.40998493755247,-51.33336837509624,ilha solteira,SP
15600,-20.255370483899178,-50.252282338343896,fernandopolis,SP
15600,-20.257697041635748,-50.25262698313427,fernandopolis,SP
15600,-20.25913579048653,-50.254491625397286,fernandopolis,SP
16360,-21.453519485188583,-49.94503840132262,avanhandava,SP
16360,-21.45384796382279,-49.94659124505063,avanhandava,SP
16360,-21.453871790497864,-49.945619658940274,avanhandava,SP
17033,-22.32624433279462,-49.034983761728874,bauru,SP
17033,-22.326249678313868,-49.03444642853021,bauru,SP
17033,-22.32644100057193,-49.03289484880903,bauru,SP
17320,-22.404781835554992,-48.45291781969271,mineiros do tietê,SP
17320,-22.405240377816426,-48.454988297572385,mineiros do tiete,SP
17320,-22.405240377816426,-48.454988297572385,mineiros do tiete,SP
17504,-22.19551187560239,-49.965305275166486,marilia,SP
17504,-22.209531087977368,-49.96120561542342,marilia,SP
17504,-22.209748669715534,-49.96214220996594,marilia,SP
18147,-23.410363056999554,-47.10691844838472,aracariguama,SP
18147,-23.410363056999554,-47.10691844838472,aracariguama,SP
18147,-23.424066717380885,-47.090324712196754,aracariguama,SP
18560,-23.342464301626755,-47.6910511693275,iperó,SP
18560,-23.3436182415648,-47.69212697511472,ipero,SP
18560,-23.344705164004683,-47.692012983901456,ipero,SP
18590,-23.096708024807842,-48.26809089135016,bofete,SP
18590,-23.097316499999998,-48.268966500000005,bofete,SP
18590,-23.097316499999998,-48.268966500000005,bofete,SP
05661,-23.60536961891683,-46.72717289327235,sao paulo,SP
05661,-23.605438136270234,-46.72722002567644,sao paulo,SP
05661,-23.6054518333279,-46.72722785256653,são paulo,SP
05790,-23.63790004884875,-46.78188333527612,sao paulo,SP
05790,-23.638215300305845,-46.783802368024716,sao paulo,SP
05790,-23.63845494754457,-46.783881518321856,sao paulo,SP
05789,-23.634654223151916,-46.775076244792,sao paulo,SP
05789,-23.635080209273447,-46.77567623244273,sao paulo,SP
05789,-23.63592164141035,-46.77812816111719,sao paulo,SP
06018,-23.53801672020906,-46.7796531695713,osasco,SP
06018,-23.53801672020906,-46.7796531695713,osasco,SP
06018,-23.53801672020906,-46.7796531695713,osasco,SP
06253,-23.493843501819775,-46.80211566491121,osasco,SP
06253,-23.494019183655247,-46.80146306366709,osasco,SP
06253,-23.494020537919088,-46.80146191954764,osasco,SP
06246,-23.494207200675113,-46.80748399723002,osasco,SP
06246,-23.49428471641755,-46.80710999605636,osasco,SP
06246,-23.494376820598372,-46.80678022151105,osasco,SP
06355,-23.55348075831767,-46.857313859387865,carapicuiba,SP
06355,-23.555828511752505,-46.871178153542076,carapicuiba,SP
06355,-23.55640714279452,-46.87042821441093,carapicuíba,SP
06341,-23.56702989100242,-46.82386545050068,carapicuiba,SP
06341,-23.56702989100242,-46.82386545050068,carapicuiba,SP
06341,-23.567695441299314,-46.823846510722156,carapicuiba,SP
06440,-23.507624079223433,-46.86051793134417,barueri,SP
06440,-23.507738707783798,-46.86137770066563,barueri,SP
06440,-23.507738707783798,-46.86137770066563,barueri,SP
06506,-23.41623184041202,-46.95630368082404,santana de parnaíba,SP
06506,-23.41800241993187,-46.95913730376829,santana de parnaíba,SP
06506,-23.41802970275258,-46.960281561053776,santana de parnaiba,SP
06654,-23.53231277806906,-46.92152745793634,itapevi,SP
06654,-23.532397732032557,-46.920907667197305,itapevi,SP
06654,-23.532420191393342,-46.92158191574061,itapevi,SP
06790,-23.605455650280646,-46.78405969641308,taboao da serra,SP
06790,-23.606281284964137,-46.783836136234385,taboao da serra,SP
06790,-23.606733065633822,-46.78393112813037,taboao da serra,SP
07077,-23.43092676602805,-46.55727595115124,guarulhos,SP
07077,-23.430953675030736,-46.556860076069555,guarulhos,SP
07077,-23.431029003606685,-46.555903540106186,guarulhos,SP
07161,-23.388833064112195,-46.43584227254892,guarulhos,SP
07161,-23.38919373466445,-46.43666960199668,guarulhos,SP
07161,-23.38938370912921,-46.436521101996654,guarulhos,SP
07179,-23.395118951151247,-46.42223238634656,guarulhos,SP
07179,-23.39533963474525,-46.420841231750245,guarulhos,SP
07179,-23.39649622921516,-46.42531254606283,guarulhos,SP
07270,-23.45734265667379,-46.42346496211553,guarulhos,SP
07270,-23.457514452680467,-46.42463973980034,guarulhos,SP
07270,-23.457568368861427,-46.4253913760748,guarulhos,SP
07600,-23.240208400066834,-46.60904745418045,mairipora,SP
07600,-23.240208400066834,-46.60904745418045,mairiporã,SP
07600,-23.24054398251485,-46.60916171579432,mairiporã,SP
08120,-23.496225653067114,-46.39108066763805,sao paulo,SP
08120,-23.49724005467712,-46.38992173688615,sao paulo,SP
08120,-23.49748086230874,-46.39345685616885,sao paulo,SP
08265,-23.56577426015294,-46.45722940582809,sao paulo,SP
08265,-23.566545974464777,-46.45759147391651,sao paulo,SP
08265,-23.568480311569832,-46.45835782661205,são paulo,SP
08470,-23.511205508742563,-46.729464595475775,sao paulo,SP
08470,-23.576664478215683,-46.409101407438385,sao paulo,SP
08470,-23.576847420505022,-46.40649585549823,sao paulo,SP
08577,-23.479473101948884,-46.36081912564356,itaquaquecetuba,SP
08577,-23.479473101948884,-46.36081912564356,itaquaquecetuba,SP
08577,-23.479473101948884,-46.36081912564356,itaquaquecetuba,SP
08693,-23.495547351677374,-46.30625464488824,suzano,SP
08693,-23.495867208017344,-46.306363567856046,suzano,SP
08693,-23.495876910941703,-46.306720460660905,suzano,SP
08744,-23.53890800663807,-46.233125605733804,mogi das cruzes,SP
08744,-23.539447554042418,-46.232933050853276,mogi das cruzes,SP
08744,-23.539514668330558,-46.23295110837329,mogi das cruzes,SP
08790,-23.465527549165014,-46.27600026440721,mogi das cruzes,SP
08790,-23.518640562120158,-46.17447430868731,mogi das cruzes,SP
08790,-23.519523965592672,-46.1756601332544,mogi das cruzes,SP
09371,-23.660130657667384,-46.46047174438589,maua,SP
09371,-23.660244440186975,-46.48500006766154,maua,SP
09371,-23.66318573866921,-46.4724103890261,maua,SP
09341,-23.64372527002638,-46.44390770966327,maua,SP
09341,-23.662917272000655,-46.42999877961804,maua,SP
09341,-23.6631814565756,-46.42679146280801,maua,SP
09320,-23.649704236453456,-46.43923092258626,mauá,SP
09320,-23.65031849826082,-46.43987450243808,maua,SP
09320,-23.65075245671956,-46.44026438736412,maua,SP
09423,-23.712060101304175,-46.41265160352589,ribeirão pires,SP
09423,-23.71814438412487,-46.42455432416763,ribeirao pires,SP
09423,-23.71814438412487,-46.42455432416763,ribeirao pires,SP
09781,-23.697356018870117,-46.558701732182946,são bernardo do campo,SP
09781,-23.700654210577298,-46.56902261892248,sao bernardo do campo,SP
09781,-23.701334134052765,-46.569152041923836,sao bernardo do campo,SP
09725,-23.692388867332212,-46.559263683045735,sao bernardo do campo,SP
09725,-23.692501183738223,-46.55921377641538,sao bernardo do campo,SP
09725,-23.692501183738223,-46.55921377641538,sao bernardo do campo,SP
09792,-23.668567555081154,-46.58770906396795,sao bernardo do campo,SP
09792,-23.668567555081154,-46.58770906396795,são bernardo do campo,SP
09792,-23.668573960659835,-46.587927849552614,sao bernardo do campo,SP
11045,-23.942438853453755,-46.3214324639332,santos,SP
11045,-23.95135079156327,-46.32221111267248,santos,SP
11045,-23.951727395498626,-46.32233202826409,santos,SP
11030,-23.978369796843392,-46.31116886026309,santos,SP
11030,-23.97851582959197,-46.31099980919264,santos,SP
11030,-23.978742150152925,-46.2994234365803,santos,SP
11444,-23.95687615470376,-46.1804663264228,guaruja,SP
11444,-23.95687615470376,-46.1804663264228,guaruja,SP
11444,-23.95687615470376,-46.1804663264228,guaruja,SP
88400,-27.393020999999997,-49.603688999999996,ituporanga,SC
88400,-27.393020999999997,-49.603688999999996,ituporanga,SC
88400,-27.393020999999997,-49.603688999999996,ituporanga,SC
88801,-28.671919763090724,-49.37110533582994,criciuma,SC
88801,-28.67221264325283,-49.37079232445248,criciuma,SC
88801,-28.672445921366553,-49.372377432859,criciuma,SC
89035,-26.895730022765264,-49.086175081453106,blumenau,SC
89035,-26.895750443474455,-49.08634405845083,blumenau,SC
89035,-26.895750443474455,-49.08634405845083,blumenau,SC
89240,-26.17759750469261,-48.54967254571374,sao francisco do sul,SC
89240,-26.179083021742464,-48.53414939662397,são francisco do sul,SC
89240,-26.181561770119664,-48.53084832416086,sao francisco do sul,SC
89224,-26.256954419870947,-48.80522867426817,joinville,SC
89224,-26.256956416325195,-48.80113480307581,joinville,SC
89224,-26.256967525507704,-48.80524542863335,joinville,SC
89259,-26.495494137331296,-49.078822700061686,jaraguá do sul,SC
89259,-26.495901343903128,-49.075217822090146,jaragua do sul,SC
89259,-26.495923347221346,-49.075409289341565,jaragua do sul,SC
89770,-27.144451896474127,-52.30939523036526,seara,SC
89770,-27.1446058709389,-52.30952369761669,seara,SC
89770,-27.144716154596317,-52.30954177684809,seara,SC
89790,-27.068202963412244,-52.13781028958258,ipumirim,SC
89790,-27.068221001807895,-52.139029159014754,ipumirim,SC
89790,-27.073497838256998,-52.13345009404684,ipumirim,SC
90870,-30.06614480070987,-51.20976123313523,porto alegre,RS
90870,-30.066171800709867,-51.209722765883825,porto alegre,RS
90870,-30.066399252553612,-51.20915284817362,porto alegre,RS
92030,-29.905758000000002,-51.14143800000001,canoas,RS
92030,-29.906298481822365,-51.14226843239668,canoas,RS
92030,-29.906793276980327,-51.14155206585762,canoas,RS
93125,-29.18561388180309,-51.18710340901545,sao leopoldo,RS
93125,-29.707670546999964,-51.16915562799994,sao leopoldo,RS
93125,-29.714902383139194,-51.16209278398726,sao leopoldo,RS
94810,-29.995599469330916,-51.06808932293944,alvorada,RS
94810,-29.995641787450136,-51.06926832652191,alvorada,RS
94810,-29.995641787450136,-51.06926832652191,alvorada,RS
95185,-29.280906,-51.488822249999984,carlos barbosa,RS
95185,-29.280906,-51.488822249999984,carlos barbosa,RS
95185,-29.283062019281303,-51.496612101070895,carlos barbosa,RS
95690,-29.60918780244479,-50.56782611139573,rolante,RS
95690,-29.632520999999947,-50.57208349999996,rolante,RS
95690,-29.63523048842061,-50.57235545522946,rolante,RS
96201,-32.03094717184131,-52.08162508196311,rio grande,RS
96201,-32.03094717184131,-52.08162508196311,rio grande,RS
96201,-32.03094717184131,-52.08162508196311,rio grande,RS
01030,-23.53652807216227,-46.633023105459124,são paulo,SP
01030,-23.53652807216227,-46.633023105459124,sao paulo,SP
01030,-23.53652807216227,-46.633023105459124,sao paulo,SP
01329,-23.55838747960067,-46.64717230974091,sao paulo,SP
01329,-23.559086545934562,-46.647150715794304,sao paulo,SP
01329,-23.5593429045242,-46.64767209824576,sao paulo,SP
01512,-23.55290769525076,-46.62797979378495,sao paulo,SP
01512,-23.552963979456436,-46.62815957369147,sao paulo,SP
01512,-23.552963979456436,-46.62815957369147,sao paulo,SP
02242,-23.4822960313636,-46.602083032748574,sao paulo,SP
02242,-23.4822960313636,-46.602083032748574,sao paulo,SP
02242,-23.4822960313636,-46.602083032748574,sao paulo,SP
02209,-23.479788049397,-46.586415179439044,são paulo,SP
02209,-23.48081337829649,-46.596949774078126,sao paulo,SP
02209,-23.480998229528545,-46.58830659409082,são paulo,SP
02252,-23.47739185928214,-46.58603923841536,sao paulo,SP
02252,-23.477559003606675,-46.58860913128279,sao paulo,SP
02252,-23.477839999999958,-46.588239999999985,são paulo,SP
02443,-23.47056276602804,-46.649072604074135,sao paulo,SP
02443,-23.470575276155593,-46.64841800805007,sao paulo,SP
02443,-23.47085334332621,-46.64795890313922,sao paulo,SP
02618,-23.464668300305846,-46.649669573691476,sao paulo,SP
02618,-23.464753281435726,-46.65326881877193,sao paulo,SP
02618,-23.46480576242136,-46.65317629447745,sao paulo,SP
02972,-23.48029674271453,-46.71122495337295,sao paulo,SP
02972,-23.48038455314792,-46.71207176019965,sao paulo,SP
02972,-23.480507026419115,-46.70932575704012,sao paulo,SP
03065,-23.53514520483004,-46.5790530910324,sao paulo,SP
03065,-23.536050238969374,-46.57921229297438,são paulo,SP
03065,-23.536050238969374,-46.57921229297438,são paulo,SP
03204,-23.5938663075192,-46.56106213780367,sao paulo,SP
03204,-23.594103078051045,-46.55960268874175,sao paulo,SP
03204,-23.594324354146245,-46.56125893865776,sao paulo,SP
03306,-23.54205107412417,-46.57564759172488,sao paulo,SP
03306,-23.54213238706695,-46.57616041023847,são paulo,SP
03306,-23.54213238706695,-46.57616041023847,sao paulo,SP
03460,-23.560839209273446,-46.521055183738234,são paulo,SP
03460,-23.561361765191332,-46.52136879072655,sao paulo,SP
03460,-23.561361765191332,-46.52136879072655,sao paulo,SP
03426,-23.5495014410237,-46.54348139217495,sao paulo,SP
03426,-23.549508764643058,-46.53639808881068,sao paulo,SP
03426,-23.550569408680975,-46.54088389992436,são paulo,SP
03572,-23.570175331669443,-46.5026946083733,sao paulo,SP
03572,-23.570670331669444,-46.5027846083733,sao paulo,SP
03572,-23.57122916985976,-46.502882717727566,sao paulo,SP
03647,-23.522394132667785,-46.52778062476192,sao paulo,SP
03647,-23.522394132667785,-46.52778062476192,sao paulo,SP
03647,-23.522394132667785,-46.52778062476192,sao paulo,SP
03679,-23.51692642198222,-46.48713214059346,sao paulo,SP
03679,-23.51743989953255,-46.48587764709451,sao paulo,SP
03679,-23.51755689953254,-46.48593562877263,sao paulo,SP
03827,-23.48291919337186,-46.4707544894719,sao paulo,SP
03827,-23.48291919337186,-46.4707544894719,sao paulo,SP
03827,-23.48291919337186,-46.4707544894719,sao paulo,SP
04043,-23.603916610664832,-46.64920722808129,sao paulo,SP
04043,-23.603918521784315,-46.646423497085806,sao paulo,SP
04043,-23.603919537884465,-46.65074766694556,sao paulo,SP
04130,-23.602915561197992,-46.61780169983838,sao paulo,SP
04130,-23.602915561197992,-46.61780169983838,são paulo,SP
04130,-23.602915561197992,-46.61780169983838,sao paulo,SP
04186,-23.640408572273437,-46.58601528439411,sao paulo,SP
04186,-23.640408572273437,-46.58601528439411,sao paulo,SP
04186,-23.640408572273437,-46.58601528439411,sao paulo,SP
04308,-23.63518066468387,-46.64119136300248,sao paulo,SP
04308,-23.63518066468387,-46.64119136300248,sao paulo,SP
04308,-23.63518066468387,-46.64119136300248,são paulo,SP
04413,-23.669534828755257,-46.6375428440187,sao paulo,SP
04413,-23.669566291707497,-46.637470079375625,sao paulo,SP
04413,-23.669695801835054,-46.635083084223055,sao paulo,SP
04696,-23.663520807923227,-46.70557308909916,sao paulo,SP
04696,-23.663665782388005,-46.70599061463438,sao paulo,SP
04696,-23.663665782388005,-46.70599061463438,sao paulo,SP
04616,-23.61516876242136,-46.67874454010618,sao paulo,SP
04616,-23.615210263113852,-46.67879898542904,sao paulo,SP
04616,-23.615210263113852,-46.67879898542904,sao paulo,SP
04776,-23.670372930116123,-46.69029304120185,sao paulo,SP
04776,-23.67725125506377,-46.710647349991305,sao paulo,SP
04776,-23.677286857060444,-46.70932791257428,sao paulo,SP
04848,-23.551759372468112,-46.52563662392521,sao paulo,SP
04848,-23.73031979933948,-46.67468779720298,são paulo,SP
04848,-23.730434297202972,-46.67464170066053,sao paulo,SP
04904,-23.666309078807497,-46.718681242380384,sao paulo,SP
04904,-23.670358348331323,-46.73514987826629,são paulo,SP
04904,-23.67089605023373,-46.738155750764605,sao paulo,SP
05074,-23.51761466111719,-46.70700078934158,sao paulo,SP
05074,-23.51761466111719,-46.70700078934158,sao paulo,SP
05074,-23.51765189666343,-46.70496459241163,sao paulo,SP
05017,-23.533070385509852,-46.67571692506776,sao paulo,SP
05017,-23.533070385509852,-46.67571692506776,sao paulo,SP
05017,-23.533070385509852,-46.67571692506776,sao paulo,SP
05127,-23.495979676669098,-46.742681168474796,sao paulo,SP
05127,-23.495994283368958,-46.74245332431184,sao paulo,SP
05127,-23.496024676669098,-46.74253716847479,sao paulo,SP
05331,-23.5429094074384,-46.746701894540884,são paulo,SP
05331,-23.54347265667379,-46.74920098251485,são paulo,SP
05331,-23.54347265667379,-46.74920098251485,são paulo,SP
05319,-23.535975215938546,-46.726915752005354,sao paulo,SP
05319,-23.536472248687133,-46.72660232861103,sao paulo,SP
05319,-23.536472248687133,-46.72660232861103,sao paulo,SP
05339,-23.55017840983149,-46.75820916037635,sao paulo,SP
05339,-23.550180730214084,-46.758208215035296,sao paulo,SP
05339,-23.5501849693746,-46.7582064879699,são paulo,SP
05425,-23.556092930440794,-46.714394605267316,sao paulo,SP
05425,-23.56376714348782,-46.70355245960536,sao paulo,SP
05425,-23.56376714348782,-46.70355245960536,sao paulo,SP
40243,-12.86478732444814,-38.43233027021961,salvador,BA
40243,-12.864826015624113,-38.43227465165415,salvador,BA
40243,-12.960701402513086,-38.49201507442035,salvador,BA
42738,-12.867804672619785,-38.319830258928604,lauro de freitas,BA
42738,-12.867804672619785,-38.319830258928604,lauro de freitas,BA
42738,-12.878398519562605,-38.28932822952854,lauro de freitas,BA
44090,-12.275152773088891,-38.95861038810099,feira de santana,BA
44090,-12.275263047463758,-38.95496135636794,feira de santana,BA
44090,-12.276125004991666,-38.95971118734491,feira de santana,BA
44720,-11.419285570622343,-40.5920666787156,miguel calmon,BA
44720,-11.42162726996345,-40.59286476475801,miguel calmon,BA
44720,-11.422923869992191,-40.5967088312874,miguel calmon,BA
44750,-11.107471772485226,-40.07027331427583,caldeirao grande,BA
44750,-11.107471772485226,-40.07027331427583,caldeirao grande,BA
44750,-11.107656116962836,-40.07087143866794,caldeirão grande,BA
45310,-13.246984928168759,-39.75423738690993,ubaíra,BA
45310,-13.26164591907231,-39.65402924244052,ubaira,BA
45310,-13.263367517705587,-39.667904365820476,ubaira,BA
45790,-15.591652317281339,-39.87592202150199,potiragua,BA
45790,-15.5922834934881,-39.87526218638943,potiragua,BA
45790,-15.592905550125069,-39.87633663910655,potiragua,BA
52061,-8.027656486767254,-34.92876217695879,recife,PE
52061,-8.027656486767254,-34.92876217695879,recife,PE
52061,-8.027766503462448,-34.928091136274446,recife,PE
57073,-9.53505678879331,-35.751267911737564,maceio,AL
57073,-9.537492800883495,-35.749338229578896,maceio,AL
57073,-9.539682508999931,-35.75550999999996,maceio,AL
59090,-5.751151134429924,-35.20310513443707,natal,RN
59090,-5.761912292297282,-35.246139215420456,natal,RN
59090,-5.866526305297507,-35.18222552469849,natal,RN
59980,-6.314901106875346,-38.28438178864052,josé da penha,RN
59980,-6.317470947350377,-38.28541617894542,jose da penha,RN
59980,-6.317470947350377,-38.28541617894542,jose da penha,RN
63430,-6.3798105537204295,-38.82949294525805,ico,CE
63430,-6.3798105537204295,-38.82949294525805,ico,CE
63430,-6.391249101692359,-38.85384922696762,icó,CE
63700,-5.161362116766987,-40.664600727604586,crateus,CE
63700,-5.167736549991241,-40.66639911471495,crateus,CE
63700,-5.168215206377226,-40.662468776479564,crateus,CE
65031,-2.5348751559812963,-44.28600894546709,sao luis,MA
65031,-2.534910422701831,-44.28063913572619,sao luis,MA
65031,-2.5360748381903164,-44.285344989035735,sao luis,MA
65400,-4.438614849420126,-43.89276165428119,codo,MA
65400,-4.440261163244551,-43.89343972503848,codo,MA
65400,-4.442776906467198,-43.89237751780867,codó,MA
65740,-4.749745665130596,-44.94428473195086,pocao de pedras,MA
65740,-4.749745665130596,-44.94428473195086,pocao de pedras,MA
65740,-4.750455296873602,-44.94180708916928,poção de pedras,MA
65765,-5.0197079999999445,-44.43058249999996,dom pedro,MA
65765,-5.026001711745901,-44.43591103977381,dom pedro,MA
65765,-5.026001711745901,-44.43591103977381,dom pedro,MA
65800,-7.400027060170302,-45.98723397036892,balsas,MA
65800,-7.400027060170302,-45.98723397036892,balsas,MA
65800,-7.485699021099811,-46.0383442635258,balsas,MA
66810,-1.0939207460567468,-48.40958824914246,belem,PA
66810,-1.0941334931219524,-48.40799125185059,belem,PA
66810,-1.0943225891127444,-48.40679979011382,belem,PA
68537,-6.485573999999946,-49.984383499999964,canaa dos carajas,PA
68537,-6.485573999999946,-49.984383499999964,canaa dos carajas,PA
68537,-6.485573999999946,-49.984383499999964,canaa dos carajas,PA
68514,-5.367055329732242,-49.12499133553474,maraba,PA
69901,-10.01653123813188,-67.70057968340171,rio branco,AC
69901,-9.932848683058726,-67.81949085248857,rio branco,AC
69901,-9.934114289460252,-67.83759114612162,rio branco,AC
69930,-10.644739180128903,-68.50736601143704,xapuri,AC
69930,-10.64484826026171,-68.50800698553198,xapuri,AC
69930,-10.64941602101042,-68.49374718084363,xapuri,AC
19029,-22.07708974256958,-51.41548624933166,presidente prudente,SP
19830,-22.42578088449487,-50.200806205400035,echaporã,SP
19830,-22.426267339889073,-50.20567170457693,echapora,SP
19830,-22.42631582754511,-50.205980409320375,echapora,SP
19970,-22.76236477817789,-50.19310419672953,palmital,SP
19970,-22.774855033186274,-50.21288689521924,palmital,SP
19970,-22.774855033186274,-50.21288689521924,palmital,SP
20530,-22.889194808731286,-43.51703469842473,rio de janeiro,RJ
20530,-22.927508999999997,-43.23890699999998,rio de janeiro,RJ
20530,-22.927508999999997,-43.23890699999998,rio de janeiro,RJ
20960,-22.89414640827511,-43.25099824395527,rio de janeiro,RJ
20960,-22.89543043352188,-43.24607901581171,rio de janeiro,RJ
20960,-22.89543043352188,-43.24607901581171,rio de janeiro,RJ
21030,-22.84025349778756,-43.25183290203545,rio de janeiro,RJ
21030,-22.840490231201997,-43.25357479392918,rio de janeiro,RJ
21030,-22.840490231201997,-43.25357479392918,rio de janeiro,RJ
21310,-22.87379823674192,-43.34363872621032,rio de janeiro,RJ
21310,-22.873990736597687,-43.34638767707313,rio de janeiro,RJ
21310,-22.874067639188656,-43.346729671388964,rio de janeiro,RJ
21540,-22.835596535951233,-43.34653784941439,rio de janeiro,RJ
21540,-22.835596535951233,-43.34653784941439,rio de janeiro,RJ
21540,-22.843025810721848,-43.33568080001737,rio de janeiro,RJ
21864,-22.84731972191116,-43.46477298597729,rio de janeiro,RJ
21864,-22.84811160727678,-43.47258279586243,rio de janeiro,RJ
21864,-22.848116879157217,-43.4716471490941,rio de janeiro,RJ
22260,-22.873321089647405,-43.48111218206479,rio de janeiro,RJ
22260,-22.914054043333884,-43.17377674611109,rio de janeiro,RJ
22260,-22.94592481320335,-43.18853583888282,rio de janeiro,RJ
23027,-22.996737525102528,-43.63993411809682,rio de janeiro,RJ
23027,-22.99725950420824,-43.650341029090775,rio de janeiro,RJ
23027,-22.99725950420824,-43.650341029090775,rio de janeiro,RJ
24240,-22.889064085709883,-43.091427764870936,niteroi,RJ
24240,-22.889064085709883,-43.091427764870936,niteroi,RJ
24240,-22.88908769663574,-43.09238028934158,niteroi,RJ
24451,-22.822865877827123,-43.01243981882247,são gonçalo,RJ
24451,-22.823245896628936,-43.00752270239878,sao goncalo,RJ
24451,-22.823413750693327,-43.00784642095154,sao goncalo,RJ
25530,-22.78939764356041,-43.40370343412003,sao joao de meriti,RJ
25530,-22.793852584603542,-43.38868643827988,sao joao de meriti,RJ
25530,-22.79420347373704,-43.3893527698227,são joão de meriti,RJ
25903,-22.559143213081835,-43.05065252565034,mage,RJ
25903,-22.600551011567994,-43.17317061326113,mage,RJ
25903,-22.614111610421677,-43.19810219708502,mage,RJ
26700,-22.480895084691983,-43.74174608935568,mendes,RJ
26700,-22.513133999999944,-43.74289699999997,mendes,RJ
26700,-22.51382427107051,-43.73711560444244,mendes,RJ
27120,-22.443264,-43.78131449999999,barra do pirai,RJ
27120,-22.450472901652137,-43.795082040453565,barra do piraí,RJ
27120,-22.453814473526773,-43.799952126532965,barra do pirai,RJ
27277,-22.485553291707504,-44.13047074701368,volta redonda,RJ
27277,-22.48759079731005,-44.13204156328714,volta redonda,RJ
27277,-22.487661333631344,-44.12589959657232,volta redonda,RJ
71882,-15.907780301039866,-48.04785977496821,brasilia,DF
71882,-15.907780301039866,-48.04785977496821,brasilia,DF
71882,-15.907780301039866,-48.04785977496821,brasilia,DF
72251,-15.785180322659642,-48.129357997299216,brasilia,DF
72251,-15.785211224646071,-48.12669564487587,brasilia,DF
72251,-15.785211224646071,-48.12669564487587,brasilia,DF
74805,-16.631234058591772,-49.30699816604914,goiania,GO
74805,-16.671787467706107,-49.273585339514014,goiania,GO
74805,-16.686493697053447,-49.24509963142649,goiania,GO
77015,-10.154664082126905,-48.31560237634771,palmas,TO
77015,-10.184713789539142,-48.343938862087754,palmas,TO
77015,-10.18484772038449,-48.33802281962187,palmas,TO
80310,-25.447432115259197,-49.31043074098229,curitiba,PR
80310,-25.447551740982274,-49.31039288474081,curitiba,PR
80310,-25.4479354993075,-49.309303689278146,curitiba,PR
80440,-25.4387255061941,-49.29319084707328,curitiba,PR
80440,-25.438736819031735,-49.29306637494961,curitiba,PR
80440,-25.439577077702193,-49.2930030693923,curitiba,PR
80530,-25.404008364418033,-49.27123202885343,curitiba,PR
80530,-25.40418082070518,-49.27000284638463,curitiba,PR
80530,-25.404953543424398,-49.26936054662704,curitiba,PR
81350,-25.489894384879047,-49.33533787546906,curitiba,PR
81350,-25.49033208964741,-49.33591309533155,curitiba,PR
81350,-25.491378948968983,-49.33362063264777,curitiba,PR
82970,-25.46880523229851,-49.20287917568814,curitiba,PR
82970,-25.469249343326208,-49.200833378296494,curitiba,PR
82970,-25.469626652778654,-49.20199076380636,curitiba,PR
85811,-24.917342517946484,-53.47988006751732,cascavel,PR
85811,-24.91850348822767,-53.47940681683868,cascavel,PR
85811,-24.93055544489019,-53.470749891078434,cascavel,PR
86220,-23.35748914295037,-50.85329590947526,assai,PR
86220,-23.360285623044152,-50.852204108259095,assai,PR
86220,-23.36361321924644,-50.851930159213246,assai,PR
86710,-23.414970677242046,-51.435430062562034,arapongas,PR
86710,-23.414970677242046,-51.435430062562034,arapongas,PR
86710,-23.414970677242046,-51.435430062562034,arapongas,PR
87065,-23.37696494861997,-51.91021287519631,maringa,PR
87065,-23.377458928720895,-51.910605260581406,maringa,PR
87065,-23.395730930022527,-51.925213152229276,maringa,PR
87504,-23.745443740818025,-53.29776982953934,umuarama,PR
87504,-23.745531363581303,-53.3173427510244,umuarama,PR
87504,-23.74567552358857,-53.29193497641142,umuarama,PR
88115,-27.532245826857658,-48.63388027193299,sao jose,SC
88115,-27.532713976894964,-48.631067533417564,sao jose,SC
88115,-27.532713976894964,-48.631067533417564,sao jose,SC
29060,-20.276360714590428,-40.30089728289676,vitoria,ES
29060,-20.27686777298222,-40.300996253283174,vitoria,ES
29060,-20.27877717222449,-40.28932154917363,vitória,ES
29090,-20.248689843128172,-40.26720477781144,vitoria,ES
29090,-20.248850560592416,-40.26876963765944,vitória,ES
29090,-20.248850560592416,-40.26876963765944,vitória,ES
29156,-20.254806099778452,-40.428039123093406,cariacica,ES
29156,-20.25807180676185,-40.42949599418168,cariacica,ES
29156,-20.260147396285134,-40.41210710912725,cariacica,ES
29480,-20.896482489310916,-41.26804620370524,muqui,ES
29480,-20.931383999999944,-41.35204249999995,muqui,ES
29480,-20.931383999999944,-41.35204249999995,muqui,ES
29850,-18.244874999999944,-40.84787149999997,ecoporanga,ES
29850,-18.244874999999944,-40.84787149999997,ecoporanga,ES
29850,-18.286042499999994,-40.70834774999999,ecoporanga,ES
30390,-19.889947517958493,-43.91387941818458,belo horizonte,MG
30390,-19.98696555981301,-43.965730691240054,belo horizonte,MG
30390,-19.98739693144441,-43.96564243254094,belo horizonte,MG
31130,-19.880131149316195,-43.951485159992025,belo horizonte,MG
31130,-19.883931819601084,-43.93849285116753,belo horizonte,MG
31130,-19.884255181383164,-43.937782158700855,belo horizonte,MG
31230,-19.787020857897158,-43.97820495920132,belo horizonte,MG
31230,-19.787125939312727,-43.978131511616645,belo horizonte,MG
31230,-19.78748731450446,-43.9779775282433,belo horizonte,MG
31540,-19.816881097697486,-43.95981405161869,belo horizonte,MG
31540,-19.8178446217035,-43.99070396918466,belo horizonte,MG
31540,-19.817849834156622,-43.990671743161926,belo horizonte,MG
35020,-18.834409198909217,-41.90397213763215,governador valadares,MG
35020,-18.834409198909217,-41.90397213763215,governador valadares,MG
35020,-18.834409198909217,-41.90397213763215,governador valadares,MG
36530,-20.91486695023474,-42.83905029246356,sao geraldo,MG
36530,-20.917652442385762,-42.83514796026696,são geraldo,MG
36530,-20.91853197102371,-42.832693165818775,sao geraldo,MG
36930,-19.983368999999946,-41.950542499999955,simonesia,MG
36930,-19.983368999999946,-41.950542499999955,simonesia,MG
36930,-19.983368999999946,-41.950542499999955,simonesia,MG
37470,-22.096872216987084,-45.05899409350895,sao lourenco,MG
37470,-22.100628661454504,-45.05746233128424,sao lourenco,MG
37470,-22.10098753144976,-45.050251870799805,são lourenço,MG
37400,-21.804218129090508,-45.42610401828985,campanha,MG
37400,-21.82323320824204,-45.39667757429145,campanha,MG
37400,-21.829175846249367,-45.39211597839563,campanha,MG
37810,-21.204837588488534,-46.74694535226794,guaranesia,MG
37810,-21.204837588488534,-46.74694535226794,guaranesia,MG
37810,-21.206436489685267,-46.74281196230283,guaranesia,MG
12220,-23.173110167638058,-45.85316976242137,sao jose dos campos,SP
12220,-23.173162522621023,-45.85191159048414,são josé dos campos,SP
12220,-23.173535378296492,-45.85989911157596,sao jose dos campos,SP
12289,-23.03401877566055,-45.77360059845524,cacapava,SP
12289,-23.06276026551625,-45.71754090657304,caçapava,SP
12289,-23.063022000000004,-45.71698049999999,cacapava,SP
12316,-23.31113658176263,-45.94269321359727,jacarei,SP
12316,-23.31113658176263,-45.94269321359727,jacarei,SP
12316,-23.311138525603415,-45.942692678534485,jacarei,SP
12512,-22.728008401999944,-45.25460499999997,guaratingueta,SP
12512,-22.76789669659462,-45.20921518184059,guaratingueta,SP
12512,-22.768129672306863,-45.20961450026351,guaratingueta,SP
12600,-22.716074249999963,-45.144169999999974,lorena,SP
12600,-22.725679748675553,-45.119251776524486,lorena,SP
12600,-22.726076163716243,-45.12810876410601,lorena,SP
13165,-22.455656219238968,-47.192120529286,engenheiro coelho,SP
13165,-22.478888999999945,-47.16533599999997,engenheiro coelho,SP
13165,-22.478888999999945,-47.16533599999997,engenheiro coelho,SP
13209,-23.171860202719767,-46.91793107700824,jundiai,SP
13209,-23.171860202719767,-46.91793107700824,jundiai,SP
13209,-23.17469187535364,-46.913331813491816,jundiai,SP
13224,-23.210729197929,-46.83029082674281,varzea paulista,SP
13224,-23.211722048386143,-46.82640093998219,varzea paulista,SP
13224,-23.211726736610167,-46.82573479340649,varzea paulista,SP
13327,-23.173625043020365,-47.30322079863239,salto,SP
13327,-23.173676528449416,-47.3062141054591,salto,SP
13327,-23.17451145406544,-47.31424367583237,salto,SP
13419,-22.720579590751317,-47.640833888991104,piracicaba,SP
13419,-22.720579590751317,-47.640833888991104,piracicaba,SP
13419,-22.720579590751317,-47.640833888991104,piracicaba,SP
13405,-22.692312891193996,-47.66599957256631,piracicaba,SP
13405,-22.693032460182284,-47.666529654048055,piracicaba,SP
13405,-22.693233671289637,-47.66788262388331,piracicaba,SP
13844,-22.347646195702204,-46.920804102689374,mogi guacu,SP
13844,-22.37427903657934,-46.94128536482103,mogi-guacu,SP
13844,-22.37427903657934,-46.94128536482103,mogi-guacu,SP
13835,-22.325092089481544,-47.16037606874386,conchal,SP
13835,-22.325206499999993,-47.178085499999995,conchal,SP
13835,-22.32785633347878,-47.17341253198352,conchal,SP
13857,-22.266014023244058,-46.95473872647996,estiva gerbi,SP
13857,-22.266014023244058,-46.95473872647996,estiva gerbi,SP
13857,-22.271048235404457,-46.95029945913888,estiva gerbi,SP
14080,-21.09591428838797,-47.786151908349936,ribeirao preto,SP
14080,-21.09591428838797,-47.786151908349936,ribeirao preto,SP
14080,-21.09591428838797,-47.786151908349936,ribeirao preto,SP
14070,-21.104959452680458,-47.793140612268445,ribeirao preto,SP
14070,-21.105042414201822,-47.79038621090672,ribeirao preto,SP
14070,-21.105042414201822,-47.79038621090672,ribeirao preto,SP
14150,-21.191588212920713,-47.59063511940494,serrana,SP
14150,-21.19624446105901,-47.59385702790449,serrana,SP
14150,-21.196360502430846,-47.59439227209126,serrana,SP
14210,-21.54610799999999,-47.68587225,luis antonio,SP
14210,-21.54610799999999,-47.68587225,luis antonio,SP
14210,-21.54629831041115,-47.705246701931856,luis antonio,SP
14871,-21.241739318586262,-48.314289962092104,jaboticabal,SP
14871,-21.260560767491636,-48.33013178348417,jaboticabal,SP
14871,-21.261290857995547,-48.3293980591817,jaboticabal,SP
15160,-20.78021399944366,-49.81423807373433,poloni,SP
15160,-20.78177935694168,-49.80927185682132,poloni,SP
15160,-20.781804932737675,-49.8091893542536,poloni,SP
15425,-20.97574790169813,-48.83726765142227,embauba,SP
15425,-20.98083912108512,-48.83594190782696,embaúba,SP
15425,-20.982372246428614,-48.838936048083724,embauba,SP
16406,-21.655653892435677,-49.761923411406684,lins,SP
16406,-21.655762859207705,-49.762917752199996,lins,SP
16406,-21.657384775463104,-49.76983902637194,lins,SP
17512,-22.144633784349914,-49.96529814002536,marília,SP
17512,-22.14541381932019,-49.96535983083272,marilia,SP
17512,-22.145615465722205,-49.956810181516516,marilia,SP
18170,-23.698166430047756,-47.44652843847421,piedade,SP
18170,-23.70319982271773,-47.412440232985524,piedade,SP
18170,-23.70473519470289,-47.42147425057823,piedade,SP
18403,-23.980871917233912,-48.8711244359758,itapeva,SP
18403,-23.981289687437602,-48.86971339721753,itapeva,SP
18403,-23.981858284311112,-48.86692350278964,itapeva,SP
18500,-22.92518110343831,-47.895052802812,laranjal paulista,SP
18500,-22.92518110343831,-47.895052802812,laranjal paulista,SP
18500,-22.92520319408782,-47.89446334493501,laranjal paulista,SP
05705,-23.593228993075094,-46.71370607674991,são paulo,SP
05705,-23.625117000000003,-46.71994050000001,sao paulo,SP
05705,-23.625117000000003,-46.71994050000001,sao paulo,SP
05791,-23.639286566975606,-46.78015835595504,sao paulo,SP
05791,-23.639286566975606,-46.78015835595504,são paulo,SP
05791,-23.639286566975606,-46.78015835595504,sao paulo,SP
05815,-23.658358484044065,-46.737702046223006,sao paulo,SP
05815,-23.65859498834324,-46.73509370774423,sao paulo,SP
05815,-23.658699792948244,-46.73547146710718,sao paulo,SP
06097,-23.52575436969815,-46.78012744572689,osasco,SP
06097,-23.52575436969815,-46.78012744572689,osasco,SP
06097,-23.526881958364605,-46.77880978740831,osasco,SP
06144,-23.553620262473334,-46.78976130454492,osasco,SP
06144,-23.56437942263653,-46.79842938965378,osasco,SP
06144,-23.56437942263653,-46.79842938965378,osasco,SP
06226,-23.50352315734969,-46.77679969828993,osasco,SP
06226,-23.503716000000004,-46.7793,osasco,SP
06226,-23.504039999999996,-46.78043849999999,osasco,SP
06657,-23.550363364898303,-46.93516345083076,itapevi,SP
06657,-23.550434999999997,-46.935539999999996,itapevi,SP
06657,-23.550434999999997,-46.935539999999996,itapevi,SP
07023,-23.472897883980647,-46.53284657674988,guarulhos,SP
07023,-23.47378593949449,-46.54380719969416,guarulhos,SP
07023,-23.47403989869582,-46.54241362975358,guarulhos,SP
07025,-23.47940818428648,-46.538446489179954,guarulhos,SP
07025,-23.4796457463212,-46.538706080212364,guarulhos,SP
07025,-23.480139520399334,-46.53946713558196,guarulhos,SP
07093,-23.451093471550582,-46.54775448029315,guarulhos,SP
07093,-23.451227580904842,-46.547631922009344,guarulhos,SP
07093,-23.451551580904834,-46.54732142200933,guarulhos,SP
07110,-23.465482093254085,-46.528665742022035,guarulhos,SP
07110,-23.465740023313515,-46.52591953205609,guarulhos,SP
07110,-23.466094878988986,-46.526490371775616,guarulhos,SP
08490,-23.415057785734884,-46.75221488259567,sao paulo,SP
08490,-23.415624785734888,-46.75246493366612,sao paulo,SP
08490,-23.494032086525934,-46.37293057460785,são paulo,SP
08598,-23.428561353600205,-46.32471112247595,itaquaquecetuba,SP
08598,-23.4487434891131,-46.306543558380014,itaquaquecetuba,SP
08598,-23.45019782229455,-46.30617263807401,itaquaquecetuba,SP
08584,-23.420980236673905,-46.34942720708877,itaquaquecetuba,SP
08584,-23.421217036622863,-46.3511440068982,itaquaquecetuba,SP
08584,-23.42130290620001,-46.34996465974197,itaquaquecetuba,SP
08695,-23.48778841141624,-46.27638995717738,suzano,SP
08695,-23.489429795710922,-46.26812097945585,suzano,SP
08695,-23.489429795710922,-46.26812097945585,suzano,SP
09070,-23.62931904607879,-46.54702251012754,santo andre,SP
09070,-23.630205507137525,-46.54800092871104,santo andre,SP
09070,-23.630205507137525,-46.54800092871104,santo andre,SP
09310,-23.665062992498186,-46.450473558428044,maua,SP
09310,-23.6652229597496,-46.45079403289281,mauá,SP
09310,-23.66565582442885,-46.44736709414785,maua,SP
09400,-23.702319661635773,-46.4101530574002,ribeirao pires,SP
09400,-23.7023327135125,-46.409832343595596,ribeirao pires,SP
09400,-23.708079417443823,-46.41626266432848,ribeirao pires,SP
09572,-23.628137311962604,-46.55717271288011,são caetano do sul,SP
09572,-23.636615510964273,-46.56032016180967,sao caetano do sul,SP
09572,-23.636615510964273,-46.56032016180967,sao caetano do sul,SP
09571,-23.628934623925204,-46.56623400000001,sao caetano do sul,SP
09571,-23.62895554731954,-46.56462325145708,sao caetano do sul,SP
09571,-23.628997445467096,-46.56515467055226,sao caetano do sul,SP
11680,-23.360978676164056,-44.78648111761174,ubatuba,SP
11680,-23.360978676164056,-44.78648111761174,ubatuba,SP
11680,-23.376260267600244,-44.95714091772926,ubatuba,SP
11600,-23.715725165416362,-45.430581860811344,sao sebastiao,SP
11600,-23.716442923394332,-45.42661553329685,sao sebastiao,SP
11600,-23.716500652518842,-45.42598222730684,sao sebastiao,SP
88815,-28.680059509678863,-49.35441785784126,criciuma,SC
88815,-28.680059509678863,-49.35441785784126,criciuma,SC
88815,-28.68013922157001,-49.349136502934925,criciuma,SC
89120,-26.792263861667816,-49.27828428616679,timbo,SC
89120,-26.798748813261604,-49.30592583134993,timbo,SC
89120,-26.7990261725941,-49.30558979811168,timbó,SC
89221,-26.267141336112847,-48.83870407146977,joinville,SC
89221,-26.270128645017028,-48.83879364210284,joinville,SC
89221,-26.271696446852076,-48.83535837163138,joinville,SC
89712,-27.24221860856959,-51.95274523612796,concordia,SC
89712,-27.243208098295902,-51.95426120235026,concordia,SC
89900,-26.71006607940087,-53.51400025521708,sao miguel do oeste,SC
89900,-26.710817092872738,-53.52281223937779,sao miguel do oeste,SC
89900,-26.71093638634657,-53.5182849904207,sao miguel do oeste,SC
90810,-30.06001957450434,-51.23037100213738,porto alegre,RS
90810,-30.060214218708513,-51.230463973483836,porto alegre,RS
90810,-30.060214218708513,-51.230463973483836,porto alegre,RS
95095,-29.191171443692042,-51.20720788755582,caxias do sul,RS
95095,-29.192468862673863,-51.20651801829563,caxias do sul,RS
95095,-29.194033830934988,-51.202365215912714,caxias do sul,RS
95055,-29.143997682647633,-51.137711323693125,caxias do sul,RS
95055,-29.14442828883985,-51.137527988902896,caxias do sul,RS
95055,-29.144837654601425,-51.15196370323622,caxias do sul,RS
96010,-31.748942693029054,-52.33790039260764,pelotas,RS
96010,-31.75052490002613,-52.33859083135369,pelotas,RS
96010,-31.752761217323528,-52.3259829276935,pelotas,RS
96020,-31.73876194106386,-52.344242705917544,pelotas,RS
96020,-31.73876194106386,-52.344242705917544,pelotas,RS
96020,-31.73876194106386,-52.344242705917544,pelotas,RS
96030,-31.753804485140588,-52.39497052553523,pelotas,RS
96030,-31.753804485140588,-52.39497052553523,pelotas,RS
96030,-31.753804485140588,-52.39497052553523,pelotas,RS
97060,-29.69047316563438,-53.80071992777796,santa maria,RS
97060,-29.69047316563438,-53.80071992777796,santa maria,RS
97060,-29.690497305295544,-53.80074809071599,santa maria,RS
97503,-29.762928000000002,-57.0991545,uruguaiana,RS
97503,-29.762928000000002,-57.0991545,uruguaiana,RS
97503,-29.763000004711856,-57.09590474074642,uruguaiana,RS
97573,-30.87579618143687,-55.54043887573079,santana do livramento,RS
97573,-30.87579618143687,-55.54043887573079,santana do livramento,RS
97573,-30.87579618143687,-55.54043887573079,santana do livramento,RS
97700,-28.93278625087536,-54.82724510119068,santiago,RS
97700,-28.935317871259404,-54.82674512355885,santiago,RS
97700,-29.158159999999953,-54.881159999999966,santiago,RS
98570,-27.67355143871954,-53.80309882139944,campo novo,RS
98570,-27.673812101752635,-53.80978861062485,campo novo,RS
98570,-27.674924638312145,-53.8122272139611,campo novo,RS
01201,-23.53404340161002,-46.65260370483006,sao paulo,SP
01201,-23.534080522072767,-46.65184199999999,sao paulo,SP
01201,-23.534080522072767,-46.65184199999999,sao paulo,SP
01212,-23.53628778573488,-46.63693403996196,sao paulo,SP
01212,-23.536919986121536,-46.637730325004334,são paulo,SP
01212,-23.536919986121536,-46.637730325004334,sao paulo,SP
01209,-23.538538016100155,-46.637947838882816,sao paulo,SP
01209,-23.538608958364613,-46.6381851283686,sao paulo,SP
01209,-23.53869831917597,-46.63831629892086,são paulo,SP
01422,-23.558487694702496,-46.66755942576025,sao paulo,SP
01422,-23.55866656396796,-46.66727174617698,sao paulo,SP
01422,-23.558810563967953,-46.66710524617697,sao paulo,SP
01508,-23.559401943937893,-46.63689105107044,sao paulo,SP
01508,-23.559465918402662,-46.636694025535235,sao paulo,SP
01508,-23.55962686011886,-46.63630180252755,sao paulo,SP
02228,-23.47022197085809,-46.56893609547578,sao paulo,SP
02228,-23.470355105747565,-46.569099378988966,são paulo,SP
02228,-23.470678959911666,-46.56968918122041,sao paulo,SP
03127,-23.572388378296495,-46.58551292200934,sao paulo,SP
03127,-23.572517479600663,-46.58554062906108,sao paulo,SP
03127,-23.57319493162544,-46.58594133020731,sao paulo,SP
03277,-23.581257789341564,-46.544556363033045,sao paulo,SP
03277,-23.581486016100165,-46.549514698164934,sao paulo,SP
03277,-23.581600009435054,-46.54964782737027,sao paulo,SP
03431,-23.548066710802658,-46.54405460505509,sao paulo,SP
03431,-23.548066710802658,-46.54405460505509,são paulo,SP
03431,-23.548066710802658,-46.54405460505509,sao paulo,SP
03567,-23.53617836026309,-46.489130623636754,sao paulo,SP
03567,-23.53635,-46.48928093005944,sao paulo,SP
03567,-23.53698,-46.488692032748595,sao paulo,SP
03655,-23.523592253678796,-46.512794268798004,sao paulo,SP
03655,-23.523814309740903,-46.514441085204005,sao paulo,SP
03655,-23.523843279214013,-46.5128417576895,são paulo,SP
03721,-23.500564428530215,-46.52381795392121,sao paulo,SP
03721,-23.500564428530215,-46.52381795392121,sao paulo,SP
03721,-23.500784797391645,-46.524463842489475,são paulo,SP
03701,-23.508642761584646,-46.54972341049681,sao paulo,SP
03701,-23.510593771705604,-46.550901101818276,sao paulo,SP
03701,-23.51082058312654,-46.550861177765604,são paulo,SP
03894,-23.514002497085812,-46.48170299278663,sao paulo,SP
03894,-23.514678000000004,-46.4816530582838,sao paulo,SP
03894,-23.51486666472387,-46.48285101110851,são paulo,SP
03922,-23.59219622592187,-46.51881316763806,sao paulo,SP
03922,-23.592278326380846,-46.51495119784753,sao paulo,SP
03922,-23.592590863725544,-46.51879296725141,são paulo,SP
04077,-23.60357263474524,-46.6597765217843,sao paulo,SP
04077,-23.60357263474524,-46.6597765217843,sao paulo,SP
04077,-23.60357263474524,-46.6597765217843,sao paulo,SP
04142,-23.610744974464783,-46.63250355161871,sao paulo,SP
04142,-23.610744974464783,-46.63250355161871,sao paulo,SP
04142,-23.610744974464783,-46.63250355161871,sao paulo,SP
04113,-23.582457357596557,-46.622662452104926,sao paulo,SP
04113,-23.582606020855817,-46.622543475198924,são paulo,SP
04113,-23.582606311962607,-46.62383074132955,sao paulo,SP
04235,-23.60408638856827,-46.59498256702636,sao paulo,SP
04235,-23.60408638856827,-46.59498256702636,sao paulo,SP
04235,-23.60408638856827,-46.59498256702636,sao paulo,SP
04421,-23.685958574251625,-46.6376980558834,sao paulo,SP
04421,-23.68608655176294,-46.637618196779954,sao paulo,SP
04421,-23.68608655176294,-46.637618196779954,sao paulo,SP
04536,-23.580609365450567,-46.681923072263764,sao paulo,SP
04536,-23.581037723844396,-46.67946610130417,são paulo,SP
04536,-23.581037723844396,-46.67946610130417,sao paulo,SP
04624,-23.625105129669347,-46.66666254651922,sao paulo,SP
04624,-23.625521388093514,-46.66917923359822,sao paulo,SP
04624,-23.6258510291419,-46.66859837607478,sao paulo,SP
04728,-23.635867672225693,-46.71726585388645,sao paulo,SP
04728,-23.635867672225693,-46.71726585388645,sao paulo,SP
04728,-23.636338292255758,-46.71296638550985,sao paulo,SP
04833,-23.73477781192381,-46.6991517143365,sao paulo,SP
04833,-23.734821115323843,-46.699161054285526,sao paulo,SP
04833,-23.734821115323843,-46.699161054285526,sao paulo,SP
05359,-23.55315755759132,-46.69477109394658,sao paulo,SP
05359,-23.564973876767286,-46.74582138328814,são paulo,SP
05359,-23.564973876767286,-46.74582138328814,são paulo,SP
05595,-23.5768443537816,-46.742866180196174,sao paulo,SP
05595,-23.577535173466444,-46.742151630446074,são paulo,SP
05595,-23.577769687407656,-46.74144673429631,sao paulo,SP
38610,-16.086007583590828,-46.55776359922017,unai,MG
38610,-16.291822718006866,-46.90390089748013,unaí,MG
38610,-16.29274601009428,-46.902334357232974,unai,MG
39180,-18.071994064422167,-43.25175011218087,felicio dos santos,MG
39180,-18.07645097501738,-43.244692550485496,felicio dos santos,MG
39180,-18.076623965519783,-43.24807650199691,felício dos santos,MG
40010,-12.960767822761348,-38.50608738151777,salvador,BA
40010,-12.967872691272332,-38.50973997959196,salvador,BA
40010,-12.967872691272332,-38.50973997959196,salvador,BA
40130,-12.997398583126536,-38.52770582861101,salvador,BA
40130,-12.998317295314182,-38.52813190368747,salvador,BA
40130,-12.998317295314182,-38.52813190368747,salvador,BA
41345,-12.897836098534215,-38.42558641742172,salvador,BA
41345,-12.898031940331213,-38.42577468359398,salvador,BA
41345,-12.903347999999944,-38.38273549999997,salvador,BA
44088,-12.259800206634983,-38.954294980261146,feira de santana,BA
44088,-12.261678066333886,-38.95141837898899,feira de santana,BA
44088,-12.26267111518264,-38.95075536565877,feira de santana,BA
48790,-10.891329146780865,-38.88488797819452,tucano,BA
48790,-10.958011740313784,-38.78876695333924,tucano,BA
48790,-10.958222251502397,-38.788748594805355,tucano,BA
48840,-10.660933857180165,-39.49369119330364,cansancao,BA
48840,-10.662856337283984,-39.489649822354,cansancao,BA
48840,-10.664112747562783,-39.4961130017548,cansancao,BA
49027,-10.936981727739534,-37.0609352761556,aracaju,SE
49027,-10.939114016648414,-37.062893265855166,aracaju,SE
49027,-10.939114016648414,-37.062893265855166,aracaju,SE
50710,-8.038133999999996,-34.909973999999984,recife,PE
50710,-8.038133999999996,-34.909973999999984,recife,PE
50710,-8.038133999999996,-34.909973999999984,recife,PE
54430,-8.096506511800984,-35.01874735053958,jaboatao dos guararapes,PE
54430,-8.097211398092458,-34.99116261803619,jaboatao dos guararapes,PE
54430,-8.172274499999997,-34.9161615,jaboatão dos guararapes,PE
55606,-8.097622533734409,-35.280004246210446,vitoria de santo antao,PE
55606,-8.11841069185152,-35.31568058889364,vitória de santo antão,PE
55606,-8.11902792783772,-35.310696454065436,vitoria de santo antao,PE
56950,-7.860329634927578,-38.76053438092372,sao jose do belmonte,PE
56950,-7.860886237579621,-38.75504957721094,sao jose do belmonte,PE
56950,-7.861088558783513,-38.757572875325536,são josé do belmonte,PE
57052,-9.59237441639776,-35.73985280556136,maceio,AL
57052,-9.60725619372154,-35.735752231606014,maceio,AL
57052,-9.607471711350913,-35.733952173466434,maceio,AL
58865,-6.468103170175737,-37.44702731643467,sao bento,PB
58865,-6.469382999999947,-37.48490899999996,sao bento,PB
58865,-6.469382999999947,-37.48490899999996,sao bento,PB
59054,-5.804590500000003,-35.234685000000006,natal,RN
59054,-5.805290618779769,-35.23350339140026,natal,RN
59054,-5.80534883950804,-35.233520746963016,natal,RN
59104,-5.763278697965227,-35.27138207422215,natal,RN
59104,-5.764234773179898,-35.26834086578177,natal,RN
59104,-5.765799132667778,-35.26797934762539,natal,RN
63280,-7.827242182217354,-39.07129592412518,penaforte,CE
63280,-7.827290393153388,-39.08396649585247,penaforte,CE
63280,-7.829039953467468,-39.07531999514649,penaforte,CE
65061,-2.5271878389478775,-44.25053326294396,sao luis,MA
65061,-2.5279292124830715,-44.251402861514215,são luís,MA
65061,-2.5279337608206554,-44.25068608618323,sao luis,MA
65260,-1.9924643166440619,-44.53809660846472,cedral,MA
65260,-2.0008358877133863,-44.534207161306675,cedral,MA
65260,-2.0018596807145697,-44.5347471208688,cedral,MA
66615,-1.0929658928294423,-48.40648864098769,belem,PA
66615,-1.1451211844438685,-48.456089998135646,belem,PA
66615,-1.2846985336643655,-48.459409986955976,belem,PA
69915,-10.016938224651494,-67.69921115417108,rio branco,AC
69915,-10.02078736645149,-67.69930723276134,rio branco,AC
69915,-10.02078736645149,-67.69930723276134,rio branco,AC
70298,-15.834766500000004,-47.91859650000001,brasilia,DF
70298,-15.834766500000004,-47.91859650000001,brasilia,DF
70298,-15.835185000000003,-47.91919500000001,brasilia,DF
19814,-22.64961538190318,-50.406862966414685,assis,SP
19814,-22.65043433269157,-50.41042974300787,assis,SP
19814,-22.65121827254892,-50.404161709129205,assis,SP
20080,-22.8971492647873,-43.182621403139215,rio de janeiro,RJ
20080,-22.89899870774424,-43.18771068304573,rio de janeiro,RJ
20080,-22.899460233135226,-43.18754207325879,rio de janeiro,RJ
20261,-22.917328658895485,-43.20986170038666,rio de janeiro,RJ
20261,-22.917328658895485,-43.20986170038666,rio de janeiro,RJ
20261,-22.917463658895485,-43.209860207600016,rio de janeiro,RJ
20560,-22.913225077442387,-43.2490965874257,rio de janeiro,RJ
20560,-22.91366325950717,-43.250839286571605,rio de janeiro,RJ
20560,-22.913768940861466,-43.259512303575605,rio de janeiro,RJ
20550,-22.90311870153725,-43.24458213408992,rio de janeiro,RJ
20550,-22.90312399887481,-43.244472631542585,rio de janeiro,RJ
20550,-22.90313955971136,-43.24459587134186,rio de janeiro,RJ
20531,-22.945488947256106,-43.2593064790524,rio de janeiro,RJ
20531,-22.94555794004275,-43.25941642798195,rio de janeiro,RJ
20531,-22.94555794004275,-43.25941642798195,rio de janeiro,RJ
21920,-22.788762631975285,-43.18690283097694,rio de janeiro,RJ
21920,-22.790491291707497,-43.18702313641869,rio de janeiro,RJ
21920,-22.791741569796333,-43.183754047175306,rio de janeiro,RJ
22030,-22.96272941494022,-43.18132488022973,rio de janeiro,RJ
22030,-22.963099064948914,-43.181565558428034,rio de janeiro,RJ
22030,-22.963099064948914,-43.181565558428034,rio de janeiro,RJ
22210,-22.920623612816698,-43.17523920843672,rio de janeiro,RJ
22210,-22.92080753316212,-43.176174526064614,rio de janeiro,RJ
22210,-22.921200511541187,-43.17654845972092,rio de janeiro,RJ
22610,-22.989984283686073,-43.25776275108173,rio de janeiro,RJ
22610,-22.990166758814688,-43.27424081969557,rio de janeiro,RJ
22610,-22.990338733279454,-43.274263816377335,rio de janeiro,RJ
22715,-22.919442286427383,-43.379077913959264,rio de janeiro,RJ
22715,-22.920349338274765,-43.388031529648586,rio de janeiro,RJ
22715,-22.920406721074436,-43.38896192451952,rio de janeiro,RJ
24220,-22.898404234548867,-43.10396618137228,niteroi,RJ
24220,-22.89883768241457,-43.10595005877689,niteroi,RJ
24220,-22.899013761065042,-43.106746265047086,niteroi,RJ
24342,-22.91960861746119,-43.00416817619771,niterói,RJ
24342,-22.921546020417793,-43.00488675537756,niteroi,RJ
24342,-22.92317477152927,-43.005633414258575,niteroi,RJ
25850,-22.136117103797375,-43.24912210992123,paraíba do sul,RJ
25850,-22.136117103797375,-43.24912210992123,paraíba do sul,RJ
25850,-22.136165087941023,-43.24918754284439,paraiba do sul,RJ
25957,-22.308799999999962,-42.885339999999985,teresopolis,RJ
25957,-22.426461520849475,-42.975293013092475,teresopolis,RJ
25957,-22.42669232492231,-42.9753433647018,teresopolis,RJ
25911,-22.539649550026223,-43.040600414955286,mage,RJ
25911,-22.542966515150237,-43.04255701183195,mage,RJ
25911,-22.542996673726773,-43.04079015924287,mage,RJ
26220,-22.660715200493982,-43.52375951904692,nova iguacu,RJ
26220,-22.660715200493982,-43.52375951904692,nova iguacu,RJ
26220,-22.698099436307025,-43.43162276379673,nova iguacu,RJ
27320,-22.504136491484328,-44.19768760433556,barra mansa,RJ
27320,-22.504136491484328,-44.19768760433556,barra mansa,RJ
27320,-22.504136491484328,-44.19768760433556,barra mansa,RJ
27937,-22.35672,-41.79178574999999,macaé,RJ
27937,-22.386234660393765,-41.79398361835325,macae,RJ
27937,-22.386601638915163,-41.79574656165811,macae,RJ
27930,-22.35891698275622,-41.774820581362064,macae,RJ
27930,-22.35891698275622,-41.774820581362064,macae,RJ
27930,-22.387523331062592,-41.83045037134231,macae,RJ
28010,-21.73261563447965,-41.30773555168763,campos dos goytacazes,RJ
28010,-21.747462328553418,-41.34718265710684,campos dos goytacazes,RJ
28010,-21.755027309764312,-41.324695936352775,campos dos goytacazes,RJ
28633,-22.199309035150435,-42.51055740896638,nova friburgo,RJ
28633,-22.199309035150435,-42.51055740896638,nova friburgo,RJ
28633,-22.200620511726314,-42.50945432795993,nova friburgo,RJ
71881,-15.890389232392605,-48.05308740151983,brasília,DF
71881,-15.891382651383703,-48.052295375861455,brasilia,DF
71881,-15.891502771477283,-48.05030424570454,brasilia,DF
72235,-15.839014802918893,-48.12720403232428,brasilia,DF
72235,-15.839496321260851,-48.1248095541619,brasilia,DF
72235,-15.840052803019717,-48.12557954591206,brasilia,DF
74115,-16.67919732879144,-49.26493487800363,goiania,GO
74115,-16.67951305318027,-49.26604166052451,goiania,GO
74115,-16.67951305318027,-49.26604166052451,goiania,GO
75123,-16.33432608403212,-48.953474638194834,anápolis,GO
75123,-16.33491757882585,-48.95340594255736,anapolis,GO
75123,-16.33491757882585,-48.95340594255736,anapolis,GO
75534,-18.41488348953593,-49.246234973697305,itumbiara,GO
75534,-18.415824210331895,-49.24499871891886,itumbiara,GO
75534,-18.417444916814738,-49.245729905277564,itumbiara,GO
75870,-18.558173999999944,-51.02001349999996,cachoeira alta,GO
75870,-18.558173999999944,-51.02001349999996,cachoeira alta,GO
75870,-18.558173999999944,-51.02001349999996,cachoeira alta,GO
75840,-17.181857999999945,-53.01562399999996,santa rita do araguaia,GO
75840,-17.181857999999945,-53.01562399999996,santa rita do araguaia,GO
75840,-17.181857999999945,-53.01562399999996,santa rita do araguaia,GO
76450,-13.505339999999947,-48.409828999999974,minacu,GO
76450,-13.505339999999947,-48.409828999999974,minacu,GO
76450,-13.510093242463542,-48.2179010284722,minacu,GO
78700,-16.435242020543555,-54.62708112906109,rondonopolis,MT
78700,-16.436168999999992,-54.642082499999994,rondonópolis,MT
78700,-16.44451846378896,-54.63745213627445,rondonópolis,MT
79043,-20.468972913122542,-54.56232002054355,campo grande,MS
79043,-20.469075496249086,-54.56159989050151,campo grande,MS
79043,-20.469075496249086,-54.56159989050151,campo grande,MS
79290,-21.111606,-56.47859999999999,bonito,MS
79290,-21.112947,-56.48011874999999,bonito,MS
79290,-21.11470067401896,-56.49829537107638,bonito,MS
80320,-25.45429024340702,-49.28960948265909,curitiba,PR
80320,-25.454295513672317,-49.2928454084223,curitiba,PR
80320,-25.454295513672317,-49.2928454084223,curitiba,PR
80330,-25.464787589499764,-49.30929109734366,curitiba,PR
80330,-25.465158251457098,-49.305758207051746,curitiba,PR
80330,-25.46515934564249,-49.31165261651075,curitiba,PR
81070,-25.44980766749383,-49.28204327655963,curitiba,PR
81070,-25.473369478763953,-49.2984123800855,curitiba,PR
81070,-25.473761528449412,-49.29698052593926,curitiba,PR
81320,-25.470310518747507,-49.32050905660398,curitiba,PR
81320,-25.470310518747507,-49.32050905660398,curitiba,PR
81320,-25.470310518747507,-49.32050905660398,curitiba,PR
81560,-25.450633126837094,-49.24508820988253,curitiba,PR
81560,-25.450633126837094,-49.24508820988253,curitiba,PR
81560,-25.450633126837094,-49.24508820988253,curitiba,PR
81880,-25.5324040202551,-49.29874141895094,curitiba,PR
81880,-25.534040436227304,-49.287354214486065,curitiba,PR
81880,-25.534281481921386,-49.29230720630437,curitiba,PR
82840,-25.3899910469155,-49.205156625598654,curitiba,PR
82840,-25.390353583126537,-49.20184353136361,curitiba,PR
82840,-25.390623772376742,-49.19909752481015,curitiba,PR
83408,-25.32378660283111,-49.160044500544444,colombo,PR
83408,-25.32378660283111,-49.160044500544444,colombo,PR
83408,-25.32378660283111,-49.160044500544444,colombo,PR
83707,-25.518662556947437,-49.348334500338275,araucaria,PR
83707,-25.520549308224634,-49.34603475519883,araucaria,PR
83707,-25.521933373789718,-49.34384436282649,araucaria,PR
85601,-26.065390455376058,-53.042212081713615,francisco beltrao,PR
85601,-26.065390455376058,-53.042212081713615,francisco beltrao,PR
85601,-26.066322590678013,-53.043175161584244,francisco beltrao,PR
85680,-25.634839488800218,-53.21955293326582,boa esperanca do iguacu,PR
85680,-25.634919999999966,-53.21321999999998,boa esperanca do iguacu,PR
85680,-25.63492484559619,-53.21529814783864,boa esperanca do iguacu,PR
85935,-24.271687384277016,-53.50011952135476,assis chateaubriand,PR
85935,-24.2722873513068,-53.50013549808463,assis chateaubriand,PR
85935,-24.27236080695508,-53.500102998711604,assis chateaubriand,PR
85904,-24.697094402226867,-53.76526740042041,toledo,PR
85904,-24.69736391744329,-53.7652716973353,toledo,PR
85904,-24.700344570676016,-53.765287361353366,toledo,PR
86055,-23.321509585984384,-51.19185520693888,londrina,PR
86055,-23.321509585984384,-51.19185520693888,londrina,PR
86055,-23.321961019132218,-51.19176455334801,londrina,PR
86600,-23.30225166351132,-51.339983496850195,rolandia,PR
86600,-23.303976172743774,-51.354853009832254,rolândia,PR
86600,-23.304008425179813,-51.342104374074076,rolandia,PR
87205,-23.665645227231867,-52.62703128867011,cianorte,PR
87205,-23.666672047763292,-52.61857494049542,cianorte,PR
87205,-23.666934783863802,-52.62987796562821,cianorte,PR
87306,-24.045916753831392,-52.40504193700241,campo mourao,PR
87306,-24.048271610199773,-52.410153300761195,campo mourao,PR
87306,-24.04843595072425,-52.40911340817539,campo mourao,PR
87505,-23.756931,-53.288763749999994,umuarama,PR
87505,-23.764258614830762,-53.28845204775302,umuarama,PR
87505,-23.76441805138483,-53.29510105798812,umuarama,PR
87900,-22.916448305617802,-53.13720537243076,loanda,PR
87900,-22.91661686088911,-53.1388308355342,loanda,PR
87900,-22.91661686088911,-53.1388308355342,loanda,PR
88210,-27.146100762569773,-48.58360918051236,porto belo,SC
88210,-27.146191199684235,-48.58321062682727,porto belo,SC
88210,-27.147143677007072,-48.589406499637306,porto belo,SC
29164,-20.13213561033711,-40.30275694965943,serra,ES
29164,-20.133809213168586,-40.300046334035365,serra,ES
29164,-20.133809213168586,-40.300046334035365,serra,ES
30315,-19.94498565475353,-43.916444337123885,belo horizonte,MG
30315,-19.94498565475353,-43.916444337123885,belo horizonte,MG
30315,-19.94498565475353,-43.916444337123885,belo horizonte,MG
31910,-19.81693683298715,-43.99083078659973,belo horizonte,MG
31910,-19.82068540449873,-43.89247770574086,belo horizonte,MG
31910,-19.861258775466606,-43.91816722105721,belo horizonte,MG
35500,-20.112422075106362,-44.866954342576875,divinopolis,MG
35500,-20.112642630869345,-44.87077054860646,divinopolis,MG
35500,-20.11299167591775,-44.87150739425422,divinopolis,MG
35900,-19.61123951224617,-43.22138950106333,itabira,MG
35900,-19.61162050674025,-43.22010768203632,itabira,MG
35900,-19.61179700857071,-43.22012979673377,itabira,MG
36051,-21.725902225921875,-43.33749385414624,juiz de fora,MG
36051,-21.72737289286745,-43.338008341796986,juiz de fora,MG
36051,-21.72737289286745,-43.338008341796986,juiz de fora,MG
36212,-21.16644537449098,-43.97054718056234,barroso,MG
36212,-21.167737329596466,-43.97138876921402,barroso,MG
36212,-21.175684159941575,-43.97258971887996,barroso,MG
37074,-21.585276344697668,-45.454583703786064,varginha,MG
37074,-21.585276344697668,-45.454583703786064,varginha,MG
37074,-21.59052990409447,-45.4435584314057,varginha,MG
37145,-21.246500294843415,-46.14322901366259,alterosa,MG
37145,-21.24723860595896,-46.14519827517841,alterosa,MG
37145,-21.24872699575455,-46.14277511456817,alterosa,MG
37200,-21.212066304040857,-45.025395371713984,lavras,MG
37200,-21.218142335456253,-45.00225308449481,lavras,MG
37200,-21.21956154454957,-44.99459682001267,lavras,MG
11940,-24.6484327131643,-47.92585792427933,jacupiranga,SP
11940,-24.649811999999997,-47.93530049999998,jacupiranga,SP
11940,-24.691519338683374,-48.001184226880724,jacupiranga,SP
12235,-23.212660500000002,-45.90691874999998,são josé dos campos,SP
12235,-23.22357847255625,-45.89946802744373,sao jose dos campos,SP
12235,-23.223842496537554,-45.89856,sao jose dos campos,SP
12230,-23.217522914795985,-45.88889309394657,são josé dos campos,SP
12230,-23.217522914795985,-45.88889309394657,sao jose dos campos,SP
12230,-23.217522914795985,-45.88889309394657,sao jose dos campos,SP
12306,-23.280388648075448,-45.94896953886542,jacarei,SP
12306,-23.28086564807545,-45.94870650611685,jacareí,SP
12306,-23.28086564807545,-45.94870650611685,jacareí,SP
12301,-23.261624999999995,-45.945774,jacarei,SP
12301,-23.261634000000004,-45.945774,jacarei,SP
12301,-23.261634000000004,-45.945774,jacarei,SP
12335,-23.258812641206372,-45.96730167717393,jacarei,SP
12335,-23.258812641206372,-45.96730167717393,jacarei,SP
12335,-23.259309660638777,-45.964339496322275,jacareí,SP
12460,-22.679155717275275,-45.585918786622216,campos do jordao,SP
12460,-22.68098131408582,-45.58815925984138,campos do jordao,SP
12460,-22.6901433930652,-45.535020072260814,campos do jordao,SP
12922,-22.907163491293105,-46.55790440447745,braganca paulista,SP
12922,-22.90774829507456,-46.55604212556484,braganca paulista,SP
12922,-22.90787366844196,-46.55432278890861,braganca paulista,SP
13044,-22.92982006134223,-47.04587674646543,campinas,SP
13044,-22.93097548819901,-47.04808996127881,campinas,SP
13044,-22.93330433971952,-47.04821889439665,campinas,SP
13150,-22.623612899881604,-47.18763144949297,cosmopolis,SP
13150,-22.623612899881604,-47.18763144949297,cosmopolis,SP
13150,-22.62412862943017,-47.18648061766379,cosmopolis,SP
13212,-23.14390204469381,-46.99001816833055,jundiai,SP
13212,-23.144088896762586,-46.99848096003804,jundiai,SP
13212,-23.144118044693805,-46.99114766833054,jundiai,SP
13240,-23.079174390267163,-46.695765825045484,jarinu,SP
13240,-23.0801105168095,-46.70053200000001,jarinu,SP
13240,-23.0801105168095,-46.70053200000001,jarinu,SP
13271,-22.96261904213326,-47.0194310357477,valinhos,SP
13271,-22.962993959527097,-47.00715714216948,valinhos,SP
13271,-22.963253612775464,-47.01219940781335,valinhos,SP
13450,-22.748539556694343,-47.41397351650005,santa barbara d oeste,SP
13450,-22.748712837106307,-47.41339338587887,santa barbara d'oeste,SP
13450,-22.74921855198973,-47.41809477875849,santa barbara d'oeste,SP
13400,-22.716712193461746,-47.64667452276525,piracicaba,SP
13400,-22.717209582578285,-47.651658040654425,piracicaba,SP
13400,-22.71736131392451,-47.650355705810995,piracicaba,SP
13478,-22.732419946100297,-47.32035080337271,americana,SP
13478,-22.734527404057893,-47.31828913014074,americana,SP
13478,-22.734527404057893,-47.31828913014074,americana,SP
13575,-22.00967147100232,-47.90019124854291,são carlos,SP
13575,-22.02321190313922,-47.911143001529204,sao carlos,SP
13575,-22.02346020483004,-47.911546943793645,sao carlos,SP
14020,-21.182060102236772,-47.801876842114694,ribeirão preto,SP
14020,-21.182060102236772,-47.801876842114694,ribeirão preto,SP
14020,-21.182060102236772,-47.801876842114694,ribeirão preto,SP
14401,-20.50828980381734,-47.370979002104484,franca,SP
14401,-20.510968015211272,-47.369184051955195,franca,SP
14401,-20.520180121417482,-47.39724767769659,franca,SP
14500,-20.244669371742365,-47.874742653306654,ituverava,SP
14500,-20.244984962220457,-47.871768434817966,ituverava,SP
14500,-20.2458371613975,-47.872375241834774,ituverava,SP
14620,-20.697690717004107,-47.89142734385394,orlandia,SP
14620,-20.698058486180884,-47.89004006609619,orlandia,SP
14620,-20.698058486180884,-47.89004006609619,orlandia,SP
14784,-20.567540021946318,-48.55300370758035,barretos,SP
14784,-20.567706558428032,-48.552927249379614,barretos,SP
14784,-20.5682433332124,-48.553635062335395,barretos,SP
15290,-21.055498896301284,-50.141512326323905,buritama,SP
15290,-21.056072137967707,-50.13889363100903,buritama,SP
15290,-21.057152695362166,-50.141721022058704,buritama,SP
15775,-20.1888147354801,-50.9387483982613,santa fe do sul,SP
15775,-20.190733994576863,-50.923179377988106,santa fe do sul,SP
15775,-20.190733994576863,-50.923179377988106,santa fe do sul,SP
15910,-21.237160870058183,-48.643756638113906,monte alto,SP
15910,-21.237160870058183,-48.643756638113906,monte alto,SP
15910,-21.246914999999944,-48.56406199999995,monte alto,SP
17015,-22.322516926075316,-49.06955560672092,bauru,SP
17015,-22.323440170119564,-49.07376935581969,bauru,SP
17015,-22.323591418546894,-49.067538284234324,bauru,SP
17013,-22.314217866930782,-49.061938407146116,bauru,SP
17013,-22.31431873906069,-49.06393485894848,bauru,SP
17013,-22.314935587569938,-49.06291009008011,bauru,SP
17056,-22.336262346942025,-49.08338390159247,bauru,SP
17056,-22.344331757689506,-49.0981342722891,bauru,SP
17056,-22.345183895925857,-49.098800845259454,bauru,SP
17207,-22.271505180479625,-48.56418665095662,jau,SP
17207,-22.27203507730492,-48.560828220826956,jau,SP
17207,-22.27314124145456,-48.563183297504786,jau,SP
17250,-22.062342773397116,-48.73543015257417,bariri,SP
17250,-22.062882738866158,-48.73323274298501,bariri,SP
17250,-22.062991871102007,-48.73406736613769,bariri,SP
17500,-22.209724445467106,-49.95275699584506,marília,SP
17500,-22.209724445467106,-49.95275699584506,marilia,SP
17500,-22.209769330284463,-49.954035373853095,marilia,SP
17602,-21.921120561087744,-50.50587644995935,tupa,SP
17602,-21.921508932121498,-50.505314058713786,tupa,SP
17602,-21.921626221700777,-50.50611154600413,tupa,SP
18025,-23.50835432775898,-47.49984164337256,sorocaba,SP
18025,-23.509021777684808,-47.43966240605342,sorocaba,SP
18025,-23.50918374741793,-47.43972312893381,sorocaba,SP
18015,-23.49313032361937,-47.43454154232787,sorocaba,SP
18015,-23.493382774078125,-47.43519150666511,sorocaba,SP
18015,-23.494670580904838,-47.4347481232327,sorocaba,SP
18271,-23.323236985552008,-47.868983870052794,tatui,SP
18271,-23.32324191018052,-47.8687957109749,tatui,SP
18271,-23.324863898555353,-47.87063359921904,tatuí,SP
18609,-22.843520297724403,-48.45119560390066,botucatu,SP
18609,-22.843829587835383,-48.45313385277183,botucatu,SP
18609,-22.843960072162275,-48.453233741329534,botucatu,SP
05734,-23.45712728242064,-46.71231182243935,são paulo,SP
05734,-23.620865771103908,-46.745259309550654,sao paulo,SP
05734,-23.62096961466543,-46.744949513042236,sao paulo,SP
06036,-23.549532628603213,-46.77729576042406,osasco,SP
06036,-23.551237907294166,-46.77804628019496,osasco,SP
06036,-23.551237907294166,-46.77804628019496,osasco,SP
06030,-23.49388784787157,-46.769694746538114,osasco,SP
06030,-23.548039163059237,-46.776025029071114,osasco,SP
06030,-23.548673644737704,-46.77639781769954,osasco,SP
06414,-23.490617505282753,-46.86900366603934,barueri,SP
06414,-23.490617505282753,-46.86900366603934,barueri,SP
06414,-23.490617505282753,-46.86900366603934,barueri,SP
06634,-23.55360480143844,-46.898553759378046,jandira,SP
06634,-23.55366243860854,-46.898573383453474,jandira,SP
06634,-23.553705616546516,-46.89846543860854,jandira,SP
06716,-23.599533683117563,-46.893570837868296,cotia,SP
06716,-23.599607050233722,-46.891277418402666,cotia,SP
06716,-23.599607050233722,-46.891277418402666,cotia,SP
06755,-23.595786303912522,-46.76083434693288,taboao da serra,SP
06755,-23.59609545453625,-46.76130504331237,taboao da serra,SP
06755,-23.59609545453625,-46.76130504331237,taboao da serra,SP
06950,-23.896858737250934,-46.988446765461774,juquitiba,SP
06950,-23.89830343965849,-46.9867089569265,juquitiba,SP
06950,-23.89934798650584,-46.98996404358657,juquitiba,SP
07178,-23.394742313347585,-46.3947753244561,guarulhos,SP
07178,-23.3949302761556,-46.394904315713504,guarulhos,SP
07178,-23.395872416036738,-46.39387708465576,guarulhos,SP
07144,-23.385889720999955,-46.51194499999997,guarulhos,SP
07144,-23.395106199838384,-46.52075169317328,guarulhos,SP
07144,-23.395667668878808,-46.52218673189448,guarulhos,SP
07215,-23.40673367638064,-46.485954534277795,guarulhos,SP
07215,-23.40673367638064,-46.485954534277795,guarulhos,SP
07215,-23.40673367638064,-46.485954534277795,guarulhos,SP
07436,-23.412618000000002,-46.30249429913797,aruja,SP
07436,-23.412901133246326,-46.30256255255267,aruja,SP
07436,-23.41411051406001,-46.302893727465666,arujá,SP
08050,-23.50634616902304,-46.45734212476192,sao paulo,SP
08050,-23.50647299654263,-46.4598773887849,sao paulo,SP
08050,-23.506523328899487,-46.45868548765073,sao paulo,SP
08375,-23.594532507206644,-46.44270643042284,sao paulo,SP
08375,-23.594717304726206,-46.446552546123336,são paulo,SP
08375,-23.594771168474782,-46.442198577298164,sao paulo,SP
08502,-23.533844179084713,-46.356850146682575,ferraz de vasconcelos,SP
08502,-23.534291360044918,-46.358644603049044,ferraz de vasconcelos,SP
08502,-23.534388728278696,-46.35743881268167,ferraz de vasconcelos,SP
08710,-23.474773409317415,-46.25474127848733,mogi das cruzes,SP
08710,-23.480011939830128,-46.264366839951464,mogi das cruzes,SP
08710,-23.480449620997856,-46.26454283173284,mogi das cruzes,SP
09080,-23.625598610046737,-46.545315087425706,santo andre,SP
09080,-23.625829011221928,-46.5451515917764,santo andre,SP
09080,-23.625919770471448,-46.546047324456076,santo andre,SP
09180,-23.671520657707063,-46.519733688151554,santo andré,SP
09180,-23.673023999999998,-46.519632477782984,santo andre,SP
09180,-23.67551939938831,-46.52022200236594,santo andré,SP
09230,-23.614581796216587,-46.52845844242909,santo andre,SP
09230,-23.614581796216587,-46.52845844242909,santo andre,SP
09230,-23.614581796216587,-46.52845844242909,santo andre,SP
09240,-23.621374048012022,-46.5246989834958,santo andre,SP
09240,-23.621613150152925,-46.52481697960067,santo andre,SP
09240,-23.621613150152925,-46.52481697960067,santo andre,SP
09530,-23.610086161809676,-46.57634303274859,são caetano do sul,SP
09530,-23.61141041909515,-46.57634303274859,sao caetano do sul,SP
09530,-23.613788924237365,-46.57637343770424,sao caetano do sul,SP
09720,-23.698889446275167,-46.552659547059726,sao bernardo do campo,SP
09720,-23.698889446275167,-46.552659547059726,sao bernardo do campo,SP
09720,-23.69929246433723,-46.55274969983837,sao bernardo do campo,SP
09895,-23.672210285653854,-46.57351735168596,sao bernardo do campo,SP
09895,-23.692939049947736,-46.579464842518384,sao bernardo do campo,SP
09895,-23.696029893543244,-46.5789936112957,são bernardo do campo,SP
09911,-23.661645517889173,-46.62603436372555,diadema,SP
09911,-23.685231333615086,-46.62809838327379,diadema,SP
09911,-23.685231333615086,-46.62809838327379,diadema,SP
11440,-23.90529138279592,-46.15764824229248,guaruja,SP
11440,-23.967174957551613,-46.21170560575526,guaruja,SP
11440,-23.97559111438488,-46.257753126689686,guarujá,SP
11515,-23.888409647975507,-46.43004922014284,cubatao,SP
11515,-23.888409647975507,-46.43004922014284,cubatao,SP
11515,-23.889028073308634,-46.42911957491304,cubatão,SP
88407,-27.58808357580473,-49.548395263448676,chapadao do lageado,SC
88407,-27.58963108513936,-49.549445987993316,chapadao do lageado,SC
88407,-27.58970547379282,-49.54962834441356,chapadao do lageado,SC
88735,-28.32043446024884,-49.017436830147275,gravatal,SC
88735,-28.324914390111257,-49.06693991940663,gravatal,SC
88735,-28.325111706580195,-49.06570213886685,gravatal,SC
88901,-28.934381564384132,-49.50604865299124,ararangua,SC
88901,-28.93760197203264,-49.49399206189941,ararangua,SC
88901,-28.937977539504278,-49.498865006197924,ararangua,SC
89108,-26.576549999999997,-48.91346369280705,massaranduba,SC
89108,-26.57959999999997,-48.98148999999995,massaranduba,SC
89108,-26.5937238345592,-48.99583301471043,massaranduba,SC
89217,-26.280248814876792,-48.878641455738865,joinville,SC
89217,-26.280942307519204,-48.881320889260756,joinville,SC
89217,-26.281050580068122,-48.88361973980034,joinville,SC
89694,-26.78323171231132,-52.19678912786728,faxinal dos guedes,SC
89694,-26.839883999999948,-52.243203499999964,faxinal dos guedes,SC
89694,-26.839883999999948,-52.243203499999964,faxinal dos guedes,SC
90420,-30.030704465722206,-51.19791173134621,porto alegre,RS
90420,-30.031183897022384,-51.20762622661437,porto alegre,RS
90420,-30.031183897022384,-51.20762622661437,porto alegre,RS
92500,-30.079788680100464,-51.32019570931994,guaiba,RS
92500,-30.087178945689804,-51.32220673984494,guaiba,RS
92500,-30.087504283184835,-51.333855148075834,guaíba,RS
93056,-29.75442278825133,-51.09169360675705,sao leopoldo,RS
93056,-29.75442278825133,-51.09169360675705,sao leopoldo,RS
93056,-29.754488706316312,-51.09139685554576,sao leopoldo,RS
93900,-29.587481308158868,-51.16473370243174,ivoti,RS
93900,-29.5879937253115,-51.16399925251242,ivoti,RS
93900,-29.588521350790895,-51.16409642407728,ivoti,RS
95780,-29.653392775235304,-51.44847111653975,montenegro,RS
95780,-29.653392775235304,-51.44847111653975,montenegro,RS
95780,-29.665010168188125,-51.449123827023186,montenegro,RS
95705,-29.143667707729225,-51.49058200978511,bento gonçalves,RS
95705,-29.143667707729225,-51.49058200978511,bento gonçalves,RS
95705,-29.14498797002277,-51.52326345254483,bento goncalves,RS
96065,-31.705880887327524,-52.368552354723164,pelotas,RS
96065,-31.70708722171858,-52.35853358404503,pelotas,RS
96065,-31.707523018697266,-52.36787497018788,pelotas,RS
96208,-32.181089843829334,-52.173080981170834,rio grande,RS
96208,-32.181089843829334,-52.173080981170834,rio grande,RS
96208,-32.18283768241786,-52.17134380108992,rio grande,RS
96501,-30.019103320646234,-52.918637741536664,cachoeira do sul,RS
96501,-30.02839047780581,-52.89580450573175,cachoeira do sul,RS
96501,-30.028480060014385,-52.90176761823478,cachoeira do sul,RS
01321,-23.55590152039933,-46.641929154596305,sao paulo,SP
01321,-23.55590152039933,-46.641929154596305,sao paulo,SP
01321,-23.55590152039933,-46.641929154596305,sao paulo,SP
01301,-23.54753794255291,-46.6452082507646,sao paulo,SP
01301,-23.54753794255291,-46.6452082507646,são paulo,SP
01301,-23.54753794255291,-46.6452082507646,sao paulo,SP
01419,-23.556847578134878,-46.663709086184966,sao paulo,SP
01419,-23.556847578134878,-46.663709086184966,sao paulo,SP
01419,-23.556847578134878,-46.663709086184966,sao paulo,SP
01511,-23.553148756592986,-46.633289589099164,sao paulo,SP
01511,-23.554095653067108,-46.633161630994344,sao paulo,SP
01511,-23.55452765306711,-46.63313365652955,sao paulo,SP
02016,-23.500919514570953,-46.629192860811344,sao paulo,SP
02016,-23.500919514570953,-46.629192860811344,são paulo,SP
02016,-23.50093054731953,-46.629412407438394,sao paulo,SP
02253,-23.4775045634197,-46.595027965029715,sao paulo,SP
02253,-23.478061884603164,-46.59648900548751,sao paulo,SP
02253,-23.478135181516517,-46.594899151682135,sao paulo,SP
02407,-23.480818658895487,-46.625117259507164,sao paulo,SP
02407,-23.480982366639733,-46.62511574049282,sao paulo,SP
02407,-23.48219606717061,-46.623546544549576,sao paulo,SP
03019,-23.524334088810686,-46.608497042587665,sao paulo,SP
03019,-23.525265112124213,-46.60809641144912,sao paulo,SP
03019,-23.525265112124213,-46.60809641144912,sao paulo,SP
03028,-23.524779519851066,-46.6095042717122,são paulo,SP
03028,-23.524922461567268,-46.60967174617697,sao paulo,SP
03028,-23.525211447400334,-46.608649202752574,são paulo,SP
03111,-23.555540090225026,-46.60603641297904,são paulo,SP
03111,-23.555540090225026,-46.60603641297904,sao paulo,SP
03111,-23.55591516180968,-46.60605000000001,sao paulo,SP
03124,-23.566910814876792,-46.593100241329545,sao paulo,SP
03124,-23.567156528449413,-46.59302075520801,sao paulo,SP
03124,-23.567156528449413,-46.59302075520801,sao paulo,SP
03129,-23.573296739107843,-46.5818689694731,sao paulo,SP
03129,-23.573450713572626,-46.58179000222171,sao paulo,SP
03129,-23.573567713572615,-46.581727976686466,são paulo,SP
03265,-23.593132760199666,-46.54172328573489,sao paulo,SP
03265,-23.593504086588993,-46.5422581670898,sao paulo,SP
03265,-23.593770670552246,-46.540760191644075,sao paulo,SP
03320,-23.543754977523196,-46.55561999792254,sao paulo,SP
03320,-23.543844003058425,-46.55550749792254,sao paulo,SP
03320,-23.5438586194818,-46.553803340123544,sao paulo,SP
03380,-23.573685045819644,-46.5338332424279,sao paulo,SP
03380,-23.57375330786536,-46.53387313729899,sao paulo,SP
03380,-23.573838415488478,-46.53324511296094,sao paulo,SP
03590,-23.54298155779503,-46.481086310984935,são paulo,SP
03590,-23.543096596783172,-46.481149500349005,são paulo,SP
03590,-23.543135015263434,-46.480747054677124,sao paulo,SP
03685,-23.521653586733223,-46.47917285123206,sao paulo,SP
03685,-23.52166789451253,-46.478513834950704,sao paulo,SP
03685,-23.52166789451253,-46.478513834950704,sao paulo,SP
03702,-23.51349268220902,-46.54780446211552,sao paulo,SP
03702,-23.513624760177613,-46.547960489726634,sao paulo,SP
03702,-23.513904335276123,-46.5480859350511,sao paulo,SP
03947,-23.588384319562703,-46.493099201176356,sao paulo,SP
03947,-23.589466721622696,-46.49349235414625,sao paulo,SP
03947,-23.590005160424703,-46.4928750843673,são paulo,SP
04045,-23.606033154596325,-46.63724217248548,sao paulo,SP
04045,-23.606591154596323,-46.63742217248548,sao paulo,SP
04045,-23.606806316406,-46.63748236995795,sao paulo,SP
04154,-23.62533942270183,-46.620217487650756,sao paulo,SP
04154,-23.62533942270183,-46.620217487650756,sao paulo,SP
04154,-23.62533942270183,-46.620217487650756,são paulo,SP
04206,-23.572466571680312,-46.60558007013957,sao paulo,SP
04206,-23.572466571680312,-46.60558007013957,sao paulo,SP
04206,-23.572466571680312,-46.60558007013957,sao paulo,SP
04281,-23.603986222356127,-46.60876372877303,sao paulo,SP
04281,-23.603986222356127,-46.60876372877303,sao paulo,SP
04281,-23.604351841797,-46.609046769086476,sao paulo,SP
04531,-23.579705787119867,-46.676085281839754,sao paulo,SP
04531,-23.579705787119867,-46.676085281839754,são paulo,SP
04531,-23.579705787119867,-46.676085281839754,sao paulo,SP
04763,-23.660166008309883,-46.6962607986324,são paulo,SP
04763,-23.666564912574284,-46.714210208436725,sao paulo,SP
04763,-23.66794727699232,-46.71974174562871,sao paulo,SP
04703,-23.618320293900535,-46.698713948092816,sao paulo,SP
04703,-23.619128238712435,-46.69688782258583,sao paulo,SP
04703,-23.6191753344394,-46.69636415667378,sao paulo,SP
04912,-23.67751844982783,-46.74419249754019,sao paulo,SP
04912,-23.679105988343238,-46.744249912862756,sao paulo,SP
04912,-23.680175259507177,-46.74518042867444,sao paulo,SP
04911,-23.665745908687512,-46.71253971372114,sao paulo,SP
04911,-23.665929090306935,-46.71416203207932,sao paulo,SP
04911,-23.665929090306935,-46.71416203207932,sao paulo,SP
05007,-23.531563581741555,-46.674876049397014,sao paulo,SP
05007,-23.531745374401346,-46.67507595449813,sao paulo,SP
05007,-23.531745374401346,-46.67507595449813,sao paulo,SP
05201,-23.40141467638064,-46.74090882361935,sao paulo,SP
05201,-23.402287509290833,-46.73975346058632,sao paulo,SP
05201,-23.40459753344107,-46.747638775463095,sao paulo,SP
05302,-23.52850670468582,-46.727970737434404,sao paulo,SP
05302,-23.52850670468582,-46.727970737434404,sao paulo,SP
05302,-23.52850670468582,-46.727970737434404,sao paulo,SP
05545,-23.584577039555985,-46.770961106641344,são paulo,SP
05545,-23.584642212726347,-46.77070242560782,sao paulo,SP
05545,-23.58485181764675,-46.768379495556594,sao paulo,SP
05584,-23.577664063448182,-46.79029951760182,sao paulo,SP
05584,-23.578414857897155,-46.7909597200935,sao paulo,SP
05584,-23.578618830140233,-46.790503354982974,sao paulo,SP
05568,-23.586763033037037,-46.788497595215986,são paulo,SP
05568,-23.587161370246406,-46.79019328031055,sao paulo,SP
05568,-23.587200146546234,-46.78965288011417,sao paulo,SP
39390,-17.073285434133265,-43.83979403404795,bocaiúva,MG
39390,-17.073285434133265,-43.83979403404795,bocaiúva,MG
39390,-17.09845104929342,-43.823939480760295,bocaiuva,MG
39400,-16.67101114545697,-43.86989167749854,montes claros,MG
39400,-16.69178864208149,-43.8736055427015,montes claros,MG
39400,-16.69178864208149,-43.8736055427015,montes claros,MG
39920,-15.855953477067477,-40.27929689971545,jordania,MG
39920,-15.855953477067477,-40.27929689971545,jordania,MG
39920,-15.856190052707069,-40.27947697967991,jordania,MG
39935,-16.473618032219235,-40.34427088226184,santo antônio do jacinto,MG
39935,-16.473618032219235,-40.34427088226184,santo antônio do jacinto,MG
39935,-16.52694348657257,-40.176047796995995,santo antonio do jacinto,MG
41760,-12.981886146072549,-38.44119557528705,salvador,BA
41760,-12.982056357440351,-38.44123356871906,salvador,BA
41760,-12.982196648750168,-38.44124184019825,salvador,BA
41830,-12.833222275473348,-38.459518171561875,salvador,BA
41830,-12.834364722923043,-38.45883770367033,salvador,BA
41830,-12.911546993731527,-38.34903707361636,salvador,BA
45203,-13.843888841124834,-40.073531876847234,jequie,BA
45203,-13.84923680753824,-40.079374362408245,jequie,BA
45203,-13.84923680753824,-40.079374362408245,jequié,BA
45400,-13.26937844552784,-38.96031604752015,valenca,BA
45400,-13.279347000000005,-38.963866499999995,valenca,BA
45400,-13.282329999999945,-38.96302999999995,valenca,BA
47690,-13.777139999999946,-44.37670849999995,coribe,BA
47690,-13.777139999999946,-44.37670849999995,coribe,BA
47690,-13.823667839767635,-44.46167972946853,coribe,BA
50830,-8.062388307259402,-34.91098042853023,recife,PE
50830,-8.06281242878305,-34.91034933593144,recife,PE
50830,-8.063447584511525,-34.909304773241395,recife,PE
56302,-9.349702883999953,-40.51064999999994,petrolina,PE
56302,-9.396823527333805,-40.49950203595457,petrolina,PE
56302,-9.397490742426056,-40.50162476741301,petrolina,PE
57082,-9.572598911737565,-35.762588114490136,maceio,AL
57082,-9.573342587570679,-35.76010487939036,maceio,AL
57082,-9.573342587570679,-35.76010487939036,maceio,AL
59015,-5.7972058945408875,-35.198302385365615,natal,RN
59015,-5.797322109354252,-35.19769946863639,natal,RN
59015,-5.797322109354252,-35.19769946863639,natal,RN
59020,-5.7830687590302885,-35.200522425454544,natal,RN
59020,-5.7830687590302885,-35.200522425454544,natal,RN
59020,-5.783320969473116,-35.20240018734489,natal,RN
59092,-5.872118304201933,-35.18052421816087,natal,RN
59092,-5.874667372196807,-35.18010890583508,natal,RN
59092,-5.874741094164926,-35.18019737219682,natal,RN
60767,-3.8152899436513046,-38.57892851313923,fortaleza,CE
60767,-3.8163071359999776,-38.581264499999975,fortaleza,CE
60767,-3.8163071359999776,-38.581264499999975,fortaleza,CE
62280,-4.322918072403789,-40.157811911206146,santa quiteria,CE
62280,-4.323436842495519,-40.156793284143184,santa quiteria,CE
62280,-4.323622499999991,-40.15451025,santa quitéria,CE
63540,-6.784325999999998,-39.297685499999986,várzea alegre,CE
63540,-6.785198616413069,-39.297704532143875,varzea alegre,CE
63540,-6.7857804762501,-39.29166052223211,várzea alegre,CE
63740,-5.533356613423601,-40.78395796966735,novo oriente,CE
63740,-5.5345733880018315,-40.772615388001824,novo oriente,CE
63740,-5.5345733880018315,-40.772615388001824,novo oriente,CE
64800,-6.761635635931342,-42.99838384924072,floriano,PI
64800,-6.762982235003502,-43.00920857024941,floriano,PI
64800,-6.763486382071146,-43.00841429283064,floriano,PI
65604,-4.862361537072671,-43.35564310599755,caxias,MA
65604,-4.862361537072671,-43.35564310599755,caxias,MA
65604,-4.862361537072671,-43.35564310599755,caxias,MA
65700,-4.116296086571649,-45.002603413428346,bacabal,MA
65700,-4.116296086571649,-45.002603413428346,bacabal,MA
65700,-4.116296086571649,-45.002603413428346,bacabal,MA
66040,-1.413727645169312,-48.4411287552465,belem,PA
66040,-1.4308268309769476,-48.449149291707485,belem,PA
66040,-1.4502324657221968,-48.477716510098894,belem,PA
19806,-22.646801465485574,-50.43794520151259,assis,SP
19806,-22.646908903838725,-50.437623448841364,assis,SP
19806,-22.647651264717986,-50.435735718199346,assis,SP
20735,-22.89560629447746,-43.302290814876784,rio de janeiro,RJ
20735,-22.89579714605654,-43.29687331841369,rio de janeiro,RJ
20735,-22.896754260343897,-43.290924496797345,rio de janeiro,RJ
21853,-22.842515121729015,-43.492706653405676,rio de janeiro,RJ
21853,-22.842517280378367,-43.492704685225384,rio de janeiro,RJ
21853,-22.848025895491524,-43.33711394934462,rio de janeiro,RJ
22450,-22.97506237373844,-43.22607244129585,rio de janeiro,RJ
22450,-22.97506237373844,-43.22607244129585,rio de janeiro,RJ
22450,-22.97506237373844,-43.22607244129585,rio de janeiro,RJ
22630,-22.993802147495618,-43.35107703246939,rio de janeiro,RJ
22630,-23.00476001084667,-43.3696747988505,rio de janeiro,RJ
22630,-23.00476001084667,-43.3696747988505,rio de janeiro,RJ
22783,-22.924688125900325,-43.385866564398206,rio de janeiro,RJ
22783,-22.969080054031902,-43.411394387748366,rio de janeiro,RJ
22783,-22.969484873997324,-43.41363242573161,rio de janeiro,RJ
22713,-22.907918710052243,-43.65396756556844,rio de janeiro,RJ
22713,-22.907918710052243,-43.65396756556844,rio de janeiro,RJ
22713,-22.907918710052243,-43.65396756556844,rio de janeiro,RJ
22795,-22.859536499999997,-43.520976000000005,rio de janeiro,RJ
22795,-22.871443166910858,-43.515748987965736,rio de janeiro,RJ
22795,-22.940670931162863,-43.572268996892475,rio de janeiro,RJ
23520,-22.82653976261399,-43.380987560935345,rio de janeiro,RJ
23520,-22.876451281138717,-43.49800553070543,rio de janeiro,RJ
23520,-22.8810540091299,-43.41404642566028,rio de janeiro,RJ
24050,-22.86476009005327,-43.093354732260735,niterói,RJ
24050,-22.8676782547175,-43.11568814436742,niteroi,RJ
24050,-22.86783883489511,-43.116098150323445,niteroi,RJ
24935,-22.893125513999962,-42.80325677899998,marica,RJ
24935,-22.90702647760405,-42.80888849258229,marica,RJ
24935,-22.94091396073173,-42.958399439533814,marica,RJ
25845,-22.20000206146431,-43.15663673844913,areal,RJ
25845,-22.200007258780694,-43.15666198255728,areal,RJ
25845,-22.20395081713946,-43.095601634243316,areal,RJ
25900,-22.575836095331585,-43.182819839930374,mage,RJ
25900,-22.577002703310864,-43.187318351655435,mage,RJ
25900,-22.594791819775892,-43.122703928026056,mage,RJ
26020,-22.63602474043092,-43.39564457118657,nova iguacu,RJ
26020,-22.63617112448556,-43.39572996188512,nova iguacu,RJ
26020,-22.69358952146782,-43.47179261117237,nova iguacu,RJ
26551,-22.77554044322461,-43.42608495925341,mesquita,RJ
26551,-22.77554044322461,-43.42608495925341,mesquita,RJ
26551,-22.775876372724678,-43.42617237584689,mesquita,RJ
27965,-22.322323337536478,-41.724127956136414,macae,RJ
27965,-22.322323337536478,-41.724127956136414,macae,RJ
27965,-22.32233150258607,-41.7241277992479,macaé,RJ
28800,-22.696649604752423,-42.59451463170677,rio bonito,RJ
28800,-22.698812089467488,-42.593794996527315,rio bonito,RJ
28800,-22.69912319208814,-42.57824113740926,rio bonito,RJ
70834,-15.779956499999992,-47.875133250000005,brasilia,DF
70834,-15.780010499999998,-47.87584649999998,brasilia,DF
70834,-15.7800375,-47.87621549999999,brasilia,DF
75200,-17.279675654732067,-48.275239523033704,pires do rio,GO
75200,-17.28073029072238,-48.27603617804404,pires do rio,GO
75200,-17.28159626395388,-48.27513351641732,pires do rio,GO
75800,-17.8699995,-51.71297625,jatai,GO
75800,-17.873110856246274,-51.70970821659383,jatai,GO
75800,-17.873110856246274,-51.70970821659383,jatai,GO
75843,-17.357162303098534,-52.67826404549904,portelandia,GO
75940,-17.33235529901695,-49.9325649725337,edeia,GO
75940,-17.33235529901695,-49.9325649725337,edeia,GO
75940,-17.332756119407264,-49.92829709934915,edeia,GO
76821,-8.731856081941194,-63.89049102241509,porto velho,RO
76821,-8.732362499999997,-63.875844,porto velho,RO
76821,-8.732638076763154,-63.879788257917376,porto velho,RO
78710,-16.433364739944565,-54.64450512960936,rondonópolis,MT
78710,-16.437646417923784,-54.64984890984782,rondonópolis,MT
78710,-16.440133287576227,-54.646938167663116,rondonopolis,MT
79840,-22.217963525068082,-54.78157262868751,dourados,MS
79840,-22.22033336803687,-54.81920185038226,dourados,MS
79840,-22.220792457253687,-54.781343983682866,dourados,MS
80420,-25.433065320012684,-49.279717665560604,curitiba,PR
80420,-25.433065320012684,-49.279717665560604,curitiba,PR
80420,-25.433065320012684,-49.279717665560604,curitiba,PR
80730,-25.423857241467786,-49.28848053366402,curitiba,PR
80730,-25.428864080760604,-49.29140361183574,curitiba,PR
80730,-25.428864080760604,-49.29140361183574,curitiba,PR
81650,-25.480334126839395,-49.239647282128196,curitiba,PR
81650,-25.483086817098492,-49.23971847530148,curitiba,PR
81650,-25.483286343271047,-49.23966784107574,curitiba,PR
81750,-25.509106623925206,-49.24888955912052,curitiba,PR
81750,-25.50919590091753,-49.23925939148247,curitiba,PR
81750,-25.510468703589304,-49.23874303413358,curitiba,PR
81910,-25.5183440772458,-49.25720524893415,curitiba,PR
81910,-25.526846304749235,-49.26507506411218,curitiba,PR
81910,-25.527798199001662,-49.26846187177562,curitiba,PR
83321,-25.440140857377553,-49.17695242688544,pinhais,PR
83321,-25.440155215909893,-49.1726093583012,pinhais,PR
83321,-25.440327964192996,-49.17755881155858,pinhais,PR
83430,-25.098119999999994,-48.67366049999998,campina grande do sul,PR
83430,-25.207112999999946,-48.860463499999966,campina grande do sul,PR
83430,-25.207112999999946,-48.860463499999966,campina grande do sul,PR
84940,-23.554834541342778,-49.68251303650226,siqueira campos,PR
84940,-23.557196804318288,-49.679292124195484,siqueira campos,PR
84940,-23.55774636329824,-49.68132670926055,siqueira campos,PR
85301,-25.384259951707982,-52.4124874271098,laranjeiras do sul,PR
85301,-25.384750627582555,-52.412551541329115,laranjeiras do sul,PR
85301,-25.386008914718115,-52.399541051681034,laranjeiras do sul,PR
87083,-23.374263275332606,-51.96949899229552,maringa,PR
87083,-23.37563500541068,-51.95897814179434,maringa,PR
87083,-23.37563500541068,-51.95897814179434,maringa,PR
87502,-23.750819268365316,-53.296130519158574,umuarama,PR
87502,-23.751114684430714,-53.29520998404407,umuarama,PR
87502,-23.75137777880999,-53.2953565829823,umuarama,PR
88036,-27.578118707578714,-48.521171593863194,florianópolis,SC
88036,-27.580409950298687,-48.5263961159587,florianopolis,SC
88036,-27.580478482031076,-48.52613406996023,florianopolis,SC
88037,-27.59088779156327,-48.50371288594254,florianopolis,SC
88037,-27.59168476934627,-48.502909451151254,florianopolis,SC
88037,-27.591981779069783,-48.503787481389686,florianópolis,SC
88130,-27.62744480381518,-48.6488966070939,palhoca,SC
88130,-27.62828151878312,-48.64989551919863,palhoca,SC
88130,-27.62843873396375,-48.655938928079046,palhoca,SC
28941,-22.423965220885847,-42.96581951647792,sao pedro da aldeia,RJ
28941,-22.426165597957723,-42.96632486690201,sao pedro da aldeia,RJ
28941,-22.42630865888473,-42.96630036109507,sao pedro da aldeia,RJ
29167,-20.052064363201076,-40.21803424349772,serra,ES
29167,-20.052064363201076,-40.21803424349772,serra,ES
29167,-20.123601405235558,-40.30612891711086,serra,ES
29104,-20.32999802922932,-40.30221409013373,vila velha,ES
29104,-20.35717926139137,-40.31543338136576,vila velha,ES
29104,-20.35717926139137,-40.31543338136576,vila velha,ES
29930,-18.714268057305553,-39.85010032790674,sao mateus,ES
29930,-18.714268057305553,-39.85010032790674,sao mateus,ES
29930,-18.714279927929393,-39.85710004060774,sao mateus,ES
30190,-19.918224053551945,-43.952836563275454,belo horizonte,MG
30190,-19.918461122396,-43.94809015696226,belo horizonte,MG
30190,-19.91876890313923,-43.94812278475393,belo horizonte,MG
30270,-19.91506320843672,-43.905971892578975,belo horizonte,MG
30270,-19.91541101359,-43.90618752484274,belo horizonte,MG
30270,-19.915510013590005,-43.90664899209414,belo horizonte,MG
31515,-19.79715998922625,-43.99390777881028,belo horizonte,MG
31515,-19.81675150375091,-43.95600452567946,belo horizonte,MG
31515,-19.818095380077622,-43.96204611675975,belo horizonte,MG
31535,-19.808570419931872,-43.9713302113509,belo horizonte,MG
31535,-19.80875323951187,-43.970173250620356,belo horizonte,MG
31535,-19.809220515407663,-43.97646893825374,belo horizonte,MG
32341,-19.87216120056843,-44.08606406236923,contagem,MG
32341,-19.91784312937519,-44.1229588062131,contagem,MG
32341,-19.923115173271075,-44.092675624609754,contagem,MG
35060,-18.84297251325008,-41.94793531089754,governador valadares,MG
35060,-18.843166361808866,-41.94738245162575,governador valadares,MG
35060,-18.843366654540574,-41.94719737437108,governador valadares,MG
35557,-20.14456563408965,-44.69108376412005,carmo do cajuru,MG
35557,-20.16355799000122,-44.76326058837737,carmo do cajuru,MG
35557,-20.177678711850756,-44.76755255011558,carmo do cajuru,MG
35790,-18.73380894126622,-44.439294933640085,curvelo,MG
35790,-18.735313500000004,-44.43065099999998,curvelo,MG
35790,-18.735967342296608,-44.42634289454466,curvelo,MG
36180,-21.261653324969743,-43.16186548030982,rio pomba,MG
36180,-21.263955812160674,-43.168098346730396,rio pomba,MG
36180,-21.26483439707448,-43.17802940410867,rio pomba,MG
36420,-20.507481597144626,-43.71798695361442,ouro branco,MG
36420,-20.507972320109104,-43.71050517681204,ouro branco,MG
36420,-20.50801424364085,-43.71069682724289,ouro branco,MG
37280,-20.75850983390418,-45.2738289772633,candeias,MG
37280,-20.758533975802273,-45.27431851406851,candeias,MG
37280,-20.76110954459384,-45.27097812379024,candeias,MG
37561,-22.207839731069516,-45.90198315727269,pouso alegre,MG
37561,-22.210798217409113,-45.94191988357203,pouso alegre,MG
37561,-22.21432676948817,-45.90855038124802,pouso alegre,MG
38071,-19.714225880496787,-47.912902008187714,uberaba,MG
38071,-19.716176661117185,-47.91142241035257,uberaba,MG
38071,-19.716176661117185,-47.91142241035257,uberaba,MG
11702,-24.007077202196754,-46.43289205286896,praia grande,SP
11702,-24.007077202196754,-46.43289205286896,praia grande,SP
11702,-24.007077202196754,-46.43289205286896,praia grande,SP
11750,-24.246136629963463,-46.908588602257026,peruibe,SP
11750,-24.24830588286986,-46.904637101444806,peruibe,SP
11750,-24.248561563234993,-46.90673435308454,peruibe,SP
11930,-24.703742999999946,-47.86566199999996,pariquera-açu,SP
11930,-24.703742999999946,-47.86566199999996,pariquera-acu,SP
11930,-24.70429308861208,-47.887036281054364,pariquera-acu,SP
12070,-23.00763941401033,-45.54170031926454,taubate,SP
12070,-23.00767867540548,-45.54158225395284,taubate,SP
12070,-23.008467980433764,-45.54006851308587,taubate,SP
13056,-22.961979903956223,-47.1462931086588,campinas,SP
13056,-22.96198196129269,-47.14629761612191,campinas,SP
13056,-22.96198196129269,-47.14629761612191,campinas,SP
13190,-22.9054681108559,-47.2505272394968,monte mor,SP
13190,-22.90553185105824,-47.25704133384628,monte mor,SP
13190,-22.90572543812954,-47.259909262436686,monte mor,SP
13309,-23.26845813956239,-47.2935903522852,itu,SP
13309,-23.26882622318057,-47.29334379257289,itu,SP
13309,-23.268833770182987,-47.293252277396334,itu,SP
13322,-23.17982724791803,-47.26340930643431,salto,SP
13322,-23.179835680698623,-47.26187113571626,salto,SP
13322,-23.180382011381703,-47.26121232846303,salto,SP
13320,-23.195848075768954,-47.292525597005,salto,SP
13320,-23.1967365846856,-47.30194399115384,salto,SP
13320,-23.197236108517536,-47.30709456425642,salto,SP
13312,-23.230034999999997,-47.41400082072951,itu,SP
13312,-23.253803917277484,-47.323784101159944,itu,SP
13312,-23.254497891742268,-47.32359060115995,itu,SP
13401,-22.73419680653825,-47.66607956105376,piracicaba,SP
13401,-22.73572178821639,-47.66069156826713,piracicaba,SP
13401,-22.735786182302135,-47.66276960935254,piracicaba,SP
13481,-22.557497935618045,-47.402311935965244,limeira,SP
13481,-22.584033406005286,-47.43412475027967,limeira,SP
13481,-22.585650234606053,-47.432431310267255,limeira,SP
13455,-22.71241598579223,-47.371273027042854,santa barbara doeste,SP
13455,-22.712489462120608,-47.370308807877365,santa bárbara d'oeste,SP
13455,-22.712489462120608,-47.370308807877365,santa barbara d'oeste,SP
13601,-22.360900588954916,-47.38968126242136,araras,SP
13601,-22.360962533660043,-47.39279753366006,araras,SP
13601,-22.361028747118606,-47.378693261845704,araras,SP
14093,-21.157806492791547,-47.7373271202171,ribeirao preto,SP
14093,-21.15863290558948,-47.74405465939722,ribeirao preto,SP
14093,-21.159369586754423,-47.74487569907685,ribeirao preto,SP
14890,-21.264602127130544,-48.315038422966396,jaboticabal,SP
14890,-21.264641266492887,-48.31497971392288,jaboticabal,SP
14890,-21.26558626284154,-48.31214099247435,jaboticabal,SP
15015,-20.808212118088637,-49.38130054999126,sao jose do rio preto,SP
15015,-20.808753325880186,-49.37803496736199,sao jose do rio preto,SP
15015,-20.808753325880186,-49.37803496736199,sao jose do rio preto,SP
15057,-20.781277972658685,-49.35123176634774,sao jose do rio preto,SP
15057,-20.781277972658685,-49.35123176634774,sao jose do rio preto,SP
15057,-20.78303926790907,-49.35314116484514,sao jose do rio preto,SP
16301,-21.419392278779373,-50.06406713365052,penapolis,SP
16301,-21.420155777332845,-50.06358925448747,penapolis,SP
16301,-21.421548899448094,-50.0643276561055,penapolis,SP
17027,-22.2832491335045,-49.03251535316528,bauru,SP
17027,-22.28443197142061,-49.03257255488196,bauru,SP
17027,-22.284915946159593,-49.033814239511884,bauru,SP
18044,-23.505125521784315,-47.4773397485429,sorocaba,SP
18044,-23.505181908323273,-47.47266512713142,sorocaba,SP
18044,-23.505345387183297,-47.47199595920134,sorocaba,SP
18120,-23.420331516827034,-47.187899999999985,mairinque,SP
18120,-23.423625,-47.240500499999996,mairinque,SP
18120,-23.423625,-47.240500499999996,mairinque,SP
18300,-23.9982754402129,-48.34487152170323,capão bonito,SP
18300,-23.998601166577682,-48.3443652585964,capao bonito,SP
18300,-23.999362410682604,-48.35012785256263,capão bonito,SP
05653,-23.59797945429246,-46.71973734856917,sao paulo,SP
05653,-23.59797945429246,-46.71973734856917,sao paulo,SP
05653,-23.59797945429246,-46.71973734856917,são paulo,SP
05728,-23.62960568443071,-46.74195456272721,sao paulo,SP
05728,-23.62960568443071,-46.74195456272721,sao paulo,SP
05728,-23.63091159616828,-46.73829971371684,sao paulo,SP
06162,-23.54855849999999,-46.81198574999999,osasco,SP
06162,-23.549012108257735,-46.81674218497896,osasco,SP
06162,-23.549012108257735,-46.81674218497896,osasco,SP
06317,-23.520321737713353,-46.8494446568596,carapicuiba,SP
06317,-23.52101086328516,-46.84866202525495,carapicuiba,SP
06317,-23.52106752174624,-46.8503944077791,carapicuiba,SP
06435,-23.52735457368866,-46.88567388149708,barueri,SP
06435,-23.52788457047889,-46.885524053337576,barueri,SP
06435,-23.5286060060755,-46.88470879405803,barueri,SP
06544,-23.448775218099662,-46.862399022106196,santana de parnaiba,SP
06544,-23.457143633189293,-46.83200718340536,santana de parnaiba,SP
06544,-23.457143633189293,-46.83200718340536,santana de parnaiba,SP
06513,-23.45341689096963,-46.92345356541675,santana de parnaiba,SP
06513,-23.454513782334924,-46.92424356921804,santana de parnaiba,SP
06513,-23.455472361784178,-46.92368238108599,santana de parnaiba,SP
06642,-23.55317375507012,-46.877192143647434,jandira,SP
06642,-23.55345594098445,-46.87572671170585,jandira,SP
06642,-23.5534716475256,-46.87856335197915,jandira,SP
06728,-23.6105246948632,-46.85974167267974,cotia,SP
06728,-23.67909184347044,-47.00803215070117,cotia,SP
06728,-23.6801433341796,-47.00684953511451,cotia,SP
06871,-23.719056074006343,-46.8512383342295,itapecerica da serra,SP
06871,-23.719656356646134,-46.85137337043822,itapecerica da serra,SP
06871,-23.719858603788296,-46.85583063108685,itapecerica da serra,SP
06806,-23.630500226869273,-46.83953231242472,embu das artes,SP
06806,-23.630915629167433,-46.840775376389146,embu das artes,SP
06806,-23.631860561161496,-46.841265656904575,embu das artes,SP
07074,-23.423989798776635,-46.55794695406544,guarulhos,SP
07074,-23.443857502914184,-46.56551165306712,guarulhos,SP
07074,-23.444092634196984,-46.566441419095156,guarulhos,SP
07072,-23.398991545661637,-46.42424817951506,guarulhos,SP
07072,-23.39917972177331,-46.424037476918535,guarulhos,SP
07072,-23.44455620260834,-46.55491852192855,guarulhos,SP
07159,-23.357766635581967,-46.410591053984625,guarulhos,SP
07159,-23.365386000000004,-46.40289525,guarulhos,SP
07159,-23.36562993228113,-46.40721232944773,guarulhos,SP
07417,-23.377924445467105,-46.3322620896474,arujá,SP
07417,-23.379132228693216,-46.3193123129911,aruja,SP
07417,-23.379132228693216,-46.3193123129911,aruja,SP
08140,-23.498227854290484,-46.40026876617226,sao paulo,SP
08140,-23.499039175224326,-46.39964683464801,sao paulo,SP
08140,-23.500094175688144,-46.39903692936692,sao paulo,SP
08290,-23.537916056169475,-46.45285016091199,sao paulo,SP
08290,-23.538523706729325,-46.45216387832276,sao paulo,SP
08290,-23.53938647876394,-46.45149353996196,sao paulo,SP
08215,-23.5310535672969,-46.448377603489504,sao paulo,SP
08215,-23.53139397530149,-46.448246089791624,sao paulo,SP
08215,-23.5314565793611,-46.4480885465607,sao paulo,SP
08557,-23.508011687577103,-46.34172344272628,poa,SP
08557,-23.50843760560334,-46.3460641239252,poa,SP
08557,-23.50843760560334,-46.3460641239252,poa,SP
09121,-23.629356525725164,-46.52613873779777,santo andré,SP
09121,-23.671169674995646,-46.51244963281199,santo andre,SP
09121,-23.671348700530878,-46.512358658347225,santo andre,SP
09580,-23.607445609485467,-46.573656352485905,sao caetano do sul,SP
09580,-23.607445609485467,-46.573656352485905,sao caetano do sul,SP
09580,-23.638220580904843,-46.569324007213346,sao caetano do sul,SP
11075,-23.942868274510815,-46.34118509700499,santos,SP
11075,-23.943501849010357,-46.33064587691151,santos,SP
11075,-23.943846168153396,-46.3313221547728,santos,SP
11420,-23.96099145940632,-46.18472004546628,guaruja,SP
11420,-23.975427119063813,-46.25657876387527,guaruja,SP
11420,-23.987736158092922,-46.265470281372075,guaruja,SP
11630,-23.72565883738227,-45.33691890227408,ilhabela,SP
11630,-23.72565883738227,-45.33691890227408,ilhabela,SP
11630,-23.72565883738227,-45.33691890227408,ilhabela,SP
88703,-28.51837961849242,-49.05614364650952,tubarao,SC
88703,-28.530500562871435,-49.059055823475134,tubarão,SC
88703,-28.531831316406006,-49.060267161665465,tubarao,SC
89068,-26.808996511760053,-49.10620820286611,blumenau,SC
89068,-26.80904050375091,-49.10729419900167,blumenau,SC
89068,-26.811705162598066,-49.09555008637613,blumenau,SC
89023,-26.933488831714282,-49.06400752008404,blumenau,SC
89023,-26.933860969473116,-49.06425540867914,blumenau,SC
89023,-26.934302954209674,-49.064590116423396,blumenau,SC
89190,-27.104856560146352,-50.00784727578148,taio,SC
89190,-27.107690202552114,-50.00594575050827,taio,SC
89190,-27.109639464953485,-50.00036687707792,taió,SC
89251,-26.47557925036057,-49.08927267291817,jaragua do sul,SC
89251,-26.47557925036057,-49.08927267291817,jaragua do sul,SC
89251,-26.47557925036057,-49.08927267291817,jaragua do sul,SC
89520,-27.27340251482379,-50.593523061512045,curitibanos,SC
89520,-27.274502081112914,-50.584625668684005,curitibanos,SC
89520,-27.274876323619367,-50.58729562101101,curitibanos,SC
89801,-27.088983,-52.60277925,chapeco,SC
89801,-27.088983,-52.60277925,chapeco,SC
89801,-27.088983,-52.60277925,chapeco,SC
89885,-27.07410888048927,-53.00439099093895,sao carlos,SC
89885,-27.07410888048927,-53.00439099093895,sao carlos,SC
89885,-27.074137639402295,-53.0040751869131,sao carlos,SC
89850,-26.720503955941105,-52.72245701101472,quilombo,SC
89850,-26.720770499999993,-52.71919199999999,quilombo,SC
89850,-26.722037506873956,-52.72032527308718,quilombo,SC
93542,-29.675579513522255,-51.09305293242639,novo hamburgo,RS
93542,-29.67587250330879,-51.09309706477917,novo hamburgo,RS
93542,-29.677103261154638,-51.09904376559148,novo hamburgo,RS
94945,-29.920373256984423,-51.07950033277809,cachoeirinha,RS
94945,-29.921473414882758,-51.08071073051114,cachoeirinha,RS
94945,-29.921567465057866,-51.078069676285324,cachoeirinha,RS
96545,-29.732309652060042,-52.94597399999999,novo cabrais,RS
96545,-29.732309652060042,-52.94597399999999,novo cabrais,RS
96545,-29.732309652060042,-52.94597399999999,novo cabrais,RS
96832,-29.742887168224915,-52.41896256312396,santa cruz do sul,RS
96832,-29.746321684671038,-52.411164526394955,santa cruz do sul,RS
96832,-29.746733295247424,-52.40607439150573,santa cruz do sul,RS
98920,-27.592859999999945,-54.29446549999996,horizontina,RS
98920,-27.608991280576348,-54.320496143703224,horizontina,RS
98920,-27.61395177904251,-54.30465431575189,horizontina,RS
99470,-28.4435742945026,-52.81428802414362,nao-me-toque,RS
99470,-28.445037936363278,-52.82563617013563,nao-me-toque,RS
99470,-28.446312050205083,-52.81461540961725,nao-me-toque,RS
99700,-27.61942032722604,-52.27694584609616,erechim,RS
99700,-27.619443465721627,-52.251833834695816,erechim,RS
99700,-27.619963453955908,-52.25372490380145,erechim,RS
01031,-23.536864121011018,-46.63349313820771,sao paulo,SP
01031,-23.537304315614186,-46.633862438491114,sao paulo,SP
01031,-23.537304315614186,-46.633862438491114,sao paulo,SP
02532,-23.495368882047405,-46.660340482659095,sao paulo,SP
02532,-23.49592311073923,-46.66043045184373,são paulo,SP
02532,-23.49592311073923,-46.66043045184373,sao paulo,SP
02752,-23.49237821065843,-46.684142733135225,sao paulo,SP
02752,-23.49311537246811,-46.68366361656761,são paulo,SP
02752,-23.493138736886138,-46.68372335789715,sao paulo,SP
02955,-23.467079430751923,-46.720411286571604,sao paulo,SP
02955,-23.46712823397195,-46.72097119900167,sao paulo,SP
02955,-23.46785849125743,-46.72057200874258,são paulo,SP
03159,-23.577460134889474,-46.56828956258298,sao paulo,SP
03159,-23.578156631212952,-46.56898364177497,sao paulo,SP
03159,-23.57842771173065,-46.56931024480834,sao paulo,SP
03194,-23.56788988703906,-46.57394821510183,são paulo,SP
03213,-23.603629421316864,-46.560935074383956,sao paulo,SP
03213,-23.603997877315543,-46.55637337330482,sao paulo,SP
03213,-23.604854814876788,-46.558117231057764,sao paulo,SP
03345,-23.560419876767273,-46.57578888328815,sao paulo,SP
03345,-23.561665166253086,-46.57449215459632,sao paulo,SP
03345,-23.56184213592932,-46.57434798627207,sao paulo,SP
03334,-23.552817024150233,-46.57484226395058,sao paulo,SP
03334,-23.55281984781074,-46.575629904220484,sao paulo,SP
03334,-23.55296511019097,-46.57258508742569,sao paulo,SP
03569,-23.54026727338563,-46.48834801082004,sao paulo,SP
03569,-23.54087027338563,-46.48870703635527,sao paulo,SP
03569,-23.54154627921401,-46.489731768249754,sao paulo,SP
03813,-23.481854086844773,-46.47108040888402,sao paulo,SP
03813,-23.48188304938637,-46.47115553047629,sao paulo,SP
03813,-23.481925726495636,-46.470923356967624,sao paulo,SP
03918,-23.5869930313636,-46.5190687142651,sao paulo,SP
03918,-23.58712180766343,-46.519510588954915,sao paulo,SP
03918,-23.58789139661835,-46.520485198164955,sao paulo,SP
04024,-23.59189746382191,-46.64334330420362,sao paulo,SP
04024,-23.59334962975359,-46.64351426588381,sao paulo,SP
04024,-23.594873395781633,-46.64372223411617,sao paulo,SP
04272,-23.59471375658502,-46.619352486686246,sao paulo,SP
04272,-23.59471375658502,-46.619352486686246,sao paulo,SP
04272,-23.59471375658502,-46.619352486686246,sao paulo,SP
04364,-23.636825518177634,-46.66770268220901,sao paulo,SP
04364,-23.645992006513612,-46.671825524330806,são paulo,SP
04364,-23.645992006513612,-46.671825524330806,sao paulo,SP
04430,-23.480958520399327,-46.620070621847745,sao paulo,SP
04430,-23.480958520399327,-46.620070621847745,sao paulo,SP
04430,-23.517286554532898,-46.43513228864907,sao paulo,SP
04674,-23.663284597813057,-46.683593339719515,sao paulo,SP
04674,-23.663284597813057,-46.683593339719515,sao paulo,SP
04674,-23.663284597813057,-46.683593339719515,sao paulo,SP
04781,-23.622957869553925,-46.66484144171619,sao paulo,SP
04781,-23.685122305297508,-46.70880399042071,são paulo,SP
04781,-23.685796330832723,-46.70801551595594,sao paulo,SP
04905,-23.66895894465515,-46.73471028763156,sao paulo,SP
04905,-23.670105851088792,-46.737646205216336,são paulo,SP
04905,-23.670148796847354,-46.73778764613856,são paulo,SP
05181,-23.44573026755726,-46.745419101448405,sao paulo,SP
05181,-23.4467025569458,-46.74448457938221,sao paulo,SP
05181,-23.44677101973231,-46.74458594767671,sao paulo,SP
05528,-23.591345095671613,-46.75394792597031,sao paulo,SP
05528,-23.591376324456082,-46.75405977254892,sao paulo,SP
05528,-23.591533798776627,-46.761747658203,sao paulo,SP
38408,-18.91073434915459,-48.24834632139766,uberlandia,MG
38408,-18.9109244074384,-48.25057585414624,uberlandia,MG
38408,-18.91123493366611,-48.24751922231519,uberlandia,MG
40040,-12.972464997507013,-38.507013094110256,salvador,BA
40040,-12.972525453608181,-38.50688253728419,salvador,BA
40040,-12.973304038166312,-38.50643701281638,salvador,BA
41720,-12.959362343063125,-38.43115124242911,salvador,BA
41720,-12.961654617260104,-38.431937577846426,salvador,BA
41720,-12.961654617260104,-38.431937577846426,salvador,BA
42806,-12.687855747798597,-38.325392512865285,camacari,BA
42806,-12.692833309215223,-38.32724147973106,camaçari,BA
42806,-12.698375765096444,-38.3390616655308,camacari,BA
51021,-8.121023077990642,-34.9058832120434,recife,PE
51021,-8.121033922009346,-34.90594122967277,recife,PE
51021,-8.121402502914194,-34.905270729672786,recife,PE
51300,-8.1249410959152,-34.94861741409242,recife,PE
51300,-8.125703974135535,-34.946852287457354,recife,PE
51300,-8.12591435140773,-34.94619921098962,recife,PE
53150,-7.960533180968264,-34.83426140022504,olinda,PE
53150,-7.9605457862831495,-34.83400412531018,olinda,PE
53150,-7.960572818229932,-34.83988745460159,olinda,PE
60165,-3.720917975301496,-38.511458806134215,fortaleza,CE
60165,-3.721240109642707,-38.51044165903973,fortaleza,CE
60165,-3.721620142391292,-38.509583133504506,fortaleza,CE
60356,-3.723799403187097,-38.57084038672959,fortaleza,CE
60356,-3.723799403187097,-38.57084038672959,fortaleza,CE
60356,-3.723799403187097,-38.57084038672959,fortaleza,CE
60761,-3.8089306830457352,-38.55219226158463,fortaleza,CE
60761,-3.8093289780714543,-38.559564366639734,fortaleza,CE
60761,-3.80934503081969,-38.55795886384859,fortaleza,CE
60710,-3.7798431909157024,-38.56500097693947,fortaleza,CE
60710,-3.78078513712836,-38.567992455249865,fortaleza,CE
60710,-3.7810661384961564,-38.567592199001666,fortaleza,CE
65036,-2.5127194187012725,-44.218376162597465,são luís,MA
65036,-2.5320099398944285,-44.279456558256896,sao luis,MA
65036,-2.5320099398944285,-44.279456558256896,sao luis,MA
65075,-2.4868380922761135,-44.24915034620647,sao luis,MA
65075,-2.4876925562063326,-44.2570539919499,sao luis,MA
65075,-2.487991095764246,-44.270700994575634,são luís,MA
65066,-2.4857222267585892,-44.24412689578162,sao luis,MA
65066,-2.485824962316699,-44.239451341304154,sao luis,MA
65066,-2.4859837565571543,-44.23957502300391,sao luis,MA
69304,2.8190669241078434,-60.684651641682244,boa vista,RR
69304,2.819417113360541,-60.69142505333499,boa vista,RR
69304,2.8197832831478324,-60.69516018654385,boa vista,RR
18700,-23.091313002221693,-48.92442085261705,avare,SP
18700,-23.092528663097976,-48.91691361242419,avare,SP
18700,-23.092528663097976,-48.91691361242419,avaré,SP
19400,-21.782045999999944,-51.860851999999966,presidente venceslau,SP
19400,-21.782045999999944,-51.860851999999966,presidente venceslau,SP
19400,-21.782045999999944,-51.860851999999966,presidente venceslau,SP
19804,-22.64512540827511,-50.41586541771019,assis,SP
19804,-22.645289598938238,-50.415370056754604,assis,SP
19804,-22.650731161809688,-50.41130020760001,assis,SP
20081,-22.894750162646407,-43.185862629061084,rio de janeiro,RJ
20081,-22.894803188181626,-43.1857096290611,rio de janeiro,RJ
20081,-22.8961084117468,-43.18164216911137,rio de janeiro,RJ
20270,-22.908849715794315,-43.21751939009748,rio de janeiro,RJ
20270,-22.909205742194924,-43.21709712741631,rio de janeiro,RJ
20270,-22.9093629734215,-43.215535907525464,rio de janeiro,RJ
20551,-22.910673434881215,-43.24621247045482,rio de janeiro,RJ
20551,-22.910673434881215,-43.24621247045482,rio de janeiro,RJ
20551,-22.910673434881215,-43.24621247045482,rio de janeiro,RJ
20720,-22.86778254980104,-43.28507739909986,rio de janeiro,RJ
20720,-22.90156718650818,-43.29242907175825,rio de janeiro,RJ
20720,-22.90156718650818,-43.29242907175825,rio de janeiro,RJ
21011,-22.813495411824483,-43.276044491978574,rio de janeiro,RJ
21011,-22.813495411824483,-43.276044491978574,rio de janeiro,RJ
21011,-22.81398612335889,-43.27722243392361,rio de janeiro,RJ
21350,-22.873670729095867,-43.33686100375092,rio de janeiro,RJ
21350,-22.87369865097064,-43.33693976739164,rio de janeiro,RJ
21350,-22.873921962808016,-43.337023752438036,rio de janeiro,RJ
22050,-22.969099904654577,-43.18469917112207,rio de janeiro,RJ
22050,-22.969649221478473,-43.1853197581222,rio de janeiro,RJ
22050,-22.969649221478473,-43.1853197581222,rio de janeiro,RJ
22051,-22.936995995556593,-43.17582940980434,rio de janeiro,RJ
22051,-22.969901556754603,-43.18909126103639,rio de janeiro,RJ
22051,-22.96996340328345,-43.189075278925564,rio de janeiro,RJ
22250,-22.936848150822623,-43.175114648063726,rio de janeiro,RJ
22250,-22.936848150822623,-43.175114648063726,rio de janeiro,RJ
22250,-22.936848150822623,-43.175114648063726,rio de janeiro,RJ
22270,-22.949985091032396,-43.188662117115875,rio de janeiro,RJ
22270,-22.949985091032396,-43.188662117115875,rio de janeiro,RJ
22270,-22.950237091032385,-43.18857414986445,rio de janeiro,RJ
23030,-22.873801357707357,-43.49224600790299,rio de janeiro,RJ
23030,-22.90912042853022,-43.68935799500834,rio de janeiro,RJ
23030,-22.954980502230512,-43.58149476613335,rio de janeiro,RJ
23570,-22.861268842651967,-43.449336346869835,rio de janeiro,RJ
23570,-22.861268842651967,-43.449336346869835,rio de janeiro,RJ
23570,-22.861268842651967,-43.449336346869835,rio de janeiro,RJ
24738,-22.834622349258265,-42.94346111462732,sao goncalo,RJ
24738,-22.834623948482424,-42.94345738310429,sao goncalo,RJ
24738,-22.834624557710672,-42.9434559615717,sao goncalo,RJ
24711,-22.815481940914218,-42.9988115378027,sao goncalo,RJ
24711,-22.815691519503154,-43.001265695794274,sao goncalo,RJ
24711,-22.81590523293384,-43.00135090605356,sao goncalo,RJ
25060,-22.634571139111078,-43.24425180904408,duque de caxias,RJ
25060,-22.635346982832406,-43.24338081172605,duque de caxias,RJ
25060,-22.75476058577319,-43.300929532579175,duque de caxias,RJ
25620,-22.507333264388006,-43.17018514364371,petropolis,RJ
25620,-22.507333264388006,-43.17018514364371,petropolis,RJ
25620,-22.507333264388006,-43.17018514364371,petropolis,RJ
25803,-22.113999015973008,-43.208871558523356,tres rios,RJ
25803,-22.11419560121863,-43.20851503373952,tres rios,RJ
25803,-22.114254648090416,-43.208247617129516,tres rios,RJ
26113,-22.727226868294284,-43.37045670768345,belford roxo,RJ
26113,-22.72726321558505,-43.37049557909163,belford roxo,RJ
26113,-22.732708499999994,-43.40559824999999,belford roxo,RJ
26297,-22.637506499999994,-43.41639375,nova iguacu,RJ
26297,-22.7221485306853,-43.46616804666073,nova iguacu,RJ
26297,-22.80235618320335,-43.58623583881369,nova iguacu,RJ
27600,-22.205091607314362,-43.72251163354268,valenca,RJ
27600,-22.205091607314362,-43.72251163354268,valenca,RJ
27600,-22.205091607314362,-43.72251163354268,valenca,RJ
27935,-22.380476741461585,-41.78752174407243,macae,RJ
27935,-22.38405180207474,-41.78703721401243,macae,RJ
27935,-22.38702382554479,-41.790504263384726,macae,RJ
28897,-22.450970341753976,-41.85889213524774,rio das ostras,RJ
28897,-22.48599077734127,-41.90933339582468,rio das ostras,RJ
28897,-22.486369346130875,-41.90989723076768,rio das ostras,RJ
72210,-15.795410784061449,-47.84811564920063,brasilia,DF
72210,-15.795410784061449,-47.84811564920063,brasilia,DF
72210,-15.797530979885247,-48.11538915086057,brasilia,DF
72215,-15.814871246202339,-48.09906238051984,brasilia,DF
72215,-15.815687678721526,-48.099140161560115,brasilia,DF
72215,-15.81589792845582,-48.09902885287725,brasília,DF
74560,-16.645295243343938,-49.27756963552096,goiania,GO
74560,-16.654754999999945,-49.274886499999965,goiania,GO
74560,-16.655037376809542,-49.27218320058373,goiania,GO
75383,-16.62613693766676,-49.39888061244237,trindade,GO
75383,-16.630631026065732,-49.41871334446549,trindade,GO
75383,-16.631066252155573,-49.419364634171394,trindade,GO
76385,-14.731517500768613,-49.70085063609272,guarinos,GO
76385,-14.733972811969155,-49.70134382681983,guarinos,GO
76385,-15.290844999999962,-49.12235499999997,goianésia,GO
78138,-15.647068206561142,-56.15536360321537,várzea grande,MT
78138,-15.647346431012187,-56.15641415862865,varzea grande,MT
78138,-15.647551963739922,-56.156703625964894,varzea grande,MT
78640,-13.188503999999945,-52.35523099999996,canarana,MT
78640,-13.188503999999945,-52.35523099999996,canarana,MT
78640,-13.188503999999945,-52.35523099999996,canarana,MT
78740,-16.447818749894868,-54.653628849740684,rondonopolis,MT
78740,-16.449657054710855,-54.65423476996341,rondonópolis,MT
78740,-16.452631669627873,-54.61574975079318,rondonopolis,MT
79021,-20.446376481245444,-54.58448288773155,campo grande,MS
79021,-20.44704312851284,-54.58367850360668,campo grande,MS
79021,-20.447183063015668,-54.58442647807146,campo grande,MS
79104,-20.456186565064478,-54.6796704657222,campo grande,MS
79104,-20.45633421965994,-54.67853934818121,campo grande,MS
79104,-20.456642088533787,-54.69677127788612,campo grande,MS
81050,-25.480305,-49.294993500000004,curitiba,PR
81050,-25.480305,-49.294993500000004,curitiba,PR
81050,-25.480305,-49.294993500000004,curitiba,PR
81110,-25.494310665560594,-49.28885546350049,curitiba,PR
81110,-25.494310665560594,-49.28885546350049,curitiba,PR
81110,-25.494527316117544,-49.289848978215694,curitiba,PR
81825,-25.522452041635383,-49.2684966201743,curitiba,PR
81825,-25.523137278925553,-49.26926063085012,curitiba,PR
81825,-25.523269376074794,-49.273545520399324,curitiba,PR
81930,-25.547937663415993,-49.29227008238362,curitiba,PR
81930,-25.547987909931937,-49.29070855441805,curitiba,PR
81930,-25.547987909931937,-49.29070855441805,curitiba,PR
82510,-25.38467460805189,-49.23257771705841,curitiba,PR
82510,-25.3865614499105,-49.23319193629183,curitiba,PR
82510,-25.3865614499105,-49.23319193629183,curitiba,PR
82630,-25.36528716902304,-49.21476335068379,curitiba,PR
82630,-25.365496493704455,-49.20869523721439,curitiba,PR
82630,-25.365722822275735,-49.21629701770018,curitiba,PR
82810,-25.430802379969926,-49.20856395920134,curitiba,PR
82810,-25.430802379969926,-49.20856395920134,curitiba,PR
82810,-25.430918119558754,-49.216250819591544,curitiba,PR
82900,-25.43954212965033,-49.22604225275613,curitiba,PR
82900,-25.440044421977507,-49.2216791499401,curitiba,PR
82900,-25.440044421977507,-49.2216791499401,curitiba,PR
83260,-25.712567265671478,-48.48247207161673,matinhos,PR
83260,-25.714778581811913,-48.48188933094159,matinhos,PR
83260,-25.714912375470824,-48.4823505869384,matinhos,PR
83410,-25.34743452692918,-49.158531632567495,colombo,PR
83410,-25.348158226260214,-49.15671034295654,colombo,PR
83410,-25.34871366439125,-49.160713903871155,colombo,PR
85570,-25.76353511641668,-52.76677488217348,sao joao,PR
85570,-25.763652117826513,-52.766730116416674,sao joao,PR
85570,-25.820540719514725,-52.728068184076825,sao joao,PR
85812,-24.931417500000002,-53.45589375,cascavel,PR
85812,-24.931417500000002,-53.45589375,cascavel,PR
85812,-24.931417500000002,-53.45589375,cascavel,PR
85801,-24.9533274134344,-53.46035388558879,cascavel,PR
85801,-24.955243157356424,-53.46671883129945,cascavel,PR
85801,-24.95526342772216,-53.4656957529863,cascavel,PR
85802,-24.94071665361537,-53.40508345279603,cascavel,PR
85802,-24.9544033416064,-53.470335799212286,cascavel,PR
85802,-24.95938413044607,-53.46075328478259,cascavel,PR
86073,-23.27459776213291,-51.19191632292688,londrina,PR
86073,-23.274804841557927,-51.190107197526785,londrina,PR
86073,-23.274804841557927,-51.190107197526785,londrina,PR
86400,-23.094103875585578,-49.93853304434298,jacarezinho,PR
86400,-23.140427713354388,-49.97894916564843,jacarezinho,PR
86400,-23.140714357066454,-49.97751086431852,jacarezinho,PR
86410,-23.19019742623506,-49.75834531607553,ribeirao claro,PR
86410,-23.190251334036727,-49.75662209425206,ribeirao claro,PR
86410,-23.19042238813949,-49.75772477937254,ribeirao claro,PR
87015,-23.418061111109733,-51.95438920109741,maringa,PR
87015,-23.418061111109733,-51.95438920109741,maringa,PR
87015,-23.418061111109733,-51.95438920109741,maringa,PR
88301,-26.901992207066172,-48.663992263483166,itajai,SC
88301,-26.901992207066172,-48.663992263483166,itajai,SC
88301,-26.902363518672757,-48.666414586503095,itajai,SC
28970,-22.72298776343411,-42.2687711314086,araruama,RJ
28970,-22.740102735085486,-42.2566947941066,araruama,RJ
28970,-22.741956638303098,-42.259537597235585,araruama,RJ
29300,-20.84112853574557,-41.12332904104945,cachoeiro de itapemirim,ES
29300,-20.841798033601304,-41.12370434445455,cachoeiro de itapemirim,ES
29300,-20.84211216130299,-41.12367671322117,cachoeiro de itapemirim,ES
30110,-19.912877504747758,-43.9410312502833,belo horizonte,MG
30110,-19.913152506780666,-43.93077248167814,belo horizonte,MG
30110,-19.913212918662463,-43.93030845253623,belo horizonte,MG
30111,-19.913589221190016,-43.93942500207746,belo horizonte,MG
30111,-19.913589221190016,-43.93942500207746,belo horizonte,MG
30111,-19.913589221190016,-43.93942500207746,belo horizonte,MG
30260,-19.91820323803681,-43.911339263562624,belo horizonte,MG
30260,-19.91820323803681,-43.911339263562624,belo horizonte,MG
30260,-19.91820323803681,-43.911339263562624,belo horizonte,MG
30330,-19.910306744614957,-43.9399250788297,belo horizonte,MG
30330,-19.921696239800326,-43.97466267291817,belo horizonte,MG
30330,-19.939871986121535,-43.941630524986955,belo horizonte,MG
30320,-19.950604073173196,-43.93699319512372,belo horizonte,MG
30320,-19.950604073173196,-43.93699319512372,belo horizonte,MG
30320,-19.951808490333903,-43.937748682725115,belo horizonte,MG
30310,-19.797065685267427,-43.93659311365344,belo horizonte,MG
30310,-19.797065685267427,-43.93659311365344,belo horizonte,MG
30310,-19.93974476019966,-43.92912141563271,belo horizonte,MG
30620,-19.890073004117916,-43.91258284358516,belo horizonte,MG
30620,-19.890073004117916,-43.91258284358516,belo horizonte,MG
30620,-19.972073943937893,-44.019741053436384,belo horizonte,MG
30668,-19.896901787285852,-43.911226822724245,belo horizonte,MG
30668,-19.921704371105132,-43.98196245008809,belo horizonte,MG
30668,-19.96216394785089,-43.99102386153514,belo horizonte,MG
31510,-19.809175107132546,-43.9719590789716,belo horizonte,MG
31510,-19.809175107132546,-43.9719590789716,belo horizonte,MG
31510,-19.809175107132546,-43.9719590789716,belo horizonte,MG
31710,-19.806699834583636,-44.004320025535236,belo horizonte,MG
31710,-19.806699834583636,-44.004320025535236,belo horizonte,MG
31710,-19.80672412155927,-44.00409000721337,belo horizonte,MG
33930,-19.7445390235366,-44.15797610918538,ribeirão das neves,MG
33930,-19.757171999999947,-44.161131499999954,ribeirao das neves,MG
33930,-19.757171999999947,-44.161131499999954,ribeirao das neves,MG
35220,-19.39363602922531,-41.22666864466848,itueta,MG
35220,-19.39470454025331,-41.22353908641894,itueta,MG
35220,-19.395100984523307,-41.22562659252065,itueta,MG
35501,-20.107596248191538,-44.84435066194747,divinopolis,MG
35501,-20.107596248191538,-44.84435066194747,divinopolis,MG
35501,-20.107596248191538,-44.84435066194747,divinopolis,MG
36038,-21.76235368220901,-43.3492739321369,juiz de fora,MG
36038,-21.776349109634644,-43.387844582226776,juiz de fora,MG
36038,-21.777284682757273,-43.38601897293555,juiz de fora,MG
36401,-20.64473558751354,-43.772278772034575,conselheiro lafaiete,MG
36401,-20.64473558751354,-43.772278772034575,conselheiro lafaiete,MG
36401,-20.645394161325004,-43.77091385221776,conselheiro lafaiete,MG
37135,-21.411842890595523,-45.97185353974303,alfenas,MG
37135,-21.415001099578447,-45.97334364377038,alfenas,MG
37135,-21.416892409302534,-45.9774922975793,alfenas,MG
37443,-21.951234000000003,-44.8901235,baependi,MG
37443,-21.952799509113763,-44.89066473065944,baependi,MG
37443,-21.953142,-44.89169175000001,baependi,MG
37557,-22.14967882701303,-46.037137115850925,congonhal,MG
37557,-22.14967882701303,-46.037137115850925,congonhal,MG
37557,-22.14967882701303,-46.037137115850925,congonhal,MG
37704,-21.725467349999974,-46.58520499999997,poços de caldas,MG
37704,-21.77097780586929,-46.6055330089798,pocos de caldas,MG
37704,-21.77258341399571,-46.604694467823094,pocos de caldas,MG
38120,-19.886783266261787,-48.20850418455254,conceicao das alagoas,MG
38120,-19.888188570711392,-48.208344531558986,conceicao das alagoas,MG
38120,-19.910066405791994,-48.388543544940816,conceicao das alagoas,MG
11740,-24.085035014604834,-46.80109206456005,itanhaém,SP
11740,-24.101272492186283,-46.80359249528229,itanhaem,SP
11740,-24.10682963775169,-46.80184208545858,itanhaém,SP
11990,-24.97499395641084,-47.95236640203871,cananeia,SP
11990,-24.99805991385951,-47.94084108940039,cananeia,SP
11990,-24.99805991385951,-47.94084108940039,cananéia,SP
12216,-23.188467572854766,-45.8745140954758,sao jose dos campos,SP
12216,-23.189036720237713,-45.879234632523534,sao jose dos campos,SP
12216,-23.189337325004338,-45.87588757452819,sao jose dos campos,SP
12247,-23.13093511717272,-45.764254958767246,sao jose dos campos,SP
12247,-23.131963676928894,-45.76607131932018,sao jose dos campos,SP
12247,-23.132048804605013,-45.76813901970684,sao jose dos campos,SP
12224,-23.162505294224243,-45.80466763630512,sao jose dos campos,SP
12224,-23.16771889508915,-45.814767500836716,sao jose dos campos,SP
12224,-23.167736916831586,-45.81418300981509,sao jose dos campos,SP
12328,-23.2793790896046,-45.957270122951236,jacarei,SP
12328,-23.2793790896046,-45.957270122951236,jacarei,SP
12328,-23.280007389953255,-45.96023234776961,jacareí,SP
12327,-23.292970791007583,-45.96604358249843,jacarei,SP
12327,-23.292970791007583,-45.96604358249843,jacarei,SP
12327,-23.29538674439632,-45.97867367518555,jacarei,SP
12942,-23.110672499999993,-46.533104999999985,atibaia,SP
12942,-23.110672499999993,-46.533104999999985,atibaia,SP
12942,-23.110672499999993,-46.533104999999985,atibaia,SP
13073,-22.874139031363608,-47.06873078504238,campinas,SP
13073,-22.874380962808008,-47.06812421787178,campinas,SP
13073,-22.874380962808008,-47.06812421787178,campinas,SP
13033,-22.867672588954914,-47.06328895420968,campinas,SP
13033,-22.896928665560598,-47.09889463113857,campinas,SP
13033,-22.897494786283147,-47.09845309686077,campinas,SP
13283,-23.007097191394724,-46.97810498083558,vinhedo,SP
13283,-23.007295781291493,-46.98173075575625,vinhedo,SP
13283,-23.007781424923536,-46.98044884194123,vinhedo,SP
13270,-22.968352764302868,-46.99613608577232,valinhos,SP
13270,-22.968688835116964,-46.9958274493104,valinhos,SP
13270,-22.969095249181027,-46.99610951085402,valinhos,SP
13201,-23.175671253907346,-46.90047087565122,jundiai,SP
13201,-23.176721421576655,-46.89622855482135,jundiai,SP
13201,-23.17689207365076,-46.8918751331573,jundiai,SP
13456,-22.746705572542893,-47.36324820392401,santa barbara d'oeste,SP
13456,-22.74705047611412,-47.36355338386633,santa bárbara doeste,SP
13456,-22.747366646694758,-47.36484721635857,santa barbara d'oeste,SP
13485,-22.531766217871784,-47.38648364807544,limeira,SP
13485,-22.532387123303074,-47.38668332007458,limeira,SP
13485,-22.535222112365407,-47.386819234696894,limeira,SP
13466,-22.743288558354013,-47.32573258127226,americana,SP
13466,-22.74609998112988,-47.32348608396326,americana,SP
13466,-22.746197022476803,-47.32388683028446,americana,SP
13565,-21.95322266839158,-47.88566171150795,são carlos,SP
13565,-21.953658203890914,-47.88424681628575,sao carlos,SP
13565,-21.953853436330103,-47.88599750891771,sao carlos,SP
13841,-22.339265526408006,-46.92982075126911,mogi guacu,SP
13841,-22.344528862536517,-46.92871228377145,mogi guaçu,SP
13841,-22.35936121986571,-46.92733763838854,mogi-guacu,SP
13877,-21.978654719359042,-46.800817170822,são joão da boa vista,SP
13877,-22.00069443861166,-46.80432834284731,são joão da boa vista,SP
13877,-22.000869248232927,-46.80806157795089,sao joao da boa vista,SP
13930,-22.584341999999946,-46.69377199999997,serra negra,SP
13930,-22.591236750764605,-46.71371202844941,serra negra,SP
13930,-22.593363511369397,-46.70525790999816,serra negra,SP
14050,-21.15609509547579,-47.82727990161001,ribeirão preto,SP
14050,-21.164450304855986,-47.81775660064467,ribeirao preto,SP
14050,-21.164956332470446,-47.823593986052366,ribeirão preto,SP
14300,-20.871466005243796,-47.59751368948385,batatais,SP
14300,-20.872298137763618,-47.59645329774774,batatais,SP
14300,-20.873870501487986,-47.59621912760388,batatais,SP
14810,-21.740881920537824,-48.14791099370556,araraquara,SP
14810,-21.743506760199665,-48.147763059264754,araraquara,SP
14810,-21.7452134074384,-48.147602977378966,araraquara,SP
14825,-21.67873157477007,-48.07760814046167,santa lúcia,SP
14825,-21.679165304886364,-48.078207506492944,santa lucia,SP
14825,-21.67920324045683,-48.07906728029151,santa lúcia,SP
15601,-20.28151146953518,-50.24660859536552,fernandopolis,SP
15601,-20.2817655,-50.264226,fernandópolis,SP
15601,-20.292555131702027,-50.25301170992143,fernandopolis,SP
16500,-21.584113582840995,-49.4390181478825,cafelandia,SP
16500,-21.66371827413142,-49.43773307786371,cafelândia,SP
16500,-21.667543930385953,-49.4382358809601,cafelândia,SP
17025,-22.293511081885786,-49.05301855285945,bauru,SP
17025,-22.29569097635203,-49.05432924320294,bauru,SP
17025,-22.296231,-49.045455,bauru,SP
17209,-22.26059924039086,-48.550944600348416,jaú,SP
17209,-22.26094012107543,-48.55125245105181,jau,SP
17209,-22.26094012107543,-48.55125245105181,jau,SP
17290,-22.49576873821795,-48.706627488993924,macatuba,SP
17290,-22.495802852238132,-48.70664607349746,macatuba,SP
17290,-22.49806778938104,-48.71271558509151,macatuba,SP
18045,-23.512530397866566,-47.488107697310014,sorocaba,SP
18045,-23.512573623925206,-47.487508994171606,sorocaba,SP
18045,-23.512644503462443,-47.48610049417161,sorocaba,SP
18016,-23.485919392214342,-47.42849996448053,sorocaba,SP
18016,-23.486566971133122,-47.428910941221524,sorocaba,SP
18016,-23.487428295025722,-47.42961886109981,sorocaba,SP
18111,-23.528779850789768,-47.44551297866708,votorantim,SP
18111,-23.528996130446078,-47.44485242397125,votorantim,SP
18111,-23.529015869553913,-47.44479311988582,votorantim,SP
18304,-23.992963155608553,-48.32670177791821,capão bonito,SP
18304,-24.001987314846843,-48.33690319331895,capao bonito,SP
18304,-24.002085355033678,-48.3348578423525,capao bonito,SP
18600,-22.880299999999977,-48.44184999999993,botucatu,SP
18600,-22.880481732727272,-48.44215450727282,botucatu,SP
18600,-22.880673839986002,-48.43942301965384,botucatu,SP
18611,-22.864793751601326,-48.43338721663103,botucatu,SP
18611,-22.865552738271127,-48.432246056062105,botucatu,SP
18611,-22.8656231246177,-48.43300402039932,botucatu,SP
18684,-22.582461841733714,-48.81593004327753,lencois paulista,SP
18684,-22.583894709846437,-48.813318126181734,lencois paulista,SP
18684,-22.58390760601653,-48.815858771374806,lencois paulista,SP
05767,-23.62565969302906,-46.76417291243005,sao paulo,SP
05767,-23.62659682431185,-46.7630785634197,sao paulo,SP
05767,-23.627033926452746,-46.76246805620632,sao paulo,SP
05752,-23.615224742714517,-46.75589363488947,sao paulo,SP
05752,-23.615342478374117,-46.75524610865515,sao paulo,SP
05752,-23.615468128515563,-46.754991952687234,sao paulo,SP
05788,-23.62881586372553,-46.77055241909517,sao paulo,SP
05788,-23.62893375437129,-46.770682028449414,sao paulo,SP
05788,-23.629066752986297,-46.77093890022504,sao paulo,SP
05894,-23.6498206220612,-46.78990343805809,sao paulo,SP
05894,-23.649964532892817,-46.7909867349529,são paulo,SP
05894,-23.649964532892817,-46.7909867349529,são paulo,SP
06192,-23.524463224971274,-46.806126655537106,osasco,SP
06192,-23.524534640918237,-46.80598382364318,osasco,SP
06192,-23.524548006347988,-46.80574898485212,osasco,SP
06184,-23.53305182959197,-46.80900076923069,osasco,SP
06184,-23.533184796843397,-46.808850776444054,osasco,SP
06184,-23.533461148191027,-46.808424745196035,osasco,SP
06283,-23.510688894252418,-46.76119200623239,osasco,SP
06283,-23.510688894252418,-46.76119200623239,osasco,SP
06283,-23.510688894252418,-46.76119200623239,osasco,SP
06382,-23.547116692677577,-46.84107645880394,carapicuiba,SP
06382,-23.54725252320579,-46.841017873332845,carapicuiba,SP
06382,-23.54736374691697,-46.83957241066285,carapicuíba,SP
06416,-23.484483983981796,-46.88717260866001,barueri,SP
06416,-23.484492142117805,-46.88687489353964,barueri,SP
06416,-23.484589622885487,-46.893532794002496,barueri,SP
06535,-23.418858094856205,-46.85953351486435,santana de parnaiba,SP
06535,-23.41940086748597,-46.858664667609744,santana de parnaiba,SP
06535,-23.41960039716661,-46.857583403831704,santana de parnaiba,SP
06530,-23.40738618096827,-46.8878121777656,santana de parnaiba,SP
06530,-23.40738618096827,-46.8878121777656,santana de parnaiba,SP
06530,-23.407449093152472,-46.87833378220187,santana de parnaiba,SP
06730,-23.58209210515162,-47.0113454774675,vargem grande paulista,SP
06730,-23.58209210515162,-47.0113454774675,vargem grande paulista,SP
06730,-23.583427403204357,-47.02214183770026,vargem grande paulista,SP
06900,-23.647421273782836,-46.80368634619866,embu-guacu,SP
06900,-23.647421273782836,-46.80368634619866,embu-guacu,SP
06900,-23.647521726760086,-46.803758584492186,embu-guacu,SP
07063,-23.452647118789315,-46.552734335276114,guarulhos,SP
07063,-23.45272811878931,-46.55272083527612,guarulhos,SP
07063,-23.45347489869583,-46.55263436081134,guarulhos,SP
08275,-23.55273771080266,-46.552456860522874,sao paulo,SP
08275,-23.554564260343895,-46.45460615098965,sao paulo,SP
08275,-23.564132263274495,-46.478630425221176,sao paulo,SP
08270,-23.551411871775624,-46.46253329724742,sao paulo,SP
08270,-23.552209727091952,-46.461969257046256,sao paulo,SP
08270,-23.55241883458363,-46.46142369317329,sao paulo,SP
08460,-23.526155621433748,-46.40523327492465,sao paulo,SP
08460,-23.54573124785041,-46.40570339884006,sao paulo,SP
08460,-23.545977767701483,-46.40297689148246,sao paulo,SP
08599,-23.44308374266869,-46.32471921612242,itaquaquecetuba,SP
08599,-23.44841826673619,-46.33912201688113,itaquaquecetuba,SP
08599,-23.449397351830548,-46.32344299991784,itaquaquecetuba,SP
08740,-23.523783624801474,-46.19732571968627,mogi das cruzes,SP
08740,-23.52393265425698,-46.19727241299641,mogi das cruzes,SP
08740,-23.52430961111503,-46.197137578427956,mogi das cruzes,SP
09130,-23.673721369409687,-46.51099324811021,santo andre,SP
09130,-23.673721369409687,-46.51099324811021,santo andre,SP
09130,-23.67415469516706,-46.510800382281296,santo andre,SP
09170,-23.64880467497635,-46.536490710980125,santo andre,SP
09170,-23.674454445015115,-46.50700299500791,santo andré,SP
09170,-23.70066577629982,-46.50611233334289,santo andre,SP
09783,-23.709512999999944,-46.52845999999997,sao bernardo do campo,SP
09783,-23.71582036852603,-46.55036818547442,sao bernardo do campo,SP
09783,-23.724303902337077,-46.525132347414456,sao bernardo do campo,SP
11085,-23.929986142391304,-46.340982748687125,santos,SP
11085,-23.93043088732171,-46.340106657446334,santos,SP
11085,-23.93043088732171,-46.340106657446334,santos,SP
11520,-23.889821494133145,-46.42338805471326,cubatao,SP
11520,-23.890021374041734,-46.42451305640073,cubatao,SP
11520,-23.890376113002798,-46.42312425951186,cubatao,SP
11660,-23.613705644999982,-45.41189949999995,caraguatatuba,SP
11660,-23.61699625119291,-45.41624988614672,caraguatatuba,SP
11660,-23.617318615638535,-45.407730181918225,caraguatatuba,SP
88715,-28.610415374789678,-49.02750082991397,jaguaruna,SC
88715,-28.61353296460721,-49.02550487273755,jaguaruna,SC
88715,-28.61382694331374,-49.02537335460016,jaguaruna,SC
88870,-28.34770431179142,-49.29766766477713,orleans,SC
88870,-28.34770431179142,-49.29766766477713,orleans,SC
88870,-28.34770431179142,-49.29766766477713,orleans,SC
89031,-26.882803470063273,-49.107613095621076,blumenau,SC
89031,-26.884102535897824,-49.10024892363107,blumenau,SC
89031,-26.884238115355682,-49.104250235580544,blumenau,SC
89204,-26.27623549624909,-48.85414245045877,joinville,SC
89204,-26.277636905226856,-48.850813966227584,joinville,SC
89204,-26.277733445467103,-48.85345207507646,joinville,SC
89281,-26.22864092515528,-49.36107480949121,sao bento do sul,SC
89281,-26.233123451939463,-49.361233077221485,são bento do sul,SC
89281,-26.233439142102405,-49.369192029105015,são bento do sul,SC
90650,-30.045946588406657,-51.2009892979399,porto alegre,RS
90650,-30.045946588406657,-51.2009892979399,porto alegre,RS
90650,-30.045946588406657,-51.2009892979399,porto alegre,RS
93700,-29.655169585447425,-51.05041081026738,campo bom,RS
93700,-29.655663077787572,-51.03555732457809,campo bom,RS
93700,-29.656039260075676,-51.073791379124074,campo bom,RS
95200,-28.354268999999945,-50.89424299999996,vacaria,RS
95200,-28.470618,-50.893902,vacaria,RS
95200,-28.470618,-50.893902,vacaria,RS
95885,-29.322968154549425,-51.74427310388025,imigrante,RS
95885,-29.323444415029087,-51.74539850431794,imigrante,RS
95885,-29.32552119830617,-51.74680933521735,imigrante,RS
96080,-31.709245499999998,-52.359902999999996,pelotas,RS
96080,-31.738941680275772,-52.32622991286274,pelotas,RS
96080,-31.742075074383973,-52.3289185316234,pelotas,RS
96230,-33.17987099999995,-53.008972999999955,santa vitoria do palmar,RS
96230,-33.17987099999995,-53.008972999999955,santa vitoria do palmar,RS
96230,-33.17987099999995,-53.008972999999955,santa vitória do palmar,RS
98780,-27.575679907792228,-54.67168165866959,santa rosa,RS
98780,-27.850108668360505,-54.46480764086733,santa rosa,RS
98780,-27.853937234294584,-54.48040262713318,santa rosa,RS
01026,-23.538895356079482,-46.63545499624909,sao paulo,SP
01026,-23.539167607276784,-46.63524162031853,sao paulo,SP
01026,-23.539167607276784,-46.63524162031853,sao paulo,SP
01154,-23.527557136274456,-46.65893957369149,sao paulo,SP
01154,-23.527985856512178,-46.65932442630851,sao paulo,SP
01154,-23.528163143487827,-46.65735354094288,são paulo,SP
01257,-23.539839192336565,-46.68599722468112,sao paulo,SP
01257,-23.539862807663432,-46.68593624257029,sao paulo,SP
01257,-23.540035452680467,-46.687436822090156,sao paulo,SP
01238,-23.539771561198,-46.65032214155458,sao paulo,SP
01238,-23.539771561198,-46.65032214155458,são paulo,SP
01238,-23.540066696087475,-46.65042010491084,sao paulo,SP
01307,-23.502632175688145,-46.69767821940101,sao paulo,SP
01307,-23.545468423827014,-46.64632514654624,sao paulo,SP
01307,-23.548379196779962,-46.654687168330554,sao paulo,SP
01319,-23.55071881932019,-46.641980053840406,são paulo,SP
01319,-23.55071881932019,-46.641980053840406,são paulo,SP
01319,-23.55071881932019,-46.641980053840406,sao paulo,SP
02030,-23.501546612268438,-46.624553047175304,sao paulo,SP
02030,-23.50329594505872,-46.62458322231012,são paulo,SP
02030,-23.504398054538573,-46.624627022882166,sao paulo,SP
02256,-23.471811639188648,-46.58868989064575,são paulo,SP
02256,-23.472768680172784,-46.58934440226088,sao paulo,SP
02256,-23.472842688874113,-46.58922379239998,sao paulo,SP
02227,-23.471106747706184,-46.57759820260836,sao paulo,SP
02227,-23.47120383014023,-46.57800168304575,sao paulo,SP
02227,-23.47180652622771,-46.57494169900167,sao paulo,SP
02257,-23.470766999999995,-46.585350555369615,são paulo,SP
02257,-23.47104689064574,-46.5850625553696,sao paulo,SP
02257,-23.471083229121987,-46.583483541760316,sao paulo,SP
02671,-23.46270895815375,-46.66252119846731,sao paulo,SP
02671,-23.463979494737544,-46.664692406764566,sao paulo,SP
02671,-23.463979494737544,-46.664692406764566,sao paulo,SP
02802,-23.48136249347912,-46.69552156647812,sao paulo,SP
02802,-23.48136249347912,-46.69552156647812,sao paulo,SP
02802,-23.48136249347912,-46.69552156647812,sao paulo,SP
02918,-23.49471019539498,-46.7154828126551,sao paulo,SP
02918,-23.494761188181627,-46.71562328711986,sao paulo,SP
02918,-23.49484964915474,-46.71495542307881,são paulo,SP
03018,-23.528064091032398,-46.610500714409326,sao paulo,SP
03018,-23.528586593946578,-46.61097274285875,sao paulo,SP
03018,-23.528586593946578,-46.61097274285875,sao paulo,SP
03147,-23.59376761197998,-46.57875702386177,são paulo,SP
03147,-23.59376761197998,-46.57875702386177,são paulo,SP
03147,-23.59376761197998,-46.57875702386177,sao paulo,SP
03554,-23.533049944486148,-46.505840390097475,sao paulo,SP
03554,-23.53357301304174,-46.50643366195392,são paulo,SP
03554,-23.53367103857696,-46.5065121947025,sao paulo,SP
04001,-23.56808035249212,-46.6490640325551,sao paulo,SP
04001,-23.568510137200228,-46.64903341773565,sao paulo,SP
04001,-23.56862701748514,-46.649150512493485,sao paulo,SP
04057,-23.603258682209017,-46.649948563419684,sao paulo,SP
04057,-23.60333968220901,-46.6499080634197,sao paulo,SP
04057,-23.60333968220901,-46.6499080634197,sao paulo,SP
04159,-23.62209479156327,-46.60764596502972,sao paulo,SP
04159,-23.62210027061567,-46.60723953497029,sao paulo,SP
04159,-23.62210027061567,-46.60723953497029,sao paulo,SP
04250,-23.618762528997678,-46.599641329447735,sao paulo,SP
04250,-23.618848452680464,-46.598643115182625,são paulo,SP
04250,-23.618848452680464,-46.598643115182625,são paulo,SP
04403,-23.665494939494494,-46.659032763950584,sao paulo,SP
04403,-23.665494939494494,-46.659032763950584,sao paulo,SP
04403,-23.665494939494494,-46.659032763950584,sao paulo,SP
04532,-23.57996893505109,-46.67709331888751,sao paulo,SP
04532,-23.57996893505109,-46.67709331888751,sao paulo,SP
04532,-23.580069097697486,-46.67712217721736,são paulo,SP
04622,-23.624761574590753,-46.68497649446617,são paulo,SP
04622,-23.624792005533827,-46.685088074590766,sao paulo,SP
04622,-23.624792005533827,-46.685088074590766,sao paulo,SP
04675,-23.660455295314183,-46.68610167915058,sao paulo,SP
04675,-23.660455295314183,-46.68610167915058,são paulo,SP
04675,-23.660455295314183,-46.68610167915058,sao paulo,SP
04623,-23.631486893704167,-46.67977958174156,são paulo,SP
04623,-23.63197207660567,-46.67922102123605,são paulo,SP
04623,-23.63263764194096,-46.677769557230924,sao paulo,SP
05065,-23.516265855675456,-46.69598124326278,sao paulo,SP
05065,-23.516670855675457,-46.69590130154659,são paulo,SP
05065,-23.516670855675457,-46.69590130154659,sao paulo,SP
05527,-23.497651267557252,-46.674816925616035,são paulo,SP
05527,-23.506784981412913,-46.51970165462377,sao paulo,SP
05527,-23.59688847377228,-46.74819289355992,sao paulo,SP
38411,-18.92984082062083,-48.29253211483376,uberlandia,MG
38411,-18.92984082062083,-48.29253211483376,uberlândia,MG
38411,-18.92984082062083,-48.29253211483376,uberlandia,MG
38950,-19.47473360834866,-46.53871346745146,ibia,MG
38950,-19.474805140661605,-46.53992224460137,ibia,MG
38950,-19.475246976149002,-46.537372348599284,ibia,MG
39560,-15.957912574760421,-42.29481418978545,salinas,MG
39560,-15.95806059458834,-42.298065756805926,salinas,MG
39560,-16.149323665925433,-42.2881417537212,salinas,MG
39885,-17.234656985485422,-40.90803650075289,crisolita,MG
39885,-17.238495998569743,-40.91060478003025,crisolita,MG
39885,-17.239186988317098,-40.91447654037743,crisolita,MG
40470,-12.838882921272374,-38.467273634612305,salvador,BA
40470,-12.842505000000001,-38.46816674999998,salvador,BA
40470,-12.842505000000001,-38.46816674999998,salvador,BA
45263,-14.37133631769497,-40.50646665415596,bom jesus da serra,BA
45263,-14.37250183546787,-40.50721796963149,bom jesus da serra,BA
45263,-14.37250183546787,-40.50721796963149,bom jesus da serra,BA
45810,-16.351391203403235,-39.015857955403376,porto seguro,BA
45810,-16.378671829920595,-39.034748177158654,porto seguro,BA
45810,-16.379693384447503,-39.03448423013279,porto seguro,BA
45980,-17.11510999999996,-39.18521999999996,prado,BA
45980,-17.115832125390696,-39.18885028491169,prado,BA
45980,-17.324463764293327,-39.237678912424826,prado,BA
49070,-10.872196655105109,-37.05865240675774,aracaju,SE
49070,-10.877975057995343,-37.07747975422704,aracaju,SE
49070,-10.881683577955364,-37.075441288977665,aracaju,SE
51240,-8.117433171765509,-34.93963066643054,recife,PE
51240,-8.117441482369038,-34.93963630576865,recife,PE
51240,-8.117989655826632,-34.940023833100035,recife,PE
55014,-8.2551374094003,-35.979583981822366,caruaru,PE
55014,-8.25592577334899,-35.98093980752527,caruaru,PE
55014,-8.25677487509488,-35.97676710017169,caruaru,PE
57304,-9.753794128731288,-36.66201411384916,arapiraca,AL
57304,-9.755672817691154,-36.663998761731634,arapiraca,AL
57304,-9.757670159460728,-36.661412657419,arapiraca,AL
58075,-7.172620072162274,-34.86503164585374,joao pessoa,PB
58075,-7.172800393202496,-34.886071977071346,joao pessoa,PB
58075,-7.172980072162274,-34.86505062031852,joão pessoa,PB
59010,-5.761580327457915,-35.20292394458591,natal,RN
59010,-5.761580327457915,-35.20292394458591,natal,RN
59010,-5.767127808533482,-35.20246471280021,natal,RN
59900,-6.0936149999999465,-38.16302299999995,pau dos ferros,RN
59900,-6.101156413122767,-38.20456609038299,pau dos ferros,RN
59900,-6.102194262442939,-38.20537767873838,pau dos ferros,RN
60532,-3.764792999999944,-38.614048999999966,fortaleza,CE
60532,-3.7657469999999442,-38.61448999999996,fortaleza,CE
60532,-3.766070999999947,-38.614750999999956,fortaleza,CE
63460,-6.042827097025981,-38.45991955740669,pereiro,CE
63460,-6.0434460925254445,-38.459886034621874,pereiro,CE
63460,-6.043778920902564,-38.45873028274041,pereiro,CE
64208,-2.9117292133041026,-41.757025487353616,parnaiba,PI
64208,-2.912777762990288,-41.750393274061,parnaiba,PI
64208,-2.912789130538055,-41.75378657724623,parnaiba,PI
65073,-2.4945291618096803,-44.24212248903572,sao luis,MA
65073,-2.495344327226039,-44.24373934041202,sao luis,MA
65073,-2.503284862589017,-44.23762304964391,são luís,MA
65560,-3.391164901576074,-42.20307525131338,magalhaes de almeida,MA
65560,-3.391164901576074,-42.20307525131338,magalhaes de almeida,MA
65560,-3.3935941065501263,-42.20641575440732,magalhaes de almeida,MA
65760,-5.089362132651725,-44.455365810662116,presidente dutra,MA
65760,-5.279842073937965,-44.50066204203267,presidente dutra,MA
65760,-5.280943774518964,-44.4961049259711,presidente dutra,MA
67020,-1.3456773303504956,-48.390335976101966,ananindeua,PA
67020,-1.3458165255545724,-48.38987597314043,ananindeua,PA
67020,-1.3460795717421268,-48.389698000592226,ananindeua,PA
67013,-1.3280813691751379,-48.37209780206829,ananindeua,PA
67013,-1.3283812572388707,-48.3723044262054,ananindeua,PA
67013,-1.3285587610075043,-48.37230049880423,ananindeua,PA
69075,-3.014929212573005,-59.98438413432934,manaus,AM
69075,-3.0980476622473794,-59.94780452026639,manaus,AM
69075,-3.101665774771721,-59.95300879072563,manaus,AM
19780,-22.236662312619167,-50.71095697712845,quatá,SP
19780,-22.236736538941884,-50.71100504537961,quata,SP
19780,-22.23682596848221,-50.710604357276424,quata,SP
20051,-22.901463073547255,-43.18265664418031,rio de janeiro,RJ
20051,-22.901463073547255,-43.18265664418031,rio de janeiro,RJ
20051,-22.901463073547255,-43.18265664418031,rio de janeiro,RJ
20070,-22.900037500692495,-43.18146880099832,rio de janeiro,RJ
20070,-22.900076517629373,-43.181512250072124,rio de janeiro,RJ
20070,-22.900076517629373,-43.181512250072124,rio de janeiro,RJ
20941,-22.899136808500156,-43.21727754356861,rio de janeiro,RJ
20941,-22.899461069764268,-43.21796954685687,rio de janeiro,RJ
20941,-22.899461069764268,-43.21796954685687,rio de janeiro,RJ
20931,-22.85113953026077,-43.24426149882883,rio de janeiro,RJ
20931,-22.873981319701922,-43.21308714188783,rio de janeiro,RJ
20931,-22.87405130279921,-43.21316288246906,rio de janeiro,RJ
21210,-22.837742528997666,-43.288533,rio de janeiro,RJ
21210,-22.8377940446938,-43.29044675214959,rio de janeiro,RJ
21210,-22.837802321686116,-43.29001473619365,rio de janeiro,RJ
21220,-22.820175000000006,-43.37577225,rio de janeiro,RJ
21220,-22.839420280310534,-43.3122396978765,rio de janeiro,RJ
21220,-22.839420280310534,-43.3122396978765,rio de janeiro,RJ
22060,-22.973570675543908,-43.18994628157996,rio de janeiro,RJ
22060,-22.97376932445609,-43.18999721842004,rio de janeiro,RJ
22060,-22.973776617260107,-43.190075288793295,rio de janeiro,RJ
22240,-22.931076279214018,-43.178304206215024,rio de janeiro,RJ
22240,-22.93110556092042,-43.178447752876316,rio de janeiro,RJ
22240,-22.931146308644383,-43.178491713428386,rio de janeiro,RJ
22220,-22.922239274770618,-43.17715123120199,rio de janeiro,RJ
22220,-22.922780919787645,-43.17725180780767,rio de janeiro,RJ
22220,-22.922780919787645,-43.17725180780767,rio de janeiro,RJ
23080,-22.891160799737143,-43.566131387962244,rio de janeiro,RJ
23080,-22.891902139332874,-43.56588878602335,rio de janeiro,RJ
23080,-22.892902113797653,-43.565437293236705,rio de janeiro,RJ
24230,-21.212466257417603,-41.8892076421707,niteroi,RJ
24230,-21.212466257417603,-41.8892076421707,niteroi,RJ
24230,-21.212466257417603,-41.8892076421707,niteroi,RJ
24933,-22.929589770080547,-42.798073618304116,marica,RJ
24933,-22.929863470419928,-42.79823902958007,marica,RJ
24933,-22.938076555608646,-42.758954537700916,marica,RJ
25975,-22.379789300034645,-42.92663232690309,teresopolis,RJ
25975,-22.379789300034645,-42.92663232690309,teresopolis,RJ
25975,-22.379789300034645,-42.92663232690309,teresopolis,RJ
26574,-22.772010479893215,-43.41330890849943,mesquita,RJ
26574,-22.773454627758895,-43.41384307413702,mesquita,RJ
26574,-22.775853584227168,-43.40387680089289,mesquita,RJ
26562,-22.764926971239504,-43.42368549863044,mesquita,RJ
26562,-22.764926971239504,-43.42368549863044,mesquita,RJ
26562,-22.765544112172595,-43.42390734612146,mesquita,RJ
27185,-22.57814221741737,-43.99620640919689,arrozal,RJ
27185,-22.581721935675755,-44.0286813500086,arrozal,RJ
27185,-22.597632364796343,-44.03458766103339,arrozal,RJ
27274,-22.4971562514571,-44.12272076686477,volta redonda,RJ
27274,-22.497182748542897,-44.12266173313524,volta redonda,RJ
27274,-22.497408251457088,-44.122721741329535,volta redonda,RJ
27521,-22.464020169023037,-44.468993620030055,resende,RJ
27521,-22.464020169023037,-44.468993620030055,resende,RJ
27521,-22.464495010271783,-44.46696776074792,resende,RJ
28200,-21.621944978095733,-41.020495589257436,sao joao da barra,RJ
28200,-21.627509267316587,-41.01955986546185,sao joao da barra,RJ
28200,-21.63070896305937,-41.02075346941746,sao joao da barra,RJ
28540,-22.006732893524774,-42.36413174769224,cordeiro,RJ
28540,-22.00786928786367,-42.36808093931838,cordeiro,RJ
28540,-22.008947304839936,-42.36792231355799,cordeiro,RJ
28570,-21.637665891531682,-41.994170119107295,itaocara,RJ
28570,-21.659621591244154,-42.069047807536826,itaocara,RJ
28570,-21.65962644779614,-42.068904221743416,itaocara,RJ
72120,-15.80037769745252,-48.05822800551694,brasilia,DF
72120,-15.801390880312153,-48.057883956791876,brasilia,DF
72120,-15.801587534539994,-48.062000584829825,brasilia,DF
72547,-16.000950746408343,-47.993964003774586,brasilia,DF
72547,-16.00157554419623,-47.99344896875608,santa maria,DF
72547,-16.00159900273691,-47.991568643355954,brasilia,DF
73900,-14.072284117593586,-46.35121971781072,posse,GO
73900,-14.072614558508779,-46.352867995056286,posse,GO
73900,-14.073735510047984,-46.35379683830797,posse,GO
74140,-16.687185587570074,-49.270760091060275,goiania,GO
74140,-16.68735053079784,-49.27070707359421,goiania,GO
74140,-16.68749144976302,-49.27605608636129,goiania,GO
74785,-16.639472999999946,-49.18449949999996,goiania,GO
74785,-16.639706999999945,-49.186213999999964,goiania,GO
74785,-16.64003711900202,-49.19306847325997,goiania,GO
74913,-16.755785999999993,-49.26631949999999,aparecida de goiania,GO
74913,-16.756194954326602,-49.25334237452181,aparecida de goiania,GO
74913,-16.756238421337912,-49.248986876243556,aparecida de goiânia,GO
76300,-15.267683999999946,-49.653723499999955,ceres,GO
76300,-15.270725999999947,-49.63113349999996,ceres,GO
76300,-15.270725999999947,-49.63113349999996,ceres,GO
76420,-14.159406273168294,-48.33869165483872,niquelândia,GO
76420,-14.455509897018354,-48.42881396852423,niquelandia,GO
76420,-14.45577649781645,-48.428786153250066,niquelândia,GO
78635,-14.02475302686139,-52.1721172807354,água boa,MT
78635,-14.025213969389535,-52.17269381216192,agua boa,MT
78635,-14.026254496251589,-52.173125958310486,agua boa,MT
80045,-25.361926904029882,-49.263909661001684,curitiba,PR
80045,-25.362083346187404,-49.263869340269615,curitiba,PR
80045,-25.389406078827367,-49.263099715794304,curitiba,PR
81920,-25.533754679987315,-49.25409708604073,curitiba,PR
81920,-25.533879621703505,-49.25429958604073,curitiba,PR
81920,-25.534750491122892,-49.25537568295432,curitiba,PR
82400,-25.381285459893817,-49.33654667277395,curitiba,PR
82400,-25.382419897646958,-49.35300901573542,curitiba,PR
82400,-25.387497063275475,-49.35145563460102,curitiba,PR
83005,-25.52621377147577,-49.20067534503349,sao jose dos pinhais,PR
83005,-25.52738683847878,-49.20080298848747,sao jose dos pinhais,PR
83005,-25.528894345902458,-49.19950711201753,sao jose dos pinhais,PR
83323,-25.432332355588542,-49.196163802671755,pinhais,PR
83323,-25.432332355588542,-49.196163802671755,pinhais,PR
83323,-25.432332355588542,-49.196163802671755,pinhais,PR
84270,-24.312225435957846,-50.64865903100181,telemaco borba,PR
84270,-24.312637373829443,-50.64941161843346,telemaco borba,PR
84270,-24.31323601730415,-50.65004584071982,telemaco borba,PR
85023,-25.41686070886941,-51.4796387016274,guarapuava,PR
85023,-25.418290499999998,-51.48297900000001,guarapuava,PR
85023,-25.418290499999998,-51.48297900000001,guarapuava,PR
85506,-26.22399209698165,-52.66863780883403,pato branco,PR
85506,-26.23420980333272,-52.67590643455886,pato branco,PR
85506,-26.235895507114776,-52.66497862186714,pato branco,PR
85851,-25.50787229004766,-54.58471239770619,foz do iguaçu,PR
85851,-25.520120580782976,-54.58996020698533,foz do iguacu,PR
85851,-25.527048147966777,-54.54559809843217,foz do iguacu,PR
85804,-24.9811107561573,-53.48076125424385,cascavel,PR
85804,-24.9811107561573,-53.48076125424385,cascavel,PR
85804,-24.981191863725538,-53.493000696895535,cascavel,PR
85815,-24.92621102109182,-53.43131376646073,cascavel,PR
85815,-24.926500037191982,-53.43126175517934,cascavel,PR
85815,-24.927614633360268,-53.42579174813888,cascavel,PR
85887,-23.750595960033028,-51.3039763863886,matelandia,PR
85887,-23.750683692962482,-51.30405996885578,matelandia,PR
85887,-25.189274635820077,-53.93879087846068,matelândia,PR
85903,-24.70302091401932,-53.76875827259698,toledo,PR
85903,-24.703559817405708,-53.77110637014379,toledo,PR
85903,-24.70365967937212,-53.77229001635438,toledo,PR
86049,-23.36297332944774,-51.15188353938502,londrina,PR
86049,-23.368238329996007,-51.15223443173287,londrina,PR
86049,-23.368238329996007,-51.15223443173287,londrina,PR
86060,-23.299739369438353,-51.18417336816895,londrina,PR
86060,-23.30231147515726,-51.17900216276197,londrina,PR
86060,-23.302932238107136,-51.1788620238428,londrina,PR
87120,-23.607573858590353,-52.08395551318225,floresta,PR
87120,-23.60935111711398,-52.08617500356816,floresta,PR
87120,-23.60948188671784,-52.078800075951236,floresta,PR
87303,-24.0272896040587,-52.371428390323004,campo mourao,PR
87303,-24.028400890154508,-52.376309835703594,campo mourao,PR
87303,-24.0286283782688,-52.37637276930148,campo mourao,PR
88080,-27.580969980841413,-48.54275722370017,florianópolis,SC
88080,-27.599494960673503,-48.576507821261124,florianopolis,SC
88080,-27.599793212880126,-48.5797022231519,florianópolis,SC
88135,-27.66534868122975,-48.6760749514209,palhoca,SC
88135,-27.66534868122975,-48.6760749514209,palhoca,SC
88135,-27.66543286440263,-48.67711774275055,palhoca,SC
88123,-27.56466220593523,-48.720762425530914,sao jose,SC
88123,-27.566993936029736,-48.72085714987462,sao jose,SC
88123,-27.567082534772293,-48.720879944696726,são josé,SC
88137,-27.6202874140652,-48.686717505728986,palhoça,SC
88137,-27.62045679183874,-48.67360666564265,palhoca,SC
88137,-27.621012928932153,-48.68620508701811,palhoca,SC
29010,-20.31781253733621,-40.329195332650386,vitoria,ES
29010,-20.31781253733621,-40.329195332650386,vitoria,ES
29010,-20.317873640862086,-40.329726062294505,vitoria,ES
29055,-20.293467547607996,-40.292668404928236,vitória,ES
29055,-20.293467547607996,-40.292668404928236,vitoria,ES
29055,-20.293467547607996,-40.292668404928236,vitoria,ES
29161,-20.118379684883223,-40.29729554779567,serra,ES
29161,-20.148439211697486,-40.18513028441446,serra,ES
29161,-20.149893945332455,-40.196329557569264,serra,ES
29107,-20.34364502251399,-40.2960624361249,vila velha,ES
29107,-20.34364502251399,-40.2960624361249,vila velha,ES
29107,-20.344758392549732,-40.298280926807024,vila velha,ES
30510,-19.79984510297761,-43.92442886441802,belo horizonte,MG
30510,-19.79984510297761,-43.92442886441802,belo horizonte,MG
30510,-19.804021319708454,-43.98827837949748,belo horizonte,MG
30660,-19.828871003895134,-43.929950496104844,belo horizonte,MG
30660,-19.852911852283324,-43.89431016779726,belo horizonte,MG
30660,-19.9823222828207,-44.03102542492354,belo horizonte,MG
31840,-19.832117018870115,-43.92003556604544,belo horizonte,MG
31840,-19.83295531476083,-43.92033739901885,belo horizonte,MG
31840,-19.834481843347966,-43.91995668209706,belo horizonte,MG
31990,-19.813012062937105,-43.94678599460189,belo horizonte,MG
31990,-19.846092394396656,-43.89734935775293,belo horizonte,MG
31990,-19.847882482385412,-43.89115870929084,belo horizonte,MG
32370,-19.832337689477523,-44.01899805017668,contagem,MG
32370,-19.87100886903715,-44.08018058361188,contagem,MG
32370,-19.890553724604132,-44.08341778247489,contagem,MG
32671,-19.935157220122154,-44.10759473189448,betim,MG
32671,-19.93952003274858,-44.18153286511052,betim,MG
32671,-19.93952003274858,-44.18153286511052,betim,MG
34300,-20.071702399375297,-43.78292744534458,rio acima,MG
34300,-20.073298528933606,-43.77969534962844,rio acima,MG
34300,-20.080164620673568,-43.77683911798109,rio acima,MG
35460,-20.073800870218797,-44.04546819239375,brumadinho,MG
35460,-20.074110294300773,-44.04523573024247,brumadinho,MG
35460,-20.07842429685097,-44.04623037029973,brumadinho,MG
35502,-20.097432389999938,-44.90669799999995,divinopolis,MG
35502,-20.10014470632069,-44.87516746972668,divinopolis,MG
35502,-20.100614596081954,-44.874580999860044,divinopolis,MG
35530,-20.36409433606234,-44.68703769583337,claudio,MG
35530,-20.368118515932423,-44.68755682008131,claudio,MG
35530,-20.368118515932423,-44.68755682008131,claudio,MG
35720,-19.532070813244662,-44.08037350999583,matozinhos,MG
35720,-19.53338643445993,-44.08254476477867,matozinhos,MG
35720,-19.5340535106223,-44.081876442407214,matozinhos,MG
35970,-19.837967550250934,-43.44251230319029,barão de cocais,MG
35970,-19.85144096063375,-43.44727221790266,barao de cocais,MG
35970,-19.85144096063375,-43.44727221790266,barao de cocais,MG
36046,-21.724927055614682,-43.360137755362686,juiz de fora,MG
36046,-21.72555403723513,-43.35089298099619,juiz de fora,MG
36046,-21.72606804284466,-43.35306922225976,juiz de fora,MG
36204,-21.19634482558628,-43.75790429987627,barbacena,MG
36204,-21.19636870114837,-43.7507427565801,barbacena,MG
36204,-21.196475886429816,-43.75085146288307,barbacena,MG
36784,-21.307840192399475,-42.81238363393044,dona euzébia,MG
36784,-21.308022025079158,-42.81777884074927,dona euzebia,MG
36784,-21.309525990309897,-42.81266347888431,dona euzebia,MG
37010,-21.554777684359557,-45.44639197156725,varginha,MG
37010,-21.555009449999627,-45.44235577773678,varginha,MG
37010,-21.555063222033205,-45.44759883066788,varginha,MG
37240,-21.50687834986801,-44.90138281482669,luminarias,MG
37240,-21.508155102606583,-44.89629038818563,luminarias,MG
37240,-21.509495103452092,-44.90763518982753,luminarias,MG
37485,-21.997555156030874,-45.289501176849654,jesuania,MG
37485,-21.99771602536409,-45.289333380994684,jesuania,MG
37485,-21.99817466985998,-45.290468459268624,jesuania,MG
37500,-22.40912235831935,-45.45066918482325,itajuba,MG
37500,-22.40979116685312,-45.44600817470175,itajuba,MG
37500,-22.410520958815727,-45.44677100844564,itajuba,MG
37800,-21.29045242853022,-46.72620766403139,guaxupe,MG
37800,-21.2924901895666,-46.70998684609615,guaxupe,MG
37800,-21.2924901895666,-46.70998684609615,guaxupe,MG
11730,-24.074301692083626,-46.631971197213396,mongagua,SP
11730,-24.08785248923893,-46.608480452296405,mongagua,SP
11730,-24.087922450410446,-46.60837973896158,mongagua,SP
12243,-23.07803021099994,-45.966489999999965,sao jose dos campos,SP
12243,-23.07803021099994,-45.966489999999965,sao jose dos campos,SP
12243,-23.07803021099994,-45.966489999999965,sao jose dos campos,SP
12211,-23.155791004692354,-45.8973073974291,sao jose dos campos,SP
12211,-23.156130097378846,-45.89990266542209,sao jose dos campos,SP
12211,-23.15741911100374,-45.89391008841073,sao jose dos campos,SP
12320,-23.30923387898898,-45.974374737578614,jacareí,SP
12320,-23.309520087425714,-45.9748056895666,jacarei,SP
12320,-23.309520087425714,-45.9748056895666,jacareí,SP
12570,-22.827252622250395,-45.216493253335756,aparecida,SP
12570,-22.828285225373605,-45.21605640911182,aparecida,SP
12570,-22.82857419983839,-45.21581438357661,aparecida,SP
12506,-22.799492529853726,-45.21124630513974,guaratingueta,SP
12506,-22.800756160626378,-45.211529095410675,guaratingueta,SP
12506,-22.801010766476434,-45.21298596866387,guaratingueta,SP
12940,-23.10083372439267,-46.55334887039065,atibaia,SP
12940,-23.10207669830917,-46.55459623535692,atibaia,SP
12940,-23.10207669830917,-46.55459623535692,atibaia,SP
13052,-22.96090066556059,-47.120891259507175,campinas,SP
13052,-22.961632644460963,-47.12238402288201,campinas,SP
13052,-22.963412692480794,-47.11982646266377,campinas,SP
13030,-22.919047250620377,-47.07199744976628,campinas,SP
13030,-22.919462284090436,-47.07371475681428,campinas,SP
13030,-22.92075398112987,-47.07273258396326,campinas,SP
13186,-22.871477266327354,-47.21876700796191,hortolandia,SP
13186,-22.871477266327354,-47.21876700796191,hortolandia,SP
13186,-22.871477266327354,-47.21876700796191,hortolandia,SP
13274,-22.95877156958587,-46.9838103445067,valinhos,SP
13274,-22.95903227156656,-46.98385239131081,valinhos,SP
13274,-22.95971698875749,-46.980423397001985,valinhos,SP
13330,-23.074320357829134,-47.20527855612951,indaiatuba,SP
13330,-23.074329248745887,-47.205283729026526,indaiatuba,SP
13330,-23.074621060635305,-47.20531358670336,indaiatuba,SP
13335,-23.06595991616646,-47.19080421499228,indaiatuba,SP
13335,-23.06595991616646,-47.19080421499228,indaiatuba,SP
13335,-23.06595991616646,-47.19080421499228,indaiatuba,SP
13561,-21.997176953841276,-47.89594585276781,sao carlos,SP
13561,-22.000899004974343,-47.89985344216343,são carlos,SP
13561,-22.004600494904036,-47.90079025963672,sao carlos,SP
13660,-21.830637020768787,-47.46998831966932,porto ferreira,SP
13660,-21.830663514945762,-47.47028080405443,porto ferreira,SP
13660,-21.83209020040598,-47.47612220381872,porto ferreira,SP
13641,-21.92032182632114,-47.36073445425004,pirassununga,SP
13641,-21.92209633403245,-47.36309493072696,pirassununga,SP
13641,-21.92307090817436,-47.362443741607414,pirassununga,SP
13901,-22.67918216374851,-46.77853407293786,amparo,SP
13901,-22.680320521784317,-46.77895484110451,amparo,SP
13901,-22.682421924850665,-46.77785249964052,amparo,SP
13973,-22.43824180946191,-46.82054977463723,itapira,SP
13973,-22.4398928755439,-46.820073202801915,itapira,SP
13973,-22.4398928755439,-46.820073202801915,itapira,SP
13912,-22.677391233094685,-46.9871433186744,jaguariuna,SP
13912,-22.68089426894224,-46.981555465029714,jaguariúna,SP
13912,-22.682187579934805,-46.98217214952621,jaguariuna,SP
14085,-21.154204456287147,-47.792606982514855,ribeirão preto,SP
14085,-21.154231173466442,-47.79337192492355,ribeirao preto,SP
14085,-21.154476290034058,-47.79133164363204,ribeirão preto,SP
14022,-21.216134484210986,-47.78082077379845,ribeirao preto,SP
14022,-21.216134484210986,-47.78082077379845,ribeirao preto,SP
14022,-21.216134484210986,-47.78082077379845,ribeirao preto,SP
14091,-21.18200863113856,-47.79991158866647,ribeirao preto,SP
14091,-21.183940917017683,-47.797294997778295,ribeirao preto,SP
14091,-21.18447546932888,-47.7976153627446,ribeirão preto,SP
14170,-21.13515125112647,-48.01418738288236,sertaozinho,SP
14170,-21.13545749452011,-48.00048530150947,sertaozinho,SP
14170,-21.135595690030588,-47.999550095655195,sertaozinho,SP
14840,-21.348960841869747,-48.22125650903609,guariba,SP
14840,-21.349120513405957,-48.225083361841826,guariba,SP
14840,-21.34918279055157,-48.225027312410774,guariba,SP
15115,-20.90534195946848,-49.46568477237671,bady bassitt,SP
15115,-20.907659141884515,-49.44620189576594,bady bassitt,SP
15115,-20.90767997469579,-49.44759295791042,bady bassitt,SP
15970,-21.445661999999945,-48.37356349999996,santa ernestina,SP
15970,-21.445661999999945,-48.37356349999996,santa ernestina,SP
15970,-21.445661999999945,-48.37356349999996,santa ernestina,SP
16304,-21.42893484218777,-50.08356716010758,penapolis,SP
16304,-21.4290168769285,-50.07943187382083,penapolis,SP
16304,-21.429030983314327,-50.08407485039899,penápolis,SP
17011,-22.325365704368128,-49.05249542337294,bauru,SP
17011,-22.325856344328585,-49.0557662833495,bauru,SP
17011,-22.325856344328585,-49.0557662833495,bauru,SP
17210,-22.275647727451084,-48.524405590195656,jau,SP
17210,-22.275712592561604,-48.52578663405277,jau,SP
17210,-22.276585676380634,-48.522806659587985,jau,SP
17516,-22.215053210658425,-49.93555349180569,marilia,SP
17516,-22.215961357760495,-49.93503329469807,marília,SP
17516,-22.216851889940017,-49.933768900888744,marilia,SP
17580,-22.088940911051445,-50.18549660520542,pompeia,SP
17580,-22.08959121946522,-50.18809408145721,pompeia,SP
17580,-22.08959121946522,-50.18809408145721,pompeia,SP
17514,-22.174028548815794,-49.915468679943764,marilia,SP
17514,-22.174028548815794,-49.915468679943764,marília,SP
17514,-22.174028548815794,-49.915468679943764,marilia,SP
17680,-21.85344557009584,-50.68777755143762,iacri,SP
17680,-21.854757936023354,-50.69146620517951,iacri,SP
17680,-21.854910615373846,-50.685709179501515,iacri,SP
18230,-23.517837368331502,-46.44115630453018,sao miguel arcanjo,SP
18230,-23.84648320252091,-48.18495291154494,são miguel arcanjo,SP
18230,-23.84665610705456,-48.20401270802846,são miguel arcanjo,SP
18540,-23.183989330238607,-47.53495572981577,porto feliz,SP
18540,-23.18443334047748,-47.53597890407866,porto feliz,SP
18540,-23.18455733681163,-47.53568294095214,porto feliz,SP
05640,-23.604365965029714,-46.74717833458362,sao paulo,SP
05640,-23.604365965029714,-46.74717833458362,são paulo,SP
05640,-23.60598710713255,-46.74633577629984,sao paulo,SP
05613,-23.587593904524212,-46.71442059824575,sao paulo,SP
05613,-23.588602082584334,-46.71162076379026,sao paulo,SP
05613,-23.588602082584334,-46.71162076379026,sao paulo,SP
05782,-23.647428701915853,-46.766280599082485,são paulo,SP
05782,-23.647428701915853,-46.766280599082485,sao paulo,SP
05782,-23.647428701915853,-46.766280599082485,sao paulo,SP
06311,-23.51829201893079,-46.85192128324788,carapicuíba,SP
06311,-23.51829201893079,-46.85192128324788,carapicuiba,SP
06311,-23.51829201893079,-46.85192128324788,carapicuiba,SP
06454,-23.49064308307199,-46.868883387966534,barueri,SP
06454,-23.49168842533638,-46.844048137497985,barueri,SP
06454,-23.49168842533638,-46.844048137497985,barueri,SP
06429,-23.48450995849779,-46.9509560806368,barueri,SP
06429,-23.484639935445752,-46.95243691526072,barueri,SP
06429,-23.485845040000385,-46.94569825138166,barueri,SP
06826,-23.650001246176974,-46.79485204273192,embu das artes,SP
06826,-23.650307109902514,-46.79526070454159,embu das artes,SP
06826,-23.650396058162226,-46.79459642011706,embu das artes,SP
07052,-23.464055598389976,-46.55395241035259,guarulhos,SP
07052,-23.464596101304167,-46.553516188037406,guarulhos,SP
07052,-23.46535928864908,-46.55428974271453,guarulhos,SP
07132,-23.426433943701284,-46.51029248263113,guarulhos,SP
07132,-23.427896280599,-46.513536087425706,guarulhos,SP
07132,-23.428066306134227,-46.513637722315195,guarulhos,SP
07411,-23.40063569969415,-46.336742040942895,aruja,SP
07411,-23.400759068939767,-46.340164431060224,arujá,SP
07411,-23.400823598431884,-46.338814449960765,aruja,SP
08072,-23.484438199586577,-46.46083549309606,sao paulo,SP
08072,-23.484793151229585,-46.45876129594489,sao paulo,SP
08072,-23.48511866069502,-46.46130642409953,sao paulo,SP
08021,-23.49552264723873,-46.43641174034859,sao paulo,SP
08021,-23.495696999999993,-46.42997402164007,sao paulo,SP
08021,-23.495831999999993,-46.43003196003805,sao paulo,SP
08253,-23.534833986958255,-46.43913272023771,sao paulo,SP
08253,-23.53487703857697,-46.43902122147848,sao paulo,SP
08253,-23.536286528900884,-46.4379569687811,sao paulo,SP
08566,-23.54003725506377,-46.34784556855558,poa,SP
08566,-23.543230530039015,-46.34514875639047,poa,SP
08566,-23.543885231750256,-46.34415439508913,poa,SP
08575,-23.49428327183172,-46.36004681535485,itaquaquecetuba,SP
08575,-23.494333139939616,-46.35880387586574,itaquaquecetuba,SP
08575,-23.494908739309405,-46.361102366722456,itaquaquecetuba,SP
08780,-23.51447601120919,-46.175772885740045,mogi das cruzes,SP
08780,-23.514617459330186,-46.17505752128921,mogi das cruzes,SP
08780,-23.514617459330186,-46.17505752128921,mogi das cruzes,SP
08820,-23.501951745810917,-46.14870074719779,mogi das cruzes,SP
08820,-23.50201202418485,-46.14578459444999,mogi das cruzes,SP
08820,-23.502039339276614,-46.151621345492146,mogi das cruzes,SP
09220,-23.61147723313523,-46.544111938369305,santo andre,SP
09220,-23.615616510675817,-46.53775350000001,santo andre,SP
09220,-23.615616510675817,-46.53775350000001,santo andré,SP
09271,-23.635683953372943,-46.5030439200761,santo andre,SP
09271,-23.635683953372943,-46.5030439200761,santo andre,SP
09271,-23.635683953372943,-46.5030439200761,santo andre,SP
09270,-23.631696355819685,-46.48777683068848,santo andre,SP
09270,-23.632883446416507,-46.53665349574197,santo andre,SP
09270,-23.63364554232788,-46.488859035114515,santo andre,SP
09531,-23.618064353108924,-46.572363154855935,sao caetano do sul,SP
09531,-23.61809360560334,-46.57260270483005,sao caetano do sul,SP
09531,-23.618112463788968,-46.57029325145709,sao caetano do sul,SP
09732,-23.679593466818723,-46.56318300000001,sao bernardo do campo,SP
09732,-23.679650460470743,-46.562454,sao bernardo do campo,SP
09732,-23.68029405969744,-46.56146670788847,sao bernardo do campo,SP
09810,-23.7106077485429,-46.56677151110851,sao bernardo do campo,SP
09810,-23.711422375605743,-46.56697028028711,sao bernardo do campo,SP
09810,-23.711422375605743,-46.56697028028711,sao bernardo do campo,SP
09941,-23.67083247377228,-46.61020139884006,diadema,SP
09941,-23.670859473772282,-46.61020343158864,diadema,SP
09941,-23.671064042472107,-46.601024192192334,diadema,SP
11055,-23.958086468780625,-46.32743518789316,santos,SP
11055,-23.958493093254095,-46.3279537707599,santos,SP
11055,-23.958493093254095,-46.3279537707599,santos,SP
11250,-23.710935679126546,-45.873384854648435,bertioga,SP
11250,-23.716121336802946,-45.87249206997285,bertioga,SP
11250,-23.716121336802946,-45.87249206997285,bertioga,SP
11661,-23.61570579163751,-45.40319279701183,caraguatatuba,SP
11661,-23.615852061265382,-45.403095938473676,caraguatatuba,SP
11661,-23.616016455640967,-45.40062925533035,caraguatatuba,SP
