order_id,order_item_id,product_id,seller_id,shipping_limit_date,price,freight_value
0e05c0027e31a0a9cf1074ec1b95c8da,1,2ebf71f199b0f3f3331af7d426ad714c,4c18691b6037662be2df78a765d98ab5,2018-04-04 22:47:21,39.95,17.93
0e2fe4a9435f66fade2904a904a0adaa,1,3a58b2c6aa002adafb77ac772f768975,a3a38f4affed601eb87a97788c949667,2017-03-07 21:02:17,42.90,15.56
0e3737a398f635ed0c0957a0320781ec,1,b86342c63a6cf10c0bd92517b1a592bc,080199a181c46c657dc5aa235411be3b,2018-01-11 13:07:18,179.49,9.45
0e4160cbbf3110c620fe17602e306360,1,4e27772a66624ce9308a0eb8b989ebe7,1336efc61c316ddf92c899eb817f7cae,2017-05-11 10:10:12,29.00,20.80
0e4b26f1fb99fc0f0472dd5f403d36d4,1,e71f3cd0a0ef69b7fd173b32322dc6da,520b493b57809f446cb0a233bb3e25c7,2017-11-09 16:30:29,28.00,9.94
0e54e7e8b39dfc550dfab97b23c7b582,1,386eebb43722ab502f04f7900bd2451b,8b28d096634035667e8263d57ba3368c,2018-05-22 12:15:14,57.90,12.85
0e6f08a9522bf9b1287fb24ab250dd81,1,1d1021f2e10ec199e91f5a80355fdaf5,d91fb3b7d041e83b64a00a3edfb37e4f,2018-08-19 22:45:20,166.29,9.85
0e784a85d6f7aa0ffe9a41d81f5a4ecf,1,1613b819ab5dae53aead2dbb4ebdb378,16090f2ca825584b5a147ab24aa30c86,2018-08-06 05:15:25,27.90,7.46
0e7a304b49a353318a2ea193bfb5523e,1,df73a8f4ff200bb4571bbb961c6f6987,db4350fd57ae30082dec7acbaacc17f9,2017-06-29 14:35:19,14.99,11.85
0e81d9aa94c69d14faa155f1a91ed4ff,1,af9c4277d06aa18aabbfebbe94ee9c79,066a6914e1ebf3ea95a216c73a986b91,2017-10-04 23:28:29,159.99,21.61
0e83ca298ee53c0b92b5d46350262470,1,44afebe5ba695261a126f43a4b29d814,520b493b57809f446cb0a233bb3e25c7,2017-05-22 16:15:18,90.00,12.58
0e889e74cffcea6930673d6011321633,1,a5341e3f8155dbb3e62323d3ea289729,ff063b022a9a0aab91bad2c9088760b7,2017-12-11 10:48:17,93.00,16.28
0e8bbbedc5dffd859a8386d68d138c10,1,30469bb5ea377eae7121981e2f0778e4,80e6699fe29150b372a0c8a1ebf7dcc8,2017-10-19 13:14:31,113.00,36.81
0eb7dc4e9168fd2e3bc791983492d99a,1,9fe172fa8e662ca8572cf12abf8bce23,cab85505710c7cb9b720bceb52b01cee,2018-07-12 12:55:27,49.90,7.61
0eca09e82535e22a903c3653b2c7eae4,1,8317b177579dd27ff068b83205e2169b,4869f7a5dfa277a7dca6462dcf3b52b2,2018-06-11 17:30:24,157.00,18.98
0ecd7312b4a222a3a86590e46f1c2b90,1,a9516a079e37a9c9c36b9b78b10169e8,7c67e1448b00f6e969d365cea6b010ab,2017-08-07 21:05:10,119.99,23.42
0ecd7312b4a222a3a86590e46f1c2b90,2,a9516a079e37a9c9c36b9b78b10169e8,7c67e1448b00f6e969d365cea6b010ab,2017-08-07 21:05:10,119.99,23.42
0ef549b2d7f694d7da546831e4003906,1,f7593a67d835f31ec38049706456b6f5,e70053bf73d1b5863932e53a9fa47496,2018-06-21 15:17:20,689.00,24.01
0ef7129ab98149bcbd4aadde9ba093d9,1,97722a15d9ccbf90ef47621baa79b87f,1da3aeb70d7989d1e6d9b0e887f97c23,2018-07-13 03:35:20,19.99,12.80
0efd0bc268d34da3f01f4ff25a6d4335,1,6dab56beb5263f0d554cae5c55809208,f4aba7c0bca51484c30ab7bdc34bcdd1,2016-10-11 16:12:23,39.70,24.70
0f0da37d4b99bfd602829ae5992b2d57,1,08574b074924071f4e201e151b152b4e,001cca7ae9ae17fb1caed9dfb1094831,2017-06-01 10:55:09,89.00,30.46
0f286dcb49da58061b9ae488027e4033,1,b761e337aed465b70aa4bf86f1b12f2d,0be8ff43f22e456b4e0371b2245e4d01,2018-01-29 13:18:22,49.90,7.78
0f30693cac68f8597594c35a1dc38a8e,1,36f60d45225e60c7da4558b070ce4b60,88460e8ebdecbfecb5f9601833981930,2018-03-04 21:09:09,67.90,15.23
0f7f3fcd5523d759e8e17084e45439d5,1,c4fa0206ee58c2694c9642e6483b576a,cd68562d3f44870c08922d380acae552,2017-07-27 02:23:54,108.00,34.56
0f914d0786d04db3fe3dfb23cfe60aeb,1,fecf6223a3494f35362f670e571d2a04,3db66a856d18a9cba7c9241fc5221c50,2017-12-11 09:55:32,69.90,17.74
0fa05bb83efc10205ac8f4224f10c336,1,622bad99b4296aade0783ebecdd3fa15,376a891762bbdecbc02b4b6adec3fdda,2018-05-03 16:52:49,98.99,48.60
0fa97c6a14424f633800d5cb622a6bb4,1,a91c1a94d83d36316c44e00e738607b1,634964b17796e64304cadf1ad3050fb7,2018-05-04 13:31:08,90.00,19.32
0fe71fb21be89a6d57f98ae7c65d80cb,1,a1ba3cfb1b59331aeefe47e5fdfe65e9,73a63f72308aa20a46f4b1632018f196,2018-03-27 10:10:25,171.00,26.49
0ff01ca1108c8fea3d74a51ee283841e,1,ecbe1ef7e2903ff8b1d704ba78fa264d,c3cfdc648177fdbbbb35635a37472c53,2018-03-14 02:29:22,89.10,27.35
100db0fb5000a9f02f0d3ee2470c85c1,1,422879e10f46682990de24d770e7f83d,1f50f920176fa81dab994f9023523100,2018-03-22 09:08:01,53.90,13.46
100db0fb5000a9f02f0d3ee2470c85c1,2,422879e10f46682990de24d770e7f83d,1f50f920176fa81dab994f9023523100,2018-03-22 09:08:01,53.90,13.46
1011743f27a84fef8503f748cb1d951e,1,c3602326cc2e91dc18ad2ae9a575b5e7,c3e1abd72a42fe690fcd89cf5720fe29,2018-07-27 13:44:13,129.97,8.17
1032cdde705c24776a43441b77855fe6,1,1d0b9497ac4f258fbd822c52ff61b5f4,1900267e848ceeba8fa32d80c1a5f5a8,2017-11-30 21:55:56,30.00,6.62
1032cdde705c24776a43441b77855fe6,2,fb2f2ec90b4ee90ad257bbf89d01247e,1835b56ce799e6a4dc4eddc053f04066,2017-11-30 21:55:56,39.99,33.08
1032cdde705c24776a43441b77855fe6,3,1d0b9497ac4f258fbd822c52ff61b5f4,1900267e848ceeba8fa32d80c1a5f5a8,2017-11-30 21:55:56,30.00,6.62
1046a71a57b33b4a92f9f932237f1ab0,1,c5c66926b3f964b8cf9e7dfb1150d13e,921323538c9f1c4e816f2720eac02bea,2018-08-06 14:05:11,25.99,18.28
104b8d0ca41aec23f0847323c4cb8177,1,8392bd9333d10e51a2c2fc4596ee12a5,f8d5c7085db9a4ad2b8c1ffbeb2798c8,2018-02-09 20:10:49,30.00,25.63
1053f48dab84166419bcecff0003c7b9,1,d8a77723111124b921fd73b3914e8cbb,0241d4d5d36f10f80c644447315af0bd,2018-03-15 19:48:15,39.90,29.38
10856b02e17c5d56a06c2ee75079d338,1,82e4ad16521ca131d95e198d507db370,128639473a139ac0f3e5f5ade55873a5,2018-01-04 23:11:26,18.90,12.48
109294a0d68947b6b49c0a59a8f951cd,1,f83c9874b5b5044ea58fef1be68c1ea8,2e90cb1677d35cfe24eef47d441b7c87,2018-06-15 10:19:24,139.40,36.28
109f6898323e99a194948043ea99cdd8,1,acde6bd0b5f91190e2a123df389b0b47,36a968b544695394e4e9d7572688598f,2017-06-09 14:42:08,24.90,8.27
109ff01cec6b68a8e70ed431552b9be0,1,83b00325c13c44245b2c3a2befa62a0e,ad781527c93d00d89a11eecd9dcad7c1,2017-10-06 20:35:22,159.99,103.25
10be01428d12ec7ed39d0058c3e224f7,1,2d0756de18a80990e11ec355070dd85a,76d5af76d0271110f9af36c92573f765,2017-09-24 22:30:12,658.90,31.16
10c2b05e3b425d09cb2a1fa7f08d701f,1,7fe486a60125c1541517e30944f95066,4917cee8d902e13428c3ec4b1ca6f315,2018-03-05 19:26:25,199.00,26.23
110e1980401cf18f27590b4023ff5e32,1,43e09fcb6175856e87a4d9b91321addb,9d4db00d65d7760644ac0c14edb5fd86,2018-06-08 18:12:51,226.99,19.50
11200294ab90161f54f7effdea8d9466,1,42a2bd596fda1baef5719cb74f73030c,da8622b14eb17ae2831f4ac5b9dab84a,2017-09-29 12:37:58,89.90,13.65
113e0c165fdf93f9e1017dae01292548,1,d63c1011f49d98b976c352955b1c4bea,cc419e0650a3c5ba77189a1882b7556a,2018-04-06 16:31:52,59.99,8.88
1149d72adba9246665c80103bd7011c5,1,1aec9dac073154a4d6350ad0e773a191,d12c926d74ceff0a90a21184466ce161,2017-08-02 23:03:37,29.90,21.15
1166012db74ae7b2b443c002e1c0c019,1,9077a120c5f0a94bf904d737b07e116f,da8622b14eb17ae2831f4ac5b9dab84a,2018-05-17 20:30:45,349.90,17.01
1166ac5af4262300b61e079c496223c6,1,e0d64dcfaa3b6db5c54ca298ae101d05,4869f7a5dfa277a7dca6462dcf3b52b2,2018-08-17 20:55:23,145.00,19.12
11746f9dc3d55313aadc6e6bf8464595,1,0eb8e03d4ef83152c4642b606b5bbdec,cac4c8e7b1ca6252d8f20b2fc1a2e4af,2018-04-27 01:30:42,29.99,17.14
1175d97a3d270dddf3146abe7f5e4934,1,530a4d5b0359677df7cb03484804509e,e53d5b9b29d1218281f4a907ada18626,2018-08-23 14:15:32,40.71,22.22
1194afa31e54aeee123be8df42e3f573,1,99a4788cb24856965c36a24e339b6058,4a3ca9315b744ce9f8e9374361493884,2018-06-13 17:15:38,79.90,14.65
11b1470a79108e6d6dde223c40bf2c4d,1,c4e5ffa25998bab21ddca0d28448435f,85cc55e048b6bcc90c75afe7f0e72f72,2018-07-12 02:51:16,32.90,15.15
11d0085cfa1ffc32aa630cb9c92ea970,1,bd0d616460e11aa700ff20780d8240e2,7142540dd4c91e2237acb7e911c4eba2,2018-03-06 22:27:47,69.90,17.74
11d6810af0b0d8982e3d67b4dae4374a,1,50b9ed3a22932b28d452c73046083f5d,55a5b51f93f2b70ea513f5a047b0262a,2017-04-10 16:45:21,34.60,14.52
11f10acabb1552521a9a7ca484aabd64,1,177d3d5bb9d4d29222a222e3b3554f41,3d871de0142ce09b7081e2b9d1733cb1,2018-07-26 03:25:13,109.00,83.68
11f81f5b3445ad54e4c793afe6337986,1,13f1ff85fb63cd1bcbf6ef78959328e9,718539d38d07dd351c76db862760e2e2,2017-08-29 11:04:39,36.80,7.78
11f81f5b3445ad54e4c793afe6337986,2,6733b00d25e0fc17a8e8d97ce792c078,718539d38d07dd351c76db862760e2e2,2017-08-29 11:04:39,36.80,7.78
12064b26c801bd0f7b82c2fb033e382e,1,9e1e3b58ffd16b2135f9508e21c75afe,23613d49c3ac2bd302259e55c06c050c,2017-12-01 00:56:07,89.90,17.34
12158685d93b3a6dcb6efad25cd8e056,1,88a1223b29fac4c3abef8d1369dbbaea,5abb8ea023c77787f2c15da891c8d384,2017-10-26 02:49:23,69.00,38.00
122a6d89b8a3ee8fe039b6990c1dc226,1,2a15783d3cb601f8d9a6a86806b037b3,855668e0971d4dfd7bef1b6a4133b41b,2017-11-13 04:26:20,60.00,34.22
123bea8dab4550ec2592468bff3e0866,1,3f14d740544f37ece8a9e7bc8349797e,6973a06f484aacf400ece213dbf3d946,2018-04-08 21:10:27,84.89,7.94
12404c66f4ea97b16664395ecbf61889,1,53759a2ecddad2bb87a079a1f1519f73,1f50f920176fa81dab994f9023523100,2017-11-30 07:32:24,49.00,13.44
1256a493fbf2d6047d845aaac3ddec81,1,adcaeaf58f2759f55ac5da69ae4b4fc3,c3e2398fcc7e581cda2e546557bf6968,2018-07-04 07:12:56,14.90,15.23
126dbef0d053f55ed2e3b23e88efab4b,1,582dfc3697c5f834a5ddf28460ba9222,1da3aeb70d7989d1e6d9b0e887f97c23,2018-03-19 09:08:39,19.99,12.79
12841a11f62453c88f68ee1f7cb45c47,1,b365e38a72a4fa2b2cd83e14c0b51754,6d66611d7c44cc30ce351abc49a68421,2017-12-12 16:31:15,53.90,11.88
12905797f6a5f67c41d036a0ea9a40be,1,6bd248f93425ceeb625a8a97e2404112,dbc22125167c298ef99da25668e1011f,2017-09-21 13:10:13,52.90,14.10
12af24617f25e0c8cd411544f704f2f7,1,9934888916de3bff6437a425052717a0,d1a1b40ec554c593a1a99366746289dd,2017-01-30 23:11:32,49.70,14.52
12c624f532907ae11e5db7518dc6c917,1,90f39a309a8c05fa7aa4ef02178059cb,b2ba3715d723d245138f291a6fe42594,2018-01-17 20:07:26,289.90,19.60
12d9b7528c95b9b6d2f087195ba47d60,1,25cdef5b1428725aa16b8b9a6fbd72ca,76d64c4aca3a7baf218bf93ef7fa768d,2018-02-08 02:29:52,64.90,16.70
1313a242a48f98101da4d48b310bf517,1,e672fbe634ad07cce9d85f412becb2c0,7a67c85e85bb2ce8582c35f2203ad736,2017-10-20 16:20:41,129.99,18.16
133b607354fbff7447ce545c8a0fa407,1,69b7c4bad8ca0c2cddad020c139f7e95,11305281b50fff20ae8bb473f8e11876,2018-08-31 02:44:24,69.99,50.38
133b607354fbff7447ce545c8a0fa407,2,c9c64ed470b1fd9239c456fd6fe99738,b4f8921fcc4ff77b66bea6dda43dcd51,2018-08-28 02:44:24,449.89,27.99
134dd47f025f4b13cd82ce9e771800bb,1,675eadffd43ac06d1bead694fb553d35,41b39e28db005d9731d9d485a83b4c38,2017-03-08 23:25:15,109.90,23.13
1354bddf21d7082f73e70872571f55ed,1,8c501fb8530d486fda52b3aa2fd2dca8,08d0949a9a17c027262db1f3c450c26c,2018-01-29 13:55:20,21.90,17.92
1378ae963e03b117d380f928164e9599,1,d5b703c271f43f9c588a6f512a00f77e,fa40cc5b934574b62717c68f3d678b6d,2017-11-16 21:10:46,34.90,7.78
137d0174b6161980026a858b907762fc,1,480be8d20c4b6a7df1eae0f2c17f2db2,41c2bad7229b0c25e6becf179ebf63ff,2018-01-11 04:11:27,34.00,8.27
13834646826ae873256bfc9e6d22a019,1,06f2166336faca73c644b11eaca22d06,d5ba419e26d246a0719437cf37d9b46d,2018-03-27 18:49:09,105.00,16.70
139602ce40c8f337484eec9b157ca80c,1,242edc6b84c00f0d48c664a020a92c52,6cd68b3ed6d59aaa9fece558ad360c0a,2017-04-17 20:15:09,54.90,10.99
1397417a57ad1bbfe8d639df8cdee908,1,01cf7c4cffff8db0a1cbe612bd2d50a4,f7720c4fa8e3aba4546301ab80ea1f1b,2018-07-05 18:31:03,17.75,35.09
1397417a57ad1bbfe8d639df8cdee908,2,53b36df67ebb7c41585e8d54d6772e08,7d13fca15225358621be4086e1eb0964,2018-07-06 18:31:03,119.00,2.11
139c61b5e6e119e1363bf3b6c1fdf598,1,d2b42ba1cc7c04d6f6e4ea54392b95fa,8b321bb669392f5163d04c59e235e066,2018-05-21 17:54:02,18.00,18.23
13ab379ac762d840b29042681a1a6156,1,b7a812ed1b86b3b00e566dc29ba7ec7c,640e21a7d01df7614a3b4923e990d40c,2018-08-07 21:10:18,26.40,19.38
13b1d703b453fd67b66850bd2846e13b,1,7a10781637204d8d10485c71a6108a2e,4869f7a5dfa277a7dca6462dcf3b52b2,2017-10-05 02:31:28,212.00,14.50
13ba09b4ffd7128425cc35a9c382245f,1,d696750e550fd0f733979dd7e5dff921,9de4643a8dbde634fe55621059d92273,2017-05-24 15:22:51,169.99,27.73
13bad9a229ea7c04888ada5c6c971c28,1,5bd6493a2d5a384987386f2696bae33d,92eb0f42c21942b6552362b9b114707d,2018-05-15 22:11:25,18.98,14.58
13c4458bd01775ea4f9050a041c1fd96,1,cd0c6e2f80f5a0ea7e366b01bcb66154,db4350fd57ae30082dec7acbaacc17f9,2017-05-31 16:30:15,16.99,16.79
13ca758b93a2298b4571f97a8a97e3e5,1,b8c89bc5fa5dc01a5d0e9d7ff0c6ecdb,6fd52c528dcb38be2eea044946b811f8,2018-02-01 03:40:05,129.89,19.40
13ca758b93a2298b4571f97a8a97e3e5,2,9f683084a0b0211109fef6e538cb4767,6fd52c528dcb38be2eea044946b811f8,2018-02-01 03:40:05,58.67,3.88
13ca758b93a2298b4571f97a8a97e3e5,3,9f683084a0b0211109fef6e538cb4767,6fd52c528dcb38be2eea044946b811f8,2018-02-01 03:40:05,58.67,3.88
13d45a0fb42d1b8691a1824859519e4e,1,c9ea06f7fd4bd778e96031f46f60dfb9,48436dade18ac8b2bce089ec2a041202,2017-10-02 04:07:17,99.90,17.95
13d5232bb40950f3caa1f771ec517044,1,b3e40ff639c185b9d726b4b19c17e6cd,7a67c85e85bb2ce8582c35f2203ad736,2018-01-29 20:39:21,229.99,14.16
13ef6b72bc3af6724e7d53bd84019b24,1,e2bb00220a167d9e60b6776ac33717bc,6560211a19b47992c3666cc44a7e94c0,2018-06-19 11:22:37,56.00,18.49
14130f70a2038f80f97d9fcc6e590ba8,1,84777fa5b1c62e5e495240dfd0b2f24a,7c67e1448b00f6e969d365cea6b010ab,2018-04-06 17:27:48,166.94,102.81
141a3a105ece0b78ebacac138ca4a4fc,1,5411e9269501a870cabf632f05655131,3d871de0142ce09b7081e2b9d1733cb1,2018-01-22 15:07:55,129.00,13.92
143c703ed417ebaa64077dcdc2c820a9,1,8dff5399c7a5552ee041c8bb465e5288,db4350fd57ae30082dec7acbaacc17f9,2017-03-31 17:25:14,34.99,8.72
1452442fe3e8cc6d3a1a8d8fc92dc019,1,eb2e510c7e0f62651d0156e769928970,1d4587203296c8f4ad134dc286fa6db0,2018-04-26 17:30:50,24.90,15.23
1466219eb36318493e16297ec7a2d87a,1,c10cda5d50f5edd0c8c8dc35f5ea7a84,77530e9772f57a62c906e1c21538ab82,2017-06-05 13:11:15,49.00,15.10
146f83fbe74a8608adecd4b19c1597fb,1,437c05a395e9e47f9762e677a7068ce7,f84fa566034f5e8e880a07ec624c56af,2018-03-29 02:27:58,47.65,7.39
146f83fbe74a8608adecd4b19c1597fb,2,437c05a395e9e47f9762e677a7068ce7,f84fa566034f5e8e880a07ec624c56af,2018-03-29 02:27:58,47.65,7.39
148faaf4575a416a7f739d55db63babe,1,bb42f37fc3d9130e4a4339d24a47dd7c,da8622b14eb17ae2831f4ac5b9dab84a,2018-01-18 20:57:25,44.90,9.09
14cccd76360744f54b4d0fad37c12ebb,1,24e3e6b37adf838150e7bd4dda394c31,4a3ca9315b744ce9f8e9374361493884,2018-04-17 16:51:25,59.90,23.35
14e29f83cf6fcd5fcca40380a248eea1,1,9f7b48e2d4e4d7375f71a10791faa1b8,259f7b5e6e482c230e5bfaa670b6bb8f,2018-02-19 11:30:27,59.90,13.08
1515cf99add38d4baa19a14346e25b31,1,5a848e4ab52fd5445cdc07aab1c40e48,c826c40d7b19f62a09e2d7c5e7295ee2,2018-01-22 14:19:22,122.99,14.61
1539c0a503a87cb20a5d11a435149b2a,1,fb29f48bfea41db52e349454f433340e,897060da8b9a21f655304d50fd935913,2017-06-19 16:50:24,22.00,11.85
154ff64668cf2822704c69bd957a8c6e,1,c6336fa91fbd87c359e44f5dca5a90ed,4c2b230173bb36f9b240f2b8ac11786e,2017-07-10 04:15:15,39.90,8.72
154ff64668cf2822704c69bd957a8c6e,2,c6336fa91fbd87c359e44f5dca5a90ed,4c2b230173bb36f9b240f2b8ac11786e,2017-07-10 04:15:15,39.90,8.72
15513623d17d4fbfb1fc871c176e9f75,1,8ab5b652aa203b172a243df4c604ef97,688756f717c462a206ad854c5027a64a,2018-06-27 21:15:58,19.99,7.40
15513623d17d4fbfb1fc871c176e9f75,2,8ab5b652aa203b172a243df4c604ef97,688756f717c462a206ad854c5027a64a,2018-06-27 21:15:58,19.99,7.40
15565710182cd35455ee0abf4b701ea9,1,9348fe8a0886b99d1c5d33c28fb0aa48,53e4c6e0f4312d4d2107a8c9cddf45cd,2018-02-26 07:27:53,45.62,13.37
15ade2c7daaa01c998220a2035dd43dd,1,82a61259a621866c4ba63743da29a342,4d6d651bd7684af3fffabd5f08d12e5a,2018-07-31 21:30:18,129.90,20.47
15bf8f6816bf9ff38c4262721f55bf54,1,7fab1a1472fdd934397068931f63f3ca,3d871de0142ce09b7081e2b9d1733cb1,2017-08-22 10:25:10,69.90,11.99
15c2d2803c9a7a4ba8f528a65814848d,1,db91bca0e0253d71433c22ac5acd0fbe,42fa4ee7240e9b8eb4576358ec142ba7,2018-04-30 14:32:10,119.90,18.72
15d19cc3fdb1b3bdea39f23b8f3a7a11,1,634256dbcd184b3757ffd7632c9fe52a,42b729f859728f5079499127a9c2ef37,2018-07-27 11:04:57,27.90,7.46
15d19cc3fdb1b3bdea39f23b8f3a7a11,2,634256dbcd184b3757ffd7632c9fe52a,42b729f859728f5079499127a9c2ef37,2018-07-27 11:04:57,27.90,7.46
15d19cc3fdb1b3bdea39f23b8f3a7a11,3,634256dbcd184b3757ffd7632c9fe52a,42b729f859728f5079499127a9c2ef37,2018-07-27 11:04:57,27.90,7.46
15d19cc3fdb1b3bdea39f23b8f3a7a11,4,634256dbcd184b3757ffd7632c9fe52a,42b729f859728f5079499127a9c2ef37,2018-07-27 11:04:57,27.90,7.46
15ec221740e9cec424172caef8dbeeab,1,54df09a5996302d51d8c0d81cbcdce39,23d7c96d4a1160db1c726b248601b25a,2018-05-02 14:51:39,439.90,24.68
1651e8159581ae560e31bcd322831f89,1,8c5876b1c7768217964f353bc7e64393,0db783cfcd3b73998abc6e10e59a102f,2017-05-24 18:15:21,49.00,9.27
167a89d17687b40764e54424ec1f9afd,1,90aa2ab699cd0e459be93124aa91c82f,8160255418d5aaa7dbdc9f4c64ebda44,2018-06-04 11:50:59,114.90,4.27
167a89d17687b40764e54424ec1f9afd,2,7650dd3b2dc10798a8cbccc78d9e6e3b,9e6229250fedbe05838fef417b74e7fb,2018-06-04 11:50:59,149.90,42.73
169bbd065798362db04a47a4f8abf551,1,99444782c6bb7269243567c2d6988f94,1b8356dabde1d35e17cef975c3f82730,2017-11-21 17:10:05,11.99,7.78
16c96dd4350d02d1890b8b7fd141da9a,1,17597731049645b4a7cd01de0b4188d5,ff1fb4c404b2efe68b03350a8dc24122,2018-05-02 02:30:26,275.00,14.83
16e192db098dd55c18aff27770402968,1,a027d4d9a0ffc6b3c2cf45636b044078,2ff97219cb8622eaf3cd89b7d9c09824,2018-05-28 23:58:17,15.90,18.23
16ee19fe4df0a090015e2fa16f3bf3e0,1,3dd2a17168ec895c781a9191c1e95ad7,de722cd6dad950a92b7d4f82673f8833,2018-04-30 04:30:41,149.90,21.10
16f0fa8aecf907e4fe3768af883f0def,1,99a4ae1a9ff32f696460a9295533d2e2,750303a20e9c56b2a6bc45cdce0b897d,2018-06-20 12:19:12,59.00,71.13
16f77b7311d2685235f9c8936da1480f,1,8c292ca193d326152e335d77176746f0,7e1fb0a3ebfb01ffb3a7dae98bf3238d,2018-02-26 18:50:24,150.00,12.55
1724ccd8176515fc4b2676226b895ea1,1,0820af09ddc75b84841b1fab4da4be9b,d91fb3b7d041e83b64a00a3edfb37e4f,2018-08-23 19:30:16,11.55,7.87
1729ff43a8a349e7762f284b50588055,1,5a848e4ab52fd5445cdc07aab1c40e48,c826c40d7b19f62a09e2d7c5e7295ee2,2018-03-12 14:30:14,122.99,37.55
172d924daf19043deff749396e9eebf3,1,d902e8400cd0c58b64ea157af940e670,05f51e13da97139648b8125c31e5f51b,2017-08-04 18:35:11,133.90,15.69
17335ccb96b98156a4fd1b635e11e107,1,d7fca8718416c61d99e75a1d0129e822,b76dba6c951ab00dc4edf0a1aa88037e,2018-03-26 08:08:23,16.99,7.39
175825d48ba5a2082a843888ac1b08fb,1,1d1021f2e10ec199e91f5a80355fdaf5,d91fb3b7d041e83b64a00a3edfb37e4f,2018-01-19 16:37:22,165.00,15.90
175e7244409a1c34674cdd3407e25808,1,30d1842be9c62546d3fb853119602ac2,8603f0038fe0e52fedd3382d266723de,2017-09-01 13:07:30,180.00,34.32
1762d5c6c1f5efce31b1d21339212730,1,7e45ec6dc0a748b0a621654d23bfa768,febab0275244b9a49a623f0bd613ca2f,2018-01-31 19:52:29,36.90,17.60
1777a8edd4a86d8162c65687bce598b4,1,d00f6c52d2730de05fb409f09ab6e732,d9442042130b7fe579d1295f9f4a248f,2017-07-13 18:30:11,39.90,19.84
1777a8edd4a86d8162c65687bce598b4,2,d00f6c52d2730de05fb409f09ab6e732,d9442042130b7fe579d1295f9f4a248f,2017-07-13 18:30:11,39.90,19.84
177a359958777d9b5cebb4257016c35c,1,3dd2a17168ec895c781a9191c1e95ad7,de722cd6dad950a92b7d4f82673f8833,2018-06-07 23:50:12,149.90,25.18
177f8b6f0cfd6ef224d0caf1e59d89bd,1,f27aff266ad97e75d4a24c893b2c311e,f62d7bb4a613ec758a03342d46b580b2,2018-06-14 16:29:07,750.00,70.24
17b3a989f0a87769c633d0ed07ad1319,1,06f2166336faca73c644b11eaca22d06,d5ba419e26d246a0719437cf37d9b46d,2018-05-11 09:13:58,105.00,9.09
17e73283864f2c7bbdb6856a2b7bc13e,1,387e781bdd254dd8821e6194af0fa8d7,9c690ceacd5c66731bf443ea810195cb,2018-06-14 08:30:31,128.90,67.21
17eba629ec542978d1ea929d473d4f19,1,c5e9693041e519fd6e2ebde0d76cc1ad,4e7c18b98d84e05cbae3ff0ff03846c2,2017-02-08 20:09:10,163.90,43.61
1800f4a4362310d7eb38281634f6dfd1,1,01da7f08d8327e0b4fab7edaa0c417a4,4e922959ae960d389249c378d1c939f5,2017-12-03 22:56:32,298.00,27.37
180d9087d153ffddea224f2996463f46,1,52c80cedd4e90108bf4fa6a206ef6b03,a1043bafd471dff536d0c462352beb48,2017-12-08 20:35:21,179.99,45.72
181f3a2409fbfd9640a4e017c3b9971f,1,3360da0bdc5e96e78beaade20beeefa4,ea00f977a203ff88adf7057cb7806998,2018-07-08 21:10:55,19.99,7.88
1839c69dd9dbf835d82480c05964cbd4,1,d37abf50cce5bcd682830a357783622e,6cd68b3ed6d59aaa9fece558ad360c0a,2018-01-03 17:56:22,97.90,14.42
185b9908e599d49428dc7b8238c8076a,1,6bd4c564d1f96b0db5d02d376b4daed6,b6d44737c043328708f6749c2dbe50bd,2018-04-17 09:12:25,67.00,21.55
186ab35ad2c07d4b35781c8bb314cbd9,1,4ff38de0673d41a0da1499e300720ef6,5b07547f10dd980738a1a27f685af669,2018-08-07 15:10:13,69.90,18.59
186ac860f8928db64590e1fdd744c9f5,1,ea44caac707f7f1325182a538007f838,855668e0971d4dfd7bef1b6a4133b41b,2018-03-14 16:56:03,52.00,22.94
188804952924592ac0678c7ab1b42860,1,daa5000b84b8bd4a9e8e622f154ac0c5,ececbfcff9804a2d6b40f589df8eef2b,2018-08-14 14:04:36,59.99,37.33
18905a8655f8255bf50d2eeadce2641e,1,87a71ae93900ab55fcf685c8040769b3,8b321bb669392f5163d04c59e235e066,2018-02-01 02:52:27,12.90,17.63
18bb4acb90913593d37049c601660009,1,1dfb36d969d347f56f43590ec42c7b8c,7f152321c60a266edc53af1925ef96c1,2018-05-07 09:56:57,159.99,37.28
18c48366114e65c415b2c19448f7c146,1,f32415d23c358ef1e387a7d329d9ce9f,3586b8580d9c917874e053a1bb37b5ff,2017-10-03 22:45:32,36.90,16.11
18fa032cf65a1c5c2820d16276b4741a,1,854dea7019a248cec54711ded4744e30,fa1c13f2614d7b5c4749cbc52fecda94,2017-11-07 19:30:13,349.90,16.20
190c71c36bb25e9a85f3a53291e475a3,1,c6dd917a0be2a704582055949915ab32,7a67c85e85bb2ce8582c35f2203ad736,2017-05-26 19:45:12,99.99,9.51
190d1b221eb8c4e51953c2542c6acc61,1,01849445c151d94a1f0cfff03c9ed154,dc4a0fc896dc34b0d5bfec8438291c80,2017-08-27 21:55:22,49.90,13.37
190dca51b7367cbcf69eff19efd0bd20,1,e03102efbc2229024c89be731f0aedcb,2c9e548be18521d1c43cde1c582c6de8,2018-01-18 16:50:30,39.90,15.11
190f1efcb8b7f7fdcf6690c0c3e78c39,1,b0075cdedc8e455d734e6b1875336ca1,0ea22c1cfbdc755f86b9b54b39c16043,2017-12-28 23:08:39,29.90,51.48
191bb83e4a502bb51e6dd4d229082939,1,61d52f4882421048afd530db53d6f230,fa74b2f3287d296e9fbd2cc80f2d1cf1,2017-08-08 02:55:19,82.90,15.33
191fb3bcee4d4df8099e3f29d9ff8197,1,5a6e53c3b4e8684b13388d6aa4afdf12,7299e27ed73d2ad986de7f7c77d919fa,2017-05-29 04:10:24,16.99,16.79
19421091ea8830b487a1aa4c43e074b6,1,2d2600c283c0c1af0528fd84c14a2c28,e48b04bf1aa1ef711caebeb7aede6180,2017-03-29 22:50:19,127.90,26.39
19421ea168a928851f0b465bfbcea60d,1,6685d4ea9111ef423f76ea2ecf350180,7c67e1448b00f6e969d365cea6b010ab,2017-03-20 21:55:27,89.99,28.82
19421ea168a928851f0b465bfbcea60d,2,6685d4ea9111ef423f76ea2ecf350180,7c67e1448b00f6e969d365cea6b010ab,2017-03-20 21:55:27,89.99,28.82
194e7b03e4469b2bcc7ba3c353077252,1,aef3e3251c02ee19b8f193f158a49a53,282f23a9769b2690c5dda22e316f9941,2017-09-14 11:15:37,40.50,14.10
195194e3dbfe59a81261af1a6ffe7c47,1,b3e40ff639c185b9d726b4b19c17e6cd,7a67c85e85bb2ce8582c35f2203ad736,2018-01-02 15:14:33,229.99,14.16
19642ea4acfa0cbb8b9a990449873396,1,f93213a23c50edc16c27b96333f734dc,46dc3b2cc0980fb8ec44634e21d2718e,2017-12-07 00:14:06,259.99,33.26
1973095f2596945f9dcc773608d8cad2,1,242edc6b84c00f0d48c664a020a92c52,6cd68b3ed6d59aaa9fece558ad360c0a,2017-02-12 21:42:21,54.90,14.14
198078b833ce5c6249ea278d2bb3e220,1,fb783e3e545937820b57fe539b2c5a6c,da8622b14eb17ae2831f4ac5b9dab84a,2017-07-18 02:10:42,99.90,19.94
1991b586044e1a42934aa179003b8f2f,1,8883cd5c3e8ce5ce6ef730ff1d2f249e,056b4ada5bbc2c50cc7842547dda6b51,2018-02-14 09:10:41,669.99,19.44
19b37f1efa2ddaf265496e78e245c19a,1,2f785af0f4f132585052347521b90b29,c9aafcd0621b2207c10e32c649cada4d,2018-08-10 00:25:11,41.00,8.45
19c12787aa9334d1ccac97bfab56e576,1,ea10285afcafd4d505a539481c9c576b,240b9776d844d37535668549a396af32,2018-08-15 04:50:27,59.99,21.72
19d384f8370ca0d66c6c059da4c127cd,1,dbb67791e405873b259e4656bf971246,9c0e69c7bf2619675bbadf47b43f655a,2018-03-30 13:27:36,81.99,7.92
19e31a421ef559a7772d01fc5074ee14,1,ac4a3657d893bc4a404bed0131b265a5,891071be6ba827b591264c90c2ae8a63,2017-04-18 02:45:27,29.99,14.52
19f7f56c6be510246f52557f78c2d0d0,1,2423252b2432f1803e4f29e0974c6cf7,5f2684dab12e59f83bef73ae57724e45,2017-11-30 12:31:48,169.90,12.39
19ff76df4c7c512642f1b4793fda7ed6,1,779471f3320ebf3c8695d3774cd90d98,d91fb3b7d041e83b64a00a3edfb37e4f,2017-07-04 02:23:37,22.00,11.85
1a182abfca408087bb3d24dd41101c96,1,2043cae78c8b731c405c7329a05154b2,4830e40640734fc1c52cd21127c341d4,2017-12-19 14:49:19,69.00,12.82
1a26d081d22cd04e1cbec6f294fa893d,1,9847d08b81ab75c5bdaf6823c7fe00b2,0c8380b62e38e8a1e6adbeba7eb9688c,2017-06-02 11:30:21,44.50,16.11
1a44130317893c48ad015ed3ce2017e0,1,d1c427060a0f73f6b889a5c7c61f2ac4,a1043bafd471dff536d0c462352beb48,2018-05-03 21:10:58,119.00,19.74
1a4dc88681af860f27b5e7af0cf35ecd,1,f20a14d45e85b05ef554d10d7283f7da,2138ccb85b11a4ec1e37afbd1c8eda1f,2017-05-02 11:05:17,49.99,14.52
1a54edac5c05d136c2dd2203344e314e,1,d272d0921188b0bd91542d704b21404e,8b321bb669392f5163d04c59e235e066,2018-01-29 03:53:05,11.55,15.79
1a6a57642cf324ac86f14bcba484cb32,1,a45d376e2359c18076d5c16a042777e5,54c04bdb5ec46762f8f08c7e8f86ed4a,2018-05-16 11:35:24,140.00,19.95
1a6b9a764637acbc39e1624a2211f548,1,be0dbdc3d67d55727a65d4cd696ca73c,e9bc59e7b60fc3063eb2290deda4cced,2018-08-15 03:30:22,65.00,13.80
1a6b9a764637acbc39e1624a2211f548,2,be0dbdc3d67d55727a65d4cd696ca73c,e9bc59e7b60fc3063eb2290deda4cced,2018-08-15 03:30:22,65.00,13.80
1a6b9a764637acbc39e1624a2211f548,3,be0dbdc3d67d55727a65d4cd696ca73c,e9bc59e7b60fc3063eb2290deda4cced,2018-08-15 03:30:22,65.00,13.80
1a6b9a764637acbc39e1624a2211f548,4,be0dbdc3d67d55727a65d4cd696ca73c,e9bc59e7b60fc3063eb2290deda4cced,2018-08-15 03:30:22,65.00,13.80
1a6b9a764637acbc39e1624a2211f548,5,be0dbdc3d67d55727a65d4cd696ca73c,e9bc59e7b60fc3063eb2290deda4cced,2018-08-15 03:30:22,65.00,13.80
1a6b9a764637acbc39e1624a2211f548,6,be0dbdc3d67d55727a65d4cd696ca73c,e9bc59e7b60fc3063eb2290deda4cced,2018-08-15 03:30:22,65.00,13.80
1a78996243d1d136ceede8be7f031356,1,e44f675b60b3a3a2453ec36421e06f0f,218d46b86c1881d022bce9c68a7d4b15,2018-02-09 09:49:31,107.00,15.50
1a7c68f8b0d5a140d89aa6ab7f7b4409,1,f361fccba568fabe00db466f80626d1e,85d9eb9ddc5d00ca9336a2219c97bb13,2018-07-10 11:18:07,12.90,18.23
1a8d422cb8cdae5221a5a8eb371c49cd,1,ba9a847a2c023953743ba9e5ef6c88c6,9674754b5a0cb32b638cec001178f799,2018-02-21 02:55:56,40.14,9.34
1a9b9f5f7c4ed24f0e1e7c19cc9510a5,1,6f6c5da6ce68f0b7150daee08677ca79,cca3071e3e9bb7d12640c9fbe2301306,2017-03-16 21:11:42,209.90,33.07
1aaeb5badaa812e15594d2c5d04e474a,1,252dc1fbd22786a5305623453f8eaf8b,e9779976487b77c6d4ac45f75ec7afe9,2017-04-27 15:05:11,65.00,11.06
1ac347121eefa52ab9ed2cb87693afb0,1,6d6fb3617bb1e64626e29d95ff678d1e,3ca08eeb8d5595949fed424bd3677742,2017-05-31 22:50:13,94.90,19.90
1acc110c076e80f4bfa1375a2b31d1d1,1,c857b96593773e940454e76efa8eabb3,cca3071e3e9bb7d12640c9fbe2301306,2017-08-21 22:15:21,51.92,16.12
1aef7a15aff34d2305b0e6994acd680b,1,14a174908a08ad7cfb56d3814d8e0ea5,972d0f9cf61b499a4812cf0bfa3ad3c4,2018-06-22 10:57:42,91.30,27.59
1af4acf47f9833b90e3b7cb326ed85f9,1,e9a69340883a438c3f91739d14d3a56d,1b4c3a6f53068f0b6944d2d005c9fc89,2018-05-31 03:31:06,159.49,17.32
1afbdc6ed9143871e5b8be14ce2762e0,1,fb01a5fc09b9b9563c2ee41a22f07d54,522620dcb18a6b31cd7bdf73665113a9,2018-01-26 20:20:20,689.89,20.59
1b2a8a35effe3c031684be53784ac90c,1,2befa4541c8bf3f4c76ebbed873f628f,32e5635e63cb374eb63afdd242fb6134,2017-08-24 13:30:25,910.00,17.82
1b39d154e72f232a67b97d1d2545d527,1,f3c62fde9d2e2acf6c7c46648571c070,e0eabded302882513ced4ea3eb0c7059,2018-05-23 00:17:25,79.90,15.44
1b3cd8f4c4ebba4139eb750ccf233e63,1,134957eeec87be2414ac629ee0b947a4,87142160b41353c4e5fca2360caf6f92,2018-04-02 03:55:48,19.90,17.06
1b3cd8f4c4ebba4139eb750ccf233e63,2,134957eeec87be2414ac629ee0b947a4,87142160b41353c4e5fca2360caf6f92,2018-04-02 03:55:48,19.90,17.06
1b48e0e9948536f454c10a2a97426f11,1,a5647c44af977b148e0a3a4751a09e2e,7c67e1448b00f6e969d365cea6b010ab,2018-05-17 15:30:26,159.94,58.70
1b9de9a0409d983102d4ce529265112a,1,e9def91e99c8ecb7c5cef5e31506a056,b2ba3715d723d245138f291a6fe42594,2018-04-03 13:30:22,119.90,15.72
2f1a5157e323f52d58fca608db06ac82,1,e57eb018e37376580079825eb29a3419,b1fc4f64df5a0e8b6913ab38803c57a9,2017-12-14 14:10:30,80.00,14.31
2f4ed6d6a154e53f5593682472f8e6ea,1,8cd9fd2917c6e1b0f29acae309d564fe,dbc22125167c298ef99da25668e1011f,2017-11-07 22:35:51,43.90,19.59
2f61fac6b8c3e6dc71dc0999144e6ffe,1,8b1c8d92f0eece60d9b05532d2b88184,d50d79cb34e38265a8649c383dcffd48,2017-09-01 20:45:17,327.99,57.82
2f6c001bbacba3575b0852b17b0c3dd1,1,1567eb3a02b49c99d7d07045e9ce94f5,d624126b9206f595fb3fbb6ba03b28a8,2017-06-08 20:55:16,359.90,19.77
2f763c623e85177077b5a4ee2d3cced5,1,530989bc6eff4420c49a84214ab1eb51,eebb3372362aa9a46975164bed19a7e7,2017-05-23 16:02:33,73.99,15.27
2f763c623e85177077b5a4ee2d3cced5,2,530989bc6eff4420c49a84214ab1eb51,eebb3372362aa9a46975164bed19a7e7,2017-05-23 16:02:33,73.99,15.27
2f7e28557591670c3bafadee171c72b0,1,386486367c1f9d4f587a8864ccb6902b,cca3071e3e9bb7d12640c9fbe2301306,2017-10-16 20:42:18,113.57,18.04
2f803c32f469729b9a81a120bcf74567,1,38ef617a023fc4398829dd8c2b9e8be6,1900267e848ceeba8fa32d80c1a5f5a8,2018-06-04 20:35:20,53.00,18.25
2f82268fc803f315fbe873e96f48a60f,1,5a848e4ab52fd5445cdc07aab1c40e48,c826c40d7b19f62a09e2d7c5e7295ee2,2018-02-15 10:55:45,122.99,15.61
2f90cbbae872c312d21619dbd02ab3a5,1,ff285e6c96040323d3763dd184924018,bd0389da23d89b726abf911cccc54596,2018-01-18 02:31:27,59.90,2.96
2f90cbbae872c312d21619dbd02ab3a5,2,42697582a754e573f9e3e9e78752252c,87142160b41353c4e5fca2360caf6f92,2018-01-18 02:31:27,69.00,29.63
2f987d84716580b1465f39247276a59c,1,2b4609f8948be18874494203496bc318,cc419e0650a3c5ba77189a1882b7556a,2018-01-24 11:57:32,89.99,9.44
2fa74b22c65ece27ba1edf1f40354e19,1,b7900dadb2e17d3f270cd487b7df185d,1dfe5347016252a7884b694d4f10f5c4,2017-12-07 04:38:34,61.00,18.00
2fab4de591dc7b69eeb8afb9a976ba91,1,35e26f65c3f380cfe6257d771fb067d2,7bac63f6603d382cc8d0832eb6c100a8,2017-12-11 19:30:21,33.99,9.34
2fac5c3079ed620f52665e540fc57d66,1,17ad136b7421ea8690fded631b651158,6560211a19b47992c3666cc44a7e94c0,2017-12-26 14:14:30,55.00,7.78
2fb7dfe5fec51c8a96ee5349c1faf9c0,1,389d119b48cf3043d311335e499d9c6b,1f50f920176fa81dab994f9023523100,2017-08-22 11:45:14,59.90,13.44
2fb7dfe5fec51c8a96ee5349c1faf9c0,2,389d119b48cf3043d311335e499d9c6b,1f50f920176fa81dab994f9023523100,2017-08-22 11:45:14,59.90,13.44
301c441176beabdc9ef015807d9290aa,1,5657897eec3381c5a9aaf19be83f16e2,dbb9b48c841a0e39e21f98e1a6b2ec3e,2017-07-05 00:30:20,45.99,8.72
301c441176beabdc9ef015807d9290aa,2,5657897eec3381c5a9aaf19be83f16e2,dbb9b48c841a0e39e21f98e1a6b2ec3e,2017-07-05 00:30:20,45.99,8.72
302e27012670f8e2db4418e6c619f54c,1,a77453f011b20e66aec0d64f59106fbf,7178f9f4dd81dcef02f62acdf8151e01,2018-02-27 08:35:28,79.90,17.00
304c4a8ef20139552992b5377ef4a113,1,96ff741d2c7879406ec3054d6b2a11c8,6560211a19b47992c3666cc44a7e94c0,2017-08-18 17:45:29,49.00,7.78
3081ddf6e7c6afa4e4124e7882486fcd,1,bb09e8007aff97a9452967b19430cf53,53e4c6e0f4312d4d2107a8c9cddf45cd,2017-06-07 11:45:18,83.00,16.34
3081ddf6e7c6afa4e4124e7882486fcd,2,bb09e8007aff97a9452967b19430cf53,53e4c6e0f4312d4d2107a8c9cddf45cd,2017-06-07 11:45:18,83.00,16.34
309d9fa2b3c76ea52c4ab89132f38adb,1,8983a3b149303c013fceabef902e835a,9f505651f4a6abe901a56cdc21508025,2018-05-22 00:55:16,99.00,8.46
30dfb5b33bf44683be3e2f7df4bdd769,1,759c85bda80286f647f1f71b847c6457,f8db351d8c4c4c22c6835c19a46f01b0,2018-04-12 19:09:17,33.90,18.23
30e20eed39fd29394a3adad92a43f3e2,1,fcf41b0fb1a95c8f66330d698d55a532,850f4f8af5ea87287ac68de36e29107f,2017-12-14 16:50:49,79.00,15.31
30e608f69bcd3b2758cc9f28c8af087f,1,64fb13596caf118c438edc5c6ed2d50a,0b90b6df587eb83608a64ea8b390cf07,2018-02-23 12:28:02,84.00,17.03
31015049cbc3685e5b4d13d8586598a3,1,b6b4ab44d1f3c2a645abbda76af2a993,994f04b3718c2bab35c2adfa8afecd2a,2018-01-30 20:11:44,89.90,15.39
3122051cc85fb10cbfcd789c0f8afa3b,1,4583e308182e4e78d5b71b5af1804def,cd68562d3f44870c08922d380acae552,2017-10-13 10:28:16,169.00,18.75
3126b9be3d5939e25084a4d9661652e9,1,a370599bb36b6aa53a8a4f428440f860,3d871de0142ce09b7081e2b9d1733cb1,2018-04-10 07:55:10,69.00,23.06
31328a81d4ea41d47dc777dcbd88f222,1,c6dd917a0be2a704582055949915ab32,7a67c85e85bb2ce8582c35f2203ad736,2017-06-16 14:05:21,99.99,17.27
3137ad5aa5e36a39d95147f1e5678290,1,a9b3c1c9a790da6695b60d0b0070578f,9646c3513289980f17226a2fc4720dbd,2017-04-26 14:42:20,98.00,13.27
315ab79b5d15b5e9304d729579d36a42,1,e3e8e08714c40e0101bd225f06bf4fef,f8db351d8c4c4c22c6835c19a46f01b0,2017-03-16 11:45:28,23.90,10.96
315acdfb2c37361764220e9dd270c41e,1,99a4788cb24856965c36a24e339b6058,4a3ca9315b744ce9f8e9374361493884,2018-02-22 11:55:28,86.90,14.00
315da0cfbc485bb00c12a581077cf7b2,1,49eaaa38ac3df51ca790372b47b99604,64b87978a11c1ea7501a89eabe8c2c1a,2017-02-06 22:52:01,69.99,11.10
3171f1efdad00e249ba4ba19af1726eb,1,9fab8bd1f9c69cf2301b8ad3bec47480,dfa0c4c6229ab200a4a1336b4d7128ff,2018-06-27 09:17:47,39.00,15.62
3171f1efdad00e249ba4ba19af1726eb,2,2b939dc9b176d7fa21594d588815d4a4,dbc22125167c298ef99da25668e1011f,2018-06-25 09:17:47,77.50,17.19
317bfcd79627d89d54a917da6e066beb,1,2e511b5741ab14e7f5294df6f1310b03,00fc707aaaad2d31347cf883cd2dfe10,2018-03-22 10:15:50,110.00,13.89
317e2a850e41487363a134bb3369262b,1,2ff17002562478fb03cd44f09e7ca51a,fa1c13f2614d7b5c4749cbc52fecda94,2018-08-17 06:45:10,228.80,52.32
3186e75cf9e4a13149e5729f23cebf06,1,31a2f42a87890f87d77daebdfabc182e,4c03b9dd4c11ee2cb35c96c49efc9420,2017-08-09 23:03:45,149.00,29.44
31a6cbe67abc9e5414688f0f59681ec0,1,fb14dbd8b5d4195d70df81f35b593889,5b33b527da3c5b969cc99dc435cad09a,2017-06-29 17:43:11,29.90,16.79
31a6cbe67abc9e5414688f0f59681ec0,2,fb14dbd8b5d4195d70df81f35b593889,5b33b527da3c5b969cc99dc435cad09a,2017-06-29 17:43:11,29.90,16.79
31c2a1051b9b9899d82d9b980ec8775d,1,1164c17af70425821f88bfbdc9e907a3,2d50d6282f8aa2257819a77bfaa0efe0,2018-03-01 12:08:11,50.00,11.85
31c421113f181dadede6afbef5d48075,1,98b60cfeeb9f910672c471ffc94541c2,8e6cc767478edae941d9bd9eb778d77a,2017-03-20 14:32:22,62.30,26.91
31d5120f144d73ba1e5aa4e747a328e9,1,1d1fc8a85e598b6b83a558fbd354443d,fcf16b7a8697e559f0123190bb30177d,2018-03-26 22:50:33,150.40,72.91
31d5120f144d73ba1e5aa4e747a328e9,2,1d1fc8a85e598b6b83a558fbd354443d,fcf16b7a8697e559f0123190bb30177d,2018-03-26 22:50:33,150.40,72.91
31d5120f144d73ba1e5aa4e747a328e9,3,1d1fc8a85e598b6b83a558fbd354443d,fcf16b7a8697e559f0123190bb30177d,2018-03-26 22:50:33,150.40,72.91
31ea9af161fd3c77c3c621aa178bcb34,1,1c21c1ed398eae61184065889ca3d4b0,a3e9a2c700480d9bb01fba070ba80a0e,2018-02-08 03:10:35,69.00,17.73
31f2497110f1ac4723c65060cd81dd92,1,18f968379c4898b794fcf83f317ba60e,b1a81260566c1bac3114a6d124413f27,2018-05-15 20:56:59,299.90,30.41
31ff2ab0bf20340ff13605c65e38387f,1,4c2394abfbac7ff59ec7a420918562fa,cc419e0650a3c5ba77189a1882b7556a,2017-11-06 15:55:51,84.99,16.35
320b4a5fa30f0d1eb0bb4c944d2205e1,1,1f88e86c9d7f76b2ab388a07cc8b535b,2e1c9f22be269ef4643f826c9e650a52,2018-02-27 21:29:16,54.99,7.78
320b4a5fa30f0d1eb0bb4c944d2205e1,2,1f88e86c9d7f76b2ab388a07cc8b535b,2e1c9f22be269ef4643f826c9e650a52,2018-02-27 21:29:16,54.99,7.78
32171e467d31a017b609c0cb44441ee3,1,746c966d44ff02686cb380876c74a079,7142540dd4c91e2237acb7e911c4eba2,2017-11-30 02:18:41,59.90,17.67
32864fe724c9f8e8040000b044c5c77a,1,6abd84909e8ed79ef808c16f90b91093,da8622b14eb17ae2831f4ac5b9dab84a,2018-01-30 20:52:32,29.90,15.10
329818399e3d2636cd3618c0f52954eb,1,93c902b021a9e594f658ab1b0351602a,2e90cb1677d35cfe24eef47d441b7c87,2018-06-26 23:31:45,103.90,11.75
32a36b92faf67aebedb4eea534a49c4b,1,7b07e5afce1bb1e6fa3ffcdc718d7e69,70a12e78e608ac31179aea7f8422044b,2017-08-18 13:45:09,39.95,15.10
32e761ce606f7a8625682e65990b94ed,1,67bd616e1ba0d3d3e8545f3113b0140d,e9779976487b77c6d4ac45f75ec7afe9,2018-03-30 07:47:22,16.49,7.87
32e761ce606f7a8625682e65990b94ed,2,67bd616e1ba0d3d3e8545f3113b0140d,e9779976487b77c6d4ac45f75ec7afe9,2018-03-30 07:47:22,16.49,7.87
32e761ce606f7a8625682e65990b94ed,3,67bd616e1ba0d3d3e8545f3113b0140d,e9779976487b77c6d4ac45f75ec7afe9,2018-03-30 07:47:22,16.49,7.87
32e761ce606f7a8625682e65990b94ed,4,67bd616e1ba0d3d3e8545f3113b0140d,e9779976487b77c6d4ac45f75ec7afe9,2018-03-30 07:47:22,16.49,7.87
32e761ce606f7a8625682e65990b94ed,5,67bd616e1ba0d3d3e8545f3113b0140d,e9779976487b77c6d4ac45f75ec7afe9,2018-03-30 07:47:22,16.49,7.87
32e761ce606f7a8625682e65990b94ed,6,67bd616e1ba0d3d3e8545f3113b0140d,e9779976487b77c6d4ac45f75ec7afe9,2018-03-30 07:47:22,16.49,7.87
330534a2e7ad98d0c76ee20bfa001c50,1,274669a78ffdf9398adbd9502e6c4915,dbc22125167c298ef99da25668e1011f,2018-01-18 00:33:29,27.50,35.67
330a5c6006c3128d1a4345251ccd3ddf,1,4413a608a42bd21bbf9d5abbd58c249a,7ddcbb64b5bc1ef36ca8c151f6ec77df,2018-04-02 16:51:06,169.99,44.29
330f4c4ce3d46e9f892b06e6f0bc9aad,1,81521040c9500ac8e175c2839d193a46,c13fb473e7cb8b83ccd543c094df0608,2017-02-03 22:18:53,34.90,20.00
3312588178a16638759fca54495ef50d,1,6df665a20caa80a66804f836165bbf36,f235413f677777a0738ff215d0184901,2017-01-20 18:36:49,595.99,32.36
3322def88876cefd455c98956089a062,1,68ad45d48d69404aeb71ce87e1b2c948,7c5b05cbdb5542049f38d90d7815b97d,2018-07-09 08:32:05,59.89,16.61
333977327b5c548879a21a3b1fc87c48,1,817e1c2d22418c36386406ccacfa53e8,624f4ece8da4aafb77699233d480f8ef,2018-03-15 12:30:52,159.00,44.81
3339caccb4f94a45abaf8ed1990cfc36,1,7b4d5bca6951e2d3f89fa2bdfa6791aa,8b321bb669392f5163d04c59e235e066,2018-01-29 03:52:50,9.00,7.78
333fd556e66dcdb07b2081f258f42ece,1,4e0afd86a9a0dc22b20d920808613b19,3078096983cf766a32a06257648502d1,2017-11-30 12:12:33,204.90,18.68
33456509cc4acadce96036959e07ff84,1,3779f2d78a8cc041bcce56232d83befb,6338ea67c41078a46ad99cc009654956,2018-01-10 03:31:50,69.90,17.74
334b7054aa71f4d5c7418ba88ea632ac,1,5eda929e3621fe903d57208a6939acf5,1127b7f2594683f2510f1c2c834a486b,2017-08-17 10:10:13,326.80,11.10
844cf907092829d721bd444fc47377b5,1,b60856ce32d90658dbf99b9485327c25,8b321bb669392f5163d04c59e235e066,2018-06-18 01:15:39,9.00,7.39
8453dac90d79a1163ca3cc4399801d62,1,98fdc6ec1dba6a058adc43e511493898,d91fb3b7d041e83b64a00a3edfb37e4f,2017-08-15 02:45:54,161.60,15.88
846e3d199aae8a67c1d6a2ca48889bdf,1,82d5798b1ffcb66543a2f0d6198a3a07,aac51c486b672a9850d59f3e84b1cf88,2018-08-30 20:35:21,19.15,7.39
84992c4145bf78ab42c0e997506e8ecf,1,f0606ca7e8022a81e0fa25ea3e334717,1da3aeb70d7989d1e6d9b0e887f97c23,2018-03-22 10:50:28,39.99,18.28
849eace12a4c38cc5d4647af9f942eff,1,f196248e8b5d060cca414a664ea9a76f,91f0eec23d4a61d7d7caeefa3f0ad1ca,2017-02-13 12:48:59,199.00,21.71
84a1e5108acf2786feaa63a12cdf0c09,1,5411e9269501a870cabf632f05655131,3d871de0142ce09b7081e2b9d1733cb1,2017-11-03 03:10:28,99.00,19.93
84aaa1a774e37a0a7c1a5413dc49e168,1,725cbfcaff95a4d43742fdf13cf43c75,3504c0cb71d7fa48d967e0e4c94d59d9,2017-07-27 10:23:25,44.99,7.78
84d6d9710c8af32b5e88f2d1c14ab871,1,61e2cc02b96d5d61c27e21754260dccd,b2ba3715d723d245138f291a6fe42594,2018-01-31 22:35:25,49.90,7.78
84e340f8ce26dd8b76b86f8d2c84debd,1,2948658cb6abc82847412be7201bfc4c,955fee9216a65b617aa5c0531780ce60,2018-04-12 02:48:22,120.00,18.92
84f40c055bf1ed329fcf2f4ec4e9e9df,1,756eab67d3c0edae186c4617412c056b,edb1ef5e36e0c8cd84eb3c9b003e486d,2018-08-06 23:24:19,1095.65,25.77
85155db432ac11f95d0c59fac9f4974b,1,91b08d34d0ba4db44da2dc382867ba49,b76dba6c951ab00dc4edf0a1aa88037e,2017-06-19 04:02:44,10.99,15.10
85179ceed927a62fa1fe00697a17dd5e,1,ee99026a2d04ff2294f42f8cf337029b,79ed755314cfe6df0daef2c6cd3022cd,2017-10-09 18:07:43,129.90,18.16
852e2ae704b2196f904561391b2b6bd2,1,bdb4be6ce2f7f2b5be0a16088028c7fc,955fee9216a65b617aa5c0531780ce60,2017-09-14 18:05:45,85.00,13.15
8535f60f13f03d9f0bc91ed113bb43aa,1,c2ece64199af7a53793ed9612a89a8cd,6c7d50c24b3ccd2fd83b44d8bb34e073,2018-04-13 12:49:56,88.34,24.83
8538cceabb941edabecc8ac62f6813c9,1,88ffcf27478318ba55b1f9d22d65ce97,f3da5b2ff499efb8d4a6d371d175d7dd,2018-05-22 04:36:15,40.80,15.23
853927b32b0ebc007ece729a314338cd,1,f8b624d4e475bb8d1bddf1b65c6a64f6,b410bdd36d5db7a65dcd42b7ead933b8,2018-01-31 15:58:13,179.00,35.05
855ae4582654ba4a199f982c721df826,1,aca2eb7d00ea1a7b8ebd4e68314663af,955fee9216a65b617aa5c0531780ce60,2018-02-01 11:53:01,69.90,32.94
8564695f6dfb1c4384d76dcf8e96ca35,1,f13db9a6ceefa4b25cc87b080769dca4,ea8482cd71df3c1969d7b9473ff13abc,2018-05-10 10:15:18,24.99,15.23
856810a950aa2ddd3f8e1016428132df,1,f4f67ccaece962d013a4e1d7dc3a61f7,8581055ce74af1daba164fdbd55a40de,2018-03-29 07:50:32,229.04,22.62
856a7ab58f3a7cc4560202758d971b38,1,fd1eb7fd67e76cf3283618735a57cbcd,7040e82f899a04d1b434b795a43b4617,2017-10-02 03:56:25,149.90,15.81
857a83273943276ac60eb1d15bbfed5d,1,aa8fce5e65ab73ab73101ea58d710905,218d46b86c1881d022bce9c68a7d4b15,2017-02-26 15:16:44,127.48,15.06
858d0cd014b03937ba15cb012ad42277,1,51f876eb62be778c757503cf7f8a3b74,f84a00e60c73a49e7e851c9bdca3a5bb,2018-04-27 12:30:45,9.80,15.23
8599e76adf580692cddfebfcea8042f0,1,7a10781637204d8d10485c71a6108a2e,4869f7a5dfa277a7dca6462dcf3b52b2,2018-03-01 15:55:38,204.00,18.68
85a0f4063a60774bca35eb38ffccd86c,1,61937887eb6ee0b405a5759756426486,282c7480173bb9c01dd41cc739fec010,2017-08-16 17:04:07,819.90,31.02
85b65cf0a36d51265b279d78117ea65e,1,af6099f8d0d98a9eb5c0a67be73cb9b0,7e93a43ef30c4f03f38b393420bc753a,2017-10-26 13:14:54,650.00,19.30
85be7c94bcd3f908fc877157ee21f755,1,860f7a159db32408ea4bad60965e9a3a,f45122a9ab94eb4f3f8953578bc0c560,2017-09-27 22:48:00,59.99,12.76
85cc29ec13537a45485f0008fd8c1e0e,1,23227b07fc69250d2fa4be6602011aea,e38db885400cd35c71dfd162f2c1dbcf,2018-01-30 18:31:56,64.90,18.69
85df9618973ec5807b30a864e352599f,1,bd6e6fce9ada76ea2db0f1912e8e478f,1835b56ce799e6a4dc4eddc053f04066,2018-08-07 20:15:13,56.99,19.59
85f64d0cfe65f28d287067a0032a3b4c,1,461f43be3bdf8844e65b62d9ac2c7a5a,4869f7a5dfa277a7dca6462dcf3b52b2,2017-10-27 10:46:06,146.00,34.82
8608b68211e2b6a120ff2e767285e069,1,35afc973633aaeb6b877ff57b2793310,4a3ca9315b744ce9f8e9374361493884,2017-09-22 20:25:12,89.90,1.24
8608b68211e2b6a120ff2e767285e069,2,c403e106353e1aa40efe783ecb39ed7a,d2374cbcbb3ca4ab1086534108cc3ab7,2017-09-22 20:25:12,38.90,4.66
8608b68211e2b6a120ff2e767285e069,3,cf54cbfe4e33bc8f7b34a65da576497c,d2374cbcbb3ca4ab1086534108cc3ab7,2017-09-22 20:25:12,38.90,1.55
8608b68211e2b6a120ff2e767285e069,4,c403e106353e1aa40efe783ecb39ed7a,d2374cbcbb3ca4ab1086534108cc3ab7,2017-09-22 20:25:12,38.90,4.66
8608b68211e2b6a120ff2e767285e069,5,35afc973633aaeb6b877ff57b2793310,4a3ca9315b744ce9f8e9374361493884,2017-09-22 20:25:12,89.90,1.24
8608b68211e2b6a120ff2e767285e069,6,c403e106353e1aa40efe783ecb39ed7a,d2374cbcbb3ca4ab1086534108cc3ab7,2017-09-22 20:25:12,38.90,4.66
861c1e37638360f0b8662592bc56f3e5,1,38afdf723b95d455b418a0f57d623c6b,1554a68530182680ad5c8b042c3ab563,2017-12-25 23:19:23,119.90,21.33
866968d6a38b907a312ffddbe6287d8e,1,8283442d1af5a158404e8f4cb53a2090,8581055ce74af1daba164fdbd55a40de,2017-04-20 09:55:09,26.00,11.74
86757b84a26b96e53be8c8090ae9f96b,1,55cb480b28bdd6d8e71d83b3c8d67c75,762ed976527cddf02787edba70fffa2a,2017-12-18 11:28:57,50.00,16.79
86757b84a26b96e53be8c8090ae9f96b,2,25d33550509ed49bbaa58492c99b1bcc,762ed976527cddf02787edba70fffa2a,2017-12-18 11:28:57,50.00,16.79
867c38cfbcd204534450b238734e4bbc,1,d285360f29ac7fd97640bf0baef03de0,01ed254b9ff8407dfb9d99ba1e17d923,2017-10-02 12:35:18,339.00,13.94
868368a37fa61f7147c73d271f0f7d81,1,54d9ac713e253fa1fae9c8003b011c2a,955fee9216a65b617aa5c0531780ce60,2018-01-17 20:07:28,29.50,22.22
8688a4903fddd7ff09ac974e258c93d2,1,fb1f078a066428f00c1d71d6b9df3ff8,eebb3372362aa9a46975164bed19a7e7,2017-05-10 10:42:29,73.99,11.13
868d2668d3bff66258de12631b298034,1,a8de27e0e3c906eb51872553801962b7,3d871de0142ce09b7081e2b9d1733cb1,2017-10-03 03:07:20,129.00,13.92
86f9158c646801ca3b16b26373ba78da,1,f9259c9e7c0f12c70f7a81409680a5ff,3db66a856d18a9cba7c9241fc5221c50,2017-05-09 14:35:26,69.90,22.42
870e6f0cd3ddbb87daf15ccd2926b142,1,5d7c23067ed3fc8c6e699b9373d5890b,6560211a19b47992c3666cc44a7e94c0,2018-08-23 15:50:35,59.00,15.51
8734071c7bfc4d453e59546b22c5ce0e,1,ee0c1cf2fbeae95205b4aa506f1469f0,cc419e0650a3c5ba77189a1882b7556a,2017-10-16 11:05:52,53.99,21.18
8743f50a1fe252ac48d22e41db971137,1,5f21301936c11698db6aee5444190da0,fe2032dab1a61af8794248c8196565c9,2017-06-22 02:05:21,149.90,21.85
8748f09f5b3de56a89acecb0b56618ae,1,6cf95bd30a9628ca0c9911e43d7956a3,718539d38d07dd351c76db862760e2e2,2017-09-27 20:44:24,36.80,11.73
8772c5e10262ef05600e102a05de7eaf,1,36c2fb4fa746273709c373f6d6ec6796,1e8b33f18b4f7598d87f5cbee2282cc2,2018-03-27 21:15:29,69.90,11.15
8774dccac317f54e3e9b3c6096a9b2c6,1,f1ca789b4694dd683c4cb0c2ed74768e,17e34d8224d27a541263c4c64b11a56b,2017-10-31 06:28:11,223.64,16.32
878a0241d449fe7ea1bec1cf145b9c9b,1,06c6e01186af8b98ee1fc9e01f9471e9,fc906263ca5083d09dce42fe02247800,2017-06-07 03:50:21,39.90,15.10
8798b3a8e3d4a597bcde0dab8ad1de17,1,341687b53eae81d74a13127e8e23bd0a,4d6d651bd7684af3fffabd5f08d12e5a,2018-04-10 13:10:03,119.90,20.18
879f83e9f2c3777d90bed2b448e144f8,1,33a11954c13e439a0a632a2cb996b534,a44fb5a447105f8469bdf16bf9159f25,2018-05-21 04:55:34,19.90,7.71
87a99c9be1a72ccd14a90ce72e2544c3,1,1c57458e824ca3d974ec1831a1a55e72,2e90cb1677d35cfe24eef47d441b7c87,2017-03-28 16:32:14,99.90,16.85
87db440948f84c0c68a2311dba047650,1,e94df75b2e9a8b056be0c144a731f55c,5cf13accae3222c70a9cac40818ae839,2018-02-20 19:55:50,94.90,16.42
87ebcd73de7c03e3ba13f9e9466c15c5,1,d2b0f9cd5e31ed47dbf92b157c0cda96,70eea00b476a314817cefde4aad4f89a,2018-08-22 16:35:21,228.90,32.47
88131f6562db887981cc8ab363deb03f,1,58f63077f5153309a576fda4e0851982,620c87c171fb2a6dd6e8bb4dec959fc6,2018-05-23 14:32:09,279.90,10.25
88131f6562db887981cc8ab363deb03f,2,58f63077f5153309a576fda4e0851982,620c87c171fb2a6dd6e8bb4dec959fc6,2018-05-23 14:32:09,279.90,10.25
881b1412b8cff1e5c88e905fdedd7605,1,ecbe401f10ecd3b822d940d63cc3311e,cd68562d3f44870c08922d380acae552,2018-01-25 13:58:24,79.00,12.89
8855d9953624485990826e20fc9fc2e1,1,9e2d5ef1b9d71f1d1d7168dd7a042878,d594982fd877af63ace38ea1fca27c76,2018-08-08 03:50:29,53.90,18.48
8867156d46ee1ee4342aac2b072b300f,1,75d3880783e696c130527f026ee302d4,066a6914e1ebf3ea95a216c73a986b91,2018-04-24 02:30:46,40.50,22.06
8883dd20e652369652c1abd7a411788f,1,ddea12cd17c60cff8865c207cf696cf7,056b4ada5bbc2c50cc7842547dda6b51,2018-08-17 14:45:31,199.99,9.31
88847f255be578610b9c0233f7dc2b86,1,06484143f7046fc1c2ec000aba13e28a,cb3dd9ce66268c7a3ca7241ac70ab58c,2017-09-13 04:35:14,24.99,13.37
88986b613097da641340bc366a2d91d4,1,6c578f7117cc4f3ebc5bfd8a674e7ff4,75d34ebb1bd0bd7dde40dd507b8169c3,2017-12-14 15:52:51,74.99,15.96
88b67ddbb7527017f796c80b3bb38051,1,fb10e89a4e9198e408db587983f3eb9e,2bf6a2c1e71bbd29a4ad64e6d3c3629f,2018-03-08 21:28:34,1999.90,28.75
88d9499b5882f39b760f29c92acd6f2f,1,c710abcf9c3ea4959107590f2c5bf6e6,7008613ea464bad5cb9b83456e1e6a8f,2018-02-14 01:09:42,17.50,15.10
88d9499b5882f39b760f29c92acd6f2f,2,c710abcf9c3ea4959107590f2c5bf6e6,7008613ea464bad5cb9b83456e1e6a8f,2018-02-14 01:09:42,17.50,15.10
88ef4dd86ce9168daf5579d4f878f93c,1,81d1cd44929d9c3a1f3bfd0a0c164baf,3df020b72d3d44b3af9d110fa3940b65,2018-05-11 16:53:05,49.90,19.32
8e1ded141534096603108f1ee5c27735,1,a59fb60fddcc72a9878b7ed5cb69d8e4,7040e82f899a04d1b434b795a43b4617,2018-01-29 15:15:32,19.90,7.78
8e287e7d7db7206c7a9d0184e97014ad,1,11e5548d5bc9bd5ef53d3574d9f1c0bb,82e0a475a88cc9595229d8029273f045,2018-01-15 13:19:24,170.50,29.59
8e287e7d7db7206c7a9d0184e97014ad,2,11e5548d5bc9bd5ef53d3574d9f1c0bb,82e0a475a88cc9595229d8029273f045,2018-01-15 13:19:24,170.50,29.59
8e2f6e8aa36fa3770c9f33a7129e81a7,1,06edb72f1e0c64b14c5b79353f7abea3,391fc6631aebcf3004804e51b40bcf1e,2018-01-15 03:32:12,39.99,15.10
8e66b37a5e6e28c5a8c59bc36989a673,1,b2717842efa4cfa2f813f3c59f187869,46dc3b2cc0980fb8ec44634e21d2718e,2017-05-31 22:02:39,149.99,9.42
8ea705b6d457f1b50272b5ae5a7a9099,1,f1c7f353075ce59d8a6f3cf58f419c9c,37be5a7c751166fbc5f8ccba4119e043,2017-06-22 13:05:08,215.00,15.11
8ec0671b1fcacf329783aefb39813a64,1,d265065154be9a455d6a5b2a4727fe38,1f1bb1f0859883505541bdd6606193e5,2018-07-26 19:23:10,749.00,22.17
8ee530ebcd1df2efa8f0f5b08ef3beb7,1,98e0de96ebb0711db1fc3d1bad1a902f,f27e33c6d29b5138fa9967bcd445b6d5,2017-10-18 04:00:11,299.90,19.73
8ee530ebcd1df2efa8f0f5b08ef3beb7,2,0bcc3eeca39e1064258aa1e932269894,1f50f920176fa81dab994f9023523100,2017-10-18 04:00:11,59.90,15.79
8f06cc6465925031568537b815f1198d,1,12087840651e83b48206b82c213b76fd,5b925e1d006e9476d738aa200751b73b,2017-11-21 11:46:42,299.00,18.34
8f09949ac786439a1e679a535495c409,1,7aeaa8f3e592e380c420e8910a717255,e883aa812c37a7413226856f4579fe91,2018-04-19 19:31:11,329.90,20.19
8f0c341c40542ef2e5fee0d1ed7ba05b,1,58f82cc5bebd588e5cde0b3a89059da6,9f505651f4a6abe901a56cdc21508025,2017-12-28 09:34:17,59.00,14.16
8f0ef9fa114bf453c16ffc0350da8581,1,c6dd917a0be2a704582055949915ab32,7a67c85e85bb2ce8582c35f2203ad736,2017-07-20 03:30:47,99.99,16.95
8f3440c3e7e7b3e7162c1c7edbab894d,1,ac8a3c0c9899b7c670f5adc5880d9a17,d91fb3b7d041e83b64a00a3edfb37e4f,2018-03-28 16:30:24,28.80,18.23
8f35c9d6cb15b3bc14a4a88374c6d3d6,1,6ce07ff93c0dbafa9df5c10038e41287,972d0f9cf61b499a4812cf0bfa3ad3c4,2018-07-27 17:04:38,138.18,66.18
8f3c52ba80c75571b11705b0405b8696,1,4c1bbc12438daec98a77243c2bf7a3ba,7c67e1448b00f6e969d365cea6b010ab,2018-03-30 03:31:29,136.99,51.82
8f3f26027859349e29776a53fcf17963,1,d952c09021388fd5b1e5f914f559fb10,2138ccb85b11a4ec1e37afbd1c8eda1f,2017-04-12 12:33:38,18.99,10.96
8f41f6ee6b11dbc12bd14d1d0ce1641e,1,54234b8d25e66201fe043b2fdcfa8e6e,57c764b4a836300be881e2ff86e449f9,2017-04-14 12:05:32,44.90,14.52
8f49d00fac6d25b1dbdb0685ef43af10,1,6ec3c050cedb96661c07a891ee359146,a478c7961d6a992065b24e63b366f90b,2017-02-13 09:33:26,186.90,16.52
8f4af0beb1760e835b5a30e97e8920f5,1,fe7976532777922f0d60261e75f7ad36,b76dba6c951ab00dc4edf0a1aa88037e,2017-12-20 16:11:51,12.97,14.10
8f4ffb225a704e25511f490b651b6f2e,1,a62e25e09e05e6faf31d90c6ec1aa3d1,634964b17796e64304cadf1ad3050fb7,2018-04-10 16:10:56,105.00,9.27
8faff12af96ce78eba0d5b1597d5baa9,1,e7ce29342574abe2fbf171df97fdb092,7aa538dd6e114e503a2e6154ea352253,2018-08-15 23:04:20,69.90,14.80
8fbf896e2592896433876e70d88863aa,1,952670bc019a73f0933157ec82ff6e4f,37be5a7c751166fbc5f8ccba4119e043,2017-07-21 20:23:12,205.00,26.27
8fde182213914d24ed0bb9d4b02371a0,1,7f72a8900b3d2fc8fa2635b7836d6e6e,7299e27ed73d2ad986de7f7c77d919fa,2018-05-22 14:32:16,64.99,13.57
8fde182213914d24ed0bb9d4b02371a0,2,7f72a8900b3d2fc8fa2635b7836d6e6e,7299e27ed73d2ad986de7f7c77d919fa,2018-05-22 14:32:16,64.99,13.57
8fe860202f0d87213c4056f1030ae367,1,afeeea6271148ee1bb15173b8187c431,53243585a1d6dc2643021fd1853d8905,2017-11-16 23:27:00,215.94,26.54
8ffefeda31ab0d9c7c8b732ea9e1330e,1,ac480ada5f06d9024eae2c6dd9de4c74,4e06067cc08b3f41d837768d392c3ee3,2018-01-12 14:28:02,7.00,14.10
9039dad04728fa0f311e4fe99c906ccd,1,422879e10f46682990de24d770e7f83d,1f50f920176fa81dab994f9023523100,2018-02-21 02:55:46,49.90,17.60
903c880841c9b1af32d6d086b9763133,1,4c55077cfe05007e8051304d1b721343,b17b679f4f5ce2e03ce6968c62648246,2017-01-29 00:47:25,32.30,10.96
905f99d528bb299e8c62c67657cd8ccc,1,5b4341a1e617e4d33c3305158ff03c69,2089a6d640999f9b9141ac719b2af596,2018-03-05 02:51:41,179.90,12.76
90674f59a21207f91a7387785c66f340,1,59af9f8790e7a3f82851c321f0e825bf,b4f8921fcc4ff77b66bea6dda43dcd51,2018-08-19 22:44:06,1999.98,225.71
90696d1e7b8e43d93e6585765c6087db,1,2814b5e91ca5da1c238fc3ddf9616832,955fee9216a65b617aa5c0531780ce60,2017-08-28 04:15:21,12.00,7.78
90747e77f1f92c16ef47b7e5aa910e0d,1,caa1675deee5711b3aff1e4f5946266f,8d956fec2e4337affcb520f56fd8cbfd,2018-08-24 03:44:28,74.31,15.62
907876f99f250a7fca414743262371ea,1,8d8109048bbf6f0369b1522029f92a19,85d9eb9ddc5d00ca9336a2219c97bb13,2017-12-13 03:53:37,48.90,15.10
908c80ba9160e9d87007015b15aada39,1,17061c6ca6aaab457074d9f12c1882e6,7142540dd4c91e2237acb7e911c4eba2,2017-10-27 20:14:16,59.90,25.29
908e9be16fe93027637f6ffadae3bd15,1,b931645cdc2d9868f01544e8db63f5ab,b14db04aa7881970e83ffa9426897925,2017-03-17 13:33:07,69.00,14.25
908e9be16fe93027637f6ffadae3bd15,2,b931645cdc2d9868f01544e8db63f5ab,b14db04aa7881970e83ffa9426897925,2017-03-17 13:33:07,69.00,14.25
908f072f2390700728e47735f17c16ee,1,29427de7f8a9ee983d9dbc51cec569b4,7a67c85e85bb2ce8582c35f2203ad736,2017-06-07 23:02:25,99.99,19.94
90a854ca6f1238059e7d45e6805c8c32,1,2029248294c186017ecfc48cecd47bbd,d50d79cb34e38265a8649c383dcffd48,2017-08-21 16:55:13,126.99,25.73
90c4f854c8aa741f36043f09790eb18f,1,09b2a4f1ce3561a6562ffdccc0ca7c18,d91fb3b7d041e83b64a00a3edfb37e4f,2018-06-14 20:32:06,78.65,11.89
90c9aa0e4721db1de14e8528707b21a2,1,29427de7f8a9ee983d9dbc51cec569b4,7a67c85e85bb2ce8582c35f2203ad736,2017-05-25 12:55:28,99.99,11.90
911432777099c4ba4711a18faed3f4c0,1,a0b7d5a992ccda646f2d34e418fff5a0,95f83f51203c626648c875dd41874c7f,2018-04-18 22:35:20,69.90,28.80
911ac4b6a3d83be295853192aa63fbaa,1,036734b5a58d5d4f46b0616ddc047ced,ea8482cd71df3c1969d7b9473ff13abc,2017-10-13 20:49:32,27.99,7.78
911caddee9193485ecfacba64e139beb,1,52c80cedd4e90108bf4fa6a206ef6b03,a1043bafd471dff536d0c462352beb48,2018-08-14 21:30:21,139.00,107.30
912013de8efa1e912b59b103a537071f,1,4821fcfd5ac4f89ee295f3ac1f20c7a3,e504a4e2efaa45cbff7e268a2c58c956,2018-08-16 10:30:20,99.90,17.83
913677abacbcdc2b2f18b3ec362a0cdd,1,b6467b14d837634f4e04f6f0698e7bd3,4aba391bc3b88717ce08eb11e44937b2,2017-04-17 03:45:22,109.00,25.25
913ad8619a18dac3ea5b944b82d289a1,1,edfad7f99606f1d6beb6de0cf0ce60fa,85d9eb9ddc5d00ca9336a2219c97bb13,2018-03-01 19:26:16,38.90,16.79
9144181fd06902570ce9c34860652f55,1,3a362c0e7f9a69276e2d95869a3e143b,c70c1b0d8ca86052f45a432a38b73958,2018-08-31 13:55:15,110.32,8.03
914e3f7135c8d9046278a046552ebb6e,1,9798f14fd2be3c482aaff824a05ac605,c8417879a15366a17c30af34c798c332,2017-04-20 02:42:05,33.20,29.39
915a913fc05ab382dafb7776ea8c9580,1,bc055ae94989497c0d66bfa4263ccf61,1c68394e931a64f90ea236c5ea590300,2017-12-06 18:53:43,57.52,15.15
916fdcba975b61d1b124bc2e79b2bf87,1,66d8fb4ea4391a1f36cf50152c26b4ca,c33847515fa6305ce6feb1e818569f13,2018-06-14 20:59:24,75.00,22.24
917d66c0042ba4ce09a08ed7023da134,1,6cdd53843498f92890544667809f1595,ccc4bbb5f32a6ab2b7066a4130f114e3,2018-02-19 20:55:27,349.90,19.70
9181dcfd06aa134cf10d0dc56abcf07a,1,02293621a345f7cddda16c5d9c7990e4,ea8482cd71df3c1969d7b9473ff13abc,2017-12-04 03:27:17,21.99,15.10
91866c79939321e63218d7b71b2b26f8,1,cf321a247972430ae872ea605fb4628a,bb135baca94c82fcb731335ad5b04a03,2017-03-10 15:02:57,22.90,14.11
91866c79939321e63218d7b71b2b26f8,2,cf321a247972430ae872ea605fb4628a,bb135baca94c82fcb731335ad5b04a03,2017-03-10 15:02:57,22.90,14.11
91866c79939321e63218d7b71b2b26f8,3,cf321a247972430ae872ea605fb4628a,bb135baca94c82fcb731335ad5b04a03,2017-03-10 15:02:57,22.90,14.11
91866c79939321e63218d7b71b2b26f8,4,cf321a247972430ae872ea605fb4628a,bb135baca94c82fcb731335ad5b04a03,2017-03-10 15:02:57,22.90,14.11
91866c79939321e63218d7b71b2b26f8,5,cf321a247972430ae872ea605fb4628a,bb135baca94c82fcb731335ad5b04a03,2017-03-10 15:02:57,22.90,14.11
91cad3260fc3d7cb677fe27010618ab1,1,c862d801c5bf9b08e1bde0e3801199ed,6d66611d7c44cc30ce351abc49a68421,2018-08-14 16:15:21,39.90,23.08
91d87f183dde318c03f68e1b1eab1314,1,be837f2e0152a208d4386f4126d5bd7c,f8db351d8c4c4c22c6835c19a46f01b0,2017-05-22 03:35:15,32.90,11.85
922acd93e452539fe6833fd485296ffe,1,389d119b48cf3043d311335e499d9c6b,1f50f920176fa81dab994f9023523100,2018-02-14 07:50:29,49.90,17.60
9244c5e7b61a5ec0c86191bb1a727ed2,1,31f818fab5ba17c1c2f9b25b33630145,67883baaae6134ee81b271a542613728,2018-07-27 09:19:07,219.00,17.72
92460f9c0d34e466aef5b66f5c2ab91a,1,243bb58796ed2164b831fb75e1241888,2138ccb85b11a4ec1e37afbd1c8eda1f,2017-04-12 02:42:56,27.99,10.96
924d24dd7c6de024d96e25d4812d65bd,1,d04857e7b4b708ee8b8b9921163edba3,9f505651f4a6abe901a56cdc21508025,2018-07-05 02:31:23,69.99,19.40
92719473371fb9439b386d53d12470a8,1,dc52f0f5d3ec37a93eaf956cde4e5d2c,6560211a19b47992c3666cc44a7e94c0,2017-10-19 20:46:38,49.00,21.15
928c456c589166bf1f6a77a4ec6a8165,1,3e03619d360cd44f29e094aae3c4a76b,50c9975695009e5e6473912e83a6d1da,2018-02-01 12:19:22,37.80,33.71
92a5191ba977547e2cd844d5140c63f1,1,20531b0644a0719b8d506c4db3c56609,ce7d1888639e6fb06b2749cbfdac1ff7,2018-02-22 18:27:14,138.00,31.48
92a5191ba977547e2cd844d5140c63f1,2,3b94e26edc496743bbce82c42f0a9903,30a2f535bb48308f991d0b9ad4a8c4bb,2018-02-22 18:27:14,54.90,9.45
92ecc22dcdb92188d9866d8b120c5428,1,fd40f3ef9c7fb9c550619a88af47a5de,55d3daac7c404d59e51c2aa2f4dc5a23,2017-11-17 02:55:46,205.00,62.62
931e76c33f2109e760025ef697884eed,1,d04857e7b4b708ee8b8b9921163edba3,9f505651f4a6abe901a56cdc21508025,2018-06-18 23:58:28,67.99,9.23
9320dfc3fd49dc6e3fb9f688c8ea6c37,1,be359e4dfd741cfa415d9965fe0c417f,1336efc61c316ddf92c899eb817f7cae,2017-05-30 11:35:24,154.00,64.66
932917bf5776b6b41c8184cde607a9bd,1,d63c1011f49d98b976c352955b1c4bea,cc419e0650a3c5ba77189a1882b7556a,2018-03-27 23:31:42,59.99,8.88
932c319ee28911384cce008c02f0b448,1,fd85f34d70edf41fbea6a3269d183e00,caa9bc43a9fe8cf9c564ddd8a03cc4a6,2018-08-14 17:04:24,29.99,50.93
933cae52f81a96867c679e5251c0a7c5,1,9400a388ad4fbe5e9d381a9762fc99c2,7139dc5186aa238b006e066d8fbab2e4,2018-03-01 20:27:45,76.00,12.49
93404003d3192d8a2d781361faa129dc,1,bb42b10bcaba6e4a309df375d6fb38df,5a6a02f419701fc8c605af71d4fc57a4,2018-08-28 16:10:23,35.00,13.83
934583479bac4ab37120cace4120596a,1,dc6185221ef0ba24510b48e0612fd51f,ea67327e24487bdfac5fbfa37ea124df,2018-06-15 15:19:24,127.45,23.47
935cbf337f50d03fc7ecfb5a601dc7fc,1,1b34de23397f9ce6cd0f7afa27b60eac,c70a353f02429c00775a46a75fb787da,2018-07-31 08:25:14,38.50,19.18
935e2b59d8831e7e158e0a2bbf8f91c3,1,7a9cf133da2a6494259ffeeab11b6276,db4350fd57ae30082dec7acbaacc17f9,2017-11-08 12:10:21,21.99,15.10
936ed73e77adab4aaaf271bddfef8f09,1,1e792313d6d23699b3ed772e7042b089,b2ba3715d723d245138f291a6fe42594,2018-03-29 07:55:31,229.90,12.23
9372c16a75d7ff9110358389ccaa0566,1,19c91ef95d509ea33eda93495c4d3481,06a2c3af7b3aee5d69171b0e14f0ee87,2018-03-07 22:10:26,110.99,44.63
9376d48a8f0dfe09122a2e197aee2436,1,d4a3a15f99c94c6741d16d3375b928e6,6560211a19b47992c3666cc44a7e94c0,2017-04-06 13:05:51,49.00,8.72
937ca79de438593867663c25fd34ea4b,1,4025cbfac798d74f87c30ee87e6e9f70,d8c7ba53e7e38711eaef8c2849d6d2e1,2018-08-22 12:15:40,117.00,66.03
93801ff5a04f6b018564f462ea790c0f,1,e2bb00220a167d9e60b6776ac33717bc,6560211a19b47992c3666cc44a7e94c0,2018-02-22 21:50:28,56.00,14.14
9387d427f564a63a5d9e87418dd48a54,1,2052b3c5e08893e567c2fb7778476c75,be8e909810184b9b19e886129149d8e5,2018-02-22 13:30:20,44.99,16.11
938cf86c22cfbcdef5e04f4038fad081,1,bd6e6fce9ada76ea2db0f1912e8e478f,1835b56ce799e6a4dc4eddc053f04066,2018-01-28 23:35:17,56.99,12.74
9399731dd679003e21c7f24ad39ffa32,1,095cb863f2b04911455ad33f5177062e,2059c39f76271d4ca3f15b5ffaccc8b8,2017-09-13 20:25:11,53.90,16.14
93c4655e5be1df1a5fad75de93847cd4,1,e558ed9db130cd52586bb4fcb1090132,6cd68b3ed6d59aaa9fece558ad360c0a,2017-03-15 20:19:12,129.50,16.21
93cae495607755570d9b4c0c2d0474e6,1,78efe838c04bbc568be034082200ac20,0241d4d5d36f10f80c644447315af0bd,2018-03-22 09:48:01,99.90,26.78
93ddc164704b957c3c891cc9d2c20b21,1,7ac5f520abfc0589418bc7c76cea7a7c,8160255418d5aaa7dbdc9f4c64ebda44,2018-05-21 04:12:22,122.90,14.95
93f02e3d7633cf1fa948b35b5003cb18,1,0a9bdadab17a9b0f258f64d11a0adf7b,7c67e1448b00f6e969d365cea6b010ab,2018-03-23 12:30:48,79.98,32.82
93f02e3d7633cf1fa948b35b5003cb18,2,0a9bdadab17a9b0f258f64d11a0adf7b,7c67e1448b00f6e969d365cea6b010ab,2018-03-23 12:30:48,79.98,32.82
93f02e3d7633cf1fa948b35b5003cb18,3,0a9bdadab17a9b0f258f64d11a0adf7b,7c67e1448b00f6e969d365cea6b010ab,2018-03-23 12:30:48,79.98,32.82
93f02e3d7633cf1fa948b35b5003cb18,4,0a9bdadab17a9b0f258f64d11a0adf7b,7c67e1448b00f6e969d365cea6b010ab,2018-03-23 12:30:48,79.98,32.82
93f02e3d7633cf1fa948b35b5003cb18,5,0a9bdadab17a9b0f258f64d11a0adf7b,7c67e1448b00f6e969d365cea6b010ab,2018-03-23 12:30:48,79.98,32.82
93f02e3d7633cf1fa948b35b5003cb18,6,0a9bdadab17a9b0f258f64d11a0adf7b,7c67e1448b00f6e969d365cea6b010ab,2018-03-23 12:30:48,79.98,32.82
94078496f9b59a9d885f033870393097,1,53b36df67ebb7c41585e8d54d6772e08,7d13fca15225358621be4086e1eb0964,2018-05-07 21:51:40,99.90,0.00
941d8ea654e3550842584075b13918ef,1,a4bca9d23228eeaf4e0169cb1a45aa62,4e922959ae960d389249c378d1c939f5,2017-06-28 19:50:16,89.70,15.38
9423ec5aa2843d66ab1e34407ecb9b74,1,cdbda59a8f5cbd6a8020e6e2289b9960,dbb9b48c841a0e39e21f98e1a6b2ec3e,2017-09-05 10:45:17,49.89,8.72
943980abcbc522eb49346398ee2594b4,1,00989337a1916a0055eedd1fdb35eb53,f7720c4fa8e3aba4546301ab80ea1f1b,2018-03-29 02:10:44,18.75,19.04
94534dca4b70b22116250b471102602e,1,7814c273ab16783d73a9863ebfa8b141,1025f0e2d44d7041d6cf58b6550e0bfa,2018-08-10 16:24:38,230.00,49.98
945cebd7f0d6886e7971663839507ec4,1,f98ab3dc92c46ebabdc8f613acfae537,709e16e2b25c7474d980076c6bfc4806,2017-12-12 13:14:30,37.90,11.85
947b612f269cbbdaa438d55bb70f1baf,1,20531b0644a0719b8d506c4db3c56609,ce7d1888639e6fb06b2749cbfdac1ff7,2018-08-13 14:05:14,138.00,26.34
94852b0703b31b852e6c4f73896aa247,1,42b3cf00e662d57725bd2425b106563f,820cc752a266cdc6c1a1e61dd4583330,2017-12-08 16:21:04,299.90,15.83
94aba2a37911fff127097b56d60fd1b5,1,6a1c65dbbecc1ece8c22856122a774ac,1025f0e2d44d7041d6cf58b6550e0bfa,2017-12-06 11:30:29,250.00,28.19
94b860984e79a390fa2d4793ddd46404,1,1823142d83a24b619bebd0088d7f95d9,34056b8b55c1775a22af2331670a799c,2017-12-04 12:31:54,104.80,15.48
94caf828558aed4dc7cb9da3711a5c5a,1,e44f675b60b3a3a2453ec36421e06f0f,730937bf88cb151eb2eb849f642fc213,2018-04-26 11:30:44,105.30,37.43
94f1c6e75d7f8c25a1094c0f45ac1a07,1,5c61329e1b7e18310bbc294c17cd47bb,caa9bc43a9fe8cf9c564ddd8a03cc4a6,2018-05-14 11:35:58,99.99,13.14
950d953d1c32b47c840a17f3661427a4,1,0d85c435fd60b277ffb9e9b0f88f927a,f457c46070d02cadd8a68551231220dd,2018-02-27 21:08:51,68.90,15.23
9537e35e835d4ae6b7b219b8b2e36817,1,914c9e9af640dd56f48764a225b00f89,7c67e1448b00f6e969d365cea6b010ab,2018-08-21 02:50:37,89.98,52.67
953a453190f96f0f32ea10b03af65a08,1,34239894e175b17d8c84edc6c73b4dad,827f8f69dfa529c561901c4f2e0f332f,2017-04-06 02:15:28,32.90,16.05
953a453190f96f0f32ea10b03af65a08,2,cfe99a31516679fb9515881d25891570,827f8f69dfa529c561901c4f2e0f332f,2017-04-06 02:15:28,32.90,16.05
955c8fbc85ca2cbd9a0cfe283624c915,1,057041a5c3e1080ad700db092badca71,4a3ca9315b744ce9f8e9374361493884,2017-12-04 10:41:05,140.90,18.24
95a0819142cb868109a4b84a410098f8,1,2152380ff2e0afbc8c1c5b7c72732c40,cca3071e3e9bb7d12640c9fbe2301306,2017-10-10 14:24:17,49.90,12.69
95a7461400781a93765157b8f5fa2b6a,1,aef8207c2e91f4fcdbc0824737abf358,5c243662ce92d84573bfaff24c3e3700,2017-02-28 17:50:33,339.99,17.14
95d31d53ccc53bca2c13fcd535d67526,1,d5f4f441812a9a67cf8fa6d6019192c8,b1fecf4da1fa2689bccffa0121953643,2016-10-11 14:52:27,174.90,17.65
95e6954a7dcbdd1a6efe5fd1ce397ba0,1,bebd360fe73dc670fd6439e9b943ceb7,966cb4760537b1404caedd472cc610a5,2018-07-25 00:10:13,746.00,20.32
95ecc4683cb56cd525c1488adf228175,1,17c9711cb08dc4757841afc6d4a239d4,17e34d8224d27a541263c4c64b11a56b,2017-06-13 07:15:14,516.59,19.38
95f552c5bebbb2d3c6ff73da9ff5e2ad,1,f811e4e8228504bcdd34f2fe9f502c92,538caafddff204241cecbf3a02e6b3cf,2017-05-22 11:55:17,15.90,7.78
961e941567157246b67c0c448fb7252e,1,1d4de03a6141ce2a2ae5a97f51cabb37,7ad32824caee82087b3e2e5f33b1bf32,2018-05-18 02:53:52,199.00,28.56
961f1793d1fa464e0ed6686562936da8,1,31a2f42a87890f87d77daebdfabc182e,4c03b9dd4c11ee2cb35c96c49efc9420,2017-08-07 18:35:42,149.00,29.44
96500f175401baa18ab94e059e3c7ab8,1,98d61056e0568ba048e5d78038790e77,8581055ce74af1daba164fdbd55a40de,2017-05-22 16:35:20,169.00,19.07
965f57ad446a9d190bec51db7f0fd8b5,1,c896aa5b12fcfbb05d648eab1240f407,b4ffb71f0cb1b1c3d63fad021ecf93e1,2017-11-16 10:30:40,34.00,9.34
9680f3fdc078a63f1a4d5fca0f7790d8,1,242e1933d9cb1c789d3c6a3f2d083ba0,e48b04bf1aa1ef711caebeb7aede6180,2018-03-29 16:08:46,185.90,28.06
9682e213157788365257ba787969f33b,1,4874eb71b65dc197fb705bc999eb41bb,f8db351d8c4c4c22c6835c19a46f01b0,2018-06-12 19:12:33,29.90,13.23
96868bc7a88dff342e4f0726c58d2897,1,681a43d9f960e80dd7756c749e60a2be,1b4c3a6f53068f0b6944d2d005c9fc89,2018-01-26 14:06:15,59.00,15.16
968881fd0bc1fa8d068c381b3484223d,1,634256dbcd184b3757ffd7632c9fe52a,42b729f859728f5079499127a9c2ef37,2018-06-13 17:31:33,24.90,22.85
968ce3e13bbc09dc91d26a2f0208d99d,1,165f86fe8b799a708a20ee4ba125c289,7ddcbb64b5bc1ef36ca8c151f6ec77df,2018-03-08 14:35:33,176.99,23.56
9699c01a896c01b9cb591cdd6ad1adc3,1,06c6e01186af8b98ee1fc9e01f9471e9,fc906263ca5083d09dce42fe02247800,2017-06-15 02:55:14,39.90,16.79
96a03487818c437031605930844f4432,1,b68a2323ae78c8400b78aeb0e9b33ccc,9dd59e43f0c9f0553244e8f9c2fb247e,2017-10-19 16:48:49,31.90,15.10
96a2b5167187b3cfde60cd245d421132,1,97017430754804328eb9597b7f85da03,ea8482cd71df3c1969d7b9473ff13abc,2018-05-10 03:31:14,29.99,18.23
96a8d065c3f2dbde8c6ff7fae00a2f35,1,ea3d1fd6192d8c4443e67d2360461a70,8d899e15a5925f097cca50faa49b15e3,2018-06-01 11:15:21,67.00,9.44
96a8d065c3f2dbde8c6ff7fae00a2f35,2,ea3d1fd6192d8c4443e67d2360461a70,8d899e15a5925f097cca50faa49b15e3,2018-06-01 11:15:21,67.00,9.44
96cf4805d2e98446035e05b0874255bb,1,91b08d34d0ba4db44da2dc382867ba49,b76dba6c951ab00dc4edf0a1aa88037e,2018-01-22 23:13:21,12.99,15.10
96cf7ecd8c676d61be261ffdda90b008,1,995e25d9b46dee183004994645768d95,955fee9216a65b617aa5c0531780ce60,2018-07-20 02:41:51,39.00,8.43
96e427c3f1f84bc2ae037b8ca5d22110,1,461f43be3bdf8844e65b62d9ac2c7a5a,7d13fca15225358621be4086e1eb0964,2018-05-11 15:13:49,118.00,18.71
9707e5dd2b32ab5cc39155a27eb3d0ec,1,a3a03c131926ec14d4c9f3ef03016b24,b55638ad525e906c698fa2ce742c1742,2018-02-20 20:28:07,59.00,17.98
9711d75c7f14daa7b898759d42b9af64,1,a5c9c1711f61d2b63cf996b4928092ed,46dc3b2cc0980fb8ec44634e21d2718e,2017-08-31 02:11:07,69.99,16.25
973f596fdd2295f00754dd37ab7eb684,1,64d0feb1bcf9c7fe7b5dad3271c10910,e5a38146df062edaf55c38afa99e42dc,2017-02-10 22:47:03,89.18,9.61
9769371d54296310103ef23ba69b4af2,1,d73a7e3009d1b8f498a0ffd3e8ae6565,da8622b14eb17ae2831f4ac5b9dab84a,2017-10-04 22:20:10,39.90,17.92
a9c12c3dbd383763a49141b30627fd5d,1,ad4b5def91ac7c575dbdf65b5be311f4,897060da8b9a21f655304d50fd935913,2018-03-05 12:09:22,18.90,20.75
a9c12c3dbd383763a49141b30627fd5d,2,e6b314a2236c162ede1a879f1075430f,897060da8b9a21f655304d50fd935913,2018-03-05 12:09:22,18.60,9.45
a9c12c3dbd383763a49141b30627fd5d,3,e6b314a2236c162ede1a879f1075430f,897060da8b9a21f655304d50fd935913,2018-03-05 12:09:22,18.60,9.45
a9c12c3dbd383763a49141b30627fd5d,4,ad4b5def91ac7c575dbdf65b5be311f4,897060da8b9a21f655304d50fd935913,2018-03-05 12:09:22,18.90,20.75
a9c12c3dbd383763a49141b30627fd5d,5,ad4b5def91ac7c575dbdf65b5be311f4,897060da8b9a21f655304d50fd935913,2018-03-05 12:09:22,18.90,20.75
a9c12c3dbd383763a49141b30627fd5d,6,e6b314a2236c162ede1a879f1075430f,897060da8b9a21f655304d50fd935913,2018-03-05 12:09:22,18.60,9.45
a9c89bb4f8fdb0f08903c73d7d4e8822,1,7c1bd920dbdf22470b68bde975dd3ccf,cc419e0650a3c5ba77189a1882b7556a,2018-01-17 10:09:43,58.99,11.73
a9f75df1cef311cb1a83706ed6992b41,1,c0704b7b41d23540e8576c5e84484dcb,729b2d09b2a0bdab221076327f13d050,2018-01-25 18:20:30,32.90,11.85
aa074a04e180e1202a8e0500297a2570,1,f1c7f353075ce59d8a6f3cf58f419c9c,37be5a7c751166fbc5f8ccba4119e043,2017-07-21 20:15:09,205.00,28.81
aa1370235ef192d1702585435015b9b8,1,e1ed9c25b42fc1afbc7459cc821a9d44,05d2173d43ea568aa0540eba70d2ca76,2018-03-08 03:55:46,49.00,16.79
aa13f22ba1dbf5360989f7480c1e099c,1,44fded21627553d1886d459384bbce06,8b321bb669392f5163d04c59e235e066,2018-05-29 09:53:09,15.00,8.29
aa1849549928a6c6d3f8b27f1bcf3a22,1,727a46f0b58a9ef165af9f7ebcfebfa9,e9779976487b77c6d4ac45f75ec7afe9,2018-08-15 02:44:35,19.49,18.24
aa6bad8e7c086d7f65fbd2dd0131cf84,1,cb61a9727a2f74ec0c80652f4d62e812,7c67e1448b00f6e969d365cea6b010ab,2017-08-17 17:46:12,99.98,34.06
aa7d642fecef401c80602a4dcb0a82ac,1,c7f00fc7c45096568acd0e79ade90e64,5f1dc28029d2c244352a68107ec2b542,2018-01-09 06:49:24,171.90,42.27
aa7e3a2bfaf2aa8869ba241172c7ee1a,1,1b335291af6aa51e69afcce777570b9d,e62b2d6ac10570a035a30bafcf01d263,2018-02-02 20:53:22,319.90,14.58
aa8349da5e4a45c547cfac79368e930d,1,87351480a75abfcf15ec67af64f28ee6,ccf8813e5a7d6c84d865cd38bfc2b130,2018-06-11 10:15:16,102.00,19.68
aaab96ab260f2839451f9c2839d59109,1,84d0e98e468edffdfe4f1f5b178d4ecc,c3867b4666c7d76867627c2f7fb22e21,2017-10-11 03:07:15,104.00,17.98
aab6724caaf81418088249e2a0ea5d17,1,9a29b754b7fc0aa8eeb990103fcea4fc,0bf0150d5b9d60d9cd2906003332f085,2018-01-22 20:10:37,106.00,20.23
aab6724caaf81418088249e2a0ea5d17,2,9a29b754b7fc0aa8eeb990103fcea4fc,0bf0150d5b9d60d9cd2906003332f085,2018-01-22 20:10:37,106.00,20.23
aac567189889ebd3f40e46a0f8a5a63c,1,dbb67791e405873b259e4656bf971246,9c0e69c7bf2619675bbadf47b43f655a,2018-03-27 10:28:16,81.99,7.92
aac567189889ebd3f40e46a0f8a5a63c,2,dbb67791e405873b259e4656bf971246,9c0e69c7bf2619675bbadf47b43f655a,2018-03-27 10:28:16,81.99,7.92
aae50e3ecf0a52e135b59e3df0d18c84,1,aca2eb7d00ea1a7b8ebd4e68314663af,955fee9216a65b617aa5c0531780ce60,2018-01-11 16:31:22,69.90,22.36
aaf067f5adccd2b8fdf1a9f651a9148a,1,69455f41626a745aea9ee9164cb9eafd,4869f7a5dfa277a7dca6462dcf3b52b2,2018-06-20 15:31:59,179.00,61.53
ab001f825765f185062e85eaebc010b5,1,ac305a1e7e7b958e961fd896ef1395c4,25cf099de44674fde97473224f9d59ab,2018-06-22 19:18:49,20.00,8.30
ab2789e683e9edeb0f07462e642c5ad4,1,bd0ced5367f8750ffbeaa23d1d2ddf33,9596c870880d900012f2e8e6e30d06d7,2018-05-18 09:58:42,49.90,14.43
ab348b95012031ab6a86594395ad47e1,1,00250175f79f584c14ab5cecd80553cd,b499c00f28f4b7069ff6550af8c1348a,2018-08-14 20:05:22,79.99,9.31
ab377121ab607d829a167d9796781f67,1,999f8a403c25d68c828a6915e13e89d9,2138ccb85b11a4ec1e37afbd1c8eda1f,2017-06-19 17:15:43,26.99,11.85
ab39f24d0e515ab82f849a72b61597d3,1,2028bf1b01cafb2d2b1901fca4083222,cc419e0650a3c5ba77189a1882b7556a,2017-10-25 18:23:58,56.99,8.72
ab588e77cdbcc3d63e479ba2862256a5,1,25f86162fee18735fffdb762dcb10d7c,1a3df491d1c4f1589fc2b934ada68bf2,2017-10-06 17:07:13,159.90,23.99
aba3d283b846a03d398d549db17b649a,1,51250f90d798d377a1928e8a4e2e9ae1,3c7c4a49ec3c6550809089c6a2ca9370,2018-04-09 05:50:28,13.99,12.79
abef8b5d0f7fa066c7473db7d650c870,1,f0af7ec9760e53f21277444f32ee3308,cca3071e3e9bb7d12640c9fbe2301306,2017-01-22 13:17:46,99.90,13.28
abef8b5d0f7fa066c7473db7d650c870,2,f0af7ec9760e53f21277444f32ee3308,cca3071e3e9bb7d12640c9fbe2301306,2017-01-22 13:17:46,99.90,13.28
abef8b5d0f7fa066c7473db7d650c870,3,f0af7ec9760e53f21277444f32ee3308,cca3071e3e9bb7d12640c9fbe2301306,2017-01-22 13:17:46,99.90,13.28
abef8b5d0f7fa066c7473db7d650c870,4,f0af7ec9760e53f21277444f32ee3308,cca3071e3e9bb7d12640c9fbe2301306,2017-01-22 13:17:46,99.90,13.28
abf60bca751436919479c6ad94cf5c0b,1,e9ceb9123d3103b7ad293c168dd3a547,5f06030071324cc52bf0304014ac7234,2017-08-24 17:45:10,195.99,27.69
ac28921ef185c0a4f81b4fbbdf4d645e,1,a6621d4ee609f3f917d04c11ca8f0161,7aa4334be125fcdd2ba64b3180029f14,2017-11-06 21:50:20,86.99,29.01
ac2a908690e426e5105a42ead9dfd2b7,1,5abfadaca53239a9193e09288bcd7db6,835f0f7810c76831d6c7d24c7a646d4d,2017-06-23 09:10:12,159.90,25.67
ac5191d38d98b832e91b416ce1b61e3d,1,f788dd44fc883f0664693a6dea50437f,3d871de0142ce09b7081e2b9d1733cb1,2018-07-05 21:10:07,49.00,19.53
ac853685fc6a8eb4fbee28b457588078,1,f71973c922ccaab05514a36a8bc741b8,5dceca129747e92ff8ef7a997dc4f8ca,2017-06-13 18:25:20,89.90,32.86
ac8a7a5a2eb68fd70147207a05c5e9d9,1,f7fce9a4e86a0d19818cc145ef87f8ca,e5a3438891c0bfdb9394643f95273d8e,2018-01-29 03:39:32,13.30,8.11
ac8a7a5a2eb68fd70147207a05c5e9d9,2,f7fce9a4e86a0d19818cc145ef87f8ca,e5a3438891c0bfdb9394643f95273d8e,2018-01-29 03:39:32,13.30,8.11
ac8a7a5a2eb68fd70147207a05c5e9d9,3,f7fce9a4e86a0d19818cc145ef87f8ca,e5a3438891c0bfdb9394643f95273d8e,2018-01-29 03:39:32,13.30,8.11
ac8a7a5a2eb68fd70147207a05c5e9d9,4,f7fce9a4e86a0d19818cc145ef87f8ca,e5a3438891c0bfdb9394643f95273d8e,2018-01-29 03:39:32,13.30,8.11
ac8a7a5a2eb68fd70147207a05c5e9d9,5,f7fce9a4e86a0d19818cc145ef87f8ca,e5a3438891c0bfdb9394643f95273d8e,2018-01-29 03:39:32,13.30,8.11
ac9a25281ccc31b31fc2e9cdac94d9f2,1,72d0cc6588b5d4f4e26007c2e709315c,972d0f9cf61b499a4812cf0bfa3ad3c4,2018-01-18 21:30:36,169.99,15.94
ac9ec0af6e2e654e5b2b88f0ee326b4c,1,0705b33fb285827a578fce4899f1b921,318f287a62ab7ac10b703ac37435a231,2017-08-07 21:08:38,22.50,15.11
acb2afbcbcc3be10924f75fd3b6c98d8,1,e482ad963bfb9a9abc51b9850aca97b7,c2d70ce2c5d0a2eb75e78668236e6dc8,2018-07-25 09:18:26,49.00,15.44
acb2afbcbcc3be10924f75fd3b6c98d8,2,e482ad963bfb9a9abc51b9850aca97b7,c2d70ce2c5d0a2eb75e78668236e6dc8,2018-07-25 09:18:26,49.00,15.44
acba89405234491dd6704dbf3fd8f653,1,08c63555bbee955cad9c6a9feab9e9d4,117cfc326c6d50da67ca858ff5c0c852,2018-05-18 10:11:59,94.90,18.24
accf01093c34d22b41b9ac3fc0fa8894,1,6b8ad86f112aca07559fb0a4b03835e4,744dac408745240a2c2528fb1b6028f3,2017-10-20 17:56:29,149.00,16.48
ace32c3a7cdce2ac7c62d0ca6c39b0bb,1,349dcde76e42ad7a08253c7e825af897,3361277dc30b7cccdb0c286b24219756,2017-11-16 17:06:39,135.99,16.71
aceb0ac9c2d49926c0eadc1510a3ff53,1,ccb162ed569f47d83f62aebd5700d7ad,7a241947449cc45dbfda4f9d0798d9d0,2018-08-06 20:10:19,139.00,25.84
acf135e0b39f84ba17db4d8ea2a42e7a,1,e0f33a3329af6716a0bb47fd7a664439,7e26c750b4cb9f6766f58265ff9ebe95,2017-05-03 11:05:10,49.80,10.96
acf46500e7a3027d1314833501c92fe1,1,927c2a01437aaec44d9b67f277b55eab,7c67e1448b00f6e969d365cea6b010ab,2018-02-20 15:11:49,192.99,53.36
ad07fbbd9ee2c6dead53c1af4ba90f02,1,dab2413ead0edda9967edbc9bda2a64e,562fc2f2c2863ab7e79a9e4388a58a14,2018-05-23 03:16:13,29.99,7.71
ad0e80cb90ad456f01f1533e4cdc1f0d,1,8da77162e41d47464f9806727417cf6e,4a3ca9315b744ce9f8e9374361493884,2018-02-14 14:10:44,259.90,49.26
ad289a7aeb017887d348b0e026d8d521,1,16dd49ee10e688f75c41e83b4863f85b,4b0fdb526525f9890eb145bf1534640e,2018-07-10 20:31:33,107.90,57.53
ad2a607cb972296b63c687849e21dd34,1,740adb81f19fb346d1ce72237211ba51,4e922959ae960d389249c378d1c939f5,2018-03-29 12:56:39,139.00,23.90
ad2e046d1a59ee49ddf9ae258360b81b,1,88a3f73bd7326cded0153029c775d145,3ab971ce71839580d2ae5b4e40fe8044,2018-08-21 07:44:06,119.00,16.13
ad703ca6534f1d88a4b1f42a63b44413,1,921d31a1daa51460b7a95ea5f3ab64d5,4c498c7345e89aebad651544829beca0,2018-02-20 14:08:19,89.90,14.38
ad761416833aee13e3c6c8b579d72f96,1,79f408dbd4af006086912a6e3570133a,a17f621c590ea0fab3d5d883e1630ec6,2018-03-29 15:10:25,40.33,7.87
ad950ca26cf8bcb793630d2d8652a562,1,dbf23e54e9fe684d5774201bdf0de80f,596849622429351f47b32e6cae1055ff,2018-06-08 15:11:14,34.90,7.39
adb4641524ad981f9ab1886ee54977c7,1,c7fd13b5e515bffdab855d0812842edb,1025f0e2d44d7041d6cf58b6550e0bfa,2017-08-15 04:25:21,78.00,16.31
adb4641524ad981f9ab1886ee54977c7,2,c7fd13b5e515bffdab855d0812842edb,1025f0e2d44d7041d6cf58b6550e0bfa,2017-08-15 04:25:21,78.00,16.31
adc1786f217f05f2ce9f08234ad1acbe,1,27608e96f596b295c68b1d7ed7e639ce,bbaff50f3b708fda865918715276cd87,2017-04-19 20:22:02,13.90,10.96
adc4e509a9b11c13575e75e6defef283,1,0364c36f8e845e4d309c0a3accc04b1c,7c67e1448b00f6e969d365cea6b010ab,2017-07-19 02:44:22,209.99,53.48
add940502d0460714892c63cc13c07eb,1,8d117b157de0b1a41b75de2833fd4f6e,2c3d56f92f360fb89d849b84e8f50eae,2017-12-06 11:11:07,43.50,15.11
ade4397f52cb13f72b87939c8250e292,1,233ad2cdae25fbf46f0d090b678d23f4,2a6fbeaa7ab9e5d59a35841a8da71ce4,2017-10-02 06:33:12,130.00,27.45
ae022df91338bf0b68f5d5f179ad8492,1,81f3b58e2adf194df837b71d288dd315,b248792ac0b60ec3f93d80af1b4fae47,2018-08-09 16:04:13,57.90,23.56
33719438c660a7964c608082a59a58c6,1,97170c28efde1b426f1c52348fe1c086,6560211a19b47992c3666cc44a7e94c0,2018-01-05 12:59:18,129.00,12.40
337d06bdab986563a27e4f5c1885e887,1,1d3ecbda18167c766a3381fd16108e4a,dbc22125167c298ef99da25668e1011f,2018-06-25 18:21:22,89.50,15.70
338fbd3c36de682efeb03bf89d62ae95,1,af0a917aec9cea3b353ece61a8825326,da8622b14eb17ae2831f4ac5b9dab84a,2017-11-26 23:34:44,89.90,12.33
33ba4f801135f88f6836ade6260d0623,1,76b8dd5ed5596a060e722e0032d2d9da,a3a38f4affed601eb87a97788c949667,2017-10-23 16:06:47,69.90,13.64
33baefa752f2d98a008d4330d306d3db,1,4a9947ec1fcec2b3321193ed5590e8cb,6560211a19b47992c3666cc44a7e94c0,2017-05-02 08:10:57,59.00,14.17
33bb79c28616262f5e3fdcf5e678b266,1,312669e28dbea698f766c3daf44771c8,e5a3438891c0bfdb9394643f95273d8e,2017-08-10 14:34:47,48.90,11.85
33c1911ef3652a03c6cb098b9399b1d3,1,d35825dd1741eee134506022d73f4e71,4c498c7345e89aebad651544829beca0,2018-07-09 15:31:46,79.69,18.66
33e2ef7baf78f45517589742203e095b,1,39849897ee574a067adeb72b6c8e84fa,8b321bb669392f5163d04c59e235e066,2018-04-12 13:10:15,27.90,22.06
341db9fcd72b3de80c6d9ee4309abacd,1,0e34187d4312b97b5e698836d28ed040,a420f60ff1aa9acc80d0e42959f2b313,2018-01-31 21:53:16,199.00,17.15
341f9a0cecbdf48fcb1ba6975fe2cbda,1,186fe07c8b8005ec6a498587ffbc1352,6560211a19b47992c3666cc44a7e94c0,2017-10-19 13:14:22,29.00,7.78
3426a8ff7d6108c541c7edd4ede5cf18,1,e0bb3159111d86828b5caef8725ff055,cd06602b43d8800bd0afad514919d35c,2017-04-07 15:50:15,101.00,19.30
3426a8ff7d6108c541c7edd4ede5cf18,2,e0bb3159111d86828b5caef8725ff055,cd06602b43d8800bd0afad514919d35c,2017-04-07 15:50:15,101.00,19.30
34385ebc27efd3685674932151f86368,1,17ad136b7421ea8690fded631b651158,6560211a19b47992c3666cc44a7e94c0,2017-12-19 12:56:20,55.00,7.78
346c7fbe1745d3fc2a5012e93d121652,1,87de61f4132195b028aa9453616116cc,34056b8b55c1775a22af2331670a799c,2018-07-02 02:15:41,129.90,39.42
34713a7c57fc2cc3f40a0ed057046b70,1,137463a11feed96cfc9fbdd97d4e2403,0adac9fbd9a2b63cccaac4f8756c1ca8,2017-11-17 13:30:33,9.90,15.10
34797e815a679fdaea88d3aa30dbf46c,1,f1c7f353075ce59d8a6f3cf58f419c9c,37be5a7c751166fbc5f8ccba4119e043,2017-08-16 19:50:15,200.00,22.24
3480c6733692db0895d7f240dc18d9d6,1,d017a2151d543a9885604dc62a3d9dcc,6560211a19b47992c3666cc44a7e94c0,2017-10-23 17:14:35,49.00,7.78
349419805b6735ed9a2cf737205fae53,1,c9c6fde711572c1ad99ca12728c6af00,562fc2f2c2863ab7e79a9e4388a58a14,2018-02-26 07:07:26,29.99,7.78
34a9a98676d240a885b690f92ef1b430,1,a1efe4a86746c22541813e22e1d23e33,da8622b14eb17ae2831f4ac5b9dab84a,2018-02-09 11:35:48,169.90,16.82
34b52e1c183144d83dae0e368e920950,1,da9e08537d4ddc6682410370bbbb04f1,16090f2ca825584b5a147ab24aa30c86,2018-08-14 12:05:17,166.99,8.43
34fdc362961364d3ff08986ccff2212d,1,3abb0e27cb9374f334c59074d868bcbe,9906e7aa42a3c067b7c9a564d01c4320,2018-05-14 17:55:23,95.70,13.98
34fdc362961364d3ff08986ccff2212d,2,f0c1c1d5ec61ce4c4846abd4283631df,a5a1bfcf728ab0e19182959cf0771ee4,2018-05-14 17:55:23,59.90,13.98
34fdc362961364d3ff08986ccff2212d,3,4715eb4e21b1833327567e8c62ce5790,c240c4061717ac1806ae6ee72be3533b,2018-05-14 17:55:23,59.90,13.99
350038b23604468ee252b66f20af1443,1,dad78ca3a5464684968e4242039b647f,516e7738bd8f735ac19a010ee5450d8d,2018-06-15 09:12:03,94.00,19.63
350bbe08ad1344030593d837cc982113,1,0cd6e5162c88ac37f5d1aee2922c51cb,8a32e327fe2c1b3511609d81aaf9f042,2018-02-23 18:27:12,24.99,7.78
35490431b95a5ac679998ad3d2de2d9a,1,53b36df67ebb7c41585e8d54d6772e08,7d13fca15225358621be4086e1eb0964,2018-05-01 23:12:33,99.90,0.00
3558178e8d339107c501b79be5836b47,1,f03859e4cc21018569f5ae7a03897ff4,7299e27ed73d2ad986de7f7c77d919fa,2017-11-03 00:45:47,49.99,25.97
3568894fa3afedc367d3a4816983dceb,1,dfb92838905ead933a01256a80edc894,76d5af76d0271110f9af36c92573f765,2017-01-28 15:59:17,320.00,19.53
356f68057b81e3a00ee64a8e16051517,1,e0d64dcfaa3b6db5c54ca298ae101d05,7e93a43ef30c4f03f38b393420bc753a,2017-10-09 13:28:16,209.99,15.90
356f68057b81e3a00ee64a8e16051517,2,53b36df67ebb7c41585e8d54d6772e08,4869f7a5dfa277a7dca6462dcf3b52b2,2017-10-09 13:28:16,134.90,6.81
3578f604ba267d1491f68d8f929dbf28,1,f59ff3f667dc8dc2b42117736585c1ba,0ea22c1cfbdc755f86b9b54b39c16043,2017-02-11 20:58:44,34.90,14.52
3579ad4440247fd01709d8583ae2c137,1,75d6b6963340c6063f7f4cfcccfe6a30,cc419e0650a3c5ba77189a1882b7556a,2017-12-07 11:02:21,56.99,14.15
358a4d03ca7ff11e1005742a0fac54bf,1,cd373a878995ba438485406bc10d9c69,25e6ffe976bd75618accfe16cefcbd0d,2017-06-27 02:23:28,42.00,11.85
35917730026d50562c5945c14f98318a,1,4298b7e67dc399c200662b569563a2b2,88460e8ebdecbfecb5f9601833981930,2018-07-27 13:25:11,119.50,22.77
35b2be75ac71d838d1743e201de6bcaa,1,937c825572d26b9e5a723527c6d625c6,391fc6631aebcf3004804e51b40bcf1e,2018-08-29 12:30:24,44.57,12.97
35df0cf1d7650c5c0ad88837c4dfde89,1,1c8c191152d78378de9b31fa8231bcd6,02f623a8eb246f3c5f7c2f96462654e6,2018-07-11 04:31:51,109.00,14.34
35ef29f36793696d79c36f7780a40dab,1,7b5d9a68d3738077e0100d0528dd707d,1025f0e2d44d7041d6cf58b6550e0bfa,2018-01-11 03:32:02,38.40,16.11
35ef29f36793696d79c36f7780a40dab,2,7b5d9a68d3738077e0100d0528dd707d,1025f0e2d44d7041d6cf58b6550e0bfa,2018-01-11 03:32:02,38.40,16.11
3602a80b09d914236f74c733631f3b8b,1,e44f675b60b3a3a2453ec36421e06f0f,218d46b86c1881d022bce9c68a7d4b15,2018-02-08 08:55:51,107.00,26.03
3611ece86e8e8c233f0700db66adf592,1,952547036d7de7ce635a81704cd290cd,0adac9fbd9a2b63cccaac4f8756c1ca8,2017-06-29 19:30:25,203.99,68.30
362cdbf5a3b5f297257f6e67be534a27,1,f51bda33ab6008cea43d2be021b866c4,1da3aeb70d7989d1e6d9b0e887f97c23,2017-09-15 13:30:17,23.99,15.11
36307ab4d5c4b59fbc4034d2adb2cb77,1,df581a0b9a4bf71da645a0a3d5d2b4fe,c013e57c075a06e5b5c48ee03c525719,2018-05-16 11:31:58,32.99,13.71
363298a11fe308fc97c376a8a9707a2b,1,56c221c4c1a4a98293895c4563cdc6bf,d71d863e5ef30d94e440c11be17dcd8f,2018-05-31 19:10:36,29.00,22.06
364aedfbbc0fa797cdee61d4dc4d2dcb,1,0874407d58fad5ce1eecc2f372fc8dbd,a3e9a2c700480d9bb01fba070ba80a0e,2018-07-23 00:21:48,259.00,28.11
366b94daa22781675a0ffffbcbd517a9,1,d9d4c1378e3c6564f55c02bec84e8f2f,5a8e7d5003a1f221f9e1d6e411de7c23,2018-03-01 16:30:45,59.90,14.17
366b94daa22781675a0ffffbcbd517a9,2,d9d4c1378e3c6564f55c02bec84e8f2f,5a8e7d5003a1f221f9e1d6e411de7c23,2018-03-01 16:30:45,59.90,14.17
366b94daa22781675a0ffffbcbd517a9,3,d9d4c1378e3c6564f55c02bec84e8f2f,5a8e7d5003a1f221f9e1d6e411de7c23,2018-03-01 16:30:45,59.90,14.17
366b94daa22781675a0ffffbcbd517a9,4,d9d4c1378e3c6564f55c02bec84e8f2f,5a8e7d5003a1f221f9e1d6e411de7c23,2018-03-01 16:30:45,59.90,14.17
367085f34fdfc417d0087dfeab08ad73,1,dbd55362ec13c706503b1c71a5068a1a,e24fc9fcd865784fb25705606fe3dfe7,2017-09-21 18:35:25,102.00,36.03
3675f490195ac2070f7f45581da241c9,1,368c6c730842d78016ad823897a372db,1f50f920176fa81dab994f9023523100,2017-11-28 16:54:38,59.90,21.20
3675f490195ac2070f7f45581da241c9,2,368c6c730842d78016ad823897a372db,1f50f920176fa81dab994f9023523100,2017-11-28 16:54:38,59.90,21.20
3675f490195ac2070f7f45581da241c9,3,53759a2ecddad2bb87a079a1f1519f73,1f50f920176fa81dab994f9023523100,2017-11-28 16:54:38,59.90,10.60
367d3cae768c0b4e7a9aad6ba7bd31db,1,06edb72f1e0c64b14c5b79353f7abea3,391fc6631aebcf3004804e51b40bcf1e,2017-08-28 10:35:14,45.95,11.85
36870d717737ef5f4b201e7787c3ea6f,1,9bfc55df037ce3ac01bfd84781adf7e5,b33e7c55446eabf8fe1a42d037ac7d6d,2018-07-08 23:31:22,598.99,22.29
368df49737936bddc9d47a700a1920b9,1,f78c2e2b9562f4eb436a275b2a230531,620c87c171fb2a6dd6e8bb4dec959fc6,2018-08-14 03:55:22,69.90,23.29
369d712be6f3792951adcc38c6762157,1,41315ed74df21b8ba3b9e4a8738b43f8,b248792ac0b60ec3f93d80af1b4fae47,2018-08-24 02:45:08,42.90,13.60
369d712be6f3792951adcc38c6762157,2,41315ed74df21b8ba3b9e4a8738b43f8,b248792ac0b60ec3f93d80af1b4fae47,2018-08-24 02:45:08,42.90,13.60
36cd1ce42b6013f372ceb0a80b2a1b7c,1,58249dbd9270974a6a9d8f0222410165,0241d4d5d36f10f80c644447315af0bd,2018-08-23 09:10:52,295.00,34.55
36cd43f05ca6b099b88bcc0c8e08491e,1,422879e10f46682990de24d770e7f83d,1f50f920176fa81dab994f9023523100,2017-08-22 03:30:31,59.90,13.44
36dfa5ee84af8da4fc7f9af242219972,1,6522b16614da30655a6a5ce4c8f2fb8b,7d456afc660226829370f3173d14520c,2018-05-22 13:11:22,72.00,16.47
36e78e784a4d494d933d65b28b7bca99,1,525947dbe3304ac32bf51602f9557c12,da8622b14eb17ae2831f4ac5b9dab84a,2018-07-03 02:53:27,114.90,12.29
36ebb4199031e72a1fa964549b88c377,1,e7db7c40ea6647c808d48581f1308d88,1d8dbc4f32378d715c717c1c1fc57bae,2018-04-10 08:50:15,109.90,23.35
371a5e62da258e95c3cf015f28350f06,1,2f20a2013902657c0800ddf524514e4e,a673821011d0cec28146ea42f5ab767f,2018-05-21 21:57:48,74.99,8.88
371a5e62da258e95c3cf015f28350f06,2,0609678aec06f28cd8e177550d26e73b,a673821011d0cec28146ea42f5ab767f,2018-05-21 21:57:48,74.99,8.88
3735a11cbccd8916dbc9ccf5f671cc2c,1,7f1a77bec0639e473392e91a504272a5,48436dade18ac8b2bce089ec2a041202,2017-08-31 07:55:17,58.90,24.33
3735a11cbccd8916dbc9ccf5f671cc2c,2,34dabb8af33b3756cf72df05fb327011,0db783cfcd3b73998abc6e10e59a102f,2017-08-31 07:55:17,99.00,8.76
37732eb932f8b2b2b3d7cef77833eec1,1,655110abedc57d73d3b2150d8ba2092a,8160255418d5aaa7dbdc9f4c64ebda44,2017-10-26 22:26:16,103.90,13.07
3783e0b4f1ef0985e0d9aca4629f756b,1,fc1d8637c0268af3db482c14b7ef8e75,da8622b14eb17ae2831f4ac5b9dab84a,2018-04-25 20:51:20,149.90,12.14
3788099435cbdafabe329e9228e70588,1,b76e88f2da688761c6f9ad9bb4f9513f,5abb8ea023c77787f2c15da891c8d384,2017-09-14 18:50:15,123.00,35.38
379a935fe436be68e1c1e76ef0fa2c48,1,30715b45872148dd5322eb2989228a43,4a3ca9315b744ce9f8e9374361493884,2018-02-08 02:54:15,61.80,12.77
37a9cd356ab386c137066c705c927937,1,acc78c9d340dbe682491c9d31ea7e187,7ea5bfa6c340f58f8e71fc1f0412b0d6,2018-02-23 11:47:37,149.99,14.80
37cc3389217eea1a2c533e2314052c32,1,0d90fced28b749fa0468818d98cb8212,dbd66278cbfe1aa1000f90a217ca4695,2018-03-27 11:15:35,57.90,22.99
37d089b7d517ada3881ba31935310e4f,1,828fe032935d7c1901682e5b6cc076c2,8931a84a914b3fe9b1ddaa4d704947ca,2017-08-10 16:50:07,99.80,14.45
380a1cd01e1d188bf799fb08276e32da,1,622bad99b4296aade0783ebecdd3fa15,376a891762bbdecbc02b4b6adec3fdda,2017-12-25 23:51:35,98.99,17.13
3810ddb734405f64afc7638fd96c9cb5,1,12bc892d6fff0dc42c8177f3665ef00e,e9779976487b77c6d4ac45f75ec7afe9,2017-04-06 02:15:19,29.00,10.96
3810ddb734405f64afc7638fd96c9cb5,2,12bc892d6fff0dc42c8177f3665ef00e,e9779976487b77c6d4ac45f75ec7afe9,2017-04-06 02:15:19,29.00,10.96
381cb353cd30a73a5e49e5f42e583c43,1,dbb67791e405873b259e4656bf971246,e9bc59e7b60fc3063eb2290deda4cced,2018-08-13 11:45:24,61.40,13.77
38291bcab22211eb312fd02756c288c1,1,8c591ab0ca519558779df02023177f44,a1043bafd471dff536d0c462352beb48,2017-11-24 13:17:22,89.99,45.09
3830b3dc35d6b2cb26c3cbeb0eafd799,1,57e985ca3ae3b6da2382de45f827017e,5c243662ce92d84573bfaff24c3e3700,2017-06-09 20:55:09,379.90,24.53
3830e6067665c6a4bf2cc393fae31996,1,3ea9fe739cd6a9bd2be0ba05c290498a,db4350fd57ae30082dec7acbaacc17f9,2017-03-31 13:25:10,31.90,16.05
383730d8be253fb34891920a417f2861,1,620ea491128bf83c51950ac006de001d,6d66611d7c44cc30ce351abc49a68421,2017-08-07 11:30:12,139.90,18.03
383730d8be253fb34891920a417f2861,2,df306b9d83f3a792369ff3360475936a,6d66611d7c44cc30ce351abc49a68421,2017-08-07 11:30:12,299.90,40.06
384305b9cfec8a62f309b5e5cac920bc,1,20abd285d5491b50603aaea6b4c85e93,25cf099de44674fde97473224f9d59ab,2018-08-14 02:44:28,10.00,12.79
384cb810297edfa8442e7b06f4d4850f,1,5a6e53c3b4e8684b13388d6aa4afdf12,7299e27ed73d2ad986de7f7c77d919fa,2017-04-04 09:05:23,15.99,20.80
38567ea58a8c84a1d15845d0de8a855d,1,4b96786612ebe7463132fce2c4dca136,d94a40fd42351c259927028d163af842,2017-12-01 12:39:30,83.30,33.03
387620ec766797a584b7e92a41daad5f,1,7a9cf133da2a6494259ffeeab11b6276,db4350fd57ae30082dec7acbaacc17f9,2017-08-29 19:15:19,21.99,17.63
38812ede52a6842d03eb017fc2c9d92c,1,165f86fe8b799a708a20ee4ba125c289,7ddcbb64b5bc1ef36ca8c151f6ec77df,2018-03-22 16:45:27,169.99,34.93
3891b49649a70373bb5e93414f86c525,1,bbaef2eadf31fe3ea6702077398be06c,cc419e0650a3c5ba77189a1882b7556a,2017-06-29 10:15:18,56.99,14.15
38930f76efb00b138f4d632e4d557341,1,db9e2ea2789762e3b0ecb627eb70696d,b92e3c8f9738272ff7c59e111e108d7c,2018-03-01 13:00:18,109.90,24.03
389d774b02ed5ffc37b29fc4c81d3039,1,a1efe4a86746c22541813e22e1d23e33,da8622b14eb17ae2831f4ac5b9dab84a,2018-03-26 21:48:47,169.90,27.27
389d774b02ed5ffc37b29fc4c81d3039,2,a1efe4a86746c22541813e22e1d23e33,da8622b14eb17ae2831f4ac5b9dab84a,2018-03-26 21:48:47,169.90,27.27
38ac0cc1879cabf9cb23a2e8f217acfe,1,679d1a26cc192f14e7e30ae397f8b089,2a5b78b41cd05baeac8df54c6606b92c,2018-02-21 02:51:47,857.77,18.13
38ad398ccb6f45911c35e8625cb68087,1,bc23e7ab33428b722eb04acc660423ad,3d871de0142ce09b7081e2b9d1733cb1,2018-07-11 18:35:19,119.00,36.91
38b85b28d1af68ede15c12548165fb76,1,cf857bce01d442bb8631a548a4432def,271c58a1d139c45eaf3316107c6d3a3b,2018-06-25 03:30:58,169.90,20.38
38cafbf33f703cea7d7266c456a3fdf3,1,9b89ab91efbb4750c39864ed0262711f,4992e76a42cb3aad7a7047e0d3d7e729,2018-02-27 13:50:18,39.90,15.11
38e47cf95d95719dfbececfd1cfde0cc,1,fe01b643060a6446e59f58e3021e66b3,2dee2ce60de9709b1a24083217181a1f,2017-11-08 19:30:27,143.00,19.28
38e47cf95d95719dfbececfd1cfde0cc,2,fe01b643060a6446e59f58e3021e66b3,2dee2ce60de9709b1a24083217181a1f,2017-11-08 19:30:27,143.00,19.28
38edd38dc17b36d7fd7554100453f1bd,1,8c7274c4e638e7f229007fe28aafc741,004c9cd9d87a3c30c522c48c4fc07416,2018-02-22 09:50:49,179.80,18.51
390056468c27192af8354d708051054e,1,cdafffbe81c76e4cb8b1270523215c82,11bfa66332777660bd0640ee84d47006,2018-08-28 03:05:16,4.99,13.71
39036e9122762c9b45c239ddbc452651,1,1347d4320dcd0acd750e37bb3d94a918,ffeee66ac5d5a62fe688b9d26f83f534,2017-11-03 02:55:31,129.99,34.27
390f7b0eca6e233bfe1584c54f97c39e,1,5de871daae99423d3fcb04edcb6dd1aa,17e34d8224d27a541263c4c64b11a56b,2017-05-25 02:23:44,219.99,16.29
3927ccce3a002f3ee410b40acac817b4,1,2229e1a49998dfdfb513683e0e378ae8,7722b1df1b0e383e000397b2c11e3e19,2018-06-18 02:18:50,59.90,8.88
3927ccce3a002f3ee410b40acac817b4,2,2229e1a49998dfdfb513683e0e378ae8,7722b1df1b0e383e000397b2c11e3e19,2018-06-18 02:18:50,59.90,8.88
3937af5e68a191867e6224cd78fc2cd1,1,14e40526732f35d38620a487e0776b27,f0b47fbbc6dee9aafe415a6e33051b3f,2018-05-15 09:10:27,39.99,16.32
393e604943de623d0c4d474259214378,1,87c9f9f88ecd5b9de26a0a61e06e1d67,3fd1e727ba94cfe122d165e176ce7967,2018-03-01 13:29:37,21.90,25.63
39454163ea6db630f644e723c00f7da3,1,7e857e35018e4a05b7d124d1628dc1f0,8c0de775f52fe41590b376a3b7c50f68,2018-07-05 15:31:27,36.90,7.84
395524f8aeeae5579f5b660148e450bc,1,cbbc2be2dd13b09f354a19a987e05924,7c67e1448b00f6e969d365cea6b010ab,2018-02-05 13:44:32,79.99,18.27
3971a8d658593643c85790cb67105832,1,4bae12e58c9b828e1302a2cad437b80a,18a349e75d307f4b4cc646a691ed4216,2017-12-21 19:10:05,190.00,15.08
3972df2fee6713723d3c001075f1a039,1,fb5192388e7614dee676e3fcafbd12ee,b372ee768ed69e46ca8cdbd267aa7a38,2017-09-21 05:15:24,35.00,15.10
39a0eaa2a980c810beaf68d76e52fa96,1,ef0e165d773ec293c5aeb5470a08b183,7ddcbb64b5bc1ef36ca8c151f6ec77df,2018-03-13 18:10:15,179.99,18.17
39a2c5163845188e0148f36a05ff7ac7,1,04bd5aedb2f07b8078ef7dcbfb79db00,a3a38f4affed601eb87a97788c949667,2017-08-24 02:30:07,159.90,16.88
39b1f85275dd200066b0ec1a4b5e09c3,1,fdcd405125af2d9b2b7b6fa42950fd92,5194c22ed1f616ec0c0f33c571542879,2018-07-02 04:58:58,32.90,22.16
39c7d4ae602c664a264c6da2d674f418,1,ebd57a2515930960ba32c9a88fa45423,31da954dc0855f2495c6310f70a2f931,2018-04-15 21:09:47,49.00,9.26
39d0bd05538b0d573193744390e86223,1,096b00d9037146606b19d614cd67ab65,66dc1b1632bd6a3e508510c5b3492107,2018-03-06 09:30:44,139.90,15.73
39dd6ee10ed18591bddeb83c8136dd52,1,3c794d260ad4b5f507a5d90df23523bf,1bb2bdb95f4841f1bba2c0d2cd83d3c9,2018-04-27 18:31:34,24.95,15.23
3a096d99346df2d6c043165967ff011d,1,a351c3c754b40be18374a299ca68882b,ade45994b717ccee333492330fbf037b,2018-06-18 18:08:09,809.00,27.59
3a09813d447f4054ac696debe1e6220d,1,a50acd33ba7a8da8e9db65094fa990a4,8581055ce74af1daba164fdbd55a40de,2018-03-12 13:31:19,117.30,31.99
3a168e53eaf8e5ae8414ebfa6ae255fa,1,a59fb60fddcc72a9878b7ed5cb69d8e4,7040e82f899a04d1b434b795a43b4617,2018-04-23 05:50:42,14.90,15.23
3a27e0b9d5d118eeba13571803a2b08e,1,c10d7c70907ad6d09ada0581ef6bf839,f8db351d8c4c4c22c6835c19a46f01b0,2017-05-03 14:22:15,215.90,15.28
3a8120ab24d55fb6df380a431836a916,1,30ab498424a05754d445336acbcf05d5,6560211a19b47992c3666cc44a7e94c0,2018-05-17 21:31:20,189.00,38.01
3ac0f5a50ede5981b44f30306bb853fb,1,3ae116a20336cc3eb1b3d0b9b0a94d3d,537eb890efff034a88679788b647c564,2018-01-31 16:34:58,29.90,20.76
3ac0f5a50ede5981b44f30306bb853fb,2,3ae116a20336cc3eb1b3d0b9b0a94d3d,537eb890efff034a88679788b647c564,2018-01-31 16:34:58,29.90,20.76
3ac0f5a50ede5981b44f30306bb853fb,3,f1b067568bb39768f754b0d1ab1abcf6,3d871de0142ce09b7081e2b9d1733cb1,2018-01-31 16:34:58,89.00,1.04
3ad2e497fdcd8a39a30da81b156b3b31,1,60432892a0fbbe1ce188be6248a9b5fd,b4ffb71f0cb1b1c3d63fad021ecf93e1,2017-12-18 11:30:04,22.40,15.10
3adbc4c0f5c6605824498eeb960d0855,1,e67307ff0f15ade43fcb6e670be7a74c,f4aba7c0bca51484c30ab7bdc34bcdd1,2017-06-07 16:25:34,18.99,7.78
3afc0f9406e119df79d4b5ea3b236712,1,2028bf1b01cafb2d2b1901fca4083222,cc419e0650a3c5ba77189a1882b7556a,2017-10-25 07:14:09,56.99,15.15
3afcb1b9c83fabca41c1668a879550a4,1,63dee6756e0e8bbf04e52803409d4673,dd7ddc04e1b6c2c614352b383efe2d36,2017-11-30 13:34:34,120.00,15.60
3b42ad87f3292fab60e143988d332da1,1,44a34214a57dc373dcd80f54c919d006,7008613ea464bad5cb9b83456e1e6a8f,2018-03-15 22:35:30,29.50,14.58
3b5066af438aa1723c4e22290fe8dabd,1,f646af315b0f3a597f69213537ca2199,3df020b72d3d44b3af9d110fa3940b65,2017-08-09 03:04:44,49.90,16.11
3b5066af438aa1723c4e22290fe8dabd,2,f646af315b0f3a597f69213537ca2199,3df020b72d3d44b3af9d110fa3940b65,2017-08-09 03:04:44,49.90,16.11
3b7999074565a5320366ad70c5aec08b,1,c3ce49d20cc5d56f0419f256c480e235,cab85505710c7cb9b720bceb52b01cee,2018-04-11 11:35:24,49.90,7.39
3b97562c3aee8bdedcb5c2e45a50d5e1,1,8c591ab0ca519558779df02023177f44,a1043bafd471dff536d0c462352beb48,2017-04-19 22:30:19,89.99,44.73
3b97562c3aee8bdedcb5c2e45a50d5e1,2,8c591ab0ca519558779df02023177f44,a1043bafd471dff536d0c462352beb48,2017-04-19 22:30:19,89.99,44.73
3becf59664a588ac335a36f2a08e2d2b,1,03078714f1e3f3758555f67ff35b4b01,594f9aaa48e5bf431f011ddc5669b0d5,2018-08-07 07:55:16,44.90,38.58
3c116d50bb76160ee1d7a2e8f5791427,1,9fa0c72476690fbc66bcacc498fe7fd6,e2aee0892199b1d92530e371abd825bf,2017-01-16 18:30:07,39.90,14.52
3c1c18de3b4459c8116a23272c4599d1,1,3bbacbe586e957acbf26c63b3ed532a3,729f06993dac8e860d4f02d7088ca48a,2017-10-01 23:27:33,144.90,43.42
3c3ca08854ca922fe8e9cedfd6841c8a,1,ac6c24af9f913c9375a3ea77883bda6e,5206cc4bc2297c833e6061c49bf9c43f,2016-10-12 13:21:35,35.00,10.96
3c404e64aaee40b3b597aafff9795b4a,1,17455fdde89549b744a53cffa8eb67f9,fec6912baad85d41729669edd6b4d3b8,2018-04-30 20:55:28,210.00,51.97
3c4f4a215516b1f6013a569c7013f45d,1,51250f90d798d377a1928e8a4e2e9ae1,3c7c4a49ec3c6550809089c6a2ca9370,2018-02-26 21:31:57,13.99,7.78
3c630824cefd356b7289838656c9cdbc,1,4c82c8d31845d751d797debc3d03697f,ce27a3cc3c8cc1ea79d11e561e9bebb6,2018-08-02 03:55:07,12.99,7.39
3c7a723fc09b996f715cfddba2377163,1,e41879396cfe504fa2e6951eb7e5a76c,abcd2cb37d46c2c8fb1bf071c859fc5b,2017-06-02 15:35:22,95.84,12.92
3c81b1eb31a46822410a4fb9b43f0678,1,84f7fd2c1044599c234663aee75a2fcd,a420f60ff1aa9acc80d0e42959f2b313,2017-10-17 18:05:32,109.00,49.29
53cc826fc95813b674969ef042406273,1,42a2c92a0979a949ca4ea89ec5c7b934,813348c996469b40f2e028d5429d3495,2018-02-26 17:10:21,58.90,14.13
53e0f6555268ce0f38604a0e81e774b3,1,0152f69b6cf919bcdaf117aa8c43e5a2,d2374cbcbb3ca4ab1086534108cc3ab7,2018-07-20 03:06:12,17.90,22.06
53e1b8f33e706e740dc7fb9005d242a0,1,25a2985f8f3f93ddf1c1d26847658dad,8d956fec2e4337affcb520f56fd8cbfd,2018-06-12 19:38:09,22.49,22.85
53f0bd64140840f70f00c89e7a19fdf2,1,575a896d07cd269eb0b2b8762e0be261,4d6d651bd7684af3fffabd5f08d12e5a,2018-04-13 09:55:21,179.00,51.75
5408eceab061ca3e67853759c88a5fb8,1,96b98d97d2ecc26af3bc439935d9dc46,a673821011d0cec28146ea42f5ab767f,2017-04-12 02:25:08,119.90,13.57
540c5ef7f6c23f2547a73029172643da,1,9545d45c37449ccbc376de3a04c66e71,431af27f296bc6519d890aa5a05fdb11,2018-01-30 17:59:10,137.90,20.21
54220fcc516cabe9ec84b210c0765ef2,1,1166bc797ddf5fb009c376d133f61204,5cbbd5a299cab112b7bf23862255e43e,2017-11-30 20:13:16,59.20,17.98
5427a9679337de4d57c9c59275f5336f,1,09a9117d69aeb6275e4f3187bd2eb45c,537eb890efff034a88679788b647c564,2017-10-25 22:05:43,34.90,16.79
5433a0ef395e151f154279cd3fcde661,1,54405df05005a5933a1a2851d1c69c86,3f8247d0f772ffa58560e5c682521ad5,2017-06-15 05:15:15,139.90,18.55
543dbae182bd4940d1db691141165e0a,1,982565327a800a467fffeac070672ea6,87142160b41353c4e5fca2360caf6f92,2018-02-26 15:50:30,79.00,12.26
5460a05579eef48f6c8d54ca6c3f2249,1,073f139ce5bceceb73c9f287e2540eb3,8ca1551acf9832a4cf467bbbac15851f,2018-07-12 02:51:20,229.00,20.79
546b9703cec4a0b57e4573d7ded4ae12,1,dabc8335b58a49ec2f5fcb06255cd733,0c8380b62e38e8a1e6adbeba7eb9688c,2017-08-10 17:20:12,99.90,17.95
5478595838b69d4f1d19e87ec399eee6,1,8d7b1f65c55c4c92979d7a0c36200c29,80e6699fe29150b372a0c8a1ebf7dcc8,2017-08-31 09:25:09,99.90,25.73
54d7ac7a8a4074afa251dda33e7dfa4f,1,8a68c060dbab4ae66aa885e13e1ef7b3,0b90b6df587eb83608a64ea8b390cf07,2018-02-07 02:53:19,185.10,14.32
54d7ac7a8a4074afa251dda33e7dfa4f,2,8a68c060dbab4ae66aa885e13e1ef7b3,0b90b6df587eb83608a64ea8b390cf07,2018-02-07 02:53:19,185.10,14.32
54df3693869c9e8423b07e0287194059,1,e0d64dcfaa3b6db5c54ca298ae101d05,4869f7a5dfa277a7dca6462dcf3b52b2,2017-09-28 00:06:26,158.00,16.74
551b1f7008ab0e7ccc85caaaa27f8a42,1,389d119b48cf3043d311335e499d9c6b,1f50f920176fa81dab994f9023523100,2017-11-30 15:35:02,49.00,17.67
551b1f7008ab0e7ccc85caaaa27f8a42,2,389d119b48cf3043d311335e499d9c6b,1f50f920176fa81dab994f9023523100,2017-11-30 15:35:02,49.00,17.67
551b1f7008ab0e7ccc85caaaa27f8a42,3,389d119b48cf3043d311335e499d9c6b,1f50f920176fa81dab994f9023523100,2017-11-30 15:35:02,49.00,17.67
551b1f7008ab0e7ccc85caaaa27f8a42,4,389d119b48cf3043d311335e499d9c6b,1f50f920176fa81dab994f9023523100,2017-11-30 15:35:02,49.00,17.67
5525c00bfd980bae1cac46f7dcf88224,1,811f973313e8219988a69cc140c447f0,dd2bdf855a9172734fbc3744021ae9b9,2017-02-04 11:22:14,69.90,17.37
5529ec8272cda325d9f9300e9bb09d5d,1,32808768776c3aa459e4a6e143644cd6,1336efc61c316ddf92c899eb817f7cae,2018-06-13 12:17:17,199.00,24.32
5545b19e008b4a2989c495761e53456a,1,ccb162ed569f47d83f62aebd5700d7ad,7a241947449cc45dbfda4f9d0798d9d0,2018-06-21 11:00:58,139.00,23.96
5552927954803697ef5ebf1431693061,1,64b4f32393cbf55be791078e7a2adca0,612170e34b97004b3ba37eae81836b4c,2018-07-27 10:05:09,139.90,16.08
556a840ca8df33d08ff39fed4a28792b,1,1923fbec9d29cfb2cb50a8e69db95cab,0241d4d5d36f10f80c644447315af0bd,2018-08-03 10:10:10,29.90,23.36
556a840ca8df33d08ff39fed4a28792b,2,1923fbec9d29cfb2cb50a8e69db95cab,0241d4d5d36f10f80c644447315af0bd,2018-08-03 10:10:10,29.90,23.36
556d7ec009cdd5ae19dad069c808ad9c,1,1a46dafd2935eadb540039ce3e8a3d29,8b28d096634035667e8263d57ba3368c,2017-08-30 18:46:35,99.90,68.13
55772fc319b3906e897cc43fae9c1835,1,e8de73291c6283e59972a8c25edf40be,59b22a78efb79a4797979612b885db36,2017-08-24 12:05:18,59.00,15.16
557cc2675910c4a6c9b54ad276f25097,1,30916403a2996c146b5598774d657c55,dbb9b48c841a0e39e21f98e1a6b2ec3e,2017-09-28 22:45:23,48.99,7.78
55881111d8b37a0e45cf97b156ae1943,1,b3c13ca98fb6f9dd5c6aec8b1d353506,77530e9772f57a62c906e1c21538ab82,2018-08-05 22:25:11,49.00,19.32
55881111d8b37a0e45cf97b156ae1943,2,6f3b5b605d91b7439c5e3f5a8dffeea7,4869f7a5dfa277a7dca6462dcf3b52b2,2018-08-05 22:25:11,162.90,6.04
55881111d8b37a0e45cf97b156ae1943,3,b3c13ca98fb6f9dd5c6aec8b1d353506,77530e9772f57a62c906e1c21538ab82,2018-08-05 22:25:11,49.00,19.32
5588518c1109461f52350bb98249b9f6,1,8ed094bfe076c568f6bb10feada3f75d,7c67e1448b00f6e969d365cea6b010ab,2018-05-02 05:50:27,179.90,97.04
55a4f9b50beced29f599c03bf4df76e0,1,c075b8e131353552218860f1c421e4ef,f80edd2c5aaa505cc4b0a3b219abf4b8,2018-08-06 21:44:06,63.90,23.25
55a54184af6cdb5cbd95d124883c2dbb,1,3354a4e684f5e7199f9407db70ccd92b,7a67c85e85bb2ce8582c35f2203ad736,2018-06-29 07:31:07,89.99,27.58
55b653f93de6e994b6dda90f615c7a8f,1,8173ca41cdb176462f9ae79821a48404,d566c37fa119d5e66c4e9052e83ee4ea,2018-05-07 13:15:21,35.90,15.23
55c9cfabdee5ea72c34f3861da9e817f,1,3554200c1d7f3b4b39a0ae68aa1c0a54,dbc22125167c298ef99da25668e1011f,2018-03-22 16:08:46,125.46,14.00
55ea12225a84c0269c9ae6604e6f9141,1,dbb4ce89c8ed5fb6fd901e2e51093179,91f848e9f4be368f4318775aac733370,2017-03-22 19:38:01,84.99,14.36
560f8dd770a2b2c009a4fc935c507014,1,920efad5907c4034a1ef4c4c11b17fee,ef506c96320abeedfb894c34db06f478,2017-12-21 19:10:22,25.99,14.10
56142b6c34c40cccb3e3ee8308a4ae76,1,dc66bd48cefb7c7c6ad6684a305b6bf7,1e8b33f18b4f7598d87f5cbee2282cc2,2018-01-17 21:44:29,59.90,28.90
5619f8b4b37f9ee0474d22b309272c62,1,e9def91e99c8ecb7c5cef5e31506a056,850f4f8af5ea87287ac68de36e29107f,2017-12-14 11:10:34,69.99,9.34
561dd928c7f7e63277e02e6662bcce48,1,bb90206fa281c20f0b4c42a2393b54dd,e9bc59e7b60fc3063eb2290deda4cced,2017-11-14 03:30:56,199.90,17.16
561dd928c7f7e63277e02e6662bcce48,2,bb90206fa281c20f0b4c42a2393b54dd,e9bc59e7b60fc3063eb2290deda4cced,2017-11-14 03:30:56,199.90,17.16
561dd928c7f7e63277e02e6662bcce48,3,bb90206fa281c20f0b4c42a2393b54dd,e9bc59e7b60fc3063eb2290deda4cced,2017-11-14 03:30:56,199.90,17.16
561dd928c7f7e63277e02e6662bcce48,4,bb90206fa281c20f0b4c42a2393b54dd,e9bc59e7b60fc3063eb2290deda4cced,2017-11-14 03:30:56,199.90,17.16
561f47f3e381d23b5ba7853460adf093,1,da0bb22eb8eb2bce31a3784570528efb,3d871de0142ce09b7081e2b9d1733cb1,2018-02-01 11:10:29,79.00,38.10
5639e62ac4812b66eefbb05288c44eef,1,c5db51af7d9a58228bcea932010cf080,f5f2ab9bdb6b30c14c61be68c5ed37da,2017-09-08 02:04:10,162.90,21.63
564cf6104644e5122d47adf8bf6276c5,1,38c56c5c5b16958d95bf8254498ad555,fa1c13f2614d7b5c4749cbc52fecda94,2017-12-21 21:31:34,799.00,23.16
565a7bc14e1f825b163c6a51d74f4206,1,f236d6f238239abfba8268f427d07c33,a416b6a846a11724393025641d4edd5e,2018-08-13 14:04:50,92.97,23.45
565ccfa6f9e28da74700c42da9deb949,1,9e0e152552a1323f7e5dcf63d50cdae3,cc419e0650a3c5ba77189a1882b7556a,2017-09-13 04:32:57,56.99,15.15
56af0400ccac703cca01cd9846d29c58,1,54a3b009ede4097eff76990e0fa8553c,c3867b4666c7d76867627c2f7fb22e21,2018-02-28 02:30:42,159.90,18.37
56c68bdc0271f13c3037a5bb26d520ad,1,99a4788cb24856965c36a24e339b6058,4a3ca9315b744ce9f8e9374361493884,2017-06-28 22:55:12,89.90,12.13
56e46d1a61ebb9b86fa914b4007d8a97,1,822935b19e0d2a75de435a84fb302d58,9ac4f14370b1e24ddc58be041b7f99df,2018-04-06 12:48:29,54.88,22.09
57036fa92425953d26c370e6fd4b3943,1,46f739c1cd676603026c0af4d29ef7a5,198c7ea11960a9844b544d9bcdca860c,2017-03-10 01:10:15,139.99,21.06
5708ae647d7017fafc39273981150d84,1,c6e513054b982283c1cbbb2a45d02d83,f8db351d8c4c4c22c6835c19a46f01b0,2018-02-02 00:49:02,22.90,15.10
571ceb25e5db8f2493bdc932ae31e994,1,84d2057bc1f88332d0892eea0e997d28,ea8482cd71df3c1969d7b9473ff13abc,2018-01-12 09:07:58,27.99,15.10
572060f1be47253575daf3b88019195d,1,3f1a741cf5591384428c1cbb0ef07ec0,36a968b544695394e4e9d7572688598f,2017-11-17 11:27:15,14.90,9.27
573131fe2b7df5e3ce4d88bf7702f6d0,1,83885297566d48fbff4b91d999240f04,54a1852d1b8f10312c55e906355666ee,2018-07-02 18:31:52,67.99,27.46
575b1b9f37a11b59ac98672fa8c487b2,1,671ac7a60d975bd4ca2d7f7c77070210,7142540dd4c91e2237acb7e911c4eba2,2017-04-05 15:41:28,74.90,13.10
5770d4a84c1a09336d4c93063323d21d,1,abe236a52dbc43e90bad00fe6d794582,6426d21aca402a131fc0a5d0960a3c90,2017-07-26 12:15:15,59.90,12.76
579f768480c282c494d203cc27acc9ba,1,3a3f0628722b2f548673a2f7f5fa5605,4bf2f4ee540798a61f9636d12cd9cc80,2017-12-14 00:09:38,155.00,12.59
57d1548a5e964a5d6d303ff32de7859f,1,c720882f86c24eb747a91aeff4b891c2,712e6ed8aa4aa1fa65dab41fed5737e4,2018-02-27 06:55:33,92.00,21.13
57e27e0f4ce02fc858627e4c46e51e9d,1,7c1bd920dbdf22470b68bde975dd3ccf,cc419e0650a3c5ba77189a1882b7556a,2018-04-10 19:15:24,58.99,16.73
5809615d50c0de0f3750359fb6bb1df3,1,b3b0bce74668bf355cbd94db1e4d17b9,8c16d1f32a54d92897cc437244442e1b,2017-06-08 09:30:19,24.98,15.10
5809615d50c0de0f3750359fb6bb1df3,2,b3b0bce74668bf355cbd94db1e4d17b9,8c16d1f32a54d92897cc437244442e1b,2017-06-08 09:30:19,24.98,15.10
5809615d50c0de0f3750359fb6bb1df3,3,b3b0bce74668bf355cbd94db1e4d17b9,8c16d1f32a54d92897cc437244442e1b,2017-06-08 09:30:19,24.98,15.10
58297f23eadfb90b3aab1977f2ac8207,1,6c3effec7c8ddba466d4f03f982c7aa3,37515688008a7a40ac93e3b2e4ab203f,2017-12-20 23:31:25,24.50,15.10
583ad689dbd7bd2d996f11aa82865ae5,1,6767719f80aabbbf16ab2491899c32d9,c4d51195486dc781531876a7d00453d8,2018-04-23 02:11:14,839.99,56.38
587904dc1c873ebfb6078160b4819d8e,1,b0961721fd839e9982420e807758a2a6,1f50f920176fa81dab994f9023523100,2017-12-04 03:22:30,49.00,35.93
589aa9dfe350a2ca1ac9e8d38d4f7937,1,98ad26989524a790f1d29686025b6fcc,e5a38146df062edaf55c38afa99e42dc,2018-01-22 03:38:40,89.18,9.44
58b2ca9b8b218fc08e5f37b778393005,1,876a957a8b27aa25e5d201128eccf205,8648b1e89e9b349e32d3741b30ec737e,2018-07-25 09:19:11,32.50,18.33
58dfbee60e4d1073dcfe6f7a9d8f6043,1,8844bd4b8ca8f93603694ca2bceb77e9,cc419e0650a3c5ba77189a1882b7556a,2017-09-06 02:11:20,84.99,14.34
58f5801ecbeec83b70c32e4afdc5582b,1,f538ab9eecaa662135da8cb772bc8236,0c7f30ae9b147eca07affbef92832a6a,2017-04-04 19:45:12,149.90,17.89
58fa3cd471625c6384fc92e41508b3a6,1,08713ad044290890b1373e1bedc8464c,daeb5653dd96c1b11860f72209795012,2018-01-18 17:09:19,9.90,34.15
591bbdc0cd7aae35890765d570a3f0b1,1,7b85e3deef35afd6ebed5461ee8f0641,ede0c03645598cdfc63ca8237acbe73d,2018-03-09 10:09:30,30.21,25.63
59229a140708a54d8e3a52865dd924eb,1,0ed27993e016d4546e2038bfd75b812c,25e47381a6c510ddeb36084e33b89f0c,2017-06-01 10:55:08,59.90,9.94
5927bb00efcc2db67e6e98500fa49629,1,8ef18e8943b9f07649b045b72df449cb,7aa4334be125fcdd2ba64b3180029f14,2017-08-08 11:30:21,86.99,13.63
594ad966cb8b56ec21f4b3c9b7048505,1,42a2c92a0979a949ca4ea89ec5c7b934,813348c996469b40f2e028d5429d3495,2017-07-05 02:50:33,59.90,17.13
594ad966cb8b56ec21f4b3c9b7048505,2,42a2c92a0979a949ca4ea89ec5c7b934,813348c996469b40f2e028d5429d3495,2017-07-05 02:50:33,59.90,17.13
594bad57a253656f86d8282c5365be89,1,977e5f8adaa0cd1dac4f4b1969ec598b,56db5c0782e8f7ddc9343f9576ff6d16,2017-01-31 22:01:41,174.90,18.00
5970ae5c335f20241fd65ed1379fe3a1,1,8c591ab0ca519558779df02023177f44,a1043bafd471dff536d0c462352beb48,2017-11-22 12:47:50,89.99,45.09
59ac31de88c9c4b239aeee82c6a0596e,1,cf6514025ef5d3a93d69d2a7bfa4036b,d2374cbcbb3ca4ab1086534108cc3ab7,2017-04-28 06:10:07,17.90,16.05
59ac3c3ef46e5a6355dde8dd64a4ca4f,1,42a2c92a0979a949ca4ea89ec5c7b934,813348c996469b40f2e028d5429d3495,2017-06-30 10:34:40,59.90,25.26
59ac3c3ef46e5a6355dde8dd64a4ca4f,2,42a2c92a0979a949ca4ea89ec5c7b934,813348c996469b40f2e028d5429d3495,2017-06-30 10:34:40,59.90,25.26
59aeb2ec44b9400fafd0b59e842959d1,1,938f95c14baec1a1fd57ce55ab5a8af5,95e03ca3d4146e4011985981aeb959b9,2017-09-01 19:30:14,100.00,21.10
59b67c775c6a905fc4faac69ca74b5cb,1,bb46f6475fe5c9e1d9a869d904b8b4e1,a5cba26a62b8b4d0145b68b841e62e7f,2017-12-07 10:57:27,309.90,17.00
59b67c775c6a905fc4faac69ca74b5cb,2,4be566f7ce6887d7ba428bccab9db80d,a5cba26a62b8b4d0145b68b841e62e7f,2017-12-07 10:57:27,333.50,17.00
59db0cf65fd439e6e76ec105e3aa421c,1,df297ceffd7a315a71586ace7d041ff2,0ea22c1cfbdc755f86b9b54b39c16043,2017-01-31 18:47:11,24.90,18.00
59e965eb9a8f7f341a003466fbe14229,1,5d52927f3cf2e3266c5dd6e4d2dd566a,a066df7361163e7ddc5d7452dd17448b,2018-01-04 20:29:25,59.90,11.92
5a13b2c8622862250d7b78581dfbb759,1,904df51afc994cd2a7bce1ec3ff5d9fe,aba1721a889e04decc910aa13b768ef4,2017-11-30 16:13:20,139.00,14.72
5a2ea3fb1f6f20d1e8c5f2222cb383ae,1,f516645f81debe9cff9416a20662dc43,c6bda72e4dbf5c5866b13cb1810c6d03,2017-12-28 22:53:21,63.30,14.19
5a4c4faee643fc4fdbe78f3aa2bf4ae3,1,0f8977d115c52d93a05dd4eb7052baff,1e8b33f18b4f7598d87f5cbee2282cc2,2018-03-06 20:55:58,159.90,21.61
5a583547086c7958be6668ef932708cd,1,d3d10495159bcc41173e3d26a273529a,0bae85eb84b9fb3bd773911e89288d54,2017-06-14 09:30:17,48.65,17.60
5a644da87ff0e3010f70d585f486e115,1,aca2eb7d00ea1a7b8ebd4e68314663af,955fee9216a65b617aa5c0531780ce60,2018-01-18 19:27:48,69.90,13.08
5a6bd2554afa06bed4854ea73c7e2e33,1,4a25d757ff72fad7534f478c90be77e6,92eb0f42c21942b6552362b9b114707d,2018-01-25 09:10:14,12.90,16.79
5a81cdb2dca863c852fc8e4f82f38f2e,1,143bc7fcaf6929ef5979e58abf39d4ed,a7f13822ceb966b076af67121f87b063,2017-04-04 20:10:17,179.96,33.54
5a87e8c67abd6328a86c6165a91a547d,1,30e2b9deadd5211496426065065c71a7,8a432f4e5b471f8da497d7dc517666e2,2018-05-09 16:56:52,59.00,12.85
5a8a7f4c51588126be426fa3d099b828,1,72cb4380c5a90c64048cafdf60d31f88,34f563c82a85b99ae9e6d60db5fc2e28,2018-05-22 18:31:45,185.90,18.01
5aa65dc27dd9c4e4d81ec84ead95feb2,1,d5140e1d258c83a340419c6522c7da22,1554a68530182680ad5c8b042c3ab563,2018-08-03 14:20:06,75.90,23.33
5aa65dc27dd9c4e4d81ec84ead95feb2,2,071d40163502c7a04c4b49983787485c,1554a68530182680ad5c8b042c3ab563,2018-08-03 14:20:06,75.90,23.33
5ad674ed6e835a39a6a7d73bc989ce57,1,86f024d3bdcdb9b54c9fffd92be39f54,cca3071e3e9bb7d12640c9fbe2301306,2017-08-03 18:23:08,52.11,8.67
5ad674ed6e835a39a6a7d73bc989ce57,2,40cb7bb3d30559b9b6c4fb62bc837962,cca3071e3e9bb7d12640c9fbe2301306,2017-08-03 18:23:08,52.64,18.57
5ad674ed6e835a39a6a7d73bc989ce57,3,40cb7bb3d30559b9b6c4fb62bc837962,cca3071e3e9bb7d12640c9fbe2301306,2017-08-03 18:23:08,52.64,18.57
5ad674ed6e835a39a6a7d73bc989ce57,4,ce98361ef1341e15087ae4b1b2c53fdd,cca3071e3e9bb7d12640c9fbe2301306,2017-08-03 18:23:08,125.93,6.19
5ad674ed6e835a39a6a7d73bc989ce57,5,86f024d3bdcdb9b54c9fffd92be39f54,cca3071e3e9bb7d12640c9fbe2301306,2017-08-03 18:23:08,52.11,8.67
5adb95fe0aa8a0d29d029194724df6b7,1,a81e6e4ca394f33cd5a0c89188baecb8,cee48807215b30a12ca2ca10ffb5f250,2017-09-25 19:23:30,199.90,24.27
5b16a76486ec63a9f3e0460bebc4f63e,1,569ffd16f8032478cbeb9800f2e94ba0,20cb7c2fde3e5bf10f0bbe7394e1c6a9,2018-03-29 13:28:22,16.90,18.23
5b26d9049a86fab0a83280e17de710ee,1,810cb3c5af006624fa32d362077af85f,373ee4a3a775a733770ca3f790b8b9ac,2017-10-20 10:49:27,49.00,18.59
5b35972421686a8a4758f542bf3fce74,1,83687a882cce476f1370f11f7c758b80,98dac6635aee4995d501a3972e047414,2017-08-03 08:30:25,27.90,15.10
5b3e6244d63f344c1ec9663776e1ca97,1,faf58757ca84cfb8c154b772683e76e3,2a84855fd20af891be03bc5924d2b453,2018-01-24 18:33:46,29.90,16.79
5b5b301c2306435fbdcd698f1c3a5ab0,1,5a0783457f0264ade6beeac64ba145f4,52f9db5cfb423382a2fa5c9e39303202,2018-05-02 11:30:35,62.99,18.32
5b939ecc014a32ab25d16b70ffdb0426,1,8100d323ffa1909cfcf9fdf05f20b678,f8db351d8c4c4c22c6835c19a46f01b0,2017-07-06 16:25:19,152.90,18.32
5b9a0e4cbfc2d6a1347472c847a4a4e1,1,389d119b48cf3043d311335e499d9c6b,1f50f920176fa81dab994f9023523100,2018-05-28 09:14:33,53.90,9.09
5b9a0e4cbfc2d6a1347472c847a4a4e1,2,774e21c631ca26cba7b5606bdca7460f,382229d1e840115ffe3dbf5ff460e417,2018-05-28 09:14:33,39.90,11.36
5b9a0e4cbfc2d6a1347472c847a4a4e1,3,0bcc3eeca39e1064258aa1e932269894,1f50f920176fa81dab994f9023523100,2018-05-28 09:14:33,53.90,18.18
5b9a0e4cbfc2d6a1347472c847a4a4e1,4,0bcc3eeca39e1064258aa1e932269894,1f50f920176fa81dab994f9023523100,2018-05-28 09:14:33,53.90,18.18
5bc26c6e994c1fd9edb9e324ff85dded,1,9a0620ddaf3055b7e588e936e036a529,da8622b14eb17ae2831f4ac5b9dab84a,2017-12-29 10:28:34,119.90,18.09
5bc488a3de801a774218a89c00b5db30,1,a5e537da8376b8623758e0186bfa400f,e883aa812c37a7413226856f4579fe91,2018-06-20 02:58:43,69.90,16.68
5bf19c7e8991698d4f0f3430da7e57a6,1,fcaab5d7f656094e49fbe4ee3a506658,3d871de0142ce09b7081e2b9d1733cb1,2018-07-24 02:05:09,109.00,24.84
5bf1e013121cccb5a168c91859a243e7,1,6e6bc9eb53618579e6184f84ae04dba9,c70c1b0d8ca86052f45a432a38b73958,2018-06-08 20:30:49,110.32,7.96
5c19e256f5972c1dc427a1a1f9940a3d,1,e67f32f0a3e66440cba31dc13d5cfb0b,ea8482cd71df3c1969d7b9473ff13abc,2018-04-26 16:31:07,99.99,19.39
5c19e256f5972c1dc427a1a1f9940a3d,2,e67f32f0a3e66440cba31dc13d5cfb0b,ea8482cd71df3c1969d7b9473ff13abc,2018-04-26 16:31:07,99.99,19.39
5c2049caca936695cfa43805ebe7d8e3,1,154e7e31ebfa092203795c972e5804a6,cc419e0650a3c5ba77189a1882b7556a,2018-02-14 19:50:04,23.99,25.63
5c2fda0256232c4a55199261747fa68a,1,fc1d8637c0268af3db482c14b7ef8e75,da8622b14eb17ae2831f4ac5b9dab84a,2018-05-23 22:30:17,139.90,12.07
5c6972bc5c283af10fb784b857ce63ff,1,62d8daeee0db3a60c234c2d1bfd10651,d2374cbcbb3ca4ab1086534108cc3ab7,2017-08-03 13:42:54,24.90,39.02
5c6972bc5c283af10fb784b857ce63ff,2,7ca5f56188492e30c50ba64de188aae7,d2374cbcbb3ca4ab1086534108cc3ab7,2017-08-03 13:42:54,13.90,29.27
5c9c7cfebd7a15f81479083d70636f51,1,d03a2a3433372ac8f9f6649d1dacadae,c70c1b0d8ca86052f45a432a38b73958,2018-07-08 21:31:45,110.32,15.87
5c9c7cfebd7a15f81479083d70636f51,2,d03a2a3433372ac8f9f6649d1dacadae,c70c1b0d8ca86052f45a432a38b73958,2018-07-08 21:31:45,110.32,15.87
5cc6d864fa9e1a90eaf5207737549ffc,1,08574b074924071f4e201e151b152b4e,001cca7ae9ae17fb1caed9dfb1094831,2017-11-13 20:06:58,99.00,33.08
5cc6d864fa9e1a90eaf5207737549ffc,2,08574b074924071f4e201e151b152b4e,001cca7ae9ae17fb1caed9dfb1094831,2017-11-13 20:06:58,99.00,33.08
5cc6d864fa9e1a90eaf5207737549ffc,3,08574b074924071f4e201e151b152b4e,001cca7ae9ae17fb1caed9dfb1094831,2017-11-13 20:06:58,99.00,33.08
5ccb4a64fc9be1b3a80e261aef938115,1,87b73d2916d30401b87dff20844af6db,17e34d8224d27a541263c4c64b11a56b,2017-05-12 10:35:24,109.50,34.57
5cf5c176bf686e84240099820ce175ac,1,fe6a9515d655fa7936b8a7c841039f34,dc317f341ab0e22f39acbd9dbf9b4a1f,2017-10-18 13:49:14,249.90,60.30
5cf5cdef34e1a2488666267e4eda1792,1,f79d8b06296298b788c13ecf27b9a9c1,7aa4334be125fcdd2ba64b3180029f14,2017-04-12 22:30:15,142.90,17.74
5d0db9d992f9f02d3bdca8a7e64c2c27,1,4fa33915031a8cde03dd0d3e8fb27f01,8931a84a914b3fe9b1ddaa4d704947ca,2018-06-14 17:30:42,154.00,9.43
5d2d954e72e7ec31baa0a784aa82a1d6,1,e5ae72c62ebfa708624f5029d609b160,9c0e69c7bf2619675bbadf47b43f655a,2017-07-27 02:50:25,61.90,15.18
5d384e0ab579db9d8e3e60baa0637f91,1,ead72457c58dcea14f94c2223c684716,4305fe92735c8a43d154ff6dd2b8d927,2017-10-26 02:49:39,139.90,17.42
6b0c5f80e463c04c7658b97d1d37aa00,1,f71f42e2381752836563b70beb542f80,85d9eb9ddc5d00ca9336a2219c97bb13,2018-05-21 12:55:01,35.90,17.06
6b0e4ed8dcbabec5410a8b28f0405cd6,1,5d6bea33648f018dbb563f3a2fab09f3,1025f0e2d44d7041d6cf58b6550e0bfa,2018-07-10 08:32:25,150.00,30.85
6b3283bced42ff1c70f94eb1736fdabc,1,cff277cb1dc167f45eb05eccefbe4b04,f457c46070d02cadd8a68551231220dd,2018-06-14 17:30:42,89.90,13.71
6b3283bced42ff1c70f94eb1736fdabc,2,cff277cb1dc167f45eb05eccefbe4b04,f457c46070d02cadd8a68551231220dd,2018-06-14 17:30:42,89.90,13.71
6b51ade033ffeef603f6ee951ce831cd,1,cb9ed03b8602d8180e9de666d5cacb17,11bfa66332777660bd0640ee84d47006,2017-12-05 02:17:27,27.00,15.10
6b5ccf5385890198c54fa97afe4812bc,1,d9545b3e8df3155bca5b302d0f7c3c1c,5b8154610ebb21fb90eb587365e673df,2018-02-05 13:51:21,349.49,28.77
6b71838c4be9dce33810de87c333e365,1,fe9dfbe7f974621789683b7b78be2a16,900ba814c251a692506d7834c1218441,2018-01-21 22:30:47,326.16,19.02
6b82527b954e1c022661d8827cd5ff2f,1,83fcbcb7aee7d8032262103f5e441ffd,86ccac0b835037332a596a33b6949ee1,2018-01-11 10:51:23,29.99,17.92
6b8716747545c11cd3b8592520389749,1,4914f8796af2ecd359fd8f44b9b92339,c826c40d7b19f62a09e2d7c5e7295ee2,2018-02-14 13:35:27,49.77,7.78
6bb1e842418aac0c9c820afd3bb63a2d,1,f361fccba568fabe00db466f80626d1e,85d9eb9ddc5d00ca9336a2219c97bb13,2018-02-27 13:25:28,15.90,16.79
6bc36770d620721000e91c6115924837,1,9ddc4249779322828f89d2a9c04f7ee1,9d5a9018aee56acb367ba9c3f05d1d6a,2017-03-23 20:00:53,95.33,22.60
6be2c0f364bfae8f84f696a114aab022,1,cf02395ed36c61d5ce31bdecce9767a3,c9c7905cffc4ef9ff9f113554423e671,2017-09-04 04:55:27,159.99,36.44
6bf6d79b7a1a551ef6621a52c435ed1e,1,c78fe06bf8820aaf7ccbe38f2a7f5a76,080199a181c46c657dc5aa235411be3b,2017-12-14 13:30:53,179.49,9.45
6c004aa51ca258da5f0936ce3a38ab18,1,0bf16c5642f26022d106438f491b9b1c,e6a69c4a27dfdd98ffe5aa757ad744bc,2017-12-21 09:30:49,6.04,7.78
6c004aa51ca258da5f0936ce3a38ab18,2,0bf16c5642f26022d106438f491b9b1c,e6a69c4a27dfdd98ffe5aa757ad744bc,2017-12-21 09:30:49,6.04,7.78
6c175759bc609d6fa9c693e5d24aa77d,1,dc6217e7f9d8c15039ca95b702ce7e02,855668e0971d4dfd7bef1b6a4133b41b,2017-10-03 03:05:04,34.00,16.11
6c175759bc609d6fa9c693e5d24aa77d,2,dc6217e7f9d8c15039ca95b702ce7e02,855668e0971d4dfd7bef1b6a4133b41b,2017-10-03 03:05:04,34.00,16.11
6c2d59da80e4b0747579205a5f797713,1,a62e25e09e05e6faf31d90c6ec1aa3d1,634964b17796e64304cadf1ad3050fb7,2018-05-08 11:35:16,105.00,9.27
6c2df3329834884b60365f14e084c043,1,f89d2b130b571d24532514dca6fee2a8,8b321bb669392f5163d04c59e235e066,2018-01-24 09:50:10,13.65,11.85
6c7378154382f7378b82fa860f68c758,1,ebe145f96a8e34a7b947389a2d87192c,891071be6ba827b591264c90c2ae8a63,2017-12-01 21:01:30,39.99,14.10
6c8157ae5ddc36aa59aa6f0afa0ef5de,1,e87ddc08b32806b6d8f28986f012e6a8,2ff97219cb8622eaf3cd89b7d9c09824,2018-03-15 19:10:36,31.90,8.29
6c86cd28bc4a6ac0313b8d3e03131e9f,1,5dc01f0525d00d0b349bf2ff92f7d1a2,4e17c65a516f69d023a2ae78b84f28d6,2018-01-23 13:40:36,120.00,15.59
6c9841106812441f8d244c22b9d07ba3,1,0f4a3e29a1c122f94fe4c48c49d9cfa9,955fee9216a65b617aa5c0531780ce60,2018-03-12 03:50:42,169.00,27.50
6cc4f76a3cbfa54f4dd7d78df8e4bb85,1,51065e36eb621dc8c9be3e291b1d41de,c3cfdc648177fdbbbb35635a37472c53,2018-03-28 18:35:36,69.90,18.42
6cd1a4eb4b9a14b5a991a897f096d443,1,f7a17d2c51d9df89a4f1711c4ac17f33,f8db351d8c4c4c22c6835c19a46f01b0,2017-06-08 18:30:19,50.90,11.86
6cfe2a252e18997b4a5b5a0a612e7a0d,1,d8243785d7ff92726cf5c74caf11a6e4,d91fb3b7d041e83b64a00a3edfb37e4f,2018-08-16 18:24:44,25.20,7.92
6d0f0280ebfb3b857b70731c9df2158c,1,cb81df0e3ccece253557f2a07df4727e,669ae81880e08f269a64487cfb287169,2018-05-16 15:51:52,45.00,13.61
6d0f82a01588821c295aabc53d05a552,1,d3ab527ab0d134eb8a034cab8e52a589,3b15288545f8928d3e65a8f949a28291,2017-05-30 14:22:44,69.99,18.06
6d10445e2d4cfc53db33470b19b33ec8,1,04913106077ff97c89fa5e6b289fa25c,dc4a0fc896dc34b0d5bfec8438291c80,2017-12-04 02:58:29,62.70,16.07
6d206f309ddf213a7977318bbe5d3cd0,1,07c055536ebf10dfbb6c6db6dbfc36e5,cca3071e3e9bb7d12640c9fbe2301306,2017-08-22 21:24:55,45.90,12.69
6d238ce1fb32d1ef6e4422764a7f76cc,1,4413a608a42bd21bbf9d5abbd58c249a,7ddcbb64b5bc1ef36ca8c151f6ec77df,2017-08-28 07:45:15,134.99,16.70
6d24d19f8842be0e8e1064fb0709528b,1,c6dd917a0be2a704582055949915ab32,7a67c85e85bb2ce8582c35f2203ad736,2018-04-10 03:30:26,89.80,18.21
6d37c2777465f819544099f0ec5a6b25,1,9dfb2984ab775b6175202b9e9e678641,4830e40640734fc1c52cd21127c341d4,2018-05-16 13:11:52,50.00,15.23
6d3e3e287e00339a15d1b86b209121e7,1,005030ef108f58b46b78116f754d8d38,3c7c4a49ec3c6550809089c6a2ca9370,2017-11-23 12:46:08,13.99,14.10
6d8660f8e645acd678cc75068d4fbcf0,1,79c0ace2ccf0da036e787875a49151a4,b32be1695eb7ec5f10f72d9610a12527,2018-02-14 07:50:25,379.00,71.53
6d8660f8e645acd678cc75068d4fbcf0,2,79c0ace2ccf0da036e787875a49151a4,b32be1695eb7ec5f10f72d9610a12527,2018-02-14 07:50:25,379.00,71.53
6d86a700fbdfec909998eefa9110f3e9,1,4949bc7693f27596ca18cfe03c5a83b2,fffd5413c0700ac820c7069d66d98c89,2018-05-10 11:51:35,191.40,75.07
6da2f53b79a45c8701e66f227cea7955,1,adb7c806d2677f27a3316188d57564f2,e8f6dc8e6a1dcde89d20e3995c8d90b3,2017-11-09 02:35:24,19.90,34.15
6dc67cb39f917644a71c8f9410d6505a,1,8d219c7aa1a8032569bbd8c4ad515daa,4d6d651bd7684af3fffabd5f08d12e5a,2017-11-30 00:56:26,119.90,27.16
6dce05516fc9a1e16b7a70e49ab656c2,1,44f90f085c7a825863cbf867990e1513,a416b6a846a11724393025641d4edd5e,2017-05-18 11:15:13,26.14,9.36
6dce05516fc9a1e16b7a70e49ab656c2,2,1fe8e6e01596885617fa1c90d29c2f81,a416b6a846a11724393025641d4edd5e,2017-05-18 11:15:13,81.56,9.37
6dcf0aeb8b1eb4021c26e1d0e9394979,1,f61f6e53f9c6d150e5e48919a25272d1,77530e9772f57a62c906e1c21538ab82,2018-08-15 16:31:14,299.00,34.92
6ddda171d214be5f13055479d8b41364,1,d285360f29ac7fd97640bf0baef03de0,fa1c13f2614d7b5c4749cbc52fecda94,2017-10-17 22:49:28,348.80,16.19
6dddec4ff6cf5567af3fe54023e28500,1,3a7c9b0413d7b9cc7f4a18318fc5afb3,7a67c85e85bb2ce8582c35f2203ad736,2017-06-05 23:35:18,129.99,15.66
6df3204d235cde9188ca8235366848b7,1,08401f48b67a852d06105725c3013eff,95e03ca3d4146e4011985981aeb959b9,2018-04-02 11:48:06,25.00,13.34
6df3204d235cde9188ca8235366848b7,2,08401f48b67a852d06105725c3013eff,95e03ca3d4146e4011985981aeb959b9,2018-04-02 11:48:06,25.00,13.34
6e0856753dd343c4a360ec7f6b7ebe31,1,8901581464c0fcdb80194ba0fad7e559,218d46b86c1881d022bce9c68a7d4b15,2017-05-08 14:30:25,56.00,14.56
6e4aa96643864493bb291057da474fbc,1,2a5806f10d0f00e5ad032dd2e3c8806e,7c67e1448b00f6e969d365cea6b010ab,2017-05-11 14:15:20,176.99,45.70
6e5fda4cd8dbfe3f9c8485b8d10d7503,1,bdf752aa5ccd0dfb9e9ed401b672f133,ececbfcff9804a2d6b40f589df8eef2b,2018-03-19 16:08:15,84.99,51.09
6e66eeb2dcd054d228cbfdbe27ac10ba,1,42749c525c90994bd3d4c74edf047172,d51e0a403fe2e689ece6c73359d96e12,2018-01-17 14:11:28,198.00,14.41
6e66eeb2dcd054d228cbfdbe27ac10ba,2,42749c525c90994bd3d4c74edf047172,d51e0a403fe2e689ece6c73359d96e12,2018-01-17 14:11:28,198.00,14.41
6e6ba99ba306b937fc7730f3e06cc1a6,1,f2bb1681ac26e3993d10ff79cba282d5,06579cb253ecd5a3a12a9e6eb6bf8f47,2018-08-02 10:45:13,21.10,7.41
6e85f186f455d947bd6f50b1bd9b7c0b,1,b3bcd6f54c943fecf8f51e0b988e5cc9,04308b1ee57b6625f47df1d56f00eedf,2018-03-06 22:30:43,1299.90,25.54
6ea1fb8b83a7703077033993d1bdc5fc,1,edc388b2ba34de112c918ddcd465f5e9,2138ccb85b11a4ec1e37afbd1c8eda1f,2017-05-18 20:55:13,39.99,11.85
6ec753cc542c4392eb956290ddf47369,1,cc971e0365873137b8bef2ebad633e6f,7a67c85e85bb2ce8582c35f2203ad736,2018-01-26 18:16:39,239.99,22.17
6ee722cd81ebe249b83c6351f725bbb5,1,7f6a27bc434791d71f6e52b25bfc1e9e,9d7a1d34a5052409006425275ba1c2b4,2018-02-28 02:09:02,5.60,15.10
6ef8f6ed00303d5d81cdab508d586dcb,1,3468c85c5c4de55707fd08e4f5b665dd,725c32fa80c2faacc4fc88450d27314e,2017-10-19 19:07:19,25.99,15.11
6ef946c23a02ae5e2cfe4779ad34d805,1,739d233784c9f8e12635a19084e90cf5,af4a0e4cfe1d9c26b6712b1be25a72e5,2018-01-17 02:48:30,148.91,18.61
6f07b0ce1812870cb9c820fc295144e3,1,2a788bf848c3357ea72c31e344822aa9,17e34d8224d27a541263c4c64b11a56b,2018-05-07 20:16:03,89.60,13.99
6f0a798b4aff8cc383e1dcafa67f857f,1,69f07c49379a0c4bd660dd794a72f02a,b94cc9f10ddc85e4ba73a6f7974e7101,2018-03-25 22:55:33,599.90,26.78
6f3428447439d9e2de6274149281dae6,1,aadff88486740e0b0ebe2be6c09476ae,da8622b14eb17ae2831f4ac5b9dab84a,2018-04-26 17:30:49,29.90,18.23
6f393015477564624446a2b4c948c0f0,1,a0cb23ea9b98f51407ac7bd1fcd29c2e,7d76b645482be4a332374e8223836592,2018-01-24 22:37:14,19.90,15.10
6f433e1b5764eb255869aedbee1b9d72,1,0a57f7d2c983bcf8188589a5fea4a8da,4869f7a5dfa277a7dca6462dcf3b52b2,2018-01-19 16:35:27,129.00,33.35
6f4a6eb3e4ef9a73f9b63fa7ee3ce425,1,9b9005cfa3747d9fa0d544fc9f994c14,a5bff0f43eb51f0cad7c37fac7244c8a,2017-02-24 13:31:57,89.00,14.79
6f6471df0c58534cf3912656d77d46dd,1,a126cf2ba6e20ffef685352e40945a68,a3e9a2c700480d9bb01fba070ba80a0e,2018-06-19 11:01:06,67.00,19.66
6f838eed4f03f8be45723049df0a91a3,1,2029248294c186017ecfc48cecd47bbd,d50d79cb34e38265a8649c383dcffd48,2017-05-23 03:45:11,126.99,14.49
6f8a410f9542c68dbb680d2aa47b6d14,1,aca2eb7d00ea1a7b8ebd4e68314663af,955fee9216a65b617aa5c0531780ce60,2018-05-07 06:15:14,69.90,0.00
6fa204b6cf6dcfe6c9adca7dc53aa32a,1,28a652ff04e43c1bc57937a9f8770f9b,3d871de0142ce09b7081e2b9d1733cb1,2017-08-09 03:04:48,95.00,13.01
6fbc5b66b494906692191a0673edc28c,1,fe077ec80df6b4ee60bb4498d5ab1962,87142160b41353c4e5fca2360caf6f92,2018-04-06 20:29:47,135.00,17.51
6fe4c985918734d29a35419f12b76570,1,a8cb589d0aa5e6308a8fcf133ecca711,7bcd7c5f8631701474db233ccf1c094b,2017-05-31 13:45:18,50.00,15.11
6feb1191d85c6196e2dde76966fdb45a,1,8776ca0117daf03227870f2095f9b511,abcd2cb37d46c2c8fb1bf071c859fc5b,2018-01-22 03:35:46,109.00,38.31
6fed61864e73f5457549fa69ad7c88a2,1,7d3297b1d734f63d40632fcf8e1a2cec,ea8482cd71df3c1969d7b9473ff13abc,2017-11-21 15:28:06,24.99,15.10
70042449ba33e3a52dc0e16654257234,1,f67ad6b3366ae186b8d29087e6d5ebd0,16090f2ca825584b5a147ab24aa30c86,2018-03-01 02:55:27,28.00,15.10
701ddcb0eab1d32958b3638a5e8c4e97,1,b6475dae3a2796ed87cabc7b8e8debcf,eb5b6204dde3a6e03b5f1bb8479f055b,2018-01-26 14:54:59,19.90,14.10
701ed63cdee1bf7a8aeb7f690acb04a2,1,d017a2151d543a9885604dc62a3d9dcc,6560211a19b47992c3666cc44a7e94c0,2018-08-15 13:25:14,49.00,18.44
701ed63cdee1bf7a8aeb7f690acb04a2,2,d017a2151d543a9885604dc62a3d9dcc,6560211a19b47992c3666cc44a7e94c0,2018-08-15 13:25:14,49.00,18.44
703028d4e0b49bc9632bb3b92150adb2,1,e07fbd0969dcddca941b8c4adec498b1,5b664594895aefb418afaee6d40a9a23,2017-09-05 13:10:16,38.90,15.10
703028d4e0b49bc9632bb3b92150adb2,2,e07fbd0969dcddca941b8c4adec498b1,5b664594895aefb418afaee6d40a9a23,2017-09-05 13:10:16,38.90,15.10
705e297aabac0f1fae1db3971e90952d,1,39295d6c2311ab7091b5fc95bb51bbe7,15aac934c58d886785ac1b17953ea898,2018-06-14 19:28:35,159.00,28.06
7068f14af6c3c575490f74b6aaf2f05c,1,43ff57afb3419cc422d1daccbbb877b7,f5a590cf36251cf1162ea35bef76fe84,2018-04-19 12:31:07,915.00,178.52
707b1eade17fb8a0c67c686946879f54,1,bb48c8fda6bcf73c9a0178fd1a1a366d,da8622b14eb17ae2831f4ac5b9dab84a,2018-05-23 05:16:38,44.90,18.23
707fec00567dfaa251bc610a0c0cd056,1,72f78c618c8f81c2b8f0ffd2a51293b4,f8db351d8c4c4c22c6835c19a46f01b0,2018-08-20 04:35:08,74.90,11.54
70809734fe201ea6db6d4577b84a3022,1,4298b7e67dc399c200662b569563a2b2,88460e8ebdecbfecb5f9601833981930,2018-03-08 22:55:35,149.90,13.18
70aefd12bdd5391f02011072c16e6801,1,a92930c327948861c015c919a0bcb4a8,6560211a19b47992c3666cc44a7e94c0,2018-06-21 17:30:56,78.00,7.81
70b125b1e127de57a1145f484705786c,1,9545d45c37449ccbc376de3a04c66e71,431af27f296bc6519d890aa5a05fdb11,2017-07-20 19:45:11,119.90,18.09
70b3137c66efb2783c73b76b78215401,1,d61cb9070ed7de8a2478eca9c8fc3d93,6235903333ba7de1928c869e268e5964,2018-05-17 18:31:22,94.06,41.42
70b8fcabbd42bd4e6bb39052dac647d6,1,24f5af2b789d02450459312d48fc840f,cbd996ad3c1b7dc71fd0e5f5df9087e2,2017-03-20 11:31:36,63.49,11.83
70c06583df3a26d0a632b3205baee66a,1,a869ec6209c361ca46dad85a5530e119,c3cfdc648177fdbbbb35635a37472c53,2017-09-01 03:06:33,159.90,20.61
70d311beea4bad34a599296c2095e449,1,ff80f0538290775336ee74b4997a855c,4869f7a5dfa277a7dca6462dcf3b52b2,2017-10-20 13:14:27,136.90,15.71
7113e8344293a6a03453110d67c7f533,1,94bedc3b89ef3b2dd091735569780a0d,a6fe7de3d16f6149ffe280349a8535a0,2018-05-03 03:55:18,59.90,12.86
711b9be9c346d9ecdb9d38a5e1e7e39b,1,d6f3bd7b1fc04fb1a2effb51ae44ab17,4b1eaadf791bdbbad8c4a35b65236d52,2016-10-21 16:33:27,189.90,12.87
712d7cfcfc32b2849434e973309ed3f0,1,51065e36eb621dc8c9be3e291b1d41de,c3cfdc648177fdbbbb35635a37472c53,2018-03-28 16:30:47,69.90,16.46
7131224bb3afd2aa3e6b81ca40bd8e4a,1,5b8423dc7f23089c9c59c5d140eb5a1c,c8b3445d737de6befde0c88ede534a5e,2017-12-20 10:31:37,129.99,14.51
71385d0c646fbc757cfd07df085986d7,1,fe6a9515d655fa7936b8a7c841039f34,dc317f341ab0e22f39acbd9dbf9b4a1f,2017-11-14 20:56:03,249.90,69.21
7182a10886eba11ded33e2656379e6d1,1,332842d24e84234cd91299a225de76ab,634964b17796e64304cadf1ad3050fb7,2018-03-30 08:47:39,399.00,20.67
71a911a3509a408b60846ed2e5f91e70,1,6dc1e760dde478aea03467d92737a0a6,4bf2f4ee540798a61f9636d12cd9cc80,2017-04-04 10:45:15,174.00,11.83
71b74d0e5cfa77c4b848bf0dbd8f7117,1,44291e25afe160dfe5f844da1b0f8b15,3c7c4a49ec3c6550809089c6a2ca9370,2018-05-08 09:57:25,13.99,7.39
71c04eba03595f13adc87878455ffa92,1,31a2fd4c489928b895ded31469fcbb5d,0ea22c1cfbdc755f86b9b54b39c16043,2018-03-14 23:30:32,34.90,15.23
71c1a607d67393d01bef51c097368feb,1,ddfaa1c2e19f82a47043c5f5ee1376d1,59b22a78efb79a4797979612b885db36,2018-02-05 10:14:51,299.00,14.22
71dab1155600756af6de79de92e712e3,1,90b58782fdd04cb829667fcc41fb65f5,7c67e1448b00f6e969d365cea6b010ab,2018-02-15 19:11:08,179.99,76.50
71dab1155600756af6de79de92e712e3,2,308e4e21ae228a10f6370a243ae59995,7c67e1448b00f6e969d365cea6b010ab,2018-02-15 19:11:08,76.99,40.69
71dab1155600756af6de79de92e712e3,3,90b58782fdd04cb829667fcc41fb65f5,7c67e1448b00f6e969d365cea6b010ab,2018-02-15 19:11:08,179.99,76.50
71dab1155600756af6de79de92e712e3,4,308e4e21ae228a10f6370a243ae59995,7c67e1448b00f6e969d365cea6b010ab,2018-02-15 19:11:08,76.99,40.69
71dab1155600756af6de79de92e712e3,5,90b58782fdd04cb829667fcc41fb65f5,7c67e1448b00f6e969d365cea6b010ab,2018-02-15 19:11:08,179.99,76.50
71dab1155600756af6de79de92e712e3,6,90b58782fdd04cb829667fcc41fb65f5,7c67e1448b00f6e969d365cea6b010ab,2018-02-15 19:11:08,179.99,76.50
71dab1155600756af6de79de92e712e3,7,308e4e21ae228a10f6370a243ae59995,7c67e1448b00f6e969d365cea6b010ab,2018-02-15 19:11:08,76.99,40.69
71dab1155600756af6de79de92e712e3,8,308e4e21ae228a10f6370a243ae59995,7c67e1448b00f6e969d365cea6b010ab,2018-02-15 19:11:08,76.99,40.69
71dab1155600756af6de79de92e712e3,9,308e4e21ae228a10f6370a243ae59995,7c67e1448b00f6e969d365cea6b010ab,2018-02-15 19:11:08,76.99,40.69
71dab1155600756af6de79de92e712e3,10,308e4e21ae228a10f6370a243ae59995,7c67e1448b00f6e969d365cea6b010ab,2018-02-15 19:11:08,76.99,40.69
71dab1155600756af6de79de92e712e3,11,90b58782fdd04cb829667fcc41fb65f5,7c67e1448b00f6e969d365cea6b010ab,2018-02-15 19:11:08,179.99,76.50
71fb5cbef1b7743f40cfc5ba116ee448,1,ca210a9b56b93ad0b8f27c41e04da8b2,54965bbe3e4f07ae045b90b0b8541f52,2018-05-29 02:15:39,104.90,18.56
721cdd34c6ff27fe0fb9f2c21f27d444,1,ecd4ecd11a1bdbd279d1852fe373eb6f,b2c97074649f92197d9387d9033dda5f,2018-07-18 10:30:19,58.50,19.60
7222c3a8696a84d8f538ee8db5832c67,1,7d490fb7ec6eac63302590beef157c10,4a3ccda38b2129705f3fb522db62ca31,2017-11-17 21:30:21,349.90,27.73
723fdebe8280ea74fca298382c4d7ac7,1,62b40d45d531e2cb8b06d7188b627f3d,537eb890efff034a88679788b647c564,2018-08-14 22:04:26,18.90,7.55
724c7b9d5d226631f82c0c09a9f51685,1,27da9ff5303d900602623ce3b731e0bf,adcf50477d6a1f5d91bb9d54c4903cb5,2018-07-05 16:15:13,86.57,44.41
724d164fcba4e6b5fdcffe2ef8d3bb9a,1,476f613bc92f3a20cf80a586fa45a232,da8622b14eb17ae2831f4ac5b9dab84a,2018-02-02 14:55:23,39.90,16.11
7269605c7dd42e8f5b8818e2206f7fb2,1,f720c39eaaedbc6f37a0cac64fe6a6aa,116ccb1a1604bc88e4d234a8c23f33de,2018-05-25 19:55:44,9.00,22.06
7269605c7dd42e8f5b8818e2206f7fb2,2,f720c39eaaedbc6f37a0cac64fe6a6aa,116ccb1a1604bc88e4d234a8c23f33de,2018-05-25 19:55:44,9.00,22.06
7277412b4dabb3b15f3511cc78e81125,1,aca2eb7d00ea1a7b8ebd4e68314663af,955fee9216a65b617aa5c0531780ce60,2018-03-30 02:28:34,69.90,12.43
72af7514238e36c16453f0a9146ecb52,1,1a300f482e35d7eac74b229be067aefd,e9d99831abad74458942f21e16f33f92,2017-12-07 15:35:50,19.99,8.72
72be45eab146087612b9ee932e825574,1,dbedc5c46934d0708dd37cccef1c2184,cca3071e3e9bb7d12640c9fbe2301306,2018-04-19 18:30:32,108.82,19.73
72c6b387a8a7211c63a087c477cc8458,1,091af6c2d579fe0926b4fcb8db07f78e,4d6d651bd7684af3fffabd5f08d12e5a,2017-11-03 11:30:04,79.00,12.05
72fcaaf6f276ca11244c4a82bb009eaf,1,badc98cb4b92b5452a49c1a9e7406b51,1900267e848ceeba8fa32d80c1a5f5a8,2017-10-13 14:49:26,47.99,15.10
732a77c453f0b9ea3a2665a575f3ecd3,1,e7f85e7f0203b7b95cc1b4c21b4b070c,ceaec5548eefc6e23e6607c5435102e7,2018-08-13 20:10:19,259.99,118.87
735a1710773d59e9194b5851b2e2ecc0,1,fb29f48bfea41db52e349454f433340e,897060da8b9a21f655304d50fd935913,2017-06-21 16:02:51,22.00,11.85
7368d87533725a6bef612cdc83678f4f,1,b47f7c9903cbd0bed2968a1b4cd21ed6,903037660cf848a717166eb7a06d616e,2018-04-05 13:08:40,99.99,18.28
7368d87533725a6bef612cdc83678f4f,2,b47f7c9903cbd0bed2968a1b4cd21ed6,903037660cf848a717166eb7a06d616e,2018-04-05 13:08:40,99.99,18.28
737d1628b4fc7ee47b3380c9f1f41991,1,8f3e65950fbb9e484ff846ce111ca5b2,2bf28e311bba65237358230cabac3f15,2018-08-14 15:15:29,35.00,18.30
738580878981997bfadf04c4c2fbd013,1,9a7c0784b8058269d176b3089c946ed0,1900267e848ceeba8fa32d80c1a5f5a8,2018-07-31 19:44:14,54.99,13.97
739bb3840069271e1c2a54f5b485b695,1,e3425df9bd51be69917273c9dd92ed5e,86ccac0b835037332a596a33b6949ee1,2017-08-31 20:04:54,67.90,19.72
73b6ddc94c65c2002e53a5cb71257232,1,5fe490e61e7a37f2f0d1ad1771ac027d,2d2322d842118867781fc737e96d59a1,2018-08-14 03:24:58,24.50,8.92
73b6ddc94c65c2002e53a5cb71257232,2,5fe490e61e7a37f2f0d1ad1771ac027d,2d2322d842118867781fc737e96d59a1,2018-08-14 03:24:58,24.50,8.92
73b6ddc94c65c2002e53a5cb71257232,3,5fe490e61e7a37f2f0d1ad1771ac027d,2d2322d842118867781fc737e96d59a1,2018-08-14 03:24:58,24.50,8.92
73befa10ba4ce911961d44fc641180e6,1,93ebf843a46dd3ba8085784ff4c604fc,aaed1309374718fdd995ee4c58c9dfcd,2018-01-18 12:48:29,147.50,36.35
73cb429669ebb88bba7787201730c88e,1,0a9a9c25c5a06532d1766e00db833a7f,da8622b14eb17ae2831f4ac5b9dab84a,2017-12-12 12:51:31,14.90,15.10
73cfd52c2ab878481307dcd97df6155c,1,d2085f7e0f9533605386960fc7e987ec,aac29b1b99776be73c3049939652091d,2017-12-12 14:10:49,12.49,12.48
73d60420cd1a179b2d8887d538efe4c2,1,078b7149a32b479d3cbf1649fea0172c,9b1585752613ec342d03bbab9997ec48,2018-08-13 11:05:18,749.00,55.96
73e85a295c3028a2283eb8182a8ac56b,1,450c25d98ed6923154a934554475bf13,dbdd0ec73a4817971d962698f2fea022,2018-08-02 18:30:46,399.00,144.29
73eb70779d3a8a4647f8ccf9c43d2623,1,01cf8c7364048b4b6ed0fe400667054d,b2ba3715d723d245138f291a6fe42594,2017-05-16 14:15:23,229.90,27.87
73eedc4ca4a789813a63fe30856c805f,1,34d6306314a47fe15c1efdbc23302020,229c3efbfb0ea2058de4ccdfbc3d784a,2017-06-12 12:43:38,69.00,16.92
73f078f94fbf270913ba09b8bb2d0f93,1,906b11f3bc3c98f883afa0eb67b0fac7,440dd6ab244315c632130ecfb63827b1,2018-04-23 13:15:18,139.90,17.89
73f41c25f81a3fc68fefa0cdb0c73d97,1,c2fb73db15e28aa021dcf7b2856fef27,adbc26658d6c7b4b6219f9d934598091,2018-03-22 19:16:00,119.90,18.42
7401e9523d2377080c54f7ac11967b95,1,8b4d1b3f6edcc74d027e598a572ddcae,e48cc16ab70bfa09e1401740dce0b3d7,2018-01-12 11:48:55,60.99,16.19
7401e9523d2377080c54f7ac11967b95,2,8b4d1b3f6edcc74d027e598a572ddcae,e48cc16ab70bfa09e1401740dce0b3d7,2018-01-12 11:48:55,60.99,16.19
74174e09b0021ebfcb7b5e9d115910b6,1,a5341e3f8155dbb3e62323d3ea289729,ff063b022a9a0aab91bad2c9088760b7,2017-11-28 03:11:25,79.50,13.11
741a088353f3774474ff3b2d7da8f0de,1,df10a782c44fcfb00afa5bba65777d74,bacb1f0ed56ad24198f5810d2b3fe9a5,2017-05-12 04:50:16,182.90,18.53
742bb86f369fadd10d68946fd903aaed,1,d418ddef3e7017381084956220b00b9d,d91fb3b7d041e83b64a00a3edfb37e4f,2017-09-06 19:55:12,11.40,8.27
7433b1786e1af2042c2c4c76d3e4b750,1,964dd0fcba2ca4eff8e31ec74a77d41d,259f7b5e6e482c230e5bfaa670b6bb8f,2017-06-21 09:05:09,35.99,11.73
79366f58da7efaf2b4717cb46d852fcd,1,51d646c5c93e0f1de543528d0e24eadc,c35672b10ad50968f567ea3f4b91e877,2018-05-22 22:18:39,69.99,18.07
793fe057b09c8c2bebdd48451e985432,1,1e88eb1734651579b4928df098f4d86c,7e3f87d16fb353f408d467e74fbd8014,2018-04-23 16:30:36,75.60,15.41
7940121491c0b1c3b7dae6f2b1f77e4b,1,dd4c3b4ab7e001aaf385ea2e68952030,d673a59aac7a70d8b01e6902bf090a11,2018-02-13 02:55:55,29.90,15.10
79562db78b573c385bac088ede3973dc,1,82b73150f90f4fef92913e35b9984bb7,91f848e9f4be368f4318775aac733370,2017-05-03 09:55:22,98.99,18.44
795b0bc608229d7cb45e79030bfa7d4b,1,1e618d311a1b7f88a9d96ec50aa85582,d94a40fd42351c259927028d163af842,2018-01-18 19:30:54,129.00,25.74
79600d8903faf815002622ab515263c4,1,c92b08d0ac42564075b8103bb99cb424,1acde099eb406aa220b1169b188b42da,2017-10-31 15:56:14,16.90,9.34
79632fd4663d3f0ff7dee9ac7a31a43a,1,853ee0759242b6c1e8e1de5052df3fc4,f0b47fbbc6dee9aafe415a6e33051b3f,2017-12-11 22:09:41,29.99,16.11
79632fd4663d3f0ff7dee9ac7a31a43a,2,853ee0759242b6c1e8e1de5052df3fc4,f0b47fbbc6dee9aafe415a6e33051b3f,2017-12-11 22:09:41,29.99,16.11
7991b363c057a520b3ffa9dd2919cff5,1,2028bf1b01cafb2d2b1901fca4083222,cc419e0650a3c5ba77189a1882b7556a,2018-02-07 21:55:31,56.99,11.90
7994bcffb9f5d5a702c9fc4f08cca8a9,1,42a2c92a0979a949ca4ea89ec5c7b934,813348c996469b40f2e028d5429d3495,2017-06-16 09:55:21,59.90,11.73
799bc9658260598f040a6a7943b73415,1,e45ba6ba3c6ee4fa2c62e6a6a587717e,46dc3b2cc0980fb8ec44634e21d2718e,2017-09-28 12:45:11,349.99,19.70
79aee5d2f7328b2d701eb4e87f54ce47,1,103cc8c441a717d9a54fca312ae8ec3c,fa1c13f2614d7b5c4749cbc52fecda94,2018-08-07 14:50:16,168.90,20.09
79b690847d556fdcccfe7dfdd9d77dd4,1,3ba2b0de14984ce8f072c58be8d701dd,406822777a0b9eb5c50e442dd4cd3ec5,2018-04-12 19:28:46,99.99,47.14
79ce3a0a9eba49ff442b392ab05349a4,1,9bb8ca338e5588c361e34eae02e8fad6,620c87c171fb2a6dd6e8bb4dec959fc6,2017-12-20 00:33:28,69.90,17.74
79db7436f36c45d0ec5cd158424d7ce4,1,f102842fbe436027eeeb7fc76d3063aa,87142160b41353c4e5fca2360caf6f92,2018-03-27 12:47:39,34.90,16.32
7a04a9036cd32390e8f17eaccd2dcef4,1,2343570575e2990224008969445d7402,9f505651f4a6abe901a56cdc21508025,2018-02-13 23:29:58,24.99,21.15
7a11da7177850c642520f68efae51bf1,1,66484d3ad6c8fcd55265bfdb060fc8cc,05ff92fedb5be47920fea08e501238b9,2017-04-14 02:45:16,328.00,20.89
7a189472050d185af07c5550a7dfc5ad,1,dbfac885ce74c770040e1c99389553e1,a369d693961cb93b61ca2cc518872a85,2017-12-11 21:58:54,160.00,86.34
7a189472050d185af07c5550a7dfc5ad,2,ffcfaba393e8ef71937c6e8421bc2868,a369d693961cb93b61ca2cc518872a85,2017-12-11 21:58:54,288.00,86.34
7a309e99001d2a284a1747c7cc4186bc,1,cae2167feedb9388aa9baffbff44e5f4,db4350fd57ae30082dec7acbaacc17f9,2018-05-10 11:31:37,23.99,7.39
7a47100118f6775bec039a3b87ddedf5,1,2ea92fab7565c4fe9f91a5e4e1756258,3d871de0142ce09b7081e2b9d1733cb1,2017-04-10 05:55:29,69.90,29.42
7a977daeefe13a57132b21579049d020,1,45c16b5961d3c6b54f202121673a2c44,3b15288545f8928d3e65a8f949a28291,2017-08-21 20:45:18,175.99,16.86
7a9d100d2a88bd95c3f8acd4af29d3e8,1,3f0b2aa04502b87638f75da7b9cae50e,7299e27ed73d2ad986de7f7c77d919fa,2018-06-10 22:51:28,24.90,13.47
7aa23447e2b8d82e2355605aeac705b4,1,fbc4b7ed41d3f3152bbe55826d9fec73,7e93a43ef30c4f03f38b393420bc753a,2017-11-29 20:31:30,699.00,13.71
7aa4279cc25c67bbcf033b0ffa8e5587,1,130482add9fd75ccb6c57ba007694a2d,87142160b41353c4e5fca2360caf6f92,2018-08-17 07:10:18,105.00,22.04
7aa518be998a5e4ae20ebc594ddc96e0,1,6cdd53843498f92890544667809f1595,ccc4bbb5f32a6ab2b7066a4130f114e3,2017-10-03 11:04:29,349.90,19.02
7ac1f3de2cdc809de6aa1e6719451f53,1,7567d226ff0be3edcfca0124da0ca3f5,dfa0c4c6229ab200a4a1336b4d7128ff,2018-06-18 10:21:08,21.50,18.25
7ad12b91a27a5b94bdd5a1f444d29783,1,4724ffa427f315c485e39b02e21859b2,955fee9216a65b617aa5c0531780ce60,2018-03-05 04:02:48,12.00,7.78
7af8cc0ff9ec1dcbdf0880dac7cba603,1,6180d1972499e39b4313fce108e75a8d,e38db885400cd35c71dfd162f2c1dbcf,2018-03-22 02:50:40,64.90,20.18
7b07a49f82fe58fb4d678aabda69b963,1,62224b433a431310bf27129938ad9f64,7b07b3c7487f0ea825fc6df75abd658b,2017-11-17 20:26:27,84.94,9.41
7b103f0841bda2b0b9e208b7840a762c,1,b4ba27d5fad6d6cde99f855d72b5afcf,d91fb3b7d041e83b64a00a3edfb37e4f,2018-04-19 12:55:45,151.70,36.19
7b1dc739a78d04563a4fd62f5a6b454f,1,474bb6b54fc608ca71059a6c4f7ecda3,8b321bb669392f5163d04c59e235e066,2018-01-09 19:52:23,21.90,14.10
7b2224d2541bc6874a3767724399a203,1,00de7f393d962717eeeb2d7131a40dba,6f892e20a171e98efe17fdb971ff319b,2017-12-19 16:30:28,129.90,14.66
7b30aa29f313756594c6bfad78eea84a,1,be0598171ca7dc5b5904079159633ca0,41b39e28db005d9731d9d485a83b4c38,2018-04-16 13:29:58,49.90,15.23
7b34b9075e576d1d26171c4772f70557,1,d0fe4295267f15ccaceac4fb233d8c9a,0db783cfcd3b73998abc6e10e59a102f,2017-11-21 16:15:54,49.90,9.27
7b4fb0197b18a0fd0e75f9e44b3fc757,1,b150110bc5afad8ff2cce5cd50c8e2a2,e5a38146df062edaf55c38afa99e42dc,2017-01-22 23:15:29,99.00,22.62
7b78cc6982a3e84c736e54249ed7612c,1,101c51628f18e013a1b2900a8f275fd2,17a053fcb14bd219540cbde0df490be0,2018-08-02 17:04:35,219.98,104.93
7b78cc6982a3e84c736e54249ed7612c,2,101c51628f18e013a1b2900a8f275fd2,17a053fcb14bd219540cbde0df490be0,2018-08-02 17:04:35,219.98,104.93
7b8cdadf6b13903fc09049ba85f5ecb3,1,55f166570845e0a7b4456edac9c420b7,2646baaf662d4d92ac48f047e35db92d,2018-06-07 11:10:56,60.00,20.57
7b8cdadf6b13903fc09049ba85f5ecb3,2,55f166570845e0a7b4456edac9c420b7,2646baaf662d4d92ac48f047e35db92d,2018-06-07 11:10:56,60.00,20.57
7b8cdadf6b13903fc09049ba85f5ecb3,3,55f166570845e0a7b4456edac9c420b7,2646baaf662d4d92ac48f047e35db92d,2018-06-07 11:10:56,60.00,20.57
7b9a4ccb84bc90aa35e862facecfda80,1,72d3bf1d3a790f8874096fcf860e3eff,0bae85eb84b9fb3bd773911e89288d54,2017-12-07 12:58:40,38.25,9.94
7bb63f3e1c995473fbe6450a65fd8cfe,1,1f833cc7a418205cf50f5e834c6a2134,8648b1e89e9b349e32d3741b30ec737e,2018-02-20 16:30:31,98.00,8.43
7bb7bf45693873665dd4a3028c3d9883,1,a4fdd00347db855f614a18bf51606df5,6d803cb79cc31c41c4c789a75933b3c7,2018-01-24 10:57:37,189.00,18.57
7bbb2b4fd60b56329b20353470ec4080,1,a7e3c4e94e2cdb8acd51459762d4c263,2a1348e9addc1af5aaa619b1a3679d6b,2017-11-03 19:30:19,48.90,15.10
7beb8dfe9d03e7b0b7d7b811842a0fc0,1,c7c4e24200f7071aecf4a052fadb9473,0adac9fbd9a2b63cccaac4f8756c1ca8,2017-05-04 23:45:12,109.90,19.47
7c0bdaba8498278860946b0083d258b8,1,3c261802e239d1f2dcda5ed49aa14220,fa40cc5b934574b62717c68f3d678b6d,2017-08-01 02:25:29,79.90,17.39
7c0bdaba8498278860946b0083d258b8,2,014a8a503291921f7b004a5215bb3c36,fa40cc5b934574b62717c68f3d678b6d,2017-08-01 02:25:29,36.90,6.52
7c1775b55c23f7d7c2f85ac8e2e3c549,1,9234cd3c6bd121932ef77a39d6d87893,06e5eefc71ec47ae763c5c6f8db7064f,2018-08-24 10:55:24,289.99,17.13
7c2ee08449e6b8b55158e518778dbe83,1,d7b39598905ba8e791fe3f1f376d59f9,9cea4682e16655f7da87f406902e989e,2017-06-22 17:25:22,4.78,8.11
7c3e71109e904d8e0c8d034456f87eca,1,8a68c060dbab4ae66aa885e13e1ef7b3,0b90b6df587eb83608a64ea8b390cf07,2017-12-07 02:35:23,188.10,14.34
7c3e71109e904d8e0c8d034456f87eca,2,8a68c060dbab4ae66aa885e13e1ef7b3,0b90b6df587eb83608a64ea8b390cf07,2017-12-07 02:35:23,188.10,14.34
7c59d327d267a2ce386f84038c0035c5,1,a7643323762a75398fdfe3ba23a04cf2,bb7a14e229b1c95156719c3d9552eeee,2018-04-26 13:31:47,249.90,19.39
7c5cfb19cd59e93d54d251302ac8268c,1,b04876fe71f0ad771fcdf73ceff3bae2,9f50216bfd01913736a55a11b55ea842,2018-07-13 18:45:13,45.00,9.01
7c6517c41c557b7b9a6407d55badf4ee,1,c0eeedfd383f32ae9524a15a8898b129,d650b663c3b5f6fb392b6326366efa9a,2018-05-10 15:30:36,219.00,8.40
7c7fe53f2fdb00627f75d98690d753bf,1,3b0f7951038b105522c2d566b54421f7,562fc2f2c2863ab7e79a9e4388a58a14,2018-03-29 01:31:59,28.99,58.41
7c7fe53f2fdb00627f75d98690d753bf,2,2691bad4b1d8eb94ea5f2ccbbd582fca,822bad9bc42b51213ba522fe87b7ab5d,2018-03-29 01:31:59,279.00,11.10
7cba130d7fd9cbf1fa889eaaf7c89d29,1,f56e93f8bec270456dd5ec3272bd42f3,6fc26fe110feebd80a433e1f012a84f9,2017-11-29 14:56:22,59.00,12.75
7cba130d7fd9cbf1fa889eaaf7c89d29,2,f56e93f8bec270456dd5ec3272bd42f3,6fc26fe110feebd80a433e1f012a84f9,2017-11-29 14:56:22,59.00,12.75
7cba130d7fd9cbf1fa889eaaf7c89d29,3,f56e93f8bec270456dd5ec3272bd42f3,6fc26fe110feebd80a433e1f012a84f9,2017-11-29 14:56:22,59.00,12.75
7cba130d7fd9cbf1fa889eaaf7c89d29,4,f56e93f8bec270456dd5ec3272bd42f3,6fc26fe110feebd80a433e1f012a84f9,2017-11-29 14:56:22,59.00,12.75
7cc85185736ea7f2d8bc09af7a47cab7,1,8695c431b31927efef5343e675f279e7,fe2032dab1a61af8794248c8196565c9,2017-05-22 10:02:45,179.90,15.01
7ccc11577ae58791fde9fe83f4c7f106,1,4310db2c2f39a8a5fe403463e39ca5da,13074f016982ff2bd6c58ced8682f000,2017-11-30 19:31:58,120.00,41.30
7cd9f4c5a26e353b50e10cc165ef40d2,1,c50ca07e9e4db9ea5011f06802c0aea0,9b013e03b2ab786505a1d3b5c0756754,2018-07-05 02:53:16,15.49,7.39
7cd9f4c5a26e353b50e10cc165ef40d2,2,c50ca07e9e4db9ea5011f06802c0aea0,9b013e03b2ab786505a1d3b5c0756754,2018-07-05 02:53:16,15.49,7.39
7cd9f4c5a26e353b50e10cc165ef40d2,3,c50ca07e9e4db9ea5011f06802c0aea0,9b013e03b2ab786505a1d3b5c0756754,2018-07-05 02:53:16,15.49,7.39
7d07b6c1321e0ae86b7d6205e015f0a1,1,f71973c922ccaab05514a36a8bc741b8,5dceca129747e92ff8ef7a997dc4f8ca,2017-04-27 02:55:40,109.90,37.17
7d07b6c1321e0ae86b7d6205e015f0a1,2,f71973c922ccaab05514a36a8bc741b8,5dceca129747e92ff8ef7a997dc4f8ca,2017-04-27 02:55:40,109.90,37.17
7d2fd74a17ae87c4bf3f882f55b81515,1,b9a90f1fc4d536d191445c068ef514c4,e0482f2c769468c3bbcd8a01e09d98c5,2018-08-16 20:55:24,189.00,45.40
7d51427ec940da2e27bc824dd56a2300,1,ffd60d515c690a976c497e75cd2336f4,578fa3a9cb6b6dceab39231ad59cdaca,2018-02-28 02:10:46,30.00,14.10
7d52b962726f481292e1faae3fcb31d6,1,7ce94ab189134e2d3c05f496d635419c,8b321bb669392f5163d04c59e235e066,2017-12-21 13:32:17,13.65,16.79
7d593cfb475e1e80058d84bbba5aef55,1,42ba5eab75cf0db7905414fdc6a3fd7c,88460e8ebdecbfecb5f9601833981930,2017-11-30 09:54:21,249.90,19.32
7d68f1da2ad6d6fa877e000788daf541,1,2ae5ed1d99afbb14a8b24041a81df16b,951e8cef368f09bb3f3d03c00ca4702c,2018-07-11 15:30:55,59.99,25.38
7d68f1da2ad6d6fa877e000788daf541,2,d678178aa4291cd25a755a90188375c8,1025f0e2d44d7041d6cf58b6550e0bfa,2018-07-11 15:30:55,35.00,25.38
7d68f1da2ad6d6fa877e000788daf541,3,2ae5ed1d99afbb14a8b24041a81df16b,951e8cef368f09bb3f3d03c00ca4702c,2018-07-11 15:30:55,59.99,25.38
7d68f1da2ad6d6fa877e000788daf541,4,d678178aa4291cd25a755a90188375c8,1025f0e2d44d7041d6cf58b6550e0bfa,2018-07-11 15:30:55,35.00,25.38
7d7db898e5eaa10aac6c7fb616d9d7dc,1,7b85e3deef35afd6ebed5461ee8f0641,ede0c03645598cdfc63ca8237acbe73d,2018-03-07 20:49:02,30.21,15.10
7d892708f2153d1763c61337cf6ba495,1,0bb7cb61f1957f79dac582ab66ccdc1f,e26901d5ab434ce92fd9b5c256820a4e,2017-06-30 02:25:15,23.90,16.11
7d892708f2153d1763c61337cf6ba495,2,0bb7cb61f1957f79dac582ab66ccdc1f,e26901d5ab434ce92fd9b5c256820a4e,2017-06-30 02:25:15,23.90,16.11
7d892708f2153d1763c61337cf6ba495,3,0bb7cb61f1957f79dac582ab66ccdc1f,e26901d5ab434ce92fd9b5c256820a4e,2017-06-30 02:25:15,23.90,16.11
7d8fb4d046d76c289bd66eb341bee09e,1,06dce482ace017e78349b6f1fa83a022,f7ccf836d21b2fb1de37564105216cc1,2018-06-22 16:31:02,39.00,13.85
000576fe39319847cbb9d288c5617fa6,1,557d850972a7d6f792fd18ae1400d9b6,5996cddab893a4652a15592fb58ab8db,2018-07-10 12:30:45,810.00,70.75
00119ff934e539cf26f92b9ef0cdfed8,1,21b1c2f67a9aafb5af0eb06c13b9dbda,c864036feaab8c1659f65ea4faebe1da,2017-08-11 00:35:12,219.90,16.98
00169e31ef4b29deaae414f9a5e95929,1,b10eba910a974df70b8a12d0665cdb9e,a3e9a2c700480d9bb01fba070ba80a0e,2018-01-23 03:35:47,39.00,16.11
001c85b5f68d2be0cb0797afc9e8ce9a,1,84f456958365164420cfc80fbe4c7fab,4a3ca9315b744ce9f8e9374361493884,2017-11-29 22:38:47,99.00,13.71
0070092bb6004faafa287e5fc35971e9,1,31a2f42a87890f87d77daebdfabc182e,4c03b9dd4c11ee2cb35c96c49efc9420,2017-07-31 11:55:24,149.00,14.06
00789ce015e7e5791c7914f32bb4fad4,1,f9d774a1820f792952eea079a40a7c6b,2709af9587499e95e803a6498a5a56e9,2017-07-04 23:43:34,154.00,14.83
008dd5e80ebf8f849aa0c5bf4e22ce7a,1,7583d9a579408cb84bbc7b0e4548ec18,7ad32824caee82087b3e2e5f33b1bf32,2018-03-28 02:56:19,199.00,8.74
0093cbf16a6afb7f0ab7cc821b6f9e92,1,a50acd33ba7a8da8e9db65094fa990a4,8581055ce74af1daba164fdbd55a40de,2017-11-17 13:26:57,117.30,25.66
00c8be06a8029e300dabd52c7d4c6ad2,1,5d66715cc928aadd0074f61332698593,128639473a139ac0f3e5f5ade55873a5,2018-02-15 01:48:42,19.90,15.10
00d88c00221ce96a1cfcaca9f2fceb3b,1,7814c273ab16783d73a9863ebfa8b141,1025f0e2d44d7041d6cf58b6550e0bfa,2018-03-15 23:15:29,250.00,97.56
00d94e8901b75ee0d6ef1f87f947b666,1,a35a9f46dcee0a67c8c7ad8493eb4135,85d9eb9ddc5d00ca9336a2219c97bb13,2017-05-08 14:25:13,27.90,20.80
00d94e8901b75ee0d6ef1f87f947b666,2,a35a9f46dcee0a67c8c7ad8493eb4135,85d9eb9ddc5d00ca9336a2219c97bb13,2017-05-08 14:25:13,27.90,20.80
011405ae7b89def8ffb3468eb29c299d,1,3cb39171fd36c50097f2dedbbe0dfe6e,16090f2ca825584b5a147ab24aa30c86,2018-05-10 13:50:23,29.99,7.87
0115f8bb1dc16d3fac863ce1deb037b6,1,ca815d1a82897d9d4503e2e367931d03,d1c281d3ae149232351cd8c8cc885f0d,2017-07-07 19:25:18,119.99,16.47
0136390286be8a34efdc801ed150568f,1,1716ea399ed8ee62ba811e6f55180f45,6338ea67c41078a46ad99cc009654956,2017-07-20 12:35:15,3.49,16.79
0136390286be8a34efdc801ed150568f,2,1716ea399ed8ee62ba811e6f55180f45,6338ea67c41078a46ad99cc009654956,2017-07-20 12:35:15,3.49,16.79
013aa6ba5077072401773f83f1ee6408,1,9ab817d90bc61ed772ffea01b4cdcdb6,db2956745b3a8e9f3785c99f34b5d25e,2018-08-03 11:45:10,159.00,19.21
016fbc333d66b414be541c6159576c40,1,b0cd550945da1de6eb9cb69595d540df,6b243f80ed07b10f0e8aa0f21a205f3c,2018-06-07 18:30:42,84.90,18.52
0170e40334131d971605ae70efb33e4f,1,145978af3e89b318be0b717a0953649a,18e694e0e48ed6f7aa3f24aade5fd697,2018-07-25 04:35:18,19.00,18.23
0176e50f3853fa068127afa3daff6402,1,ea3be87c5c6c69043c9eb7836199c200,4a3ca9315b744ce9f8e9374361493884,2017-12-20 16:54:49,59.90,15.17
019ccfeea1ea9afbebdad57d65f2e36f,1,ead9ade61e81ab9e26d83640c3164e76,4bf2f4ee540798a61f9636d12cd9cc80,2017-12-01 15:58:17,152.00,15.81
01bae920aea13b891b50bc1543634a65,1,cd48f265a63e13b762601f5f794c5fca,e9779976487b77c6d4ac45f75ec7afe9,2017-12-28 20:14:24,57.49,9.94
01c1644529b18608f086d2ff0f3b8181,1,8b41f2becf919f6177cca1ff15dfd311,ba143b05f0110f0dc71ad71b4466ce92,2018-07-02 05:12:58,103.99,31.60
01c1f3c10d2641a10cfd97ffaac0b3f5,1,10714d6a49c0af9ccdab2d806887c5f5,9616352088dcf83a7c06637f4ebf1c80,2017-12-06 22:18:02,59.90,35.74
01cc71a8154340ae61126b5ee9b48fef,1,bb42f37fc3d9130e4a4339d24a47dd7c,da8622b14eb17ae2831f4ac5b9dab84a,2018-06-14 21:16:02,44.90,8.64
01d0cbd002be92b5a970cb8f233349c2,1,e2acf075e3634e6f0c26e4e88c1bf9d7,1554a68530182680ad5c8b042c3ab563,2017-07-27 14:50:15,329.90,46.39
020347f6d056bb4209b3ee4711d25f1a,1,06f2166336faca73c644b11eaca22d06,d5ba419e26d246a0719437cf37d9b46d,2018-07-30 03:15:18,105.00,23.89
02036bc298ab3c1efc98b116f420d646,1,6d44b2c01b6843eb2e68beddf853dd82,f22a247b79dd22ecd91dc8e3b2a1b07c,2018-08-27 06:45:07,24.99,17.98
0232512713ff84ce6ae5c96971894149,1,41b43381a92451746dc1374dbbd4c43e,7c67e1448b00f6e969d365cea6b010ab,2018-04-10 03:55:46,149.99,21.09
02346fd715e28d8e4fdb6893cd121f71,1,165f86fe8b799a708a20ee4ba125c289,7ddcbb64b5bc1ef36ca8c151f6ec77df,2017-11-14 21:26:31,146.99,16.66
023aa4b0585594124bc50e55e0e11a5f,1,5a9f5760be273f3c7994beec0dbee655,e333046ce6517bd8bb510291d44f0130,2018-04-09 05:48:29,69.00,13.84
0267556bb9e07f6184470cf755f5b5da,1,2b87ded5c8c2c971d4d5a2e4bd7b85bc,a3a38f4affed601eb87a97788c949667,2017-05-10 23:10:09,74.90,16.96
028e8f5a96db8d372890e03d22829e9b,1,d2f5484cbffe4ca766301b21ab9246dd,36a968b544695394e4e9d7572688598f,2018-04-24 17:58:33,12.88,7.87
02a9c0d24428f373731752bcc9719ebe,1,b4183f86c9a0c7a13138ff4575114f76,4c03b9dd4c11ee2cb35c96c49efc9420,2017-06-16 11:10:21,55.50,12.73
03053b1cb20006c7f8160754d56f4f6f,1,3918bb60ff48662029ca9f1e1f7b9842,d57e18d5f73c7ccb7f7339b61166898d,2018-02-23 13:30:46,37.90,16.11
0311da9b3ac095a57a2662813e179bcb,1,0030e635639c898b323826589761cf23,acadd4d36859671cb635527c6c977533,2018-02-26 21:47:16,153.00,21.56
031494323fa558eee8dd1bd06fc34713,1,7ce94ab189134e2d3c05f496d635419c,8b321bb669392f5163d04c59e235e066,2017-11-30 15:55:02,13.65,15.10
03167be79e12e9d70dc67d864eea2300,1,2b4609f8948be18874494203496bc318,cc419e0650a3c5ba77189a1882b7556a,2017-12-15 21:50:37,89.99,9.44
031e976ccc4a1678f5485552ed1ae778,1,49b624365d1b55a1747aedf255a15e62,3db66a856d18a9cba7c9241fc5221c50,2018-08-10 17:25:05,179.90,39.77
032b42b17fe9daa676ba9447f3dbbd0a,1,0127db1f4effcf8f5b88d80588bc5624,ececbfcff9804a2d6b40f589df8eef2b,2018-08-08 22:44:39,49.00,13.00
033a79557b0d234035b38da3be948574,1,8fd009f43c970fdd7db487475a59cc7a,5fd924b4836098a5be0ecf81ba054ce0,2017-02-10 14:56:20,35.00,24.35
03484f6953887cd37a7974b52f3107f4,1,054515fd15bc1a2029f10de97ffa9120,e9779976487b77c6d4ac45f75ec7afe9,2018-03-12 04:08:33,35.00,8.27
03489476aad23c09fa16e1c46ad38044,1,3b09eb8e2d6bb856f77327ebf539e959,53e4c6e0f4312d4d2107a8c9cddf45cd,2017-08-31 15:04:09,109.00,18.01
03672cdb5f2c133e401946a14a7dff3b,1,3f14d740544f37ece8a9e7bc8349797e,6973a06f484aacf400ece213dbf3d946,2018-04-11 10:35:20,84.89,7.94
036d29511908c7b10872e1e72fd0681b,1,eb0db7338f21fb5467875d41aaebe7b3,11eac105f3f90a9b87b19c89d91e24f3,2017-06-06 21:30:14,138.00,21.46
037f4f91c8f5cd2a6ddd52a63d97fdcc,1,46b769809b6fb1728843192da1732171,d566c37fa119d5e66c4e9052e83ee4ea,2018-07-22 21:15:21,36.90,12.92
037f4f91c8f5cd2a6ddd52a63d97fdcc,2,46b769809b6fb1728843192da1732171,d566c37fa119d5e66c4e9052e83ee4ea,2018-07-22 21:15:21,36.90,12.92
0380d4bc2621c9c80b674b729d4c6c02,1,4c4a28727e951ccf6f37590a7028e182,bba3293d6f5d5af2f415e004e8b93ae3,2018-02-21 11:35:27,70.00,7.78
0396488303af9f0a78feb9ffa7e48949,1,7bd043584ab4b147b9b19d9e97b299a9,79ebd9a61bac3eaf882805ed4ecfa12a,2018-07-30 04:55:24,129.90,47.21
039681a3b797611f717a3232e87f60ef,1,0d95dd6703959afe6f64c7ebd49bd9e9,6cd68b3ed6d59aaa9fece558ad360c0a,2017-12-07 09:30:57,66.50,18.71
03b936f126145f2bb36600400aedb13a,1,5aad359a63cbb4fc35ead44346a3eeb4,d20b021d3efdf267a402c402a48ea64b,2018-02-22 09:46:25,10.99,15.10
03ba8f07686d0661b011f3701eab3edd,1,b8e35c1ace7b632cf4b643d6d30e4e08,1554a68530182680ad5c8b042c3ab563,2017-06-12 22:15:13,39.99,19.59
03ba8f07686d0661b011f3701eab3edd,2,b8e35c1ace7b632cf4b643d6d30e4e08,1554a68530182680ad5c8b042c3ab563,2017-06-12 22:15:13,39.99,19.59
03c1d25d82f404ea1fdfae8eb0b4c314,1,d5ad2be418dec48e9d0c4745e431c384,3bb548e3cb7f70f28e3f11ee9dce0e59,2018-01-26 14:16:17,99.90,17.14
03f4f8149c605fb477250ac94f70c0cc,1,53759a2ecddad2bb87a079a1f1519f73,1f50f920176fa81dab994f9023523100,2017-11-30 20:31:34,49.00,17.67
03fe9fc6d464322a67f3a221777a82d3,1,c2613aec0520c43e665ff0d037adbfa7,2138ccb85b11a4ec1e37afbd1c8eda1f,2017-05-02 20:22:39,34.99,10.96
041d39835d57e12ebcd5d992e2cc7360,1,7b4d5bca6951e2d3f89fa2bdfa6791aa,8b321bb669392f5163d04c59e235e066,2018-05-02 07:51:20,9.00,22.85
044e7b17d9488e54fc8417df5289f503,1,4fe644d766c7566dbc46fb851363cb3b,c31eff8334d6b3047ed34bebd4d62c36,2018-04-26 07:15:22,79.99,23.14
04778abaab7b4bdfb0abb1110f1eba52,1,33f17ed3c6906f7a7ae17a0843536db4,ea8482cd71df3c1969d7b9473ff13abc,2018-05-14 04:54:56,27.99,15.23
049ac54eda25ad838a76c65dcfd27c9a,1,b11802a8f8d0f813ec6d3fa8967aab21,9d681c7e12db302cb261e721040dde65,2018-08-02 16:15:15,139.90,33.12
04a59fe46fc5aa341da5378c195ed53c,1,2a15783d3cb601f8d9a6a86806b037b3,855668e0971d4dfd7bef1b6a4133b41b,2017-12-04 09:31:11,60.00,15.18
04ab36803e2945bace40db80eaa54bc4,1,d1859a58e608b68f4066e0c77e526ef1,1900267e848ceeba8fa32d80c1a5f5a8,2017-10-17 19:07:56,38.99,16.11
04ab36803e2945bace40db80eaa54bc4,2,d1859a58e608b68f4066e0c77e526ef1,1900267e848ceeba8fa32d80c1a5f5a8,2017-10-17 19:07:56,38.99,16.11
04ab36803e2945bace40db80eaa54bc4,3,d1859a58e608b68f4066e0c77e526ef1,1900267e848ceeba8fa32d80c1a5f5a8,2017-10-17 19:07:56,38.99,16.11
04ab36803e2945bace40db80eaa54bc4,4,d1859a58e608b68f4066e0c77e526ef1,1900267e848ceeba8fa32d80c1a5f5a8,2017-10-17 19:07:56,38.99,16.11
050c32bac1e923fa3406fdedf75feb89,1,2a5806f10d0f00e5ad032dd2e3c8806e,7c67e1448b00f6e969d365cea6b010ab,2018-03-19 13:15:44,169.99,45.65
051fcda88d997d3ff86012da2a556342,1,d017a2151d543a9885604dc62a3d9dcc,6560211a19b47992c3666cc44a7e94c0,2018-08-28 14:55:23,49.00,7.60
0542a77eb7f00f9ed2f08c1dba22a43c,1,63de2743d05ab59d85caa49e49459ac1,cbd996ad3c1b7dc71fd0e5f5df9087e2,2017-05-19 02:55:22,15.75,11.85
05457977f35122e71095989d738e4a37,1,ca0019454bd5ddca0f4022fe89f6557a,2528513dd95219a6013d4d05176e391a,2018-06-06 03:30:54,219.00,24.07
056bfadd41b8600ad5ecfef2ac132188,1,2bb67f2cd3ff60400e0bad33aee72d2a,daeb5653dd96c1b11860f72209795012,2017-11-30 11:15:31,19.90,15.11
0573bd213dab1f238af912e296c83944,1,fb55982be901439613a95940feefd9ee,3d871de0142ce09b7081e2b9d1733cb1,2017-06-22 08:55:17,79.00,17.80
0583f502e04564cfe79eb0e4f5939729,1,e0d64dcfaa3b6db5c54ca298ae101d05,4869f7a5dfa277a7dca6462dcf3b52b2,2018-02-15 13:08:46,199.00,21.88
059f8a8f4a2c52a1969278f9f484fca6,1,bfb09aea4e6432b4b0588f9ce9062a9b,6a8b085f816a1f75f92dbac6eb545f8f,2018-02-19 21:47:36,58.50,11.91
05c12734a5d14a9b9528b3eb84f30e50,1,ca152649b43c4c6081853d9421c59869,85d9eb9ddc5d00ca9336a2219c97bb13,2017-05-19 18:02:40,38.90,15.79
0633c2f778161bd80bf27cb619d6437c,1,a703f5ade6e4fae527357132230ea778,f4aba7c0bca51484c30ab7bdc34bcdd1,2017-02-12 12:31:33,23.90,24.35
064330ca980cc4023706283a3c4b89a4,1,3eebb0207da828bf5376257ceca70959,6560211a19b47992c3666cc44a7e94c0,2018-08-01 12:30:54,58.00,7.67
0652543c9f8586d33500c3d0e4ddc6a6,1,5fda5f5969ed8a446022953a89e1c81a,1b8356dabde1d35e17cef975c3f82730,2017-05-18 13:05:52,52.99,9.34
0678d595b99f7162722e241ea36f7512,1,a996589ecdf800089835934a0360ccc3,128639473a139ac0f3e5f5ade55873a5,2018-02-28 19:08:33,17.90,16.79
067f4abd68a2b1e0b8b158945a91680b,1,09e68b02ea2a0a677c692faac3735c9d,a3a38f4affed601eb87a97788c949667,2018-02-01 02:44:16,69.90,44.34
0681ba84087325819dc1f41d4f79701d,1,7ce94ab189134e2d3c05f496d635419c,8b321bb669392f5163d04c59e235e066,2018-03-30 12:47:39,13.65,18.23
0683ead91c16a3b8964141bd93ec4edd,1,31edc407aaeb20e9126f4f8553bdfd39,41b39e28db005d9731d9d485a83b4c38,2018-04-06 09:48:29,74.90,12.43
0690b2d9b983cf580f407531575622c5,1,a855248349fb73a158bae22b79ae955f,1336efc61c316ddf92c899eb817f7cae,2018-05-16 09:10:50,44.00,19.32
0690b2d9b983cf580f407531575622c5,2,a855248349fb73a158bae22b79ae955f,1336efc61c316ddf92c899eb817f7cae,2018-05-16 09:10:50,44.00,19.32
06a31d324c43e3350e4a83fb663c151a,1,944a8fa6055b8213f9e715720d4e2d5c,da8622b14eb17ae2831f4ac5b9dab84a,2018-07-10 02:51:21,124.90,27.82
06b0e5a0e09e97a92ab2614c36c4bea6,1,bf4ff42133c7bced3bda24a521a5e12f,b6d44737c043328708f6749c2dbe50bd,2018-05-09 14:55:03,125.00,21.95
06c1184eaca6e3877347f38cfe926100,1,6a1c65dbbecc1ece8c22856122a774ac,1025f0e2d44d7041d6cf58b6550e0bfa,2017-12-04 20:30:38,250.00,28.19
06c9818464bb97d2f13568dd66e904a9,1,b8faf829f47ba1f35f169da4acbdb88d,2528744c5ef5d955adc318720a94d2e7,2018-02-22 12:30:24,549.00,21.56
06d7e8cde0488b6d0b67852d2295368e,1,de1eee6c50298db6028af08bd88a702a,994f04b3718c2bab35c2adfa8afecd2a,2017-12-06 20:31:34,49.90,9.34
06d7e8cde0488b6d0b67852d2295368e,2,de1eee6c50298db6028af08bd88a702a,994f04b3718c2bab35c2adfa8afecd2a,2017-12-06 20:31:34,49.90,9.34
06e4e324b83309e575442446e34377d7,1,1c36a5285f7f3b1ed2637d7c528ce5ff,d1b65fc7debc3361ea86b5f14c68d2e2,2017-06-30 02:25:24,99.90,22.70
06eda05597492635e3b91e00aa434332,1,557281eded333607ebffd2e626f96101,7299e27ed73d2ad986de7f7c77d919fa,2017-05-30 03:05:27,199.99,16.15
07172761566bda50929a3b449eae02ee,1,ed2067a9c1f79553088a3c67b99a9f97,cbd996ad3c1b7dc71fd0e5f5df9087e2,2018-03-22 17:32:35,56.97,12.80
071be1c98f3a6f467d8e472d94350db8,1,32442bee23baee10041f5a964cfcbd15,b1a81260566c1bac3114a6d124413f27,2018-08-10 03:10:22,199.90,50.36
071be1c98f3a6f467d8e472d94350db8,2,6c3f9c870ff6e96ad4f4511602078fb0,dbc22125167c298ef99da25668e1011f,2018-08-10 03:10:22,158.26,24.18
072577283d9ec2718f05c37d141d65de,1,73a79a46f21913c65ebb8071f480ee11,5160d23075764e18e07c1f4a87fad743,2017-09-28 09:10:23,75.00,7.78
072d14a6096a0b4e29e3e2d6f11f58fa,1,8301e489165ea0f91dd987fafebbe58c,537eb890efff034a88679788b647c564,2018-04-10 22:10:23,29.90,7.55
073049331da5458f61598e5d221f4928,1,3b10cf7d1e08c598428ad6eb7c59d09c,8a432f4e5b471f8da497d7dc517666e2,2018-05-17 11:14:33,89.00,19.59
074054ad3d2e5ee3fc6f098d06f321f9,1,da6f9d8ce4950ad572b7b4fe7d7e6c90,8b28d096634035667e8263d57ba3368c,2018-01-29 23:34:10,97.90,12.19
076a94fba0a6b3a82345423e9f1bd3dc,1,562502b79845deae9bcd86384921a2c5,710e3548e02bc1d2831dfc4f1b5b14d4,2018-02-20 16:35:37,79.90,17.81
07d08b17b3bcb01de09f8306ee0c32ca,1,7c1bd920dbdf22470b68bde975dd3ccf,cc419e0650a3c5ba77189a1882b7556a,2018-03-27 03:10:37,58.99,16.73
07e481567db300783aa22d7cd202f1b8,1,802d4aa654f6b24ca4d5bd2c61c0b079,6288c69c4ce638e59925e59193f98b16,2017-05-31 11:15:20,415.99,11.11
07fcf4ec8cadbea34c5b508e35e716c0,1,4fcb3d9a5f4871e8362dfedbdb02b064,8581055ce74af1daba164fdbd55a40de,2018-04-24 08:51:30,143.80,19.93
07ff1545b26c5800dc2d25ab88055082,1,eb1549e153933dfee0b9589cb1ae1b64,2a6fbeaa7ab9e5d59a35841a8da71ce4,2018-03-12 03:49:43,70.00,20.60
0812eb902a67711a1cb742b3cdaa65ae,1,489ae2aa008f021502940f251d4cce7f,e3b4998c7a498169dc7bce44e6bb6277,2017-02-16 20:37:36,6735.00,194.31
08158c9f50214fc5872aba47814160e7,1,c3f8ee7e05c01c61ab863e336b0f2e5e,6039e27294dc75811c0d8a39069f52c0,2017-03-21 14:37:37,219.90,89.87
0838c36e9894cf5d929f58210d5b5bb0,1,c5d8b84a90f73bd09c30e71e76caaa11,6039e27294dc75811c0d8a39069f52c0,2017-06-20 06:35:12,79.90,25.01
084ba8afde2ae7dcc7610239f97b7d43,1,ed6aa9dd6a70f0af477c150b0f5f47f2,06e5eefc71ec47ae763c5c6f8db7064f,2018-03-16 15:10:30,435.19,20.93
08504a0dce0a3cd13b3f7971d29fb991,1,9c7ce59c96e74dfdfc51f13a4a6c3869,6560211a19b47992c3666cc44a7e94c0,2017-11-09 15:35:35,29.00,7.78
085b1f163267ab9db88bb6b4145e0df7,1,aced2206d8778eefdbef4de3c38ae916,46dc3b2cc0980fb8ec44634e21d2718e,2018-01-25 08:32:31,249.99,16.50
08796d7a1fa345c5bce8f3f53435e21c,1,d04857e7b4b708ee8b8b9921163edba3,9f505651f4a6abe901a56cdc21508025,2018-08-21 03:10:10,79.99,8.72
088858a852d62de0c175c9cc4bc0ddb6,1,bfc275f6de912665e4dcd8da32f43c10,71271995e85f5b8530be99ed54a91b89,2018-05-17 13:52:16,97.00,14.76
0891b66cbcc48cf64f31ae9cae3d08d8,1,cf78006a2a6b0429b9663edd99bb38f9,710e3548e02bc1d2831dfc4f1b5b14d4,2016-10-14 03:55:40,299.99,17.91
08cf63d17d15433573bf10ae778045ab,1,1e1a186a03f0d98268516827690d4fd2,a420f60ff1aa9acc80d0e42959f2b313,2018-02-16 10:14:36,65.00,15.20
08d19d4c103470970b2f830e48e2d3a2,1,557d306a56fe0848efbea81dafc78006,c35affa65afd250151285c5917fc1c8a,2017-12-13 15:30:57,499.99,58.78
08ea0cc26c8036f1c6c510e72f468000,1,89321f94e35fc6d7903d36f74e351d40,16090f2ca825584b5a147ab24aa30c86,2018-05-04 03:30:29,27.90,7.39
0927272c1caea73a32570e9de18c2bb7,1,16679d68bdbed3fb97af806424d7f2b7,9b013e03b2ab786505a1d3b5c0756754,2018-06-05 13:54:44,29.00,7.87
0927272c1caea73a32570e9de18c2bb7,2,16679d68bdbed3fb97af806424d7f2b7,9b013e03b2ab786505a1d3b5c0756754,2018-06-05 13:54:44,29.00,7.87
093cbde1b401404fd6dffc827e4b86e8,1,22c5ddc22ea8cae84fc9917def682dc6,cc419e0650a3c5ba77189a1882b7556a,2017-10-23 22:14:26,56.99,8.72
0953ccb40a8fb30d5fd5ce0c06bbf4ad,1,617186c3d97ea56c9c683a8a3974e8c1,cc419e0650a3c5ba77189a1882b7556a,2017-12-01 20:00:39,84.99,15.35
0997090fe6882d45c6a71660aaffaba2,1,389d119b48cf3043d311335e499d9c6b,1f50f920176fa81dab994f9023523100,2018-03-01 23:08:02,53.90,17.63
09c103240d66c0e0d945071a9518d6ee,1,f75eb66dc82bccecabd706bd441cfd3a,6cd68b3ed6d59aaa9fece558ad360c0a,2017-02-07 22:33:38,109.90,14.94
09ce422617b0ec4c246ceb2922ea1ea1,1,1264d5ede085c34d455f62cceca87791,d379f449f2a3b271bc01c0782020f705,2018-08-24 11:04:30,43.50,23.11
09d3f9f1be63c067456cc619076685a1,1,2d2fbde9939c282238dc0847b04c5018,ce27a3cc3c8cc1ea79d11e561e9bebb6,2017-08-29 16:20:13,52.00,11.86
09dd119f5cafd6888b0e67ebcff86a45,1,1c8864370650c542bc1e409e4e42dc36,e1b12447a7563944843191754aeb5562,2017-11-30 21:54:12,36.99,14.10
09f86b7099faeb6a9d85623c5dba9665,1,8f9eb414b31a9433e8c89178813a2072,1336efc61c316ddf92c899eb817f7cae,2017-02-12 22:12:14,44.00,16.05
0a191803956e2748ef8dc1ed7ed5e991,1,d339b523c298009f15d242a3a99392c7,3d8fa2f5b647373c8620330c4e077a9f,2018-06-21 19:31:34,69.99,9.24
0a2ea907b178650afcfcab07e55b70f6,1,368c6c730842d78016ad823897a372db,1f50f920176fa81dab994f9023523100,2018-04-18 07:30:11,53.90,21.35
0a31fa5371c2046d273b9fb84e3b2988,1,eebcc3eb19bc7e1f39fbc982e864f919,78c99c6dff4eeae5be99bf635ed21e3f,2017-04-20 12:30:52,50.00,2.73
0a31fa5371c2046d273b9fb84e3b2988,2,a2fddd6229ab528218029f919af4c1ed,78c99c6dff4eeae5be99bf635ed21e3f,2017-04-20 12:30:52,17.90,27.35
0a42de5dfb223e924d95bccacc00fc78,1,4a8c87facc0a20b726d5e1112ff3069f,bf3c6d2a28b2b5501e6c15448982dcc9,2017-07-19 18:24:19,119.90,25.39
0a45b0373a9b1178357bb9d93243ed18,1,cce679660c66e6fbd5c8091dfd29e9cd,d2374cbcbb3ca4ab1086534108cc3ab7,2017-11-30 03:07:27,17.90,11.85
0a46b68a258a6a2a44012e312063afa9,1,a30ea5a9dbd95db5a674c4beadb4fb0d,95e03ca3d4146e4011985981aeb959b9,2018-02-14 02:54:33,25.00,15.10
0a53c1150d1019fb4e5e6224e887011f,1,af8533a77adce26dca87480c4c5c9af4,f5a590cf36251cf1162ea35bef76fe84,2018-04-25 21:50:50,699.00,13.25
0a814fddd9db7c515225361a87b607bb,1,cdc4af478fef19f03f1d0353c00271cd,3d871de0142ce09b7081e2b9d1733cb1,2018-04-18 22:31:42,29.90,19.32
0a8c95289dc386957c00a84dcc054d5e,1,a50acd33ba7a8da8e9db65094fa990a4,8581055ce74af1daba164fdbd55a40de,2018-01-22 08:09:50,117.30,17.53
0ace5fbf6db2942061542a808558b9f7,1,a4fa3b8fa5953b0bd18bf4e0b4de499d,da8622b14eb17ae2831f4ac5b9dab84a,2017-07-05 14:25:11,99.90,17.95
0aeb3ec8a78414261730773ddc9d2f7a,1,368c6c730842d78016ad823897a372db,1f50f920176fa81dab994f9023523100,2018-04-19 10:50:15,53.90,13.46
0b2942062fff77e603cf4837c421e9a5,1,7743cda964f0400e51c2a904c3f1af36,710e3548e02bc1d2831dfc4f1b5b14d4,2017-02-11 11:34:57,109.99,89.10
0b30e59b6e985ef789c83d08753d59aa,1,811f973313e8219988a69cc140c447f0,dd2bdf855a9172734fbc3744021ae9b9,2017-10-05 18:49:17,99.90,14.43
0b50495c5cfeda8c9d7abfe80aea74e4,1,4c1e109ecdf58453de365d217cefa64c,4e922959ae960d389249c378d1c939f5,2018-01-26 18:11:46,139.00,18.22
0b50f9db645dbb8c98ebe37fab6ecb3e,1,5b99f79ba0d929b0f3270ab0f0f5911f,b0b346d3a89f5eb4c2968af3f083cd43,2018-01-11 14:13:05,40.00,18.59
0b573ab05f5976a357a60e0d981b4327,1,2c0c951471371afa81e47d7bf8d20522,850913d59ce317156b00f3705f1c3edb,2018-03-29 02:15:51,42.00,7.87
0b8b249ad3dde632e5f162167e0b9f07,1,814db92f0cda8c71fa27f4b022cea56f,827f8f69dfa529c561901c4f2e0f332f,2017-08-04 18:50:15,25.90,15.79
0b937678b38558c4fec110aed9d5f8ac,1,564f6caa975212d645b004093145e621,218d46b86c1881d022bce9c68a7d4b15,2017-11-28 03:56:30,120.00,13.86
0b9bb234d95f41600497d59b42087c39,1,5b75bff143600c85dd1fe69b7055982b,8090490573c6c0aa343a7231ebcb8c86,2018-08-17 03:15:35,199.08,20.30
0bb9b595a2eb418ccff2dc89ff7cc58f,1,5a848e4ab52fd5445cdc07aab1c40e48,c826c40d7b19f62a09e2d7c5e7295ee2,2018-03-08 11:08:49,122.99,9.06
0bcde0684eba5746bbb90d6d9089570a,1,32aeecc02aa5adcb7f75155a80a47836,df56d7b40d437f88407c5f78b63bc328,2017-11-08 21:10:23,138.50,16.73
0bec9641279215e466966512f6b444cb,1,63f7a4366da7b3a3cb5bd2336ca15f7e,53243585a1d6dc2643021fd1853d8905,2017-10-13 17:49:24,329.22,36.10
0bff3ac704b2ab4cdb69873f3f551ce1,1,72f50924c42f32d9a236b7602686a49f,da8622b14eb17ae2831f4ac5b9dab84a,2018-04-13 18:10:25,254.90,35.32
0c021596b865eb54c02ad64bf7d55aea,1,2b0ee2d07306f7c9ac55a43166e9bb4b,1900267e848ceeba8fa32d80c1a5f5a8,2017-10-11 03:07:14,59.99,12.76
0c2cbbfae44e4f2bd7c747a2c2b05bbe,1,1613b819ab5dae53aead2dbb4ebdb378,16090f2ca825584b5a147ab24aa30c86,2018-07-26 19:04:23,29.90,7.47
0c46fe7e5915cf8413d797e298c50dba,1,ac8e7cf3a658f63dc68dd7f3b8b5f97b,218d46b86c1881d022bce9c68a7d4b15,2017-11-09 04:35:32,107.00,25.59
0c56c2d802da452669d191dfd438ac4c,1,9b8bc17a236d09185c2101d0a02f8487,96804ea39d96eb908e7c3afdb671bb9e,2017-08-22 20:15:15,79.95,17.81
0c5c8063a673f3c44b6499053e534ccb,1,5a848e4ab52fd5445cdc07aab1c40e48,c826c40d7b19f62a09e2d7c5e7295ee2,2018-01-12 20:12:30,122.99,15.61
0c61d8257611b6d6465f9c8ec5674b0a,1,2a74acb77e71d1cb27a9dd28cf95e561,3d871de0142ce09b7081e2b9d1733cb1,2018-01-15 16:10:11,99.00,38.24
0c73b283fdefcef04be55400a4f6ccd1,1,3de4498dcdded5abe7349bd43c401c1f,6560211a19b47992c3666cc44a7e94c0,2018-08-09 04:15:23,45.00,17.25
0c79ffcb0fed5ff297c2a68be02f4f8c,1,ef4f75a1e1266944f1733179e963d4be,213b25e6f54661939f11710a6fddb871,2018-07-31 08:45:11,79.90,18.66
0c94cc21548a77ceded09a70fdecc700,1,473795a355d29305c3ea6b156833adf5,620c87c171fb2a6dd6e8bb4dec959fc6,2017-04-10 06:05:31,59.90,17.85
0c956783114b7ac9633e16c494c191ce,1,c2ece64199af7a53793ed9612a89a8cd,6c7d50c24b3ccd2fd83b44d8bb34e073,2018-01-18 20:14:25,88.34,52.98
0c9c4433b5b33bcc077a814c9dd7dc3b,1,2c190df9aeb8a3b7cfb2e07277fcdbd6,a416b6a846a11724393025641d4edd5e,2018-05-16 18:35:15,124.00,18.45
0cabda713646db439e030172e3feea6d,1,96537ba8cc2b7b2d74ef574b5e78d458,0c8380b62e38e8a1e6adbeba7eb9688c,2017-03-09 13:30:20,144.50,30.05
0cabda713646db439e030172e3feea6d,2,96537ba8cc2b7b2d74ef574b5e78d458,0c8380b62e38e8a1e6adbeba7eb9688c,2017-03-09 13:30:20,144.50,30.05
0cee95c34f2cd6a8e38d9b170b9a468e,1,6463e442310f2f4f321c83a32d8c662b,c70c1b0d8ca86052f45a432a38b73958,2018-04-25 20:55:24,110.32,7.64
0d24d62857c1f2d00801a3512dce5d1f,1,054515fd15bc1a2029f10de97ffa9120,e9779976487b77c6d4ac45f75ec7afe9,2018-07-26 04:55:24,43.00,18.40
0d24d62857c1f2d00801a3512dce5d1f,2,054515fd15bc1a2029f10de97ffa9120,e9779976487b77c6d4ac45f75ec7afe9,2018-07-26 04:55:24,43.00,18.40
0d3528428e45b7c383b746222c715332,1,6cbbcefd974f08f72023c05064d96f27,5d9dc90a686a8fddacffab6bab5653a3,2018-01-09 04:37:40,68.99,14.23
0d5a676d302e3fd20182bd158cde4371,1,b31bf123505c6df8ab973f7c40caf4e8,a17f621c590ea0fab3d5d883e1630ec6,2017-12-07 04:39:22,47.33,12.48
0d5d3777270af3ab88e1ad0e74c57e52,1,3e12358032a6a599d25d9fd630cec2e1,c679fb69a36e1d8349e8c50a217b4d58,2018-08-14 13:15:22,126.98,31.76
0d66368d8615f7b306db970f3ba475ee,1,c20fbbd4ccf2f7da70e150689a6a905f,620c87c171fb2a6dd6e8bb4dec959fc6,2017-09-14 10:30:28,309.90,9.91
0d758f79408829d623e331723ac19569,1,c033f1d184d2a7206c602c1bbfa670ee,52f0fe436a347ddad7ed5f9aa4e27eaa,2018-05-14 23:30:34,8.99,7.39
0d8e4bdd8a9f84b606ea672b4e722f8f,1,0e173417855ce91518a2e79d760f93a9,fec6275253471ace26d209bbaa64cd0f,2018-03-29 12:56:14,284.00,44.05
0d902dd22c7c40a55b0edbd70ab87fc3,1,cf1709a941039d6e24f0dde0978570de,ba90964cff9b9e0e6f32b23b82465f7b,2018-05-10 10:51:59,159.00,21.16
0dba8cb0559eb37cc0217a28496b5f07,1,24270aa37ba68dcc6be98dfde14da3be,3f3486b61f45078d4f31ee5e43d8c5bb,2018-01-16 09:51:24,54.90,17.95
0dcfff35f1d2e0fb46301c92143663f9,1,c077c1ab5ccc8f57fd2fb6fd2f0b03cf,cc63f0dd2acba93ffed4fe9f8e0321fa,2018-08-15 16:04:46,69.95,14.80
0de9e77cb8416394c1d74300fd08213f,1,076e36bd0e2aebb35184d08c8e0f032b,e333046ce6517bd8bb510291d44f0130,2017-08-17 13:43:43,33.00,17.60
1bf6db71e147c950fe9925e0be89ec4b,1,11875b30b49585209e608f40e8082e65,669ae81880e08f269a64487cfb287169,2017-01-31 15:37:27,65.00,17.88
1c03b97f7acb4f04662663e0d1b58e17,1,a09fb9f597a4b8a13ab0c72d70c77081,6560211a19b47992c3666cc44a7e94c0,2017-06-12 12:42:34,78.00,16.99
1c0e2a041cbb546001e7259526d26e67,1,34dcc2f0a890f961ee6252a1cd6ae3f2,729f06993dac8e860d4f02d7088ca48a,2017-04-28 12:30:22,399.90,84.65
1c0eb7262ceb60db69b3825f1fb1deb8,1,3c4fa3a3881df35a8f19bec369491d50,bccf933e006e9b94a6184af782963e77,2018-01-12 14:28:02,54.39,12.72
1c4b050b03674a68df8780c156a1e117,1,e8452a21116fc579999d65cb5279797a,54965bbe3e4f07ae045b90b0b8541f52,2018-07-09 16:55:26,49.90,23.50
1c7a2b989035d96cd218d9b9f352c098,1,812f428f6757ab16c46cffc68f2e90c5,eed78ac17f7f795a19a709745f00cd4e,2018-07-24 14:22:16,59.80,19.61
1c7a2b989035d96cd218d9b9f352c098,2,812f428f6757ab16c46cffc68f2e90c5,eed78ac17f7f795a19a709745f00cd4e,2018-07-24 14:22:16,59.80,19.61
1c7a2b989035d96cd218d9b9f352c098,3,812f428f6757ab16c46cffc68f2e90c5,eed78ac17f7f795a19a709745f00cd4e,2018-07-24 14:22:16,59.80,19.61
1cb0438d7946ea7aa92ad2ef1904822e,1,31c79131e883e5fd8c4c85fe9f7d2bb2,ea8482cd71df3c1969d7b9473ff13abc,2018-02-23 00:10:29,24.99,11.85
1cb796218c383fc54a6a4541420201d8,1,a25a9e3433043fb8a0808f310d8d8203,1b8b75e227c9a9c100d0c210fb6176ce,2017-01-28 16:38:09,129.99,9.28
1cb9cb32b2b54f1580e375ba45d744c4,1,a8d952e8e5436a6fe36d24c402d100de,ea8482cd71df3c1969d7b9473ff13abc,2018-01-02 18:32:22,21.99,7.78
1cc13cb7d2099f1e6d86b81bb6d15446,1,8c292ca193d326152e335d77176746f0,7e1fb0a3ebfb01ffb3a7dae98bf3238d,2018-01-18 10:59:20,150.00,12.55
1cd6dbd1ca9fa0233fdae069c422f48f,1,461f43be3bdf8844e65b62d9ac2c7a5a,4869f7a5dfa277a7dca6462dcf3b52b2,2017-09-26 14:10:22,164.90,26.43
1d01166814be7e95f72a3c85357fca45,1,5ec665da4518623a3a2d7731d56bfd68,01c97ebb5cdac52891c0ed1c37ba0012,2018-03-09 09:08:55,119.00,12.33
1d01166814be7e95f72a3c85357fca45,2,5ec665da4518623a3a2d7731d56bfd68,01c97ebb5cdac52891c0ed1c37ba0012,2018-03-09 09:08:55,119.00,12.33
1d090f0194c35ed8b589f82f102bd758,1,629beb8e7317703dcc5f35b5463fd20e,b0f2a6122a90a93eb03e68653dd960e3,2018-05-04 17:15:15,558.90,26.49
1d39bdda52c4e5dfe96ea227fc5420f9,1,76d1a1a9d21ab677a61c3ae34b1b352f,c826c40d7b19f62a09e2d7c5e7295ee2,2018-04-19 12:50:20,159.77,12.61
1d50a1ce4cf6a22155891f66fb4117b0,1,422879e10f46682990de24d770e7f83d,1f50f920176fa81dab994f9023523100,2017-11-30 03:51:45,49.00,17.64
1d52ba7197c7acebbb4f826f6585536f,1,4c35791f944cf1550e8ae288b3f9e258,79ee721b6f766066a80264402548d359,2017-03-04 17:32:55,269.00,17.09
1d69f6b3dd0fc384483cfb2560d8a6a4,1,ba10a94473b332e323abe844988c8237,897060da8b9a21f655304d50fd935913,2017-08-09 03:10:32,20.00,12.69
1d6a2a632c284f1c4fd53baf9e705693,1,7a2f315c0441e5d437270cdfcb089c43,23613d49c3ac2bd302259e55c06c050c,2018-04-05 09:15:08,99.90,155.39
1d95cfa17a6ea1b7908c0d284f9ee2c8,1,e40c39c560a2473e52cebd2ccb0d7969,25e6ffe976bd75618accfe16cefcbd0d,2017-11-30 18:11:48,36.75,15.11
1d99187d9f0f50da550071fbba6d50c2,1,8db97c571a61d830930cf029a34c33ef,f3da5b2ff499efb8d4a6d371d175d7dd,2018-02-01 10:38:21,100.79,11.91
1de9d329321f8409b42988e45098e13e,1,ab507d0f8d9ac91607f9cff20a8c5684,6a51fc556dab5f766ced6fbc860bc613,2018-02-21 08:27:43,377.90,35.92
1deb5e48c7ba534c27d83f4a6afea25f,1,edd087ed331c3ce178ec3489b9ecf117,1bb2bdb95f4841f1bba2c0d2cd83d3c9,2018-01-02 11:58:22,274.95,17.55
1dfbad39bdbdc81e1419b9e1972cff46,1,64b4f32393cbf55be791078e7a2adca0,612170e34b97004b3ba37eae81836b4c,2018-07-27 16:23:56,139.90,19.08
1e0f40bbfe787796d0c56e3795dc94d8,1,3eebb0207da828bf5376257ceca70959,6560211a19b47992c3666cc44a7e94c0,2018-08-08 20:30:10,58.00,7.67
1e2566907e0655a3549bdcb88b0291f1,1,0bdd9a52d192d64770e33ae559512478,6560211a19b47992c3666cc44a7e94c0,2017-09-18 16:10:29,55.00,7.78
1e33dae93b2e09f84f40c00cc0f0a1af,1,6d83b30a8dcfb49e62c0a31eb22521fe,09f952a5f58d2285b0372551ae8f9b01,2018-05-14 04:31:54,257.00,12.42
1e34943faee67957ebdc93ece5a8f906,1,41cd333a4af5e36df81fc0b83ccf8e2d,5dceca129747e92ff8ef7a997dc4f8ca,2018-04-02 21:30:12,388.00,31.03
1e65b448bd96abe8434d64bc0ae4d609,1,8fbd36d3b045f5f38b252b1513478f38,7e3f87d16fb353f408d467e74fbd8014,2017-09-01 18:45:12,32.90,25.63
1e7047105c023a4482c75d1a99880426,1,7deb3aeb864ba8e77c6db5baac8dae5f,8b321bb669392f5163d04c59e235e066,2018-03-12 03:49:29,35.90,14.10
1e906c082a3aa57596a2fa25a7e6cf25,1,e189bc4d676ede235d3380dd1cae2a31,98dac6635aee4995d501a3972e047414,2018-03-15 09:30:34,7.90,8.88
1e906c082a3aa57596a2fa25a7e6cf25,2,e189bc4d676ede235d3380dd1cae2a31,98dac6635aee4995d501a3972e047414,2018-03-15 09:30:34,7.90,8.88
1e99772772632294dae0c56c2b83bb1f,1,6c3effec7c8ddba466d4f03f982c7aa3,37515688008a7a40ac93e3b2e4ab203f,2018-03-15 20:30:29,32.50,12.79
1ecad0e8ea57760ebd5ea7863ec48b06,1,6e1b14d3cbb5fb3a2c00351007127dfd,7a67c85e85bb2ce8582c35f2203ad736,2017-08-04 07:15:12,229.99,17.24
1ecad0e8ea57760ebd5ea7863ec48b06,2,6e1b14d3cbb5fb3a2c00351007127dfd,7a67c85e85bb2ce8582c35f2203ad736,2017-08-04 07:15:12,229.99,17.24
1ecf7a9583c0f92f07515fcd970004f2,1,e840aad8112818661548fda5d12653f2,dc4a0fc896dc34b0d5bfec8438291c80,2018-08-03 13:45:16,75.27,24.62
1ecf7a9583c0f92f07515fcd970004f2,2,b0c89945c034268074f5f80b362bda34,1835b56ce799e6a4dc4eddc053f04066,2018-08-01 13:45:16,29.99,9.85
1ecf7a9583c0f92f07515fcd970004f2,3,ae7fbf136a49b58f2d38fafb2f3205b8,1835b56ce799e6a4dc4eddc053f04066,2018-08-01 13:45:16,29.99,9.85
1f06e0b20a4b5a839950bf1f9f779957,1,af893b2efa430418d774a852e7870601,8a432f4e5b471f8da497d7dc517666e2,2018-08-06 22:05:09,69.00,23.28
1f151cb71f4f48164123b34c0b753ddf,1,b0ee5b44e0d84e8112aba1492bab0a60,478bfe564db21eeb44386606aa30b650,2017-10-19 00:14:21,69.90,16.93
1f153a6d92d413d94c540554a49e47fb,1,ee75970e2871fe4204cf7bcdda61d08a,04fdea0c111866e6cf812f1570d6b5bd,2017-12-21 00:10:57,95.00,38.22
1f1f6cb06f69d4d020c56d12c8943240,1,419cb1b441eda9b92ebd1a1b96090c26,ea8482cd71df3c1969d7b9473ff13abc,2017-12-22 14:11:22,29.99,7.78
1f59870d6111d909e3c3f511d4d6dfe2,1,a7d2c99f1d0e7ddfbce06d48f12b61a2,99a54764c341d5dc80b4a8fac4eba3fb,2018-08-27 11:09:54,19.90,15.44
1f790c9e3bb6e08d226245a5d1d781fa,1,e672fbe634ad07cce9d85f412becb2c0,7a67c85e85bb2ce8582c35f2203ad736,2018-01-18 11:49:24,129.99,18.16
1f8d2442829de7b25f179e4128b7ed8f,1,ee0c1cf2fbeae95205b4aa506f1469f0,cc419e0650a3c5ba77189a1882b7556a,2018-01-16 07:20:07,53.99,11.88
1f93b86e99f08972d9d0fe0757d8c6b3,1,473795a355d29305c3ea6b156833adf5,620c87c171fb2a6dd6e8bb4dec959fc6,2018-03-20 03:31:39,49.90,18.23
1f9acfb03ed5bcc65242f54f6fec83a6,1,f0e1372ab5cfef5ea974b45e419851cb,270297ead4c65a6cd2593960d2af6b21,2017-09-01 20:35:10,329.99,17.07
1f9dfc58c0cc9cd0436629cbcd7fb639,1,d0168e734683113fd73658071715084a,aaed1309374718fdd995ee4c58c9dfcd,2017-05-18 11:30:17,110.90,16.54
1ff2b191106588727c913321d52db56f,1,fe6a9515d655fa7936b8a7c841039f34,dc317f341ab0e22f39acbd9dbf9b4a1f,2018-01-16 12:35:23,249.90,69.21
200e0548bbc2cbdcafa92e6c5ab73fb6,1,ac4a3657d893bc4a404bed0131b265a5,891071be6ba827b591264c90c2ae8a63,2017-08-13 22:23:33,29.99,25.63
202b0e2a72ae812b73b645d02a6b1bc0,1,68bf2e76db1d8e846042e54da87399ca,1a3df491d1c4f1589fc2b934ada68bf2,2017-09-28 21:25:06,85.90,17.85
2047712d309c37ea8b67d413cd8632e1,1,c9c6fde711572c1ad99ca12728c6af00,562fc2f2c2863ab7e79a9e4388a58a14,2018-02-22 01:07:56,29.99,14.10
2049584f67990d0732321de66fb36c55,1,5e205629195bef6194e3ea62cc7778c5,50770d25768b0486d89be26afca3108f,2018-03-12 03:55:30,18.90,15.10
204b7236f949dcd799519c1e74136821,1,98e0de96ebb0711db1fc3d1bad1a902f,f27e33c6d29b5138fa9967bcd445b6d5,2017-11-06 12:27:42,299.90,16.86
2050ad559df86365b2d2a824640af4a1,1,edf219cab1d0e435e3e499287dca9a03,c8660dcf9ba70575f45d80fe28c27713,2017-03-06 19:20:26,45.00,14.52
2050ad559df86365b2d2a824640af4a1,2,edf219cab1d0e435e3e499287dca9a03,c8660dcf9ba70575f45d80fe28c27713,2017-03-06 19:20:26,45.00,14.52
2050ad559df86365b2d2a824640af4a1,3,edf219cab1d0e435e3e499287dca9a03,c8660dcf9ba70575f45d80fe28c27713,2017-03-06 19:20:26,45.00,14.52
2050ad559df86365b2d2a824640af4a1,4,edf219cab1d0e435e3e499287dca9a03,c8660dcf9ba70575f45d80fe28c27713,2017-03-06 19:20:26,45.00,14.52
205d5db88d0a8b3736d1afa2f6a329c5,1,d97cfa719a6198d4a66453e0c6ed596c,e5a3438891c0bfdb9394643f95273d8e,2017-06-05 05:05:12,73.90,15.27
206a3a8906ca90cfd9c9d3b330e518d3,1,c08deb7ccd1916f614546a816fb951f2,1025f0e2d44d7041d6cf58b6550e0bfa,2018-03-20 02:50:51,20.70,14.44
20b2b93a5f0525645b5878cb139f8c5c,1,d4548e7ab697993ec51d864766a8ea4f,4869f7a5dfa277a7dca6462dcf3b52b2,2018-04-27 11:31:35,154.90,18.96
20cc195f7abe525abd0697163e2c8e0d,1,0c761b0e33d708e6a3694a94ac4b82c4,bccf933e006e9b94a6184af782963e77,2018-02-22 15:46:59,149.99,16.68
20ce857482318a94142a0276fc72b4ad,1,dbb4ce89c8ed5fb6fd901e2e51093179,91f848e9f4be368f4318775aac733370,2017-03-22 16:41:46,84.99,18.87
20e7a6f048b842f51258e0b90b76339b,1,36f60d45225e60c7da4558b070ce4b60,6973a06f484aacf400ece213dbf3d946,2018-02-05 23:11:31,89.49,8.37
2109de10cb751b43648fd8c1ebbb1d0f,1,f688535e8e2f269c27dfb305d8e6ffbd,cc63f0dd2acba93ffed4fe9f8e0321fa,2018-05-30 09:53:17,97.00,14.77
2109de10cb751b43648fd8c1ebbb1d0f,2,f688535e8e2f269c27dfb305d8e6ffbd,cc63f0dd2acba93ffed4fe9f8e0321fa,2018-05-30 09:53:17,97.00,14.77
2109de10cb751b43648fd8c1ebbb1d0f,3,f688535e8e2f269c27dfb305d8e6ffbd,cc63f0dd2acba93ffed4fe9f8e0321fa,2018-05-30 09:53:17,97.00,14.77
21357c1f6313b781c9807522f57746cd,1,98030fe87f5a7493a33f427054966596,59fb871bf6f4522a87ba567b42dafecf,2017-02-05 14:51:46,159.99,17.55
2142bac418a228e6086f5294a8fa88db,1,f07dfd51b27ae763526ca43745920b7d,3771c85bac139d2344864ede5d9341e3,2017-06-19 22:02:57,14.90,11.85
214cc0f5b3a0461874dbbc915258bb54,1,2ffdf10e724b958c0f7ea69e97d32f64,4869f7a5dfa277a7dca6462dcf3b52b2,2018-06-20 17:12:31,190.00,13.99
21838957166e38f71ea42879c0a5c3db,1,3ab181ea2f9cc4be74bad27ef8a03492,4a3ca9315b744ce9f8e9374361493884,2017-09-11 21:10:12,259.90,18.53
218bc576cc67d1b76c855f861eb24bcd,1,65dfa5d20f4beb1a0f6aad75c004434f,ceaec5548eefc6e23e6607c5435102e7,2018-04-25 13:10:27,235.00,14.55
219011b6543055a960c7dd94cc5e0770,1,fb20d37a2c78452667f7a347e756727c,e26901d5ab434ce92fd9b5c256820a4e,2017-04-24 12:02:54,34.90,10.96
219011b6543055a960c7dd94cc5e0770,2,fb20d37a2c78452667f7a347e756727c,e26901d5ab434ce92fd9b5c256820a4e,2017-04-24 12:02:54,34.90,10.96
21986ad587b4a2c379e191e22a03deac,1,3f1a741cf5591384428c1cbb0ef07ec0,36a968b544695394e4e9d7572688598f,2017-07-25 14:50:20,14.90,15.10
21af7328b2a40a3ece5491affde104fe,1,40e8b425d1a26e2d9cb77363523e05ce,d93919c944be9cff128f6c9cb899eacb,2018-02-20 21:00:20,79.90,18.45
22085be04a775c3ed4245c35bd9f822f,1,c9c6fde711572c1ad99ca12728c6af00,562fc2f2c2863ab7e79a9e4388a58a14,2018-05-24 17:15:27,29.99,13.67
2261ff9e6868359245db75320f7e768c,1,49d89239eb92d383e390b38b9bb792c6,3d621842b2ed28e2b474132480edac3c,2017-12-07 04:39:03,14.99,7.78
22648d496637318d8713a49b4e628a87,1,054515fd15bc1a2029f10de97ffa9120,e9779976487b77c6d4ac45f75ec7afe9,2018-08-02 16:50:31,43.00,8.04
22648d496637318d8713a49b4e628a87,2,054515fd15bc1a2029f10de97ffa9120,e9779976487b77c6d4ac45f75ec7afe9,2018-08-02 16:50:31,43.00,8.04
22648d496637318d8713a49b4e628a87,3,054515fd15bc1a2029f10de97ffa9120,e9779976487b77c6d4ac45f75ec7afe9,2018-08-02 16:50:31,43.00,8.04
2285e0e0eee1ab7c740986a3ca10031a,1,71f2ce4ae5dfdd3b55a51c7a2d3c4da8,72c5da29406b4234927b81855e7b64f6,2018-05-07 11:30:42,579.99,42.35
2296fa4ebace1edacb9f91509766eb18,1,eb58d9eb4488178a84d9df65e7a42ad4,9baf5cb77970f539089d09a38bcec5c3,2018-08-07 20:10:20,228.99,10.35
22ce839b4cf363dd05a5cde6a91e53de,1,08c816d9a716567bf436173ef6f5f12e,5656537e588803a555b8eb41f07a944b,2018-06-22 16:01:17,19.89,17.07
22deaa695e6bee4bb06af5da6cdcdabe,1,3468c85c5c4de55707fd08e4f5b665dd,725c32fa80c2faacc4fc88450d27314e,2017-10-25 22:49:14,25.99,9.34
234c056c50619f48da64f731c48242b4,1,0bbb557651f08b3c732d9836de4d0bc3,cac4c8e7b1ca6252d8f20b2fc1a2e4af,2018-08-23 03:15:15,59.99,15.72
234cbb8d0d6f7eeb4e98ec3b67e2b228,1,7178ddaf7e590ece0dd74143bfc6fd28,099095b050cfe8eb1ddff5317587e96e,2018-05-02 15:12:08,237.99,37.60
234e664f4418bb97ea8f387244a9538f,1,b00a32a0b42fd65efb58a5822009f629,e26901d5ab434ce92fd9b5c256820a4e,2017-05-26 13:15:12,79.90,7.81
235120dba37dd89b962dea1d7a2cb3bc,1,7094fadc9773845c7d453e51b04289a8,d2374cbcbb3ca4ab1086534108cc3ab7,2018-01-25 15:47:18,81.50,19.81
23668eb221a7b13ecb9e591f262e977b,1,fe1ee1f8bfbb79fe10856189a0c35229,8e6cc767478edae941d9bd9eb778d77a,2017-07-06 10:35:09,29.26,17.60
237bc9f2aa86b56ab439b6a508832d88,1,5e24c1972fa0093e3ea96de1107ac733,c66dccfb3f109511246da627dd5a2498,2018-08-23 16:35:26,199.90,19.50
23941956ac5ebb846fc41ddbf76e7ccc,1,ac0bb4405e9661957160dd5ee9d5585c,dee656f0f566ed1aa85bd137c943f08f,2018-07-20 04:32:03,149.99,23.85
239960d8af96f541e9a7153b57c0f4de,1,a54f350cdb1f303fe39221171d003852,23613d49c3ac2bd302259e55c06c050c,2017-07-06 13:25:14,39.90,15.98
23b757203bd90a6deafcd069bdcb1fde,1,d0825229639d1afa9bd533314e27d7c8,fce62094ffe6a4009188ec44e681dfdd,2017-10-17 04:56:15,299.00,47.84
23b757203bd90a6deafcd069bdcb1fde,2,d0825229639d1afa9bd533314e27d7c8,fce62094ffe6a4009188ec44e681dfdd,2017-10-17 04:56:15,299.00,47.84
23b757203bd90a6deafcd069bdcb1fde,3,d0825229639d1afa9bd533314e27d7c8,fce62094ffe6a4009188ec44e681dfdd,2017-10-17 04:56:15,299.00,47.84
24496db5f9de478a647819c7eb075504,1,34742604f6cd1e891726b849b6890f81,76d5af76d0271110f9af36c92573f765,2017-05-05 14:35:13,859.00,124.39
244e91c4c416908e17829094e3eb7aa6,1,247fa5b4e2f524a22b21ef256ffc23e4,3bdff180c7e1f6551a643b99c265a120,2017-04-04 02:10:54,26.90,15.56
2459807af0cad1161d053ae93c170398,1,036734b5a58d5d4f46b0616ddc047ced,ea8482cd71df3c1969d7b9473ff13abc,2017-11-14 13:50:33,29.99,25.63
246161390a20f964881feeaeea896671,1,58c975d8b74f2c5a520b580f46456cf5,efcd8d2104f1a05d028af7bad20d974b,2018-01-30 14:03:20,50.00,11.85
24759f3ad867f833fc09e69987719d52,1,e6d3e381889aa6e9d222ad50cb30ac43,7e93a43ef30c4f03f38b393420bc753a,2017-02-23 09:32:13,318.33,17.44
247d40d57494c99a2d2112878041d45e,1,57f2de7e1c6028c7d38a50cff155c794,9616352088dcf83a7c06637f4ebf1c80,2017-11-27 04:10:29,39.00,13.37
248907ae8054cb8e93d5aa44857779b4,1,74ae869eb82594d9cbe6e934cf143e0c,ea8482cd71df3c1969d7b9473ff13abc,2017-12-21 05:36:22,29.99,15.10
248b0e94f86d91bf3538c663bb08846c,1,f1d52f5898b4fa4f26ffd82aa0147044,16090f2ca825584b5a147ab24aa30c86,2018-03-08 09:30:32,54.90,16.82
24ceed9729a86f5e36fd61ae94183817,1,1d94d1e0c7fb2dcf2811e093d2ca303b,004c9cd9d87a3c30c522c48c4fc07416,2018-05-10 10:15:17,179.50,133.73
24ee049b7819170224ee7e5eca0494e9,1,b8762d562d810c2f8d7ad7e9c12957be,dbb9b48c841a0e39e21f98e1a6b2ec3e,2017-03-30 13:15:15,24.90,10.96
24fc7677f0087a35a7640dd917bab8e8,1,a0baf68f73515bb20254e024f0cae124,6d66611d7c44cc30ce351abc49a68421,2018-05-07 17:30:48,177.90,28.11
2567b61de29297da09bb8da381d2b37e,1,42eb5329dd0ee3d76d135ce04c84451b,282f23a9769b2690c5dda22e316f9941,2017-09-05 15:15:29,26.70,15.11
2571a6c25fdc11a26075a9258d73618e,1,5567c10de36ebd118569fc875d064e1b,d20b021d3efdf267a402c402a48ea64b,2017-08-25 15:27:05,29.90,22.32
2571a6c25fdc11a26075a9258d73618e,2,542b3d80712d51eefe3a3cd1c5f4e8fe,537eb890efff034a88679788b647c564,2017-08-25 15:27:05,39.90,4.47
2582e280d624a46c545db9c09f6cd424,1,550dc4417c636abc04c71404342de695,e9bc59e7b60fc3063eb2290deda4cced,2017-11-01 03:09:43,149.00,44.89
2582e280d624a46c545db9c09f6cd424,2,550dc4417c636abc04c71404342de695,e9bc59e7b60fc3063eb2290deda4cced,2017-11-01 03:09:43,149.00,44.89
25ab32ec1b293e1889e29cce8820832f,1,7868a64aa111bbb4f41f8e1146c0becb,cca3071e3e9bb7d12640c9fbe2301306,2017-06-15 22:22:20,59.90,13.44
25af0443015b8d200489039a00361f2e,1,1dceebcc5f23c02ea23e16d5bedca000,4e922959ae960d389249c378d1c939f5,2017-08-31 17:06:36,45.00,9.94
25be1d2d060ffdd6d8f10daceda67087,1,f8b624d4e475bb8d1bddf1b65c6a64f6,b410bdd36d5db7a65dcd42b7ead933b8,2018-02-13 19:50:54,179.00,8.84
25ce89b82d611789988bd8dd3722c6af,1,4c9073fdec69bd1812b35ff1a3472aa8,4c18691b6037662be2df78a765d98ab5,2018-08-01 02:10:27,59.99,14.73
25e4af6ebff2dfb6213c8cc7e36ecbed,1,c1bc9defa33e2379fa66e43dd1875480,e83e93b71371817b11d78a63ff156aee,2017-02-11 20:31:37,99.00,37.09
25e4af6ebff2dfb6213c8cc7e36ecbed,2,c1bc9defa33e2379fa66e43dd1875480,e83e93b71371817b11d78a63ff156aee,2017-02-11 20:31:37,99.00,37.09
25ef8d6057a60c24d6ccd6fe6c5a8633,1,279c4f688c1562c5f221f139179389c9,90b57083da5d803237da74daec6dcb2b,2018-04-20 17:31:10,17.90,18.23
26526add9da95bea7b977eff1d40d11b,1,e282624d8c82e04983f125e167eb4521,2138ccb85b11a4ec1e37afbd1c8eda1f,2017-05-17 23:22:23,18.99,15.10
266a1f6959fbb6cd5b50201b10a0d46f,1,e4ca5b20cfe1a020e15e36fe14e880ee,128639473a139ac0f3e5f5ade55873a5,2018-04-19 11:50:27,19.90,13.47
268611f7d2f0106b616e88e532e05a2b,1,4f094d03e0acd9b1259fc846321e85b7,715bbd5ba4e6b74cb0d2f29eb45058b0,2017-11-30 07:50:30,50.00,12.69
26884dfc89f32e105d001c993035c55d,1,3258acb04d37e2f91f76c9250f3b80a0,c70c1b0d8ca86052f45a432a38b73958,2018-06-29 18:30:53,110.32,15.87
26a4c5b97bdf4e499a22334ea494e883,1,f39a8b27ce90ac582103bf36f09690dd,16090f2ca825584b5a147ab24aa30c86,2017-08-04 19:25:13,332.00,17.07
26a6d863d24d0d5bc79e4cfa85ebf566,1,b8fefc9c1f951969968e904d08bfa8cd,da8622b14eb17ae2831f4ac5b9dab84a,2018-08-28 22:45:07,79.90,14.14
26a8b70dd60471873b430431e691d222,1,bca5c45c40f5c10e76d44d5104ecb9b5,1127b7f2594683f2510f1c2c834a486b,2017-11-24 19:28:31,49.31,8.72
26bcf76706fd675a268ba2cf63119270,1,394022f6655a84ccaf2e13389a8ec779,52f0fe436a347ddad7ed5f9aa4e27eaa,2018-03-27 13:48:12,448.47,90.00
26d5146a6a102a692d0b159821a3d520,1,9e6b8ecc9fe47cf9c40c3709b67089e0,41b39e28db005d9731d9d485a83b4c38,2017-07-17 04:15:30,109.90,30.18
26df1f409adf3bbb2f057e1ebb11b019,1,dbfa741e0e5dfae13c9f023d8b8cbd96,05f51e13da97139648b8125c31e5f51b,2017-07-31 13:50:18,124.90,13.00
270f8f53a3e97cf69ab06a15d03105ab,1,7d490fb7ec6eac63302590beef157c10,4a3ccda38b2129705f3fb522db62ca31,2018-04-25 02:51:03,391.25,19.65
27320261393ac78cc0a9624a92da02c9,1,f2af004352a06a99dca765596240cbc3,f4aba7c0bca51484c30ab7bdc34bcdd1,2017-06-15 06:42:46,44.90,7.78
27446e58f8fae19b8a6bcd15ca43f0ac,1,f90781e8e990b7e051be89afa85ee625,59b22a78efb79a4797979612b885db36,2017-10-19 09:28:08,479.00,50.27
27446e58f8fae19b8a6bcd15ca43f0ac,2,7b3baec97c107a6869809313ee7262ac,59b22a78efb79a4797979612b885db36,2017-10-19 09:28:08,289.00,50.27
2748d44e65a8c2df3289434a7c117709,1,2028bf1b01cafb2d2b1901fca4083222,cc419e0650a3c5ba77189a1882b7556a,2018-01-10 15:07:12,56.99,8.72
275ae19d3b5b88d41fe617cae7a1e056,1,f35927953ed82e19d06ad3aac2f06353,669ae81880e08f269a64487cfb287169,2017-12-18 13:14:29,115.00,15.56
275bdc3d32ed65dee689eecaa10e7a80,1,6ef7db41787d5f0c65b2f9487d4336b7,5bc24d989e71e93c33e50a7782431b0e,2018-06-29 12:54:25,249.00,19.84
276d7fb126a7eebc4a3e660c4775e081,1,1a405418406359cc2b8815f93bf359c2,4d6d651bd7684af3fffabd5f08d12e5a,2018-02-04 23:11:27,129.90,18.80
27791b643439f653faa711f08d8b801f,1,625522e2041f5759bc483af612e22718,951e8cef368f09bb3f3d03c00ca4702c,2018-06-21 15:03:47,58.99,14.72
2788c37316cfd96e71107c07b22454c5,1,924526b79ddb063f802d7a11720d7b5e,17e34d8224d27a541263c4c64b11a56b,2018-03-14 17:38:11,87.59,19.58
27898da84be67ffaac7dfd170663529f,1,173581ced381362760c476bec9de53ff,391fc6631aebcf3004804e51b40bcf1e,2017-10-23 12:56:42,139.22,21.46
2792c2657bcaae781c8261d93fda4937,1,9bb8ca338e5588c361e34eae02e8fad6,620c87c171fb2a6dd6e8bb4dec959fc6,2018-02-27 03:26:56,59.90,19.66
27a90e8052f7030cbb1c892d8e59542e,1,c5ac6d71e1684e3e768495f047b33379,53e4c6e0f4312d4d2107a8c9cddf45cd,2018-06-19 18:19:02,85.71,12.50
27ad3cde457631774a337c7d7bad4285,1,aca221fdd447718a25717709baf4af51,4b9750c8ad28220fe6702d4ecb7c898f,2018-05-17 20:30:27,48.90,9.26
27bbbf29930f786db682f681aa56219e,1,671d1f1a67e731435bc7a91569004038,0509040ea3fe50071181bbc359eb7738,2017-08-22 20:55:16,44.80,15.79
27cd425460b501230b37206f151711a6,1,6416e0ecd625ef4adf18658a9aca2e10,620c87c171fb2a6dd6e8bb4dec959fc6,2017-09-27 19:05:42,39.90,16.11
27f1701adfc69c0a85e9f59345b795df,1,b4b41230d7134dd767bc903a9c773f18,624f4ece8da4aafb77699233d480f8ef,2017-04-26 02:45:19,239.00,58.21
27fee5c620c806ed4f239ed553fca699,1,35afc973633aaeb6b877ff57b2793310,4a3ca9315b744ce9f8e9374361493884,2018-05-25 12:56:01,86.90,8.67
281a4e1ef3ab9d256027ddd2db90c762,1,a14aea6067b93158e956612c50b74cfa,4e8dacf3d38f281ae26c3e0321d92d88,2017-01-31 14:59:18,449.99,18.00
2824dbb32a0701afe0730559fbbd6513,1,79366d6a24de9351b7ca6e3cf75a68ec,cc3d14116804f7209f3884f6367f1152,2017-12-22 10:35:29,193.00,13.06
283bf1118a872ce76471f83be536cdc8,1,6af89b97a841482f79c52765bfe0d699,c3cfdc648177fdbbbb35635a37472c53,2017-12-06 17:15:12,279.90,15.07
287b0bab443f35ac8aaeef8efdbc3a74,1,422879e10f46682990de24d770e7f83d,1f50f920176fa81dab994f9023523100,2017-11-06 21:55:17,59.90,17.67
288b02fbf09f1c9f2ad1e4ef18124c1e,1,722dc14e0848efdb771dca6de2929c41,7178f9f4dd81dcef02f62acdf8151e01,2018-03-16 02:28:51,79.00,18.43
28a0a966e6d2214f62b0332d9ed35f5d,1,5aaa1448f415af8897b81e7a1d959284,5d0363b33554b373851fc1622e4d5f3c,2018-02-26 22:30:29,54.90,27.76
28b6917cb6d7f6fe0540986342ec6866,1,036734b5a58d5d4f46b0616ddc047ced,ea8482cd71df3c1969d7b9473ff13abc,2018-08-03 08:50:14,37.99,18.37
28c1a3d568f61625f9e85245db020568,1,abcfceb4d3a690bb6b3887235e2854bd,729f06993dac8e860d4f02d7088ca48a,2017-03-30 11:05:27,164.90,24.14
290095474d5b5550b5c86ef43e11d021,1,42eb5329dd0ee3d76d135ce04c84451b,282f23a9769b2690c5dda22e316f9941,2017-11-22 16:08:48,26.70,15.11
292690a1c17b64307e5b90203f3adc84,1,fa23bf270fb9880690b07d09b9f9ff20,1b8356dabde1d35e17cef975c3f82730,2017-07-06 20:35:14,59.99,15.18
29368d8ce1c627a562377e763eee8a3b,1,f9cce3e19235fa7d11942f69caaa22c7,7202e2ba20579a9bd1acb29e61fe71f6,2018-08-21 09:55:12,309.90,20.48
294a004bc4c2a5e3d9404a213164afe1,1,4601231c3480315049971ea0a61d3839,6560211a19b47992c3666cc44a7e94c0,2017-09-12 21:43:28,79.00,15.30
294d16591b8d224412320d2053d48623,1,4fcb3d9a5f4871e8362dfedbdb02b064,8581055ce74af1daba164fdbd55a40de,2017-07-06 11:03:58,143.80,15.76
29500656822f8cf6e25315bba794b4e8,1,2ffdf10e724b958c0f7ea69e97d32f64,4869f7a5dfa277a7dca6462dcf3b52b2,2018-05-03 18:30:21,199.00,23.10
296921db5b87a79a3cdfa1f0c2694e4f,1,8317b177579dd27ff068b83205e2169b,4869f7a5dfa277a7dca6462dcf3b52b2,2018-01-31 03:57:27,188.00,17.76
296a93c03580ee2cd6d1c20346191d6b,1,fe1341006261b53f5f8415fb27772e66,22c32ec35d0116ef02c281798a25bf8b,2018-02-20 10:50:30,23.79,15.10
29760b4b3e268c6ac38bf18c85c89d88,1,74ae869eb82594d9cbe6e934cf143e0c,ea8482cd71df3c1969d7b9473ff13abc,2018-02-05 21:31:41,39.99,14.10
29d81f9fcfa8f77ad68afa83d9fbf83b,1,3516632e8f52b679ff83d1665ecc990e,e9bc59e7b60fc3063eb2290deda4cced,2017-07-13 12:10:14,75.90,17.07
2a1826a678534f6229f4d60aedbdbb94,1,67fa36df2c5e624059dda016bfd72e15,d91fb3b7d041e83b64a00a3edfb37e4f,2018-05-18 13:17:30,73.50,18.39
2a18b3d0f12775db98aeb028d0e388da,1,1c9b5793de6c3d9117b6218552c87a8f,3c7c4a49ec3c6550809089c6a2ca9370,2017-09-21 14:35:11,13.99,14.10
2a6ec88bef2eb4c5e4716b26406ead0b,1,f7fa667a6b61aa22c87162434b71587b,36a968b544695394e4e9d7572688598f,2017-11-30 09:11:30,90.90,16.40
2a6ec88bef2eb4c5e4716b26406ead0b,2,f7fa667a6b61aa22c87162434b71587b,36a968b544695394e4e9d7572688598f,2017-11-30 09:11:30,90.90,16.40
2a6ec88bef2eb4c5e4716b26406ead0b,3,f7fa667a6b61aa22c87162434b71587b,36a968b544695394e4e9d7572688598f,2017-11-30 09:11:30,90.90,16.40
2a706489eee816fe6f5bfe2298c51840,1,b441e652e4d7e9905e1d2734a908e021,76623fde66e6b63b59440fd34160512d,2017-09-08 12:10:16,29.90,7.78
2aa34343b80af35eb485d6511edf7a1d,1,cd360a9f341f57c25699dbac377f5efd,411f3b52d857390502ee4e4d5ceabc2d,2018-07-10 10:15:25,24.33,18.32
2abed06af11ab7e3bc833f1b1535ba25,1,9219ce85918a5d26bca1a6fddf3a1402,6cd68b3ed6d59aaa9fece558ad360c0a,2017-08-22 23:20:16,57.90,20.25
2abed06af11ab7e3bc833f1b1535ba25,2,13c20e4b6e3e7d4f0f336fedcf4198da,6cd68b3ed6d59aaa9fece558ad360c0a,2017-08-22 23:20:16,30.90,8.01
2ac8de6b0905ecba2257dd9c59282d0a,1,0776155007ad20447a0b0f91d4aad644,e9779976487b77c6d4ac45f75ec7afe9,2017-05-11 13:30:20,17.00,14.52
2af4817f66a5aeb427fc06e41204bc7b,1,c8dc26795ea2ee96f3fa57453cd7667e,718539d38d07dd351c76db862760e2e2,2017-07-05 13:50:23,12.99,9.74
2b2e646f2556658e3d06c53ee0465153,1,3eef0cb94ba82de806bb30ab743c7655,7c67e1448b00f6e969d365cea6b010ab,2018-05-03 15:11:27,79.99,26.82
2b2e646f2556658e3d06c53ee0465153,2,daf84c8f6a77308759733b317cf20666,7c67e1448b00f6e969d365cea6b010ab,2018-05-03 15:11:27,116.94,9.58
2b2e646f2556658e3d06c53ee0465153,3,3eef0cb94ba82de806bb30ab743c7655,7c67e1448b00f6e969d365cea6b010ab,2018-05-03 15:11:27,79.99,26.82
2b86248935bc0815bedf6857267be978,1,79366d6a24de9351b7ca6e3cf75a68ec,cc3d14116804f7209f3884f6367f1152,2018-08-23 17:08:45,193.00,16.42
2baf80a0f30b1660ef1d0653314c04dd,1,c2a9f8aeb7a51580fccc2d1c4f8bceaf,9e6229250fedbe05838fef417b74e7fb,2018-07-03 09:31:28,189.90,34.53
2baf80a0f30b1660ef1d0653314c04dd,2,0cf41187284d7f099adc8415a743ebbd,bbad7e518d7af88a0897397ffdca1979,2018-07-04 09:31:28,35.90,8.63
2baf80a0f30b1660ef1d0653314c04dd,3,c2a9f8aeb7a51580fccc2d1c4f8bceaf,9e6229250fedbe05838fef417b74e7fb,2018-07-03 09:31:28,189.90,34.53
2baf80a0f30b1660ef1d0653314c04dd,4,19884358087155dcb193ae99f344fa30,3b15288545f8928d3e65a8f949a28291,2018-06-29 09:31:28,129.99,34.54
2bd14036d2219176010c4c89aa4c9a19,1,4563095e06df1fa67de2eade86f4f01b,537eb890efff034a88679788b647c564,2018-05-14 03:36:57,18.90,7.55
2bd2198690a2c150fe5fdc4e064ba521,1,6ba4d9e6b21481dcc4646250fa189ac1,5c6d4016c2a288f074fa0848a2b653d2,2018-02-22 11:15:31,92.00,17.92
2bfe52167cb0f38cfbbdca7154dc3da4,1,ee5329ffbe604bebcf84b2fd7792024e,916c9de0b5ad957346eeeb12f332687e,2018-07-13 12:45:14,184.00,19.39
2c1a2f921c5be4edef5b3cc5f8e79477,1,57f2bc497c1a3ebe41ba7a06d78ed159,6560211a19b47992c3666cc44a7e94c0,2018-03-29 07:50:28,55.00,18.27
2c316630a424abef517f1f8d7295d666,1,59614aca5e5ddb29fd461f83c8f32b1d,ccf8813e5a7d6c84d865cd38bfc2b130,2018-08-29 09:45:07,99.90,14.28
2c3ca3f1309ac4dc9e380810f4f65e46,1,2078312a2dcf1fcd8a38eabcf5dd033a,30a2f535bb48308f991d0b9ad4a8c4bb,2017-10-04 02:56:29,49.90,15.10
2c42da58ddeeeffa46d6ddc5e6725e31,1,a92930c327948861c015c919a0bcb4a8,6560211a19b47992c3666cc44a7e94c0,2018-06-20 22:31:46,78.00,18.65
2c476f0148a99ce31bffe7659e5aaf4d,1,5a6e53c3b4e8684b13388d6aa4afdf12,7299e27ed73d2ad986de7f7c77d919fa,2017-04-19 02:42:35,16.99,20.80
2c6317c88d6837efdfecf7cb190c0cd9,1,f07dfd51b27ae763526ca43745920b7d,3771c85bac139d2344864ede5d9341e3,2017-11-16 02:51:27,13.90,11.85
2c810e97c1d3956172e1830863e6a133,1,c2f66da7257100a87b2d61fe2adf0535,edb1ef5e36e0c8cd84eb3c9b003e486d,2018-08-17 11:44:11,1299.65,27.20
2c84b2577e246ed9aa8ad68b0dee5be6,1,a9f386c43d436bf2a431efe073ecbc70,85d9eb9ddc5d00ca9336a2219c97bb13,2017-12-08 12:56:37,27.90,12.48
2c88b5879d666444b90643a3817f9b97,1,aba86c093ccdbac75b09111d57e50004,7c67e1448b00f6e969d365cea6b010ab,2017-03-29 21:27:37,119.60,15.01
2c9b1f7bef0f4fd1ff94ce18f9ddc0bc,1,50fd2b788dc166edd20512370dac54df,8b321bb669392f5163d04c59e235e066,2018-01-22 17:50:40,21.90,21.15
2c9d0e7a53245b11b39d47e84b3d7ac9,1,3591b4602bb8316dd178c98a97c29454,dfc475d54e1b6dbeeb7d7d9bdaa63827,2018-07-17 18:50:55,85.39,20.55
2c9efd6e429c8bfc4f59a509334aabf0,1,31ddb1ee64afc01b90d5025db261a737,116ccb1a1604bc88e4d234a8c23f33de,2017-11-20 21:31:07,16.00,7.78
2caedb75be9b0acd4a4aa3562e5f898f,1,b853b073ca63585ef3afd79a4ab97ef1,827f8f69dfa529c561901c4f2e0f332f,2017-07-27 13:35:54,29.90,14.10
2cb5ed8e391a8ef966fe938d480510b1,1,3ecdc0c6f18cf5c74f2b2e11c23ef462,4c498c7345e89aebad651544829beca0,2018-03-12 03:35:42,130.00,21.71
2ceb986b3043c2f73ab7577c6a41830e,1,fa126ff62aae83e37857ad495641c878,e9bc59e7b60fc3063eb2290deda4cced,2017-08-14 18:55:20,175.50,16.99
2cee7217cf66ac4e8027f60d3b105524,1,44b36c8a125b604c4597100ef4b16538,0ea22c1cfbdc755f86b9b54b39c16043,2017-04-07 20:10:16,39.90,24.84
2cf60e81bd122e58c99e87fa99fd24cb,1,8466762a9393a2b2b1de73f3cf6081a3,1dcfa3835714681d4ba4a93bc1e0fd41,2017-08-30 21:30:10,79.90,25.84
2d0a9e6d2de5c45b98c59fdd868f2076,1,09c3a2ea33f044aebffecd6681e00133,1025f0e2d44d7041d6cf58b6550e0bfa,2018-05-21 03:30:37,40.00,15.23
2d5179fa58ed22b21f86902df78f8584,1,e2efd37edf851a99f9707f165ef0fb13,06579cb253ecd5a3a12a9e6eb6bf8f47,2017-10-23 04:25:05,161.90,31.44
2d6c9f00e3d35a0f4e742fff1191d675,1,6a1a04054158fe995e1688d8f79605b2,9616352088dcf83a7c06637f4ebf1c80,2017-09-21 12:30:18,59.90,17.99
2d8e4baffe6056f0800c1d99f2960384,1,4f5cad4934c20d6fb8dab728ffdea29e,17e34d8224d27a541263c4c64b11a56b,2017-06-15 19:55:15,367.52,29.11
2db72c1513eb12a34d183d40a7291014,1,4c2394abfbac7ff59ec7a420918562fa,cc419e0650a3c5ba77189a1882b7556a,2018-02-27 07:15:38,84.99,16.35
2dc89150e25e0d36a6b80cea3c8a1290,1,8a6bebed424788f0e8e407bf8789102b,8d956fec2e4337affcb520f56fd8cbfd,2018-05-10 00:52:55,53.99,12.82
2deab87eacecced409eb4e2f9b2a4372,1,cbff1df298f7bfd7b65557cfc4133d62,8b2492b7ff4468839593fafeed55bad9,2018-03-09 14:15:27,168.48,9.55
2e0b3b0ef908939d3218bc60b4ddb793,1,a8075470f960215ffb67624782f80fec,ff063b022a9a0aab91bad2c9088760b7,2018-06-14 19:27:32,99.00,21.99
2e1205ef23c9d6445449283ddfe660ad,1,157d8cabb7a3a318aed5ce596f4be96e,f88adb15807168d3c43d71021090ce4a,2018-08-23 18:45:10,149.90,19.15
2e120d53ec1baa3432c6af11aa2b930c,1,422879e10f46682990de24d770e7f83d,1f50f920176fa81dab994f9023523100,2018-05-01 23:31:14,53.90,0.00
2e167a5acbb1c31fd50faac2ac3986d4,1,c0704b7b41d23540e8576c5e84484dcb,670c26e0f1bf8d0576271d5cfaec6d2b,2018-07-20 04:35:13,36.90,13.60
2e167a5acbb1c31fd50faac2ac3986d4,2,c0704b7b41d23540e8576c5e84484dcb,670c26e0f1bf8d0576271d5cfaec6d2b,2018-07-20 04:35:13,36.90,13.60
2e2b499ad1ed9178bdd1cdb83f3f6000,1,82e4ad16521ca131d95e198d507db370,128639473a139ac0f3e5f5ade55873a5,2017-09-08 10:25:43,18.90,12.48
2e328ffa7af7bf06a2af0b74cfb14f64,1,e5bd04e8e3cb77f1a49404d588d3e528,f7ccf836d21b2fb1de37564105216cc1,2018-01-15 14:38:34,31.90,12.69
2e32dea8a4d1ae5499a67674b387bc6a,1,f9bb291280bceedf7840b89e1e75b89c,391fc6631aebcf3004804e51b40bcf1e,2016-10-21 16:32:48,39.99,11.95
2e4d78cc067d04eaaf791ecbfb2bc3ce,1,3aa87ff048f23ae9ac589dd73c21d98c,5f7300535881cef3b625fd683cf7d145,2018-04-19 09:30:50,89.17,9.36
2e571b4487c7119502acdb48043efcee,1,69d3ff4f45d52d69e4b06760e0e154e2,7b0df942f46435babab05d49b744b2c4,2017-12-11 04:12:10,1058.00,20.43
2e9218017514abac32bb20f975e15ecd,1,f7e0fa615b386bc9a8b9eb52bc1fff76,87142160b41353c4e5fca2360caf6f92,2017-05-30 21:25:08,89.90,17.91
2e9ac33fbda5666e258ed040a2def5d6,1,d3f4f3de0f4576184674937d1e9cecca,3d871de0142ce09b7081e2b9d1733cb1,2018-07-23 18:10:26,39.90,12.94
2eac75a073b158b0cc84863c566300b2,1,42a2c92a0979a949ca4ea89ec5c7b934,813348c996469b40f2e028d5429d3495,2017-06-28 02:15:25,59.90,14.13
2ec97dfd085ac4fe7b1fa12819d9a36c,1,e27c4dd075a521097a085bced0631ce7,701938c450705b8ae65fc923b70f35c7,2017-05-12 13:42:16,103.97,45.19
2ed75ffbf396fcdc6341f17d1a16ef5d,1,fcf41b0fb1a95c8f66330d698d55a532,850f4f8af5ea87287ac68de36e29107f,2017-12-18 21:11:32,79.00,9.37
3c8d31d8f2771d0a5bc2c936d5a1440b,1,d357444d58bb7efb2756bee0420a0430,d566c37fa119d5e66c4e9052e83ee4ea,2018-04-18 10:10:47,83.90,16.56
3ca220335d57d2c3accc9bb4816d7035,1,3fbc0ef745950c7932d5f2a446189725,06a2c3af7b3aee5d69171b0e14f0ee87,2018-04-03 20:50:15,61.99,22.93
3cd0599300d9ec0cf571c875db7392b4,1,b57469faf40b556e16b9a49308953700,2528513dd95219a6013d4d05176e391a,2018-06-24 22:55:42,119.00,30.63
3ce3ea3283555ac158b83c7cc2093ca7,1,5f0bdec2fb222061ed8fe52586a5957d,ea8482cd71df3c1969d7b9473ff13abc,2017-08-22 15:15:26,16.99,15.10
3ceffd7bee6a56cbf4adea01c19a5d17,1,72a7abb58f57aa1680a07562ade95368,e5e33c0d8e7e002f398f5dc4cbbb338f,2018-06-10 21:52:44,289.00,14.46
3cffc407d492c7db340271cee9b32ede,1,ee406bf28024d97771c4b1e8b7e8e219,7a67c85e85bb2ce8582c35f2203ad736,2017-11-20 23:30:46,144.99,19.25
3d237fd98f6bc4d3fd3a0eadda50b2a6,1,cf1817039c1c86d9f7a5991817794083,9674754b5a0cb32b638cec001178f799,2018-02-27 09:31:12,63.14,16.20
3d27905aa7b2ee7fc7bac918f949ea18,1,a8d952e8e5436a6fe36d24c402d100de,ea8482cd71df3c1969d7b9473ff13abc,2017-12-12 22:58:31,21.99,7.78
3d34e2eec4245acada65a41a949f2568,1,f919da4f716dc149cef4551a322001fd,1025f0e2d44d7041d6cf58b6550e0bfa,2018-06-12 21:15:17,98.00,23.27
3d34e2eec4245acada65a41a949f2568,2,f919da4f716dc149cef4551a322001fd,1025f0e2d44d7041d6cf58b6550e0bfa,2018-06-12 21:15:17,98.00,23.27
3d5b009657b66f53072a0c50aae31aaa,1,6c0d0bb889a282484443de64903f88ac,febab0275244b9a49a623f0bd613ca2f,2017-05-09 11:33:35,28.50,15.56
3d60cbc30fe424ccaa1b75c0c2e1cd90,1,e1b8f6708fbd98896278e000251dd8c5,e5a38146df062edaf55c38afa99e42dc,2017-08-28 03:45:25,35.00,18.89
3d7d095c15be6f2b4618459d23e072cd,1,3fedaec688964ccf38949f271a51c888,eba88037e1dca898cd02881f67ced679,2017-05-03 14:30:18,165.10,15.92
3d86b76dd4cf276f21ad4c62da992b5e,1,ff55834c0b3272853dfe62340f2bb91b,6560211a19b47992c3666cc44a7e94c0,2018-06-12 20:31:54,45.00,15.23
3dcab1487bcd1dbcc6c968fdfe0511fb,1,4025ee582ef6b8c478af3b44cf89054b,da8622b14eb17ae2831f4ac5b9dab84a,2018-02-08 21:31:08,24.90,17.45
3dcab1487bcd1dbcc6c968fdfe0511fb,2,10adb53d8faa890ca7c2f0cbcb68d777,1900267e848ceeba8fa32d80c1a5f5a8,2018-02-08 21:31:08,19.90,3.49
3dcb62ed8e9e2d9909ba544c7d10195a,1,42749c525c90994bd3d4c74edf047172,d51e0a403fe2e689ece6c73359d96e12,2017-08-30 16:06:27,198.00,13.73
3dcb62ed8e9e2d9909ba544c7d10195a,2,42749c525c90994bd3d4c74edf047172,d51e0a403fe2e689ece6c73359d96e12,2017-08-30 16:06:27,198.00,13.73
3dcb62ed8e9e2d9909ba544c7d10195a,3,42749c525c90994bd3d4c74edf047172,d51e0a403fe2e689ece6c73359d96e12,2017-08-30 16:06:27,198.00,13.73
3dd45cc3460f14bbe6c2249a8019a450,1,16241e79b047426033194065d8b321b2,4830e40640734fc1c52cd21127c341d4,2018-04-04 21:47:43,29.90,8.47
3df55fc07ff463109ce0422439693aee,1,3f37f32e535d54ae9b3c1cf62aa76c43,cca3071e3e9bb7d12640c9fbe2301306,2017-09-11 02:31:39,52.64,20.38
3df55fc07ff463109ce0422439693aee,2,b3e40ff639c185b9d726b4b19c17e6cd,7a67c85e85bb2ce8582c35f2203ad736,2017-09-11 02:31:39,229.99,13.59
3e927dfcc405632ef96885c77e6e5d83,1,be3b8f91ced393f1ce60aacfb6a04c1d,46dc3b2cc0980fb8ec44634e21d2718e,2017-10-17 18:35:42,239.99,17.93
3e92e84e557bec2d9fa0d853b3e855e1,1,b35e00b01694e1efa3577d14965f2205,dfa0c4c6229ab200a4a1336b4d7128ff,2018-08-22 11:30:59,44.90,23.46
3ea310e0ca8eaa2d771f9ae489e6535e,1,44e5dd2a8bc1c55eeeffac2f3df1e8cc,7bac63f6603d382cc8d0832eb6c100a8,2018-03-16 19:50:46,145.00,19.98
3ea80782fbbd337428a6a454c4a297c3,1,a09fb9f597a4b8a13ab0c72d70c77081,6560211a19b47992c3666cc44a7e94c0,2017-11-28 15:46:52,88.00,7.87
3eb0f85a2cf629b092487dbf1847ff9b,1,73353895a654703808e8ac484d6abe20,fa1a9dec3a9940c072684a46728bf1fc,2017-09-08 10:24:09,128.90,18.47
3eb6d6c16c2b144b83985bcacd6ed72a,1,dfd57e4f6b146266a765a285fac364ed,27a56ff04b34c2ba34ce6ba4d3b9d616,2017-07-11 17:23:25,35.99,8.72
3efb84891f27efd4a1ad0e11ca4fb36b,1,c706d50b57c9e83293c2586d01f32445,7ecd59e5e20407131822c1a68ac59c1f,2018-08-16 15:45:11,49.99,14.65
3efdbf51c992266c11eb3938e67e77da,1,49eeae59754cbcf1abeeffb8f51184ee,972d0f9cf61b499a4812cf0bfa3ad3c4,2018-06-27 14:58:49,70.25,15.72
3f113daaf8b405bcc4349a2812061fa4,1,2c28b6fda526be32ed276b4dfc421acb,e5a3438891c0bfdb9394643f95273d8e,2017-11-03 18:35:15,20.30,8.11
3f2d65e9302a444056b6b65922647a10,1,b348cae99d8bef36e269b016bc19419b,7fe21dd00d2f4943ae09525efa2fd674,2017-08-08 13:03:37,79.90,21.36
3f3e73711d749f4c39da2d5e55927d84,1,b0961721fd839e9982420e807758a2a6,1f50f920176fa81dab994f9023523100,2017-04-19 06:35:13,59.90,24.62
3f5ee98124031535645a99b8c198833f,1,4298b7e67dc399c200662b569563a2b2,3bb548e3cb7f70f28e3f11ee9dce0e59,2018-07-05 08:35:17,124.88,24.02
3f6efc4ada967d7b5ad1b6c30ca43b96,1,15859e3a8aaa3c192c10a91d8722abd5,e5a38146df062edaf55c38afa99e42dc,2018-01-22 03:51:08,299.90,13.30
3fd0aee5e461a0922a15e3747a042332,1,19c91ef95d509ea33eda93495c4d3481,06a2c3af7b3aee5d69171b0e14f0ee87,2018-08-21 04:44:36,122.99,84.63
3fdebcfe1a2cdcd4ee2770a2e28b2af4,1,9b2a0b97c2471793b067f77f2252defa,8f2ce03f928b567e3d56181ae20ae952,2018-01-05 11:06:48,89.90,13.18
3fffdbcdd7ed6b3acdb0bdbc5c96df52,1,d87ee5661dc46c5bc7bc19780f6f8360,6e2d3e2dc84fb30f6078f39dd3bddd6f,2017-11-06 16:29:05,219.00,16.28
4010af255873d6e26073000d24a8f52f,1,3c078c878d44c18bb8c02acc54ae25e5,0adac9fbd9a2b63cccaac4f8756c1ca8,2017-02-27 16:39:13,29.90,14.52
4010af255873d6e26073000d24a8f52f,2,3c078c878d44c18bb8c02acc54ae25e5,0adac9fbd9a2b63cccaac4f8756c1ca8,2017-02-27 16:39:13,29.90,14.52
40153acbaa4888eff1e5e778798f30c4,1,06c6e01186af8b98ee1fc9e01f9471e9,fc906263ca5083d09dce42fe02247800,2017-10-05 18:07:28,29.90,14.10
4048b8311e92aa983ee72f0b5f1e8ce5,1,db8d62bf1bf1d2dd880c99b88ebff3fb,116ccb1a1604bc88e4d234a8c23f33de,2017-12-19 17:52:22,16.00,16.79
4066e404b7be2a4a7331bc62da6fdbeb,1,b88182b83c726595532324fd84ac7db4,b4ffb71f0cb1b1c3d63fad021ecf93e1,2017-08-28 02:35:21,9.20,7.78
406d7ae7632b47850ebdaaf719a4c715,1,13a7ea24fee9ef57c3b7b5b69d3b4cda,b561927807645834b59ef0d16ba55a24,2018-03-29 13:28:22,66.00,15.34
40753325f836f577dd8bab3f0e5807e6,1,f30f863c9a7488715d627cab44ffbd4e,c3cfdc648177fdbbbb35635a37472c53,2018-08-20 20:49:42,139.90,19.08
409d692c7314744b643ae98e8a11e1b5,1,d6061ffaf719f75dd074a637c535b644,9add47bf45ce8e8c7db6b9cf670b1e09,2018-08-21 03:05:23,89.90,20.58
40b0e6507607e122ac052bf9426dba12,1,bd69e6d599b9a3d9c298617c14e46f9f,1900267e848ceeba8fa32d80c1a5f5a8,2018-01-19 16:30:35,80.00,16.32
40bf8d4d61d22711253ecc21d0a2e442,1,89d49f6d10ff422902b2c2cb05da7f1c,9646c3513289980f17226a2fc4720dbd,2017-03-14 13:15:14,49.90,17.09
40bf8d4d61d22711253ecc21d0a2e442,2,89d49f6d10ff422902b2c2cb05da7f1c,9646c3513289980f17226a2fc4720dbd,2017-03-14 13:15:14,49.90,17.09
40ccb6520c6922d1712766b66922e72d,1,7ce94ab189134e2d3c05f496d635419c,8b321bb669392f5163d04c59e235e066,2018-04-12 16:50:21,13.65,7.39
40db7d3bf12d45bd93dc3548101e8909,1,0bcf6f2768e7e4cf76462a7b7e0ca0c6,9b013e03b2ab786505a1d3b5c0756754,2018-03-28 23:30:52,6.00,7.87
40f00a10bbc6a312ff95f899d72817d1,1,4cbe2c068a0dedc1d12e126a2e7a15e3,50c9975695009e5e6473912e83a6d1da,2017-02-28 00:47:02,40.50,14.52
40f00a10bbc6a312ff95f899d72817d1,2,4cbe2c068a0dedc1d12e126a2e7a15e3,50c9975695009e5e6473912e83a6d1da,2017-02-28 00:47:02,40.50,14.52
40f22b552ee940dd1c4c37d90ff60808,1,cec09725da5ed01471d9a505e7389d37,4d6d651bd7684af3fffabd5f08d12e5a,2017-07-05 12:10:21,69.90,13.92
4123a46501472ba0fa021d7532462e27,1,07bcd890d449e493b4ec23d05a9e40ee,bd15ee794d5e640d9dd71b665b2ab15b,2018-07-05 14:31:24,30.90,13.80
4139faf4f621fe4b49e3e0d71bce665c,1,9ecadb84c81da840dbf3564378b586e9,1025f0e2d44d7041d6cf58b6550e0bfa,2017-09-15 16:25:16,38.40,8.56
4139faf4f621fe4b49e3e0d71bce665c,2,7b5d9a68d3738077e0100d0528dd707d,1025f0e2d44d7041d6cf58b6550e0bfa,2017-09-15 16:25:16,38.40,8.56
4144366812f72111c1f9d2c065e3e374,1,992d4afe3fb8536bd1d71e3f1087b004,f4c4daa86e30c7e5a553a8d518ac03a5,2017-05-11 14:35:16,332.64,12.94
415b2e06cc983409682f271b0e908117,1,9b9d1c4bd979b93c138044e032f99780,7a67c85e85bb2ce8582c35f2203ad736,2017-12-17 23:31:42,99.99,15.66
415b2e06cc983409682f271b0e908117,2,28fd7231afb14b368127513ae6ffe144,1835b56ce799e6a4dc4eddc053f04066,2017-12-17 23:31:42,21.99,17.39
416bffd2b6f30043b4c631f9109782f3,1,e59dd207c69d86e890febadc796d1078,1c68394e931a64f90ea236c5ea590300,2018-03-05 00:07:40,144.41,13.14
4183a895b0b1ecb44aacb723661eec8d,1,c7fd13b5e515bffdab855d0812842edb,1025f0e2d44d7041d6cf58b6550e0bfa,2017-08-09 03:05:22,78.00,12.89
418b68df1336cdb60b7e80c8c249f28b,1,fb931f000171a7ce4963df2a8bbfe82a,8b321bb669392f5163d04c59e235e066,2018-03-28 23:07:23,38.00,8.88
41b64ffb924858fb0d246c1065fa426b,1,bae8ac5e125a98fe445bc17714104709,655220df33262c7e0c4949a147366f94,2018-03-22 16:45:32,139.00,40.36
4208d8402138f772f9c189a1859e1f55,1,1528d0673079ce2d79d29753b800d76e,01fdefa7697d26ad920e9e0346d4bd1b,2017-09-28 17:10:26,59.90,13.44
42113e78f28f6201edc22b1a9f50ca81,1,5cb1a29179d1883d7ab5424629fe67aa,0bf0150d5b9d60d9cd2906003332f085,2017-04-27 18:10:14,49.90,15.11
42113e78f28f6201edc22b1a9f50ca81,2,5cb1a29179d1883d7ab5424629fe67aa,0bf0150d5b9d60d9cd2906003332f085,2017-04-27 18:10:14,49.90,15.11
421bc5d68665463cbb939db50847894d,1,0412ec72192f1d85e92047c0773434ec,f5a590cf36251cf1162ea35bef76fe84,2018-07-09 08:32:27,830.00,133.69
421bc5d68665463cbb939db50847894d,2,0412ec72192f1d85e92047c0773434ec,f5a590cf36251cf1162ea35bef76fe84,2018-07-09 08:32:27,830.00,133.69
4220f297891051c2f40f96bee807a998,1,422879e10f46682990de24d770e7f83d,1f50f920176fa81dab994f9023523100,2018-03-28 21:55:34,53.90,13.46
4273eb19832c1ba5b1d96ec21fcc2d1a,1,7a10781637204d8d10485c71a6108a2e,4869f7a5dfa277a7dca6462dcf3b52b2,2017-08-17 10:45:08,229.90,13.11
4274df747cf9a1ac15adf09a87185dc1,1,60a3aec19dc1a866e9cf6a6b4430916d,4a3ca9315b744ce9f8e9374361493884,2017-12-14 12:19:26,84.00,17.84
427ab04bb9a88ee00929a510651d77c2,1,3f14d740544f37ece8a9e7bc8349797e,6973a06f484aacf400ece213dbf3d946,2018-04-20 02:30:20,84.89,14.50
427ab04bb9a88ee00929a510651d77c2,2,3f14d740544f37ece8a9e7bc8349797e,6973a06f484aacf400ece213dbf3d946,2018-04-20 02:30:20,84.89,14.50
427ab04bb9a88ee00929a510651d77c2,3,36f60d45225e60c7da4558b070ce4b60,f457c46070d02cadd8a68551231220dd,2018-04-19 02:30:20,88.00,0.63
4297d3541d2675524ab8f092919f44b4,1,389d119b48cf3043d311335e499d9c6b,1f50f920176fa81dab994f9023523100,2018-02-22 12:26:49,49.90,28.75
429f1a5343ef9fc8d6b142273c6d14d2,1,2a3539131370b3ac020dd5f7a656a53d,5656537e588803a555b8eb41f07a944b,2018-05-04 11:12:08,21.89,17.06
42a45127f74061de7399a762d9728197,1,a04f52ded97b5530e8783e3c002b90f0,da8622b14eb17ae2831f4ac5b9dab84a,2018-04-16 00:35:13,79.90,9.29
42d79478d8d834670fe17dfe07f5b581,1,36f60d45225e60c7da4558b070ce4b60,f457c46070d02cadd8a68551231220dd,2018-07-03 11:31:49,89.90,22.56
42ed2aeb956c92e3c3bb6933ecea1d89,1,45448d98662daee2e5ee969475a90826,83e197e95a1bbabc8c75e883ed016c47,2017-07-31 10:50:16,133.90,25.49
42f42f42e7e1be68ce691280f140b2b6,1,593236d0ff46b4299b4787fb8d43f7f0,0dd184061fb0eaa7ca37932c68ab91c5,2018-04-04 03:15:20,79.00,13.46
4347279deb067c6731c1c97237921d18,1,6ae38d49db7fc65ad1779828542aecba,eeb6de78f79159600292e314a77cbd18,2017-05-31 11:43:18,229.00,17.36
435776d6cb482a197e1300c0d7ec2312,1,af51d485dc5255ba2e18b21b550156e6,5dceca129747e92ff8ef7a997dc4f8ca,2017-03-30 14:02:16,249.99,135.62
4379c802ba499c2c871ee501a835c33c,1,3519403062e217f433e0bbdc52e0b19f,0432ead42b6c8a0bdf68154add917fdf,2017-11-03 03:06:12,39.90,14.10
4382b7af38e2034ff26273519819f2d2,1,cd8ae7bcd06f2f7a49f20424afa80f60,7586919161935337bf6b6d7ff5779648,2018-03-08 17:15:39,19.90,14.10
43c20095b0f5f569fe0d24426cf8a7d2,1,0152f69b6cf919bcdaf117aa8c43e5a2,d2374cbcbb3ca4ab1086534108cc3ab7,2018-07-16 15:50:08,17.90,12.79
43f1e09fdc2d9408219725438e09622f,1,11bbef4e2a44601d9dd471aa1fb433e6,5c243662ce92d84573bfaff24c3e3700,2017-08-21 03:45:29,299.99,13.30
43f32db0dedd975e294e98ce23b24661,1,1f411e9a31196b71ed8438c8254b858e,7681ef142fd2c19048da7430856b5588,2018-05-18 04:12:22,619.99,25.89
43f32db0dedd975e294e98ce23b24661,2,1f411e9a31196b71ed8438c8254b858e,7681ef142fd2c19048da7430856b5588,2018-05-18 04:12:22,619.99,25.89
43f32db0dedd975e294e98ce23b24661,3,1f411e9a31196b71ed8438c8254b858e,7681ef142fd2c19048da7430856b5588,2018-05-18 04:12:22,619.99,25.89
4409a8e68e232a6718d156e93a58f3ec,1,acdf83e7694c8eec22e6b19bc59f4e60,fe49ee029e61e789a1f3a5525f57ba8d,2017-12-05 14:20:19,30.60,7.78
4418075144d646b6ecb7228571cec59e,1,f05901e010ebaa3924276751a35e6004,4a3ca9315b744ce9f8e9374361493884,2017-01-31 17:39:36,59.90,50.00
441e40901e547f63c81abdd91e7a2d8c,1,422879e10f46682990de24d770e7f83d,1f50f920176fa81dab994f9023523100,2017-12-14 02:54:12,59.00,13.43
4421a7200d8a1f6a0dd6fbf8c96d01d5,1,33bd1a075f35400643129b5f3d936845,634964b17796e64304cadf1ad3050fb7,2018-06-20 02:57:37,120.00,36.19
443bc8cc2feef50a6b416a0645dbf7b5,1,49366a8fab2e191239a143647474e7fc,e9779976487b77c6d4ac45f75ec7afe9,2017-03-27 14:46:40,31.00,10.96
443ddf06ec0f23c8bf94bccb583714e2,1,077599a82ee54960bc4f4c941b0d1359,900ba814c251a692506d7834c1218441,2018-05-09 22:52:43,125.02,12.21
44437f0cd12aae191555f66ce8dc2d5f,1,0d69c82f1bc2991a5ec6fff3d803876b,d2e753bb80b7d4faa77483ed00edc8ca,2017-10-26 15:21:21,87.80,34.41
4477f0fa7855f6d43e17f4b8e6612898,1,99a4788cb24856965c36a24e339b6058,4a3ca9315b744ce9f8e9374361493884,2017-05-15 22:50:10,89.90,15.38
448a4837b41e7f24ad7dabafe574c842,1,40f999464ef29d2a07cfaca1eea4c210,4e922959ae960d389249c378d1c939f5,2018-06-21 14:58:51,59.00,18.51
4497ba9d409157ae7bc8aaf8fd113307,1,ea66598d13482c9c72f1936c62d2e630,6b333a05bf188ef3e1f1662a86bd9855,2018-08-09 20:35:14,339.00,33.42
44a3722417745e1a99c297ced13c7b85,1,21fecd254a3103704126b28478ea7980,001cca7ae9ae17fb1caed9dfb1094831,2017-11-16 22:30:21,119.00,43.20
44a69f8dbbaad732136d9575edb10295,1,189c49b159a847050e52afe5ec8d42c5,0c8380b62e38e8a1e6adbeba7eb9688c,2017-03-07 14:25:09,213.90,14.08
44b7e745838a4567bea39348717073cb,1,2c0c951471371afa81e47d7bf8d20522,850913d59ce317156b00f3705f1c3edb,2018-03-21 19:48:32,42.00,7.87
44c652443459cd095f4298d1d1daa389,1,437c05a395e9e47f9762e677a7068ce7,f84fa566034f5e8e880a07ec624c56af,2018-03-29 13:28:29,47.65,19.04
44ddda99ffdd779ef6dddc13ed804971,1,2136c70bbe723d338fab53da3c03e6dc,6560211a19b47992c3666cc44a7e94c0,2017-08-23 03:06:17,29.00,14.10
450c895cd5341a52818d10c9593085bd,1,45f59788a3a09e09ab433234d03afd2a,5a425cc503b39b262a847fd6212bf53b,2018-08-17 10:05:11,119.90,23.99
451d82f07a1528cdce26398f1f04f8f7,1,e47eff9f97c9536c9f768f86e13252f6,15cd6eefe58588619aaed41dfa6621b1,2018-04-04 09:15:12,227.88,86.66
452045e853d5fa6f87a6ebed979b3134,1,422879e10f46682990de24d770e7f83d,1f50f920176fa81dab994f9023523100,2017-10-13 17:28:18,59.90,17.67
452045e853d5fa6f87a6ebed979b3134,2,422879e10f46682990de24d770e7f83d,1f50f920176fa81dab994f9023523100,2017-10-13 17:28:18,59.90,17.67
452045e853d5fa6f87a6ebed979b3134,3,422879e10f46682990de24d770e7f83d,1f50f920176fa81dab994f9023523100,2017-10-13 17:28:18,59.90,17.67
452659f1bbc22357a8b75386eb2beb34,1,b18d3e74e5793a823be8acec061a5977,a3a38f4affed601eb87a97788c949667,2018-04-29 23:31:18,229.90,23.32
45287af4d4d9504d6569383cbf95c764,1,20d99367bb5820e9d15aef657b83b5a2,d2374cbcbb3ca4ab1086534108cc3ab7,2018-06-11 17:31:36,15.90,18.23
454a297f19c15e3f7a16c16961029402,1,78a52f7c3f1fc50373949f57052397ad,cd68562d3f44870c08922d380acae552,2018-06-25 03:31:00,199.00,14.05
4563da819a589eed2f386d177b6e8135,1,6f3ec6fc14615aaed51a2e900868a3cf,2a7dc43cecabf23403078e2188437d1d,2017-12-20 15:30:37,25.90,15.11
456f9f06a58b9d22e98d54aeae391575,1,f3dd572f31692bb5b6ab21d2af0673b1,888faa8bfb0b159c37de6d898b961c31,2018-08-10 19:31:44,129.90,27.21
458c6e383ce04c24b3033392e56c9283,1,f7f59e6186e10983a061ac7bdb3494d6,729f06993dac8e860d4f02d7088ca48a,2018-07-02 21:51:06,34.90,48.21
458c6e383ce04c24b3033392e56c9283,2,961d02e19e9ade3ba8aa028c87b0d8f7,70a12e78e608ac31179aea7f8422044b,2018-07-04 21:51:06,110.00,30.13
45e199ea5adfa906eccd69a47b50e870,1,35819a9e5342bae7ad7a0016460dee25,128639473a139ac0f3e5f5ade55873a5,2018-02-07 02:36:05,18.90,12.48
45f3c6b73e741b9f127da84371a0cd90,1,0aabfb375647d9738ad0f7b4ea3653b1,37515688008a7a40ac93e3b2e4ab203f,2017-10-09 04:28:24,19.90,15.10
460d57443ffdcaeba240360239747cf7,1,915c18c67d0b3cd469475eccc0d1a7bb,128639473a139ac0f3e5f5ade55873a5,2017-09-08 20:45:16,18.90,15.10
4610355b7b9a4c4d4c176acaf273b7e2,1,a3ceb95649a48c0c54ae4bd1dd66d035,6c177e38df6d3f34182b1f1d427231bf,2017-05-22 10:25:23,130.00,15.66
46216bad82195f8dec79cfde98c57acd,1,54d9ac713e253fa1fae9c8003b011c2a,955fee9216a65b617aa5c0531780ce60,2018-01-23 14:52:28,29.50,19.84
464dcde4a46d816f4943dd22ac477629,1,22656f41604127818c5984157e52bda8,bbad7e518d7af88a0897397ffdca1979,2017-08-25 14:45:05,119.90,9.03
4699ddfefc61852827c3bc751aff6873,1,3dd2a17168ec895c781a9191c1e95ad7,de722cd6dad950a92b7d4f82673f8833,2018-01-29 03:39:33,149.90,27.59
469ebbc645e0d5bdfc7e2dc9c5a25f75,1,c777b9591e90c49e0745efb1051789ca,4d6d651bd7684af3fffabd5f08d12e5a,2018-01-25 02:35:26,249.90,35.55
46a82de7cb247602021cb71731323fd4,1,8268f227748ea57889478c74ca12d151,4a3ca9315b744ce9f8e9374361493884,2017-09-28 00:30:17,220.00,66.17
46e0dd5cd4dd2530f0e9563886d82e09,1,419cb1b441eda9b92ebd1a1b96090c26,ea8482cd71df3c1969d7b9473ff13abc,2017-12-22 09:38:23,29.99,7.78
46f8ad0d98c5c3731e1e7988e45f4a4c,1,dc52f0f5d3ec37a93eaf956cde4e5d2c,6560211a19b47992c3666cc44a7e94c0,2018-01-02 13:28:43,49.00,16.79
4709741e829775567b92abc42437b461,1,b4b817e5f2c4efc8253b4b679c653847,972d0f9cf61b499a4812cf0bfa3ad3c4,2018-04-04 22:55:21,94.50,23.24
47252c5b9ec88c714460e3e34fb08d5d,1,59f4103b8313232d3abe6630105b925b,2a84855fd20af891be03bc5924d2b453,2018-06-13 13:32:25,89.90,16.60
472d6b3e92be83f747dea801ed1d461c,1,96ef18649cc53717e0028b36c7c69774,1ce3ae5a399804d1a87e706f8a813c3e,2018-01-31 22:52:05,39.90,34.15
4735d69a263ba04fa00533b8f3d317b1,1,8366b2d52a690d2d4665824069db5d9e,594f9aaa48e5bf431f011ddc5669b0d5,2018-05-10 20:15:17,99.90,15.58
477140a02351a2a01918ec67d2d68ac2,1,ca152649b43c4c6081853d9421c59869,85d9eb9ddc5d00ca9336a2219c97bb13,2017-04-13 23:42:20,34.90,17.78
479d2226115d100c027f7dd83622c1ee,1,9a63d4ef456702710823c21b8cca0332,817245bcc3badd82bbd222e0366951a6,2018-06-12 20:31:07,149.90,18.93
47a4127cb0dbefba62b1f27417f295e5,1,d58020f0dc3b18e41728f846f5072a6c,562fc2f2c2863ab7e79a9e4388a58a14,2018-03-13 02:10:45,29.99,8.40
47c1a8c65d33d1a87433294bea40a81b,1,ace1e48f1eaabcd539235e93e361133b,6edacfd9f9074789dad6d62ba7950b9c,2017-06-01 17:15:10,42.90,11.85
47ccd65ae7dab553c7a8c779fe2cdea5,1,ee6c49af1a2de55aa0e076257ab4ab99,1c68394e931a64f90ea236c5ea590300,2018-02-14 02:53:13,169.90,17.63
47cdb12caf2067098633bc9a0d3679f7,1,d1c427060a0f73f6b889a5c7c61f2ac4,a1043bafd471dff536d0c462352beb48,2018-06-26 11:58:02,119.99,25.00
47d346b7368958cb0bd17880b2af14e9,1,42a2c92a0979a949ca4ea89ec5c7b934,813348c996469b40f2e028d5429d3495,2017-05-17 22:50:22,59.90,16.67
47e1801bc1f8eddb9969bf5fd8563712,1,d54c5b81fc2b38707588dd4eddc7c594,0241d4d5d36f10f80c644447315af0bd,2018-04-05 20:55:39,295.00,42.83
47e7aec6b627052a790799a108676129,1,d8a3b568800dd60242c366e5e02184e4,f8db351d8c4c4c22c6835c19a46f01b0,2018-05-10 13:30:25,39.90,19.32
4813c50e3548fa87684c05b730ecccee,1,4ebab6a2135a2477b657bda38646b64b,406822777a0b9eb5c50e442dd4cd3ec5,2018-01-24 02:11:14,25.90,15.10
482c3ed0fe2eb68b316507e78faa6783,1,ca0439ecf23442fd24fcaf4c62b85ed5,d379f449f2a3b271bc01c0782020f705,2018-01-22 09:55:30,149.99,35.57
483c22865f4aa9d0bd3cceb535b176ab,1,38956cecc0bc8d8837371d0aeeefeb59,d2374cbcbb3ca4ab1086534108cc3ab7,2018-01-11 02:39:34,19.90,15.10
48483d781181b0424eb4d9729ce4ccca,1,1b979ed0acbd0350ce3aaee840601644,d91fb3b7d041e83b64a00a3edfb37e4f,2018-08-08 16:25:15,66.70,18.57
484ab8a13180429b94330c723289a4f2,1,6adab229374835b551f6402e0dc53267,f8db351d8c4c4c22c6835c19a46f01b0,2018-07-23 11:42:55,49.90,11.37
4877379c51fc3c3826e6a62427675966,1,5d92abea542c2022dfee91dd630f2697,00ee68308b45bc5e2660cd833c3f81cc,2018-03-08 15:29:07,112.00,15.54
4879204a6b45d7ba10b3d703ba460778,1,d8e8c5f6ab9f4c0214127182ca234525,1554a68530182680ad5c8b042c3ab563,2018-06-14 12:57:07,179.90,36.39
488f659efac45e9067e284ded2bf7daa,1,2555fdb6a9df9fa378f024937c86d07a,25e47381a6c510ddeb36084e33b89f0c,2017-05-31 21:22:05,59.90,9.94
4892ff734d87bb926bd317ebafca95d1,1,617186c3d97ea56c9c683a8a3974e8c1,cc419e0650a3c5ba77189a1882b7556a,2017-06-09 16:25:23,84.99,15.34
4897e89eeabd9f378a6c3fb314f441f2,1,3c0c5eee30aef7a844410f1d1397b620,701938c450705b8ae65fc923b70f35c7,2017-03-13 15:25:15,103.99,24.12
48c0a263a6f5c112effbec24abbd468b,1,484619f908431240f47e8c9e96ca00d1,36a968b544695394e4e9d7572688598f,2017-07-12 12:43:40,64.90,15.20
48cf133bab6e70fec7896820b325dc9b,1,81e7937893af4703d4d14ca3e3765b59,855668e0971d4dfd7bef1b6a4133b41b,2017-12-01 16:50:30,64.99,20.58
48cf133bab6e70fec7896820b325dc9b,2,e1901d5d99ca951543717ea5d1940a36,855668e0971d4dfd7bef1b6a4133b41b,2017-12-01 16:50:30,65.99,12.34
48d0129c92992c4ee4c6b7b034c63336,1,ae9d8ccddc081b66d656332ddf9b2373,e5a3438891c0bfdb9394643f95273d8e,2017-11-27 19:58:28,32.90,25.63
48d545666a0d9303e1ef851ae9465976,1,7f6f8bdeee8ab42b5b4873b754f22a15,aba1721a889e04decc910aa13b768ef4,2018-01-16 08:55:46,189.00,8.58
48e715c549b6c9eb4ac2c75f6df8b01e,1,c638e232871cb1e760eaa7e724bc3eb2,99eaacc9e6046db1c82b163c5f84869f,2017-05-04 21:22:35,195.00,25.86
490f9c9fc86a9e753c5729f7119e84d7,1,625d78433e8cc9aadb5a88b4e45e4a30,5f3ae9136c875522250f8184f253413a,2018-05-10 03:50:28,24.95,18.23
4911bfcdd33739f5324b35e82e0104de,1,46ecee6884bec6bffc7e5cea0ef7aecb,52d76513f0c4d97f3b99570e2c94ee31,2018-05-15 12:35:15,224.90,19.45
4911bfcdd33739f5324b35e82e0104de,2,46ecee6884bec6bffc7e5cea0ef7aecb,52d76513f0c4d97f3b99570e2c94ee31,2018-05-15 12:35:15,224.90,19.45
493d1ad7e1ae4e8a6733d84bc34c6b0c,1,4fe644d766c7566dbc46fb851363cb3b,c31eff8334d6b3047ed34bebd4d62c36,2018-05-07 00:25:27,99.99,12.03
4942bdcf4479ff8d6885299338758784,1,0bcc3eeca39e1064258aa1e932269894,1f50f920176fa81dab994f9023523100,2017-10-18 16:28:14,59.90,13.44
4973b3b81af1585534c0b3de209acec6,1,ab3c88a070e61288a0f37d8ea38e7cbe,1025f0e2d44d7041d6cf58b6550e0bfa,2018-08-21 21:44:12,162.80,45.06
497557705ed42b9e7678b808d1f21dbb,1,f353779abb6114db5f8f79fbad12e375,d379f449f2a3b271bc01c0782020f705,2017-09-18 15:10:22,82.50,33.94
4982b38c3eaf8479ef8d65755b2d0b14,1,363218ba55c610b750224f90bdd34be1,33a6f4b1e7cdc205511e76ba1b6e0186,2018-04-26 15:11:44,79.99,19.53
49c8d7acf28d999e86d3cf817d9793e0,1,c6ea63369936552872ae890c82175b4b,37be5a7c751166fbc5f8ccba4119e043,2017-06-01 14:15:20,225.00,8.83
49f6f4d206c26f0d3ac78e343ac619d7,1,1d2b1480b69b37d1d9ea481a4ab88fe3,9d5a9018aee56acb367ba9c3f05d1d6a,2017-05-15 21:30:16,59.33,17.70
49f879aa078787ff9ca5e831515407b9,1,98712b7f46e0fe4f4da2f7df1b9231a7,7299e27ed73d2ad986de7f7c77d919fa,2017-08-31 02:15:50,50.00,16.79
49f879aa078787ff9ca5e831515407b9,2,98712b7f46e0fe4f4da2f7df1b9231a7,7299e27ed73d2ad986de7f7c77d919fa,2017-08-31 02:15:50,50.00,16.79
4a110536f892fd4dd11c3c74dada0d1a,1,cdeefdce9704b2a961a01e89b1f19e7b,34d1ca11b242c0fee2c834ae8d788566,2017-03-07 16:35:22,240.35,18.52
4a2415018bd75fb37bb24471baa6364a,1,c73c029653f68c6a83cb371dd148adbd,3b15288545f8928d3e65a8f949a28291,2017-09-18 22:55:11,145.99,21.51
4a36f21a19a956cd848e968d56be9b58,1,783dae38feb9e3a364e24e25168cfa8a,53e4c6e0f4312d4d2107a8c9cddf45cd,2017-09-04 19:25:47,159.99,41.07
4a7ba6325c33a13c0b278d17d8852b60,1,562cc921a8887a6be5832fc2db1c3dc8,9bcdfa7b615b3abb9461d9e3ad9886ae,2017-05-31 18:22:46,179.90,17.02
4a82a56f850507b43e8aceaed75a091b,1,567cf9fdc947fa7c887cae15b96eab1b,25cf099de44674fde97473224f9d59ab,2018-04-02 13:08:34,90.48,24.76
4a8b56b6641818f8cf2457dedd663bcf,1,f355d2acaeb178b14ae4d780ec41e1b1,5741dc2bf5044c34d0698681c5081bed,2018-06-01 11:13:47,29.90,7.87
4a9eee375aed716abf318683789faf01,1,b273b6db0baa191909f11d3bc4d44144,7d13fca15225358621be4086e1eb0964,2018-08-06 21:55:16,110.00,22.70
4aa95ac048b026918957d83319f5eca6,1,9da6fbcdb4cc9d08de3c70331ea19a5f,0c8380b62e38e8a1e6adbeba7eb9688c,2017-02-11 21:24:48,99.90,18.98
4ab1a1bf9908b4d876f0706c742fb14d,1,060c17562f97e5bb60bc0dfa4dd5b3f2,9f505651f4a6abe901a56cdc21508025,2018-06-25 09:31:02,24.99,7.44
4aeb09d2415c840cd427f9b0e5dabfb6,1,404a57563d487aecbc2b1a01d9b89aab,4a3ca9315b744ce9f8e9374361493884,2017-07-13 02:50:19,220.00,16.29
4aef3f299b3b56a9e29adf7362dfc3f4,1,f0e62aeebadb31681187c9548d8aae40,fffd5413c0700ac820c7069d66d98c89,2018-01-24 18:19:37,85.80,12.10
4b07e96261a6c3f0dd713dd75a1d0658,1,db3976dc7cb7fe1be02a47a873ece9a9,cb41bfbcbda0aea354a834ab222f9a59,2017-12-18 18:16:17,200.00,38.54
4b161afded0b38a94b63850c4bb48f91,1,1613b819ab5dae53aead2dbb4ebdb378,16090f2ca825584b5a147ab24aa30c86,2018-06-11 19:12:03,27.90,18.23
4b3a605942f29d490cb74bd6ace6b9f0,1,ffd4bf4306745865e5692f69bd237893,d98eec89afa3380e14463da2aabaea72,2017-10-05 09:44:12,29.99,8.11
4b417a70a89a9c265f52c8279dd489d7,1,b7639dcdb2ca827e7bd4c0ab0a7ed477,2138ccb85b11a4ec1e37afbd1c8eda1f,2017-02-05 13:08:13,32.99,14.52
4b4a19bd8b1065ce9a4f227eff142150,1,a8b5e02c7f69ca5ccdfa99417079d135,0ffa40d54288e4f3499b8780dd0f144f,2018-02-22 14:26:52,114.00,16.56
4b50fac9970bd5d46f41eab7855101a8,1,f0228b7d0afd1deb81112d8e39023bdf,8f2ce03f928b567e3d56181ae20ae952,2018-07-26 03:10:14,99.90,16.89
4b73c0e7ff2959acc87faf89631f9943,1,c0f22b22473bc776163846b49d650556,0a85ebe4e328db81ac9109781205e2f7,2018-08-23 08:30:06,59.00,7.67
4b776c02a3be0e30b22a7e5ff6a72136,1,63ee501f72520d5ec54cef5fd3a21a20,acb6c2ca5c82411c1fdb88d5fd5eb95e,2018-04-13 15:50:12,52.90,11.15
4b7f3bc13a8180b1cb4de82745278846,1,52c80cedd4e90108bf4fa6a206ef6b03,a1043bafd471dff536d0c462352beb48,2017-12-29 17:49:13,179.99,45.72
4b918143b2bc5955cca83595afd57833,1,e44f675b60b3a3a2453ec36421e06f0f,218d46b86c1881d022bce9c68a7d4b15,2018-01-18 02:34:50,107.00,12.25
4ba45e01cf325c8c853971e79c9cf7bd,1,dd61e943598eec72351633dd6a72d5dc,cc419e0650a3c5ba77189a1882b7556a,2017-06-27 10:43:49,79.99,8.75
4bb2ee0b9741faceac3deb03a2e53fa6,1,0992c6cba95a13bfa68ea7d5e22d478b,d50d79cb34e38265a8649c383dcffd48,2018-08-15 11:05:13,405.99,36.60
4bc45b40b7495543f90c2cfb8c409035,1,db7f3f42ccab32fa6328b3063b278bcc,7299e27ed73d2ad986de7f7c77d919fa,2017-12-04 02:58:23,38.00,15.10
4bcd0329b76295d8f76bf2c18e12f6e7,1,d4548e7ab697993ec51d864766a8ea4f,7e93a43ef30c4f03f38b393420bc753a,2017-03-07 21:35:21,279.64,13.35
4be354605f898bd7290366706f07d622,1,23365beed316535b4105bd800c46670e,92eb0f42c21942b6552362b9b114707d,2017-06-07 22:10:18,16.50,14.10
4bf603cde1e3f217c4f534a43c79f36a,1,f6fa93875f4a7dac03e0a22143f4d815,391fc6631aebcf3004804e51b40bcf1e,2018-02-06 12:40:04,49.95,12.69
4c1bccb42ff068a53ac02ad1109be5fe,1,43f911ac50adc19a96cd523ade4e7cca,620c87c171fb2a6dd6e8bb4dec959fc6,2018-01-18 16:36:22,45.90,13.92
4c1eb4e6d52d42048614e4c46f3c5f9e,1,9bd556e1c4a7917679b89ec2075e9cba,725af026f869236a8dd0ceb98564d156,2018-08-09 04:10:22,212.99,27.79
4c30ca1b003a7fb3999df965167d492d,1,0f8977d115c52d93a05dd4eb7052baff,1e8b33f18b4f7598d87f5cbee2282cc2,2018-05-18 12:53:51,159.90,13.02
4c43459211e81f383114dbcc328b7ac4,1,4298b7e67dc399c200662b569563a2b2,88460e8ebdecbfecb5f9601833981930,2018-07-04 01:30:39,124.90,14.21
4c5277b8c416e92df5b5b5b3882b4d58,1,c3099dfa5bca8734d228152d9c7d894c,0432ead42b6c8a0bdf68154add917fdf,2017-05-16 20:05:14,94.90,14.41
4c53b2ac030f08c0469e8de45af2e400,1,a514c9314e6d8af09721786a8ab34c7e,d197aa8fbc64087f61984deef05f6227,2018-06-01 17:55:41,29.60,7.87
4c5c035bb0cad9e1d11415f3d74d6751,1,2f1927c926303d27159849d2601d5d96,33ac3e28642ab8bda860a2f693000e78,2018-02-12 21:50:49,104.90,9.55
4c5d80480b7c923ec02b8dee8c00a846,1,e2ea268601d73de5126e2616e00be1cc,b4ffb71f0cb1b1c3d63fad021ecf93e1,2017-12-01 02:56:27,17.50,14.10
4c907885e2378d72e669a15367eddd7e,1,39b86f4e3aedf22731990099a660a6f5,6560211a19b47992c3666cc44a7e94c0,2017-05-24 02:22:55,49.00,7.78
4ce0d39282d4d45834a51b1ca7fbb311,1,dab2413ead0edda9967edbc9bda2a64e,ea8482cd71df3c1969d7b9473ff13abc,2018-02-07 09:31:09,29.98,11.85
4ce8d6f2dbc2018073f91128c347de84,1,a4aa7c1427c31344e5f7cc3d839fe562,66922902710d126a0e7d26b0e3805106,2018-03-06 17:31:11,95.00,12.37
4d1f435f8c84cb13a87a5d79b5813566,1,5bd3ba44eb990450377a2cd863821cca,38e679b9e0064cd94c6f035707344dae,2017-05-24 02:15:46,187.57,32.06
4d5cefeb0501de96acd522c3742d3d04,1,53759a2ecddad2bb87a079a1f1519f73,1f50f920176fa81dab994f9023523100,2018-08-24 15:25:18,49.90,20.99
4d5cefeb0501de96acd522c3742d3d04,2,53759a2ecddad2bb87a079a1f1519f73,1f50f920176fa81dab994f9023523100,2018-08-24 15:25:18,49.90,20.99
4d5e865e4b64c8b33f8a81fd14731344,1,719d571299707561c34ba04ab867b32a,0ef83d7d83ed97cd2a0049ac8be5f88a,2018-04-26 15:31:09,52.99,9.26
4d5f4d9f45924156c57a69d5ef886822,1,875354d714cb706c1429cbaab1c358a4,2156f2671501a81034d7d07f217609d0,2018-04-25 15:15:20,319.90,22.28
4d6de9e9aa5820e340e8438ed218931e,1,96d6c71675adc35bcf32f970cdffe2d6,2138ccb85b11a4ec1e37afbd1c8eda1f,2017-03-24 16:15:32,18.99,16.05
4d9f7ee0798052190a19d19bb0f31a40,1,f32ccb00285b3be848ab904c4c0d1980,4bfc7a4a1cf8d4d2121c27422d9e50b5,2018-08-17 09:50:20,490.00,43.04
4d9f7ee0798052190a19d19bb0f31a40,2,f32ccb00285b3be848ab904c4c0d1980,4bfc7a4a1cf8d4d2121c27422d9e50b5,2018-08-17 09:50:20,490.00,43.04
4da9b175d4de58460535384da0f32f05,1,4d286bf930373143280093da8747f6c9,8d956fec2e4337affcb520f56fd8cbfd,2018-05-07 03:30:33,35.99,7.39
4dac5a355ca2b9da23d60ed243be5673,1,b781cf30a200b5eff2787c2074d67045,7c67e1448b00f6e969d365cea6b010ab,2018-05-02 06:11:36,159.99,44.89
4dac5a355ca2b9da23d60ed243be5673,2,b781cf30a200b5eff2787c2074d67045,7c67e1448b00f6e969d365cea6b010ab,2018-05-02 06:11:36,159.99,44.89
4dac5a355ca2b9da23d60ed243be5673,3,b781cf30a200b5eff2787c2074d67045,7c67e1448b00f6e969d365cea6b010ab,2018-05-02 06:11:36,159.99,44.89
4dac5a355ca2b9da23d60ed243be5673,4,b781cf30a200b5eff2787c2074d67045,7c67e1448b00f6e969d365cea6b010ab,2018-05-02 06:11:36,159.99,44.89
4dac5a355ca2b9da23d60ed243be5673,5,b781cf30a200b5eff2787c2074d67045,7c67e1448b00f6e969d365cea6b010ab,2018-05-02 06:11:36,159.99,44.89
4dbf5de576e0e8d18ad0932e1ed8e89d,1,f159439c5c382fae366d444e05c590c1,26d8a1c7c75d513045798992ead43aa2,2018-06-13 13:30:29,149.90,14.17
4dbf5de576e0e8d18ad0932e1ed8e89d,2,f159439c5c382fae366d444e05c590c1,26d8a1c7c75d513045798992ead43aa2,2018-06-13 13:30:29,149.90,14.17
4dcbd5ebfc13eef35e0fcb0ca1c2807e,1,08574b074924071f4e201e151b152b4e,001cca7ae9ae17fb1caed9dfb1094831,2017-10-27 17:49:12,99.00,33.08
4dd1f29debee7ab872c8919f35a80070,1,22594ba8fd9a72ad95d352929c821560,7c67e1448b00f6e969d365cea6b010ab,2017-04-13 03:15:57,119.99,33.14
4dd4745f66dc08de8b825edf6155ce4b,1,96ff741d2c7879406ec3054d6b2a11c8,6560211a19b47992c3666cc44a7e94c0,2018-04-20 16:53:31,49.00,15.23
4deb2316dadf42f0daa6b8965d384ba8,1,cd2c03056720c7de4d6a59c1167bdee0,0ea22c1cfbdc755f86b9b54b39c16043,2017-02-02 14:46:06,79.90,5.14
4deb2316dadf42f0daa6b8965d384ba8,2,f727305c90ca9b9c36d4e84a817bc01d,0ea22c1cfbdc755f86b9b54b39c16043,2017-02-02 14:46:06,59.90,12.86
4e29ce1795f7036cda644b687ea871a4,1,7dd64fcc372f5d6ea016d697d6db75f7,5656537e588803a555b8eb41f07a944b,2018-01-11 14:48:27,281.89,20.51
4e797467960184f4812ea77710c08b05,1,946344697156947d846d27fe0d503033,1835b56ce799e6a4dc4eddc053f04066,2018-01-31 11:53:31,29.99,15.10
4e7a31bc83274853a6cc6c41c0193830,1,9d395a6bc9dbad2dfe60c8c92d8df397,77530e9772f57a62c906e1c21538ab82,2018-03-30 19:15:17,148.00,18.62
4eaf389d62c4c959f4657e40550fb531,1,dbb4ce89c8ed5fb6fd901e2e51093179,91f848e9f4be368f4318775aac733370,2017-03-10 19:23:09,79.99,14.33
4eb910d27cb13ee96a5e5c6dacfe4e4a,1,5bfc7506459ae2a7b4b573fe557a58e1,4a3ca9315b744ce9f8e9374361493884,2017-10-26 15:06:05,69.90,12.83
4ecdafc07882d357b5607a05e3a1a46f,1,a93cfe142d94a5cd5a24cd5eed21d7eb,2e1c9f22be269ef4643f826c9e650a52,2017-08-03 12:05:31,26.49,15.10
4ece3211dc7b96c8b646fa8a727039e2,1,002ec297b1b00fb9dde7ee6ac24b6771,aced59e9b31ef866a94f9e7f29d8d418,2018-04-16 03:49:49,16.00,7.39
4ed2338dc000b3d9acaf348a1fc6a395,1,717ce88f14ebb225f2c395c8c41cde09,ad420dd0c4f92f8af951ac24b86d0cf5,2017-08-04 12:23:11,27.50,12.48
4ef3c842b74a91b2524df4e621606c94,1,9da0bebb7f9168679e748abbfad05edd,d2374cbcbb3ca4ab1086534108cc3ab7,2017-06-27 07:42:40,28.90,11.85
4efbb5172eeaa8a9dd5a9483cfae3637,1,16078eb07519685083510f372565ddc7,eb4df17aed01d918c65f0f8d650900c0,2018-01-25 09:17:20,399.00,17.54
4f1a1c6f6fbca0d084e77e3f74b37cf6,1,e59dd207c69d86e890febadc796d1078,e9bc59e7b60fc3063eb2290deda4cced,2018-08-10 02:35:12,128.99,25.26
4f1a1c6f6fbca0d084e77e3f74b37cf6,2,656e0eca68dcecf6a31b8ececfabe3e8,e9bc59e7b60fc3063eb2290deda4cced,2018-08-10 02:35:12,65.90,19.95
4f211215000592921381e69e480acbc9,1,b22fd976711109004375eea45d21fe23,5dceca129747e92ff8ef7a997dc4f8ca,2018-01-11 14:12:43,69.90,13.08
4f40b7b437c07599a6f77c6ba8977dcf,1,c828d9e817355cc55ab8a449b2299f25,7299e27ed73d2ad986de7f7c77d919fa,2018-06-28 18:15:53,140.00,22.91
4f586e2756d31db4f5d770d170dd51ae,1,368c6c730842d78016ad823897a372db,1f50f920176fa81dab994f9023523100,2018-05-07 21:12:28,53.90,16.07
4f851e6056e99764b563bff8fa90cd99,1,e5c50ee10712a01bfed9854a00502f8e,ceaec5548eefc6e23e6607c5435102e7,2018-04-23 14:30:58,579.00,35.45
4f922bb38b84918b2711a293c04055aa,1,b5e13c9a353102f79c6206ff5cb61a50,a49928bcdf77c55c6d6e05e09a9b4ca5,2017-12-07 02:52:20,89.90,16.88
4fa0555af785b01d6fd80634b8c3a87a,1,79fb349afbae7595d2bc47368a7e4558,4d600e08ecbe08258c79e536c5a42fee,2017-03-21 19:08:27,582.50,18.25
4fb03ddd24b3d883bf20f5f196c53890,1,54d9ac713e253fa1fae9c8003b011c2a,955fee9216a65b617aa5c0531780ce60,2018-01-22 18:51:25,29.50,13.08
4fb04008f96cb74d5bd6bbc8600cb3fa,1,4534bceddbf90ce5876ec482cc5c74d2,d91fb3b7d041e83b64a00a3edfb37e4f,2018-06-28 15:56:01,16.30,7.87
4feb155d6d4d8b2ba3191d90655f3b99,1,831b1757a9744c37ddd574b5eaa3cc9b,ea8482cd71df3c1969d7b9473ff13abc,2018-02-16 18:28:21,24.99,14.10
4ff360dbfc89fdc00cd35d99cb3efef6,1,fb14dbd8b5d4195d70df81f35b593889,5b33b527da3c5b969cc99dc435cad09a,2017-04-25 04:11:10,29.90,16.05
500ae586f3dab7aba8557a29f0073de4,1,d1c427060a0f73f6b889a5c7c61f2ac4,a1043bafd471dff536d0c462352beb48,2018-04-22 23:55:17,119.00,17.60
503f675df334896d388f06d20d5dc540,1,10070e29929f7c7d609ee3201f236b8e,8a130737016f838139d31878787a39c9,2018-07-16 22:05:20,105.95,18.54
50450e6dcc1a32535adfec1b01e88659,1,9988abe0755ff16f74152f3e6b83626a,bacb1f0ed56ad24198f5810d2b3fe9a5,2017-08-31 19:30:23,115.90,18.06
504b7c1b22122e429928dcd1ecab50c2,1,7d50930301709838d8e90dcac5cfaa84,9616352088dcf83a7c06637f4ebf1c80,2017-09-20 13:10:18,59.90,17.99
504ec2b6f69e898c557955750272d563,1,1095f63b46911593e051ed9a0d31fe87,891071be6ba827b591264c90c2ae8a63,2018-05-13 21:54:31,28.99,5.37
504ec2b6f69e898c557955750272d563,2,23384f296aa1bf6461d22912093a9847,891071be6ba827b591264c90c2ae8a63,2018-05-13 21:54:31,20.00,9.41
508f1058f7c9037c12fa29baf78dc417,1,98d472f20cae77b0c09f282210da5082,b00af24704019bd2e1b335e70ad11f7c,2018-06-27 00:31:40,189.00,18.25
50cb20f783b26639e858a27798b315b6,1,c477957dd9b5f51032f3631c50630585,d0d70d21e2234dd7cd3cf63fe414148a,2018-08-14 13:10:12,54.90,67.52
50dcbb2a2604b38d231b84bde3f62227,1,6c037f9ff2d13c4236a23910ca598f42,0ed6ce5d87fd9c69eaacaeb778d67235,2017-10-13 17:49:32,69.90,16.25
5107023bd9539bd8a56cb295ae688400,1,d9bdf643d95cb89844c0da1a0df1d16e,058fd0aa2bfdb2274e05e1ae971dabb6,2018-01-11 16:36:18,120.00,15.59
5112c764fa2925ae974ee7c77478a4cb,1,89f055104adb9365d7f7b5c475f77742,6b15924333bd1a741595fe981ea04822,2017-06-07 20:05:19,26.90,7.78
512c6d2dd9904e8ce639b106a7689949,1,e4a91e319865c0ed703b608671ec48b4,e81e1f9c3e762e620f3fb60a51499e16,2018-04-25 02:10:51,170.00,82.35
5137f8c3662122707504625d55882d56,1,e0ad25bc5c1a836e8ce38526c92491a7,ea8482cd71df3c1969d7b9473ff13abc,2017-12-07 19:31:07,27.99,14.10
513b6592fe9a0b61ad5be337680b84d0,1,631cc372948b89f0211271f2546d9f44,f0e103c63864d5405b958d984b6e94c9,2017-07-13 03:35:10,79.90,16.32
514290e30cb76393d6623ca6d7d79ee0,1,c6dd917a0be2a704582055949915ab32,7a67c85e85bb2ce8582c35f2203ad736,2017-03-16 19:33:03,99.99,15.91
5154e5ccfca219d687ea397ab3b64f34,1,2002fc3ec2d8a30a7588628fe7aff958,e9d99831abad74458942f21e16f33f92,2017-10-30 21:35:23,30.00,8.72
5156f62d18510bbdc946ebbe9846a6d4,1,f3dadec221142e379d7113915c1d0fa8,e9d99831abad74458942f21e16f33f92,2017-08-14 03:55:47,51.00,14.11
51624e6ae1a0491539baed0f69d34230,1,50fcba527cde578e212f114ba5cfdfef,7a67c85e85bb2ce8582c35f2203ad736,2018-03-28 11:31:15,72.99,23.09
51712e0d3d1de647e512d95dccbe5a93,1,7172a7870fee91850dcbcb1f4de40cfc,4a3ca9315b744ce9f8e9374361493884,2018-02-06 22:49:04,89.90,13.65
51879b7474407f56048b6c36cc3e263c,1,581de99ffa609d5f7b841f0d81df3f2f,e8b4225284fbb02d16f200513f1f395d,2018-07-29 22:15:07,185.49,37.38
518f635a71b22cd5e588f9ba98f6204a,1,3bf95cf337a8c87435a2949c48350fc7,e9779976487b77c6d4ac45f75ec7afe9,2017-11-23 15:50:36,91.49,12.60
519e8e134cd15d39544f56d9ff932d3e,1,e03102efbc2229024c89be731f0aedcb,2c9e548be18521d1c43cde1c582c6de8,2018-04-23 08:52:02,34.90,16.32
51aa2039fc98dc9e49bc883ead78ae54,1,6ea2d74d5dd2317844dd17f16da75a5b,f8db351d8c4c4c22c6835c19a46f01b0,2017-07-06 13:43:40,98.90,21.18
51ffb9765ad7cfe091821ebd4751dc05,1,a4c7e73a8ce075149b5f6592fdd29367,87142160b41353c4e5fca2360caf6f92,2017-09-22 20:55:19,149.00,15.79
520511b04850b7b40c753fb70aca7bcb,1,82caf2c378df511bd246f66917199274,c66dccfb3f109511246da627dd5a2498,2018-04-17 16:51:19,170.00,19.07
5297250ba3bfb18713834a6b28d6725d,1,16ed6a6e3fce23b741650437fe58d65b,e5a38146df062edaf55c38afa99e42dc,2018-04-09 05:50:30,89.18,8.98
52ccb6a04d727e7ccc854dff8458dfb0,1,1743a97176a0bff38a65331fae2306af,e882b2a25a10b9c057cc49695f222c19,2018-01-24 16:16:27,626.00,43.71
52e6cb31e6d1cc5510759fc66b3a5385,1,2c28b6fda526be32ed276b4dfc421acb,e5a3438891c0bfdb9394643f95273d8e,2018-02-27 12:28:19,20.30,15.10
52e71da3bc9b0aabdba702eefe259a71,1,71a033537c0b1b79fc26e6d0bb3bb1a2,391fc6631aebcf3004804e51b40bcf1e,2017-04-24 09:55:18,73.35,11.90
52f166ce5fa053bbb27d317e4fd231b7,1,63085bb4366ded27bcb63cbb59b4103a,5dceca129747e92ff8ef7a997dc4f8ca,2018-04-24 20:30:57,428.00,18.51
531694ee49280f6c3d2febd2c0f5334d,1,1fc6e1729d564ec77eeeb9df95fca74f,20d83f3ef0e6925fd74bfd59170babf7,2017-05-10 22:30:16,59.90,11.03
531694ee49280f6c3d2febd2c0f5334d,2,473ecd4c15ecda05e4044ef14f1f4c2e,20d83f3ef0e6925fd74bfd59170babf7,2017-05-10 22:30:16,59.90,11.03
532ed5e14e24ae1f0d735b91524b98b9,1,4244733e06e7ecb4970a6e2683c13e61,48436dade18ac8b2bce089ec2a041202,2018-05-23 10:56:25,64.90,18.33
53366f56110f65cb92e10f720b3679a5,1,62410fbefbe7df2abf7e6b23e64255ee,f680f85bee2d253556ac91be391d2c82,2017-11-30 17:54:16,779.99,26.47
535981e0e0cb431bfd3a85a4279f03d9,1,aa0d48704d551d1247be98ca06dfa990,d4e12e7884759a14fa0f5f896c791cae,2017-10-19 13:49:24,49.80,14.10
537be38441cb6b55c59979427abe99ef,1,7cee15aa6f33557c7056ba1fee542b79,7aa4334be125fcdd2ba64b3180029f14,2017-10-30 03:14:11,82.99,13.60
5384eba8f22866695801e33c6dc25745,1,a695ab8413ea83619cde9b18292d6aa1,1da366cade6d8276e7d8beea7af5d4bf,2017-03-09 15:50:22,40.00,20.80
53b28c9fd34d5fa0747bfc3032b0a8e7,1,466d263ce8b7bd275003ee2104428127,ef506c96320abeedfb894c34db06f478,2017-06-08 22:50:17,25.99,17.63
53b8913fe5c632a9aa10069a33aaceb0,1,389d119b48cf3043d311335e499d9c6b,1f50f920176fa81dab994f9023523100,2017-11-17 03:10:37,59.90,17.67
5d963a08322bbf0e9d783716d6e9c1a0,1,880be32f4db1d9f6e2bec38fb6ac23ab,fa40cc5b934574b62717c68f3d678b6d,2017-10-04 22:56:16,44.90,7.78
5dbd736e8af7fa0c1c7528c53b2d2f5c,1,12a146749cb72ebfde01a89105df1897,e9779976487b77c6d4ac45f75ec7afe9,2018-06-21 18:31:47,29.00,8.89
5dd47ef6835a273cdef464b77feacc62,1,e0d64dcfaa3b6db5c54ca298ae101d05,4869f7a5dfa277a7dca6462dcf3b52b2,2017-11-30 01:10:16,170.00,16.82
5de59551c282b892ae9ff238fd557145,1,679804d4938f8bf53025298b725f2eb6,e3b4998c7a498169dc7bce44e6bb6277,2017-01-20 16:24:13,32.90,10.96
5dedb012dc056caca4184c7fe7ec5613,1,79c0ace2ccf0da036e787875a49151a4,b32be1695eb7ec5f10f72d9610a12527,2018-02-02 16:37:54,379.00,71.53
5dff8347ba30bf1b9e5d1a1ce778702a,1,05928363cd16fb2d20ccad40992105aa,abe42c5d03695b4257b5c6cbf4e6784e,2017-09-28 11:30:12,439.00,16.82
5e0ff060a686922559e33f8dbe998e41,1,ba1d7e7ee1f055d252a2faa8ea3cea9b,0ed6ce5d87fd9c69eaacaeb778d67235,2018-08-05 21:45:09,109.90,15.08
5e29bb4d91686c8d61f87779502db614,1,4487261e208ce5d3a8d1a997ccd99dcf,259f7b5e6e482c230e5bfaa670b6bb8f,2018-02-01 03:15:48,54.90,7.52
5e29bb4d91686c8d61f87779502db614,2,439d0c278b77ddc4b1488de210c8df35,259f7b5e6e482c230e5bfaa670b6bb8f,2018-02-01 03:15:48,54.90,17.28
5e444d1399cf9f3de87152edcb0ff8d6,1,f109f04ad95889f2f041a91afe3d894e,620c87c171fb2a6dd6e8bb4dec959fc6,2017-04-10 05:55:22,69.90,20.94
5e5235e11bea2c86b1255beb1b7e247a,1,b27ff4b438c93e0dbc08bf543dbe31ed,5cf13accae3222c70a9cac40818ae839,2017-06-20 09:10:16,89.50,16.39
5e73c84a4d8bfcb7f5f1aca946e843c7,1,2a5806f10d0f00e5ad032dd2e3c8806e,7c67e1448b00f6e969d365cea6b010ab,2017-07-18 06:43:48,169.99,49.80
5e7d51bfc94acb16cfcc272c581f85cc,1,c23381297fa734ea441a15d723199fb5,9646c3513289980f17226a2fc4720dbd,2017-11-06 17:06:08,28.00,8.27
5e7f9ee66e56d354635709fe765e845c,1,ccadfeab525a9eb1569983b66e5075c4,33576ec5412fb5905d876f12f33bfde6,2017-10-03 04:07:20,79.00,17.83
5eeef0a291829b4a3e2ebfd8effac242,1,49e1eb2294c024ad435adb2b1de09336,c68fb906c8f4b4b946d8386bfa6e5467,2017-06-18 22:25:18,50.63,15.10
5f0f8a9ceb96ceb90d49907d4c14ac7e,1,f6eda47c88d786adf6f3e3f016833927,5cf13accae3222c70a9cac40818ae839,2018-01-25 12:19:13,99.90,36.02
5f517c344edea684043f8c69608b7f47,1,dbb67791e405873b259e4656bf971246,00fc707aaaad2d31347cf883cd2dfe10,2018-02-28 07:07:36,79.00,12.68
5f517c344edea684043f8c69608b7f47,2,dbb67791e405873b259e4656bf971246,00fc707aaaad2d31347cf883cd2dfe10,2018-02-28 07:07:36,79.00,12.68
5f6d7bc44eb2d1588b7cb6ac202d63a0,1,4b24b35ca762a17e416dfcd4f647c28b,53e4c6e0f4312d4d2107a8c9cddf45cd,2018-06-14 13:13:21,48.00,8.88
5f6d7bc44eb2d1588b7cb6ac202d63a0,2,4b24b35ca762a17e416dfcd4f647c28b,53e4c6e0f4312d4d2107a8c9cddf45cd,2018-06-14 13:13:21,48.00,8.88
5f6e8cf3a5b3483cae7889fc3f452e4c,1,c6dd917a0be2a704582055949915ab32,7a67c85e85bb2ce8582c35f2203ad736,2017-08-29 18:30:14,99.99,17.95
5f78b53dcbc5aa24a395bc521fbf4abd,1,054515fd15bc1a2029f10de97ffa9120,e9779976487b77c6d4ac45f75ec7afe9,2018-08-22 03:35:12,43.00,18.40
60022778f5467e9ba090ac42f6739e90,1,e3217b2b6ec69befdfa1e98962b2565d,71039d19d4303bf9054d69e9a9236699,2018-02-21 18:30:24,29.90,14.10
601316c0f92a0da733702a7b89304189,1,a16a8eed860c19b57d6326c7f6936d3e,596849622429351f47b32e6cae1055ff,2018-08-08 02:05:10,12.90,15.23
6031b4a1dbafab99322d682f7d2070fa,1,9ad75bd7267e5c724cb42c71ac56ca72,8160255418d5aaa7dbdc9f4c64ebda44,2018-01-09 04:16:33,105.90,13.76
60566939937556f587e9c32e761f794b,1,bb50f2e236e5eea0100680137654686c,f7ba60f8c3f99e7ee4042fdef03b70c4,2017-09-19 17:27:51,325.00,23.07
606449909d777e082c5043319f58c6dc,1,23ed7a10a36c6f88a757a9c83df9ea20,a888faf2d1baececa6baf9c3d603ee1f,2017-06-26 15:35:12,449.90,47.00
606a4d197c2fcc7ea1b91a89c0843f1e,1,5411e9269501a870cabf632f05655131,3d871de0142ce09b7081e2b9d1733cb1,2017-11-23 04:26:12,109.00,20.00
60721992ef4cec39824837f08c79afec,1,d1c427060a0f73f6b889a5c7c61f2ac4,a1043bafd471dff536d0c462352beb48,2017-09-27 09:30:16,149.99,45.98
60721992ef4cec39824837f08c79afec,2,c4baedd846ed09b85f78a781b522f126,a1043bafd471dff536d0c462352beb48,2017-09-27 09:30:16,99.00,37.36
6076a8694fc911c2ed0a2bac1c30a9c5,1,5e53af05c040b01584b81b3549945faf,c8467937e403e76a8ee9f0ab13f6f5ef,2018-03-21 15:55:27,29.90,27.08
60829fc61d953ee429eba3f03c9b252d,1,9d8a0e115e802d845b4ce1eb794d1260,d05ae8f7a5bd1d2a690a44cd079e4e27,2018-01-26 13:57:54,120.00,14.59
60b570df9018c6b6441017314a2dd081,1,26320e4682c6a0f297d07f3c74155666,7c67e1448b00f6e969d365cea6b010ab,2018-08-08 02:45:20,179.99,45.25
60b570df9018c6b6441017314a2dd081,2,26320e4682c6a0f297d07f3c74155666,7c67e1448b00f6e969d365cea6b010ab,2018-08-08 02:45:20,179.99,45.25
60b570df9018c6b6441017314a2dd081,3,26320e4682c6a0f297d07f3c74155666,7c67e1448b00f6e969d365cea6b010ab,2018-08-08 02:45:20,179.99,45.25
60b570df9018c6b6441017314a2dd081,4,26320e4682c6a0f297d07f3c74155666,7c67e1448b00f6e969d365cea6b010ab,2018-08-08 02:45:20,179.99,45.25
60b570df9018c6b6441017314a2dd081,5,26320e4682c6a0f297d07f3c74155666,7c67e1448b00f6e969d365cea6b010ab,2018-08-08 02:45:20,179.99,45.25
60b570df9018c6b6441017314a2dd081,6,26320e4682c6a0f297d07f3c74155666,7c67e1448b00f6e969d365cea6b010ab,2018-08-08 02:45:20,179.99,45.25
60d0ff4b039dc85b5b738f59b0b044f9,1,e43311c5b307c31b994c47588c59b168,cca3071e3e9bb7d12640c9fbe2301306,2017-04-27 14:15:12,24.90,10.96
60fb7d6bc05727392e673b4035dfee7e,1,a7c6305655921ed7f446b060ca89e2e7,f45122a9ab94eb4f3f8953578bc0c560,2017-05-18 19:30:11,59.99,26.96
61224c4690fa8613b56e0469cea9415c,1,40c9f84a8919516ca9b0d6a9f5ad27f4,20d83f3ef0e6925fd74bfd59170babf7,2017-09-18 18:30:34,59.90,21.22
61224c4690fa8613b56e0469cea9415c,2,a82a1fcaf427ceabe9df656409d7acdb,20d83f3ef0e6925fd74bfd59170babf7,2017-09-18 18:30:34,59.90,21.22
61417f74f6caf083ff60fa4dc315f050,1,c96dae58447b1aade5e8a7e28a87a31a,1e8b33f18b4f7598d87f5cbee2282cc2,2018-01-25 02:52:06,75.50,11.73
61450e6c8f56d52e46a198e57df7d731,1,717e96fd0fc2d06fe158982bce5e6a8f,7a67c85e85bb2ce8582c35f2203ad736,2017-12-05 07:50:25,229.99,22.10
6145340f417b2ec892ce4c053d245a0f,1,be68ca1484d5bcc92f0949413e5eb445,8bb48dc19fccaa8613b6229bf7f452a2,2018-01-15 07:25:48,28.00,12.69
6145340f417b2ec892ce4c053d245a0f,2,be68ca1484d5bcc92f0949413e5eb445,8bb48dc19fccaa8613b6229bf7f452a2,2018-01-15 07:25:48,28.00,12.69
616349dfee9e27679881b25bfc3af335,1,03a20f79e4c056b48ce29b3e30beb0fb,6fc26fe110feebd80a433e1f012a84f9,2018-02-28 00:50:28,59.00,16.17
6189844031702fdf168d8194d504bc0b,1,bdabd28372ee8e7e7b3a825efd22a8fe,562fc2f2c2863ab7e79a9e4388a58a14,2018-05-04 01:31:13,19.99,18.23
618f64df06c611bd4ea802bafba3e20c,1,d537e54e990d95194a5733e79f1af1aa,4305fe92735c8a43d154ff6dd2b8d927,2018-08-07 10:45:11,139.90,51.70
6192897f85cb2aff6dd1fca56fddb45e,1,c2f3c9eafccd7ee6ea11f24d3e3b7366,c8b0e2b0a7095e5d8219575d5e7e1181,2018-07-20 13:50:12,199.99,19.50
6192bdc9139ad21eb4e63055f1a7c8ce,1,4052517cac9e78357d895976124f6972,ce27a3cc3c8cc1ea79d11e561e9bebb6,2017-07-23 21:30:14,150.00,16.81
61c7b1cf28b58654fe411aaf87fe249d,1,6c3effec7c8ddba466d4f03f982c7aa3,37515688008a7a40ac93e3b2e4ab203f,2017-12-21 13:13:10,24.50,15.10
61c89d7dc798716af59ae91e97643681,1,3e5201fe0d1ba474d9b90152c83c706c,8160255418d5aaa7dbdc9f4c64ebda44,2017-11-30 11:51:37,116.90,13.16
61dffbf220e7df65d65f1ea067fa0b1b,1,33f6041c8435ede933165b29f240531c,b87a7ea0c30fad2dd6781b74a0064859,2018-01-26 20:16:41,66.00,20.86
61e5353969ba519689f085a0379fccda,1,aca2eb7d00ea1a7b8ebd4e68314663af,955fee9216a65b617aa5c0531780ce60,2018-01-11 09:19:30,69.90,20.98
61e7a0e72661ce2a29fef077d8007f27,1,c3097e07a0a5de0d4b4c836d90c5a284,8b321bb669392f5163d04c59e235e066,2018-01-15 06:38:28,13.70,14.10
621f567448cbf2281b22381247c491ca,1,2653c1a28e65f36161bcc73f0ca52727,1f9ab4708f3056ede07124aad39a2554,2018-02-13 02:55:43,174.90,40.21
6227de9611e75b006686710c6a29df35,1,bf666278787c1150f040f26d618c4a9d,4a3ccda38b2129705f3fb522db62ca31,2018-05-08 16:57:10,403.90,20.71
62529dde2b3d81415417822b4bc91581,1,6d5172990dbf91301b99da2fc11c9609,7b7f91e98f8c6def45a1407923304402,2018-04-24 08:30:53,39.89,11.15
625b0b3fa9345b547eac735d4f4257e7,1,22c5ddc22ea8cae84fc9917def682dc6,cc419e0650a3c5ba77189a1882b7556a,2017-09-04 02:04:42,56.99,8.72
626f6424e635c6341bfddf7d53bf3746,1,23df926bdc8477e1ec36c182136411a3,6cd68b3ed6d59aaa9fece558ad360c0a,2018-01-26 14:00:30,35.50,11.94
626f6424e635c6341bfddf7d53bf3746,2,73c4efa86252b055fd99142e4c718043,6cd68b3ed6d59aaa9fece558ad360c0a,2018-01-26 14:00:30,52.90,25.58
62a303159c09b65c288433ea06a99600,1,2604055d4992311bc72b115b6d5adda9,440dd6ab244315c632130ecfb63827b1,2018-04-13 20:10:40,227.00,24.17
62b7574be0b7a8465822312be8cb07b8,1,1a26d40bdbef9cbc3e56226cb622f65e,a2e874074c877c5a05abae80ad6e488f,2017-08-23 02:16:02,275.93,16.44
62c2d78676c10f5c78087b70543d2b16,1,928e52a9ad53a294fdcc91bcf59d1751,955fee9216a65b617aa5c0531780ce60,2018-07-03 02:52:30,130.00,11.93
62c2d78676c10f5c78087b70543d2b16,2,928e52a9ad53a294fdcc91bcf59d1751,955fee9216a65b617aa5c0531780ce60,2018-07-03 02:52:30,130.00,11.93
62c2d78676c10f5c78087b70543d2b16,3,928e52a9ad53a294fdcc91bcf59d1751,955fee9216a65b617aa5c0531780ce60,2018-07-03 02:52:30,130.00,11.93
633500d08d4de68291b91ac828ef3961,1,f74979233a273e0afadf48e39d0c45a4,fffd5413c0700ac820c7069d66d98c89,2018-08-01 02:10:21,94.60,36.01
63566db60bbeb077e5d7c18411674b8b,1,18bbc803715ffa8ec1b58bd3f737fdca,1c68394e931a64f90ea236c5ea590300,2018-08-15 14:04:25,190.32,15.63
635f576ffd2031b8aba271d85a739949,1,b92a7304ebad1ca5b393b53b2de5c70a,7c67e1448b00f6e969d365cea6b010ab,2018-07-03 09:18:23,139.99,24.59
63770e5bb4dbde814360a6e2ac62caef,1,b9a4c42463488180d477e980b5bca0d7,25e47381a6c510ddeb36084e33b89f0c,2017-07-03 03:55:19,109.90,18.02
638407085366c5781b3cf8140fce7423,1,fb55982be901439613a95940feefd9ee,3d871de0142ce09b7081e2b9d1733cb1,2017-12-11 04:19:32,79.00,38.10
638407085366c5781b3cf8140fce7423,2,fb55982be901439613a95940feefd9ee,3d871de0142ce09b7081e2b9d1733cb1,2017-12-11 04:19:32,79.00,38.10
638c67ed7c981ea1b46e45f23b35f4ff,1,73bcea88583002fe12b7399af4ae60da,4869f7a5dfa277a7dca6462dcf3b52b2,2018-04-10 03:10:23,134.90,13.38
638fa07954d987db6c7cc971c365eca5,1,b2fd74298e16eef2568d2f9dff6042c8,53e4c6e0f4312d4d2107a8c9cddf45cd,2018-02-26 23:15:30,79.00,36.06
63ac25fa7a6efd7b94ace6adbb54b431,1,11250b0d4b709fee92441c5f34122aed,e59aa562b9f8076dd550fcddf0e73491,2018-02-07 02:35:37,412.00,20.50
63bd0403bf8eb2bb94cdcf79ce0e5ebb,1,060109450b2f49e4d5c4fdfd3d8ebc34,f8db351d8c4c4c22c6835c19a46f01b0,2017-08-17 00:30:13,20.90,11.85
63d1268ad5a270923a280206fb76bc55,1,2e690251b259bda3d61476c67d7b70a3,2528513dd95219a6013d4d05176e391a,2017-04-27 17:30:20,229.00,23.89
63d2c28920a6381ffb2fff191e6e0ff9,1,1427b126f61597524866770b05d4eed2,f457c46070d02cadd8a68551231220dd,2018-03-07 02:48:23,79.90,17.00
63d38b040204b98309d72e69123de250,1,ac85747ff00cf2a5cb1ef0901c7b21af,8b321bb669392f5163d04c59e235e066,2018-03-22 02:45:36,12.65,15.23
63f1ad378cef16f74bb7480a3a01e3b4,1,3cb0ece3f5f0b8121a53635c9f783aa5,e6a69c4a27dfdd98ffe5aa757ad744bc,2017-12-19 15:10:40,21.65,15.11
64065ff7503353586b3dacf9aec56ae7,1,c33af1c0bec994ff07664ab6dcae7a86,081acf3de680d554796c9cf041be7bc2,2018-01-11 20:48:21,29.60,26.89
64065ff7503353586b3dacf9aec56ae7,2,c33af1c0bec994ff07664ab6dcae7a86,081acf3de680d554796c9cf041be7bc2,2018-01-11 20:48:21,29.60,26.89
64065ff7503353586b3dacf9aec56ae7,3,c33af1c0bec994ff07664ab6dcae7a86,081acf3de680d554796c9cf041be7bc2,2018-01-11 20:48:21,29.60,26.89
64065ff7503353586b3dacf9aec56ae7,4,c33af1c0bec994ff07664ab6dcae7a86,081acf3de680d554796c9cf041be7bc2,2018-01-11 20:48:21,29.60,26.89
64065ff7503353586b3dacf9aec56ae7,5,c33af1c0bec994ff07664ab6dcae7a86,081acf3de680d554796c9cf041be7bc2,2018-01-11 20:48:21,29.60,26.89
641260b6b13348c1853886a738a7f9b0,1,e5fe79a5ccd19d20b3b095bf73cf9b5d,620c87c171fb2a6dd6e8bb4dec959fc6,2017-11-07 04:07:21,369.90,18.35
6413bab2628f99100c492390a5a54231,1,422879e10f46682990de24d770e7f83d,1f50f920176fa81dab994f9023523100,2017-08-17 11:30:15,59.90,13.44
6413bab2628f99100c492390a5a54231,2,422879e10f46682990de24d770e7f83d,1f50f920176fa81dab994f9023523100,2017-08-17 11:30:15,59.90,13.44
6416f07d133c720705c402021f612b58,1,6c3effec7c8ddba466d4f03f982c7aa3,37515688008a7a40ac93e3b2e4ab203f,2017-11-30 19:54:49,24.50,15.10
6428d066760796cd8507fb537438172d,1,830345ab5d2e365c7c6b91459119ea2d,05ff92fedb5be47920fea08e501238b9,2018-04-09 13:35:15,399.20,25.37
6448b940e7bdf635ae69dca1b81077bc,1,17636e3c15333148e25253db631a2d7d,5dceca129747e92ff8ef7a997dc4f8ca,2017-05-12 19:25:18,49.90,15.10
646a1b93987d2552d842a2f34db266fd,1,aa1ae6a4dce8c9a91c5c562d4b84ab3f,bccf933e006e9b94a6184af782963e77,2017-12-08 17:14:35,49.39,16.11
64752052885225751d162ea92222d953,1,ffa7e0cbe11656d11a117b534bb1db27,e9779976487b77c6d4ac45f75ec7afe9,2018-06-18 11:15:19,14.49,18.23
648fd7a88c08b7d6fdf29c28361c87d5,1,d678178aa4291cd25a755a90188375c8,1025f0e2d44d7041d6cf58b6550e0bfa,2017-12-01 03:52:51,32.99,16.11
648fd7a88c08b7d6fdf29c28361c87d5,2,d678178aa4291cd25a755a90188375c8,1025f0e2d44d7041d6cf58b6550e0bfa,2017-12-01 03:52:51,32.99,16.11
64a2b20e6611bf80d933549f4c45ad84,1,044f05bc9de36e8a693a83e4bc79dd0d,ea8482cd71df3c1969d7b9473ff13abc,2017-12-28 02:11:52,24.99,15.79
64c4f910545582c5d0fa5bed30292b4c,1,fcdb929c70287379ce31deed3f733d72,2eb70248d66e0e3ef83659f71b244378,2018-06-11 11:10:46,199.90,44.14
64c61c97b53cc497fd3bf4887d7bbf8c,1,c505337344cd0e2eac331aaf4d348743,7c67e1448b00f6e969d365cea6b010ab,2017-06-16 04:25:39,43.99,17.06
64d142a53c93d55b6809d20d06dcd951,1,55945cf4a4e6def88dcc8996a581608a,9b013e03b2ab786505a1d3b5c0756754,2018-01-31 10:31:45,104.49,9.48
64d6282bba1a1c015acbdcacca391253,1,bf8df11db5850b8590e3cb397f18a916,1771297ac436903d1dd6b0e9279aa505,2017-05-23 04:10:24,28.18,12.69
64fe1a032e48385440b54e5892d778be,1,5ddf71f0c832e1af820031a5a62beb01,080102cd0a76b09e0dcf55fcacc60e05,2018-05-04 13:30:33,18.90,15.23
650db225e0b89075a07e6ca5e4c2d941,1,80c2ccc80085da41e8c055401fef8e3d,066a6914e1ebf3ea95a216c73a986b91,2017-10-25 11:06:23,575.99,37.39
6561b237241a2fbd514d45440cd1b349,1,194163a8a65a48a8c95623c399a9d4a7,0c8380b62e38e8a1e6adbeba7eb9688c,2017-02-09 13:00:58,99.90,18.98
657e64a0e86917e93318c0c3159bec13,1,e7db7c40ea6647c808d48581f1308d88,1d8dbc4f32378d715c717c1c1fc57bae,2018-03-22 03:31:19,109.90,15.62
657ea9232c582c9e40330a60f68dc189,1,111d0b1e69f349615615113cf6b275fa,6d66611d7c44cc30ce351abc49a68421,2018-08-16 15:55:18,27.90,19.39
658028ee7633b50e656cea96a31274b1,1,64b4f32393cbf55be791078e7a2adca0,612170e34b97004b3ba37eae81836b4c,2018-07-26 09:35:12,119.90,15.94
659c757231085ed35dafa16a50fa16e8,1,582c166bb305eb330d28695a084720c1,391fc6631aebcf3004804e51b40bcf1e,2018-02-08 20:56:08,772.20,49.87
65b083a73802b06ce985dcc501f63181,1,b00a5c58d3c4139cf67ccae61feb43f8,7142540dd4c91e2237acb7e911c4eba2,2018-02-15 18:25:42,429.90,31.41
65d9b3fd87de7509d12d3cd45c661269,1,e11b7abd9eb82a586a144e97594bc05f,ef9952469137ff190bacafe117f51537,2017-05-24 08:30:14,207.06,17.89
65efd756608003e865eb8d80f66a3ebb,1,2afd040779d1ce6295b76d092b048066,6c177e38df6d3f34182b1f1d427231bf,2017-03-13 23:34:02,169.00,16.48
664fffdda32d46c6b21de73112d0a468,1,4fe644d766c7566dbc46fb851363cb3b,c31eff8334d6b3047ed34bebd4d62c36,2018-06-19 18:58:51,99.90,11.79
665bf879d521fe72a93430b55f6d5e54,1,e59dd207c69d86e890febadc796d1078,e9bc59e7b60fc3063eb2290deda4cced,2018-05-04 10:13:39,148.00,26.41
6666c6388feee9456acf73eb0c0b2e6e,1,5a2c5357841ae997771d179eee3f2027,7586919161935337bf6b6d7ff5779648,2017-08-01 02:25:33,154.90,15.83
6666c6388feee9456acf73eb0c0b2e6e,2,5a2c5357841ae997771d179eee3f2027,7586919161935337bf6b6d7ff5779648,2017-08-01 02:25:33,154.90,15.83
6666c6388feee9456acf73eb0c0b2e6e,3,5a2c5357841ae997771d179eee3f2027,7586919161935337bf6b6d7ff5779648,2017-08-01 02:25:33,154.90,15.83
66797603772acb9fffb18082921fd797,1,1a57051039dca27521c83e2212042176,827f8f69dfa529c561901c4f2e0f332f,2017-05-16 09:55:17,35.90,15.10
66a7368cc39c6a3e93415aaf9e9b863a,1,f9fde29df32a1dba73a3b1075c9a6f3c,b127efdabeffb5d559349c7b172eb75d,2017-05-23 14:42:23,30.00,13.76
66a7368cc39c6a3e93415aaf9e9b863a,2,4bc35700c98f8213fe67fa61ebf4c811,0ea22c1cfbdc755f86b9b54b39c16043,2017-05-23 14:42:23,79.90,18.34
66e5fb8842964acac96f3e4afd13b27d,1,cd46a885543f0e169a49f1eb25c04e43,710e3548e02bc1d2831dfc4f1b5b14d4,2018-02-15 11:48:18,99.99,17.95
66f1a7baf73c12eb3af95058da54b6f8,1,b993dfaf418915ff7d0aa74016f030f7,827f8f69dfa529c561901c4f2e0f332f,2017-01-24 22:11:31,34.90,14.11
66fc85fce01ca94d68a669ad2f78c035,1,6e415cdc78febbdbe465df65d52dbc19,20a8b0dc55da94fe74d112082427c84f,2018-08-09 12:05:15,49.90,8.51
67009d1f213f762960c97b4f8629159c,1,0b2c18d8e73e17348a011241525cb089,6560211a19b47992c3666cc44a7e94c0,2018-01-25 11:57:49,199.00,17.83
670f31d9ca85d0b5430d0dc8f1d843c0,1,ef8856db4e302ad33dc4d91e40f7593c,dbc22125167c298ef99da25668e1011f,2017-08-30 18:24:24,106.90,14.48
67332434603362ce9e1894a63211232f,1,990ddab43ee46a1a76436796f92470d4,0b90b6df587eb83608a64ea8b390cf07,2018-03-01 02:51:43,108.00,16.52
67332434603362ce9e1894a63211232f,2,990ddab43ee46a1a76436796f92470d4,0b90b6df587eb83608a64ea8b390cf07,2018-03-01 02:51:43,108.00,16.52
67384b4952e4e9da609ba03e96b87394,1,9a98180ffbd0765e89f11cc8dd2385f4,0c8380b62e38e8a1e6adbeba7eb9688c,2017-03-15 10:42:24,74.90,14.29
6739ec850ef337d6dd99504b01b4574b,1,e2c3ed9aaddfd2312a6a5fe9b3ddadd3,46dc3b2cc0980fb8ec44634e21d2718e,2017-10-31 02:08:07,99.99,16.95
6744ba320cc05c157f4ce99347a87e12,1,1ec486885049bbb9b79351d150ed18c4,cab85505710c7cb9b720bceb52b01cee,2018-05-11 04:31:54,49.90,7.39
676e56b18ff6a72033c922409a9d3a02,1,19c91ef95d509ea33eda93495c4d3481,06a2c3af7b3aee5d69171b0e14f0ee87,2018-07-13 13:31:12,122.99,25.21
67a3eb1dd398761dcbd4773e7d811cf6,1,45db4516caf5bf0516fb08b73fd14d1e,f262cbc1c910c83959f849465454ddd3,2018-02-26 17:55:22,26.99,14.10
67acbda15487a0495068196ebdfbbcf7,1,e6a516eb66cb5fa9e8854ed738bea934,4e922959ae960d389249c378d1c939f5,2017-04-05 19:42:56,75.00,16.23
67c4fb37550e156c42ebafde460fa354,1,06ce9c3e61c7a07f872f8317a7dc534d,2089a6d640999f9b9141ac719b2af596,2017-05-17 18:50:20,98.90,15.44
67f2c83aa137c06c89e1dc2a057d0140,1,e24f73b7631ee3fbb2ab700a9acaa258,0cbcee27c791afa0cdcb08587a2013a8,2017-11-13 22:50:35,142.00,18.24
67f693e898f3412e68ecfa0035a3b0e2,1,3bebad3cf2c8d1a8d3ce97174643e054,955fee9216a65b617aa5c0531780ce60,2018-08-28 02:45:16,32.00,8.38
680caaeaa537d89cb256b5538bd02773,1,8370300e444c4394d3c3f878606a9601,4869f7a5dfa277a7dca6462dcf3b52b2,2018-08-20 14:15:17,299.90,20.20
68129c60d17ca69bb5fb45039751eb42,1,66a0a6e02b7f543e5b021ce361f267d4,7a67c85e85bb2ce8582c35f2203ad736,2017-10-13 16:49:36,119.99,18.09
6814e5323f3559890d60955f42d2c8d7,1,4bb4fb9c85785b75ab4f6559900c7ca1,ef506c96320abeedfb894c34db06f478,2017-03-28 06:33:39,37.99,14.11
6836068790e98af482ed0d16fa65d535,1,f48d34d7fa5828bde48c15d602f26aa7,391fc6631aebcf3004804e51b40bcf1e,2017-08-14 20:30:17,179.65,26.10
683ec1680537670578142e56f09c58f2,1,fb55982be901439613a95940feefd9ee,3d871de0142ce09b7081e2b9d1733cb1,2018-01-17 15:27:52,89.00,13.64
683f04dde2c04fd7b5a1a520a4abe379,1,49e15e6133b2f4e4fccb783a8e716707,ef506c96320abeedfb894c34db06f478,2018-04-02 08:07:33,22.99,7.39
68442190a6c60659698fde46bcaf0e9e,1,53759a2ecddad2bb87a079a1f1519f73,1f50f920176fa81dab994f9023523100,2017-07-12 21:25:15,59.90,17.67
684c3c1d1b032d52568994de2b76945c,1,0dee0be4ceb243fbbb1d185e5f08012d,36a968b544695394e4e9d7572688598f,2017-09-04 12:25:16,79.90,16.32
688c85d1e56b382a67c05b5807521e92,1,817e1c2d22418c36386406ccacfa53e8,624f4ece8da4aafb77699233d480f8ef,2018-05-21 04:12:18,159.00,10.76
68a001baa8dbd45ba5096b470f57a498,1,3e96989101b99f1189a9f03bdd29464e,41ab63a91b8b264e8c8780368bf1dd5b,2017-10-30 18:45:47,45.00,14.10
68b3b77e74b7ad7bb9d25331580ddcdf,1,73c15f15e628e4ec389e0ed1cec48b15,9baf5cb77970f539089d09a38bcec5c3,2017-07-14 18:45:20,969.99,51.25
68cb8888858976265e5e4110f76574b3,1,cb2a50959c992d8d56a80c45b59e0441,86ff3eaef0267069cc891a2ed9d10a17,2018-04-23 15:31:06,22.49,13.61
68fed8c67c135afe92f670687163fafb,1,612333e41128203342c1dc089808f3ad,e9511df20ccd82658a30c37b7fb343af,2018-05-29 08:54:56,86.60,19.95
6942aa7dee89fafe04b6ff790e74912e,1,02ee0862685e90b57cc241b7c9885f95,fe2032dab1a61af8794248c8196565c9,2018-04-16 03:55:26,209.00,19.00
6952ede229b1cee2808b13094179d822,1,89321f94e35fc6d7903d36f74e351d40,16090f2ca825584b5a147ab24aa30c86,2018-01-29 13:37:00,27.90,11.85
695eed4f6656d10f32a49760523169de,1,cf78006a2a6b0429b9663edd99bb38f9,710e3548e02bc1d2831dfc4f1b5b14d4,2017-02-18 19:54:06,299.99,17.21
69727f8e9f934f9177e36f31d1865c2a,1,e070a61270050c4b1b704300f331cca6,66922902710d126a0e7d26b0e3805106,2018-04-16 04:10:18,56.00,14.47
697fd318644f987187c9cde4ab05bb67,1,595fac2a385ac33a80bd5114aec74eb8,289cdb325fb7e7f891c38608bf9e0962,2018-07-27 01:55:08,118.70,15.93
69874f1392bc9898f11b59d0a735ce70,1,86cc483076c38095bbfd41ca7b4e8bff,272f092de69afedd4d2969440b37f18f,2017-02-18 16:28:33,34.95,20.80
69de6dd68bcaad14dda6d5e33e45bf98,1,601a360bd2a916ecef0e88de72a6531a,7a67c85e85bb2ce8582c35f2203ad736,2017-06-08 01:05:30,129.99,17.16
69df1d467702671ed04aaa60c5996701,1,2b4609f8948be18874494203496bc318,cc419e0650a3c5ba77189a1882b7556a,2018-03-18 23:20:28,89.99,8.98
69df6146503dba833ea2ae56237acd97,1,ee6c49af1a2de55aa0e076257ab4ab99,1c68394e931a64f90ea236c5ea590300,2018-02-27 22:46:46,144.41,17.45
69eb0d3bb4ae91a60f10308d63fe64f1,1,e7be44ed7d763eb6ca1fa75279ddcee9,cca3071e3e9bb7d12640c9fbe2301306,2017-03-13 18:45:11,19.90,14.52
69f57d3eb1a981a8fd71d99c39bb6109,1,fad4e554c85c77f187ef2c6744495d31,b6e1504972665f739dec4facb9943775,2017-11-03 07:50:08,126.99,15.64
6a13517381ec12deba06f6a117428702,1,404c6e8590cbb06f8c5e911d8a90b1e5,8f2ce03f928b567e3d56181ae20ae952,2018-01-16 20:52:21,169.90,21.68
6a1ef716317c7b4817987c723669c2a6,1,7d854ab97c64ef9df2bbfaf332765786,aac29b1b99776be73c3049939652091d,2017-09-11 09:25:14,64.90,25.29
6a32c701681d4c31dac221f9a2848c80,1,83bfae859f4a37b048a3abcecb17c506,b6d44737c043328708f6749c2dbe50bd,2018-04-04 03:09:12,85.00,21.67
6a3bbd282ed61602136e45cb799f5e80,1,79366d6a24de9351b7ca6e3cf75a68ec,cc3d14116804f7209f3884f6367f1152,2018-01-30 21:38:25,193.00,29.75
6a3bbd282ed61602136e45cb799f5e80,2,79366d6a24de9351b7ca6e3cf75a68ec,cc3d14116804f7209f3884f6367f1152,2018-01-30 21:38:25,193.00,29.75
6a45bd0eaa9f36460b442d6c149fb97e,1,9545d45c37449ccbc376de3a04c66e71,431af27f296bc6519d890aa5a05fdb11,2017-08-02 13:30:25,116.90,13.84
6a5a302850fcda00dc96d742bcb810f2,1,89321f94e35fc6d7903d36f74e351d40,16090f2ca825584b5a147ab24aa30c86,2018-03-23 13:29:30,27.90,18.23
6a756c298a96106ab0907b1b1df28e31,1,58efb9b638561ce132216a9a612513e2,701938c450705b8ae65fc923b70f35c7,2017-04-24 11:45:19,103.97,24.01
6a9220b640ac4965f3f64a46a1f340b8,1,461f43be3bdf8844e65b62d9ac2c7a5a,b33e7c55446eabf8fe1a42d037ac7d6d,2017-11-22 23:46:14,146.00,26.30
6acce0b54d9a0e8dab044bda974b383a,1,e0d64dcfaa3b6db5c54ca298ae101d05,4869f7a5dfa277a7dca6462dcf3b52b2,2017-10-03 03:05:05,158.00,21.60
6ae192daf1b6e9b99225e7300b79df48,1,d6160fb7873f184099d9bc95e30376af,53243585a1d6dc2643021fd1853d8905,2017-09-08 20:54:30,1300.00,38.51
6ae8d599fd407bfba5bce00a72c32544,1,6cdd53843498f92890544667809f1595,ccc4bbb5f32a6ab2b7066a4130f114e3,2017-08-01 13:10:18,349.90,29.30
6b0bd2c2e59c7fb169874fbfeed4441a,1,27e16487e531314a52b2c29f94ce1231,d12c926d74ceff0a90a21184466ce161,2017-12-14 16:53:25,39.90,11.85
7474d7f84129b6a4fef9e0cb53e2a081,1,d692d19cee022f7acab76373f297ad6a,00ee68308b45bc5e2660cd833c3f81cc,2018-04-19 13:29:50,119.00,11.46
747c10818501d15381c0718ba37eb2da,1,cfd652b39b87b4e06cf4ea106a32db47,7a67c85e85bb2ce8582c35f2203ad736,2017-02-17 20:37:21,129.99,19.50
749238696f501c747fe013b2a5fa014c,1,163e6400e6dadd0fe04775c5e9331fda,855668e0971d4dfd7bef1b6a4133b41b,2018-03-02 16:31:21,50.00,18.89
74b688473b5a7667bdef6423f7508177,1,99a4788cb24856965c36a24e339b6058,4a3ca9315b744ce9f8e9374361493884,2017-05-12 02:15:37,89.90,11.24
74c7a458cadc2f76c4ec8354d32d0d9d,1,f788dd44fc883f0664693a6dea50437f,3d871de0142ce09b7081e2b9d1733cb1,2017-11-08 13:15:20,39.00,16.11
7516210b50a463ba7955ad0d32b9f012,1,c20a3f598c16d77249da67e81caa8317,955fee9216a65b617aa5c0531780ce60,2018-01-18 02:48:19,42.00,15.11
7529dd1778a9d75bcd367a8ddc1e9d14,1,3cebb9158a3aa0b3f78ee0f934c9f032,7008613ea464bad5cb9b83456e1e6a8f,2017-10-05 21:07:02,59.90,17.67
752b45c0651b32a09e039fa03504d3f0,1,beaf3fee881a18c9b8f551d4fc88f90b,6df688df543f90e9b38f4319e75a9d88,2017-08-16 13:03:41,25.73,13.37
752c20debb41dbddf6f5898e8d83e766,1,db135cb6b62b43f71eda83dc6daff2fc,dbc22125167c298ef99da25668e1011f,2017-06-29 18:30:14,68.90,16.24
755eebcb667b0fc5148bdcee47fe9f28,1,38907b29879ddc50f67e714102146e61,dc4a0fc896dc34b0d5bfec8438291c80,2017-05-22 03:02:49,59.90,11.92
756707b801841459446c7e0e8c0862bc,1,3e7ca2ff3d372303c5773c8018746fc2,05f51e13da97139648b8125c31e5f51b,2017-10-25 10:14:32,64.99,15.20
75c65b37911c3543a4efd45a45ee4a92,1,7ca842c587021040e7e0135fac921602,17e34d8224d27a541263c4c64b11a56b,2017-09-13 18:35:11,114.62,15.55
75eb778608f606e7f4b3cbf2092be146,1,6131240aedf34224270cd6f07e8229e4,6edacfd9f9074789dad6d62ba7950b9c,2017-09-14 09:35:08,39.90,15.10
7643fb0ecfc2447d800aa40f62ef7fdf,1,f75b94ae22e65bec6b67d9652ef8387c,9f505651f4a6abe901a56cdc21508025,2018-01-19 17:29:37,29.00,15.10
76947ee86f94611940effa93c62ccdc0,1,c24f692e0f20f854c24c31517610ba7c,7813ea3ebd9411dc600b4dd01f7a97b9,2018-02-12 12:56:17,201.60,8.67
76b1653b8b73dfc5eee0a0cb25c88801,1,99444c1e11fc38755dae86f5c67d3d1a,d2374cbcbb3ca4ab1086534108cc3ab7,2017-10-27 13:14:46,49.99,16.11
76ef2fe6ef1b33ffff4a14e2b49abb9a,1,de41a36499155c8c19a9eff9e8f7d52f,822166ed1e47908f7cfb49946d03c726,2018-03-01 18:27:32,18.74,12.35
771d515757315655434c93d52615af6d,1,0ce1e35bdc6af7e582e7ef9363e29b5b,db4350fd57ae30082dec7acbaacc17f9,2017-05-30 22:45:18,15.99,14.10
7727f2b370c8c7e236872c980d69968f,1,9da950e8c8c482441f1b93955b21c827,ceaec5548eefc6e23e6607c5435102e7,2018-04-26 14:51:55,215.00,22.59
774948f6702fc1d316b81f28fea3de9b,1,5c59756861f289b773f83871924200eb,54965bbe3e4f07ae045b90b0b8541f52,2018-06-12 16:52:49,94.90,26.74
774bdf79f367d25dd36a9e0a8c739423,1,5b95b27af12b245754e70df7e16d53e1,f44b6f775a2b390380e0e30b5c9d3eee,2018-08-30 14:04:18,119.00,18.63
775dfb31da346e5cf77c2fda51ae7bd4,1,dca8cbb1c9d8a2db0fbc0c36b8d1a7bc,6560211a19b47992c3666cc44a7e94c0,2017-10-26 19:56:26,89.00,14.37
776a18d9c6d83661a0f788e219f4acba,1,b393557cfddb0818ae60d6aba7a82822,de23c3b98a88888289c6f5cc1209054a,2017-10-05 02:33:29,179.90,16.02
776ad95dfcf33ceaf3651251cc75e020,1,3fbc0ef745950c7932d5f2a446189725,06a2c3af7b3aee5d69171b0e14f0ee87,2018-05-04 10:55:18,64.99,22.95
776cdb75db89297ce0fd26c15adac1a4,1,11f5b5f05fa5e1a6084d240310fac08c,04308b1ee57b6625f47df1d56f00eedf,2018-07-19 18:30:21,249.90,28.05
777b4b0b8467866361a717d277ef1b1f,1,da051bd767b7457572d55aba23fd846a,6b3bd31ad8fcda4b2635ec9f3ff2ecdf,2018-04-08 23:10:16,69.90,24.62
777f517b51cac586a9532d1d8b596c10,1,f8328e9125f089a968fc6b36116c4bb9,0ef83d7d83ed97cd2a0049ac8be5f88a,2018-03-02 18:50:48,129.46,14.66
77840c00dc79e7841ea2e4b1de1f21e8,1,368c6c730842d78016ad823897a372db,1f50f920176fa81dab994f9023523100,2017-12-04 02:59:26,49.00,17.67
7786642062339870927e5c0dd845985c,1,aca2eb7d00ea1a7b8ebd4e68314663af,955fee9216a65b617aa5c0531780ce60,2018-03-08 22:35:31,69.90,19.98
7798ed7e55f7cf0896e6a09f442c69cc,1,5aed97dc60ce5882eff4a75e0d502b58,4c498c7345e89aebad651544829beca0,2018-01-29 03:52:55,34.90,14.10
779b6f84b404177ab8f8f5cfd0137216,1,b5e13c9a353102f79c6206ff5cb61a50,a49928bcdf77c55c6d6e05e09a9b4ca5,2017-09-26 10:45:20,79.90,11.76
779b6f84b404177ab8f8f5cfd0137216,2,b5e13c9a353102f79c6206ff5cb61a50,a49928bcdf77c55c6d6e05e09a9b4ca5,2017-09-26 10:45:20,79.90,11.76
779e0845b9e541376ce3e8120c548cb7,1,27e9b49fde45d10aeb0ec54968eff703,6560211a19b47992c3666cc44a7e94c0,2017-10-06 09:14:10,45.00,14.10
77af7c6e42549e58f42977d5be538d0d,1,97afd188bb555122d11925deb0052174,fdaaf5bfda82b7b80535610c831b8d09,2018-03-14 17:10:55,109.90,18.65
77ce4c372403e8665d37213cf52bda56,1,b60856ce32d90658dbf99b9485327c25,8b321bb669392f5163d04c59e235e066,2017-11-30 15:54:40,9.00,11.85
77d599900cf351da04c8d0f7b5ade74d,1,0fc9a9ac471336734e8617de0b3c9ae1,52092ddbd3a58c450a4459bf051b2287,2018-01-25 14:17:19,149.00,14.06
782280edec0182ee4b1e2cff514fc712,1,c0315bd17c58be3dec2bd04dd4233b7e,37be5a7c751166fbc5f8ccba4119e043,2017-09-19 11:55:41,109.00,18.04
78288ea406e8bdc11d35c15f1ac36931,1,349ce46a0e2e20054aa9d80c48af8816,d6b1ce66b035a475f00c017792ff9769,2018-05-18 18:30:35,179.99,9.73
78376bf275535930db73f00a985ef199,1,b7d94dc0640c7025dc8e3b46b52d8239,9c0e69c7bf2619675bbadf47b43f655a,2017-06-12 08:35:19,175.91,10.65
7844d511767a3dbe9411602e49a0ac38,1,ad7c531c2001111873dcfed9d8317439,7a67c85e85bb2ce8582c35f2203ad736,2017-09-08 18:55:10,59.99,17.67
785c89d4e249aa8f0ec838dded807fd1,1,ad2037645597db38527fe3afbe226af2,e9779976487b77c6d4ac45f75ec7afe9,2018-01-11 13:29:31,55.49,9.94
785e849a702dab4672f0febcf4c1afc5,1,d9235fea02ba3f9fafcd78d898ac4355,dee656f0f566ed1aa85bd137c943f08f,2018-04-20 19:31:22,120.00,23.42
786cae661e4ef4209fe7721d5b85cc7e,1,c68252426f70e1434cf6e465d7cae869,b1a81260566c1bac3114a6d124413f27,2018-05-14 07:30:55,169.90,22.90
7877ed505dd8f07c03e570b146b1fbae,1,7736ea239e147291f6adb766c992beb1,d2374cbcbb3ca4ab1086534108cc3ab7,2017-11-23 20:31:06,15.90,11.85
78b5b205705f30bb989c4a6c7f8822e4,1,10335f29114548c89998eb43398f58e5,6560211a19b47992c3666cc44a7e94c0,2017-12-21 17:31:18,89.00,7.88
78f48d9a0bb09969516a9fb25e05311e,1,86c43103446290e7efacad3701cd654d,6560211a19b47992c3666cc44a7e94c0,2017-07-24 14:05:33,35.00,11.85
78f48d9a0bb09969516a9fb25e05311e,2,86c43103446290e7efacad3701cd654d,6560211a19b47992c3666cc44a7e94c0,2017-07-24 14:05:33,35.00,11.85
78f62098f3fbba55d5a6fc9b2e072cc2,1,b5e13c9a353102f79c6206ff5cb61a50,a49928bcdf77c55c6d6e05e09a9b4ca5,2017-12-11 15:14:53,89.90,17.88
7900ff338051fc207475b59ae5465060,1,450a44fbb7995e0ace31991a2bb05470,1b8356dabde1d35e17cef975c3f82730,2017-09-05 15:32:54,32.99,17.60
790a2b1cebf279ed28bf91f4fe91478c,1,14814051ee1f5b23865b40f70a259d59,13511db12ac61e2f89c53b72a944a60b,2018-05-31 02:31:20,134.00,51.59
7911b64405b6667c48cb3f1334f85432,1,16b06ede456b922e56fbb4b3818aa875,0ea22c1cfbdc755f86b9b54b39c16043,2018-01-26 14:03:22,34.90,14.10
791ecfcf358d8482338314a266c01fc4,1,7b10697c2c3686763958e2c55e8fe2b9,d23019c84ffae2d5ef2270367b8605fc,2018-02-07 23:33:35,79.00,17.03
7dbdda97c8aa87c003f73602c45e4f90,1,a4fbb3775a887454ad56b9b912b526fb,4a3ca9315b744ce9f8e9374361493884,2018-04-02 17:48:40,135.00,27.03
7dc2cd8c070cb20ae535d75d107741de,1,5b2b72f58d212a6e4733884ef0ece564,dc4a0fc896dc34b0d5bfec8438291c80,2017-06-05 17:45:16,269.90,22.38
7de5a6bdd0de17b60a6ca664159c18ca,1,ce28e83906c41f4170cf100324d80811,77530e9772f57a62c906e1c21538ab82,2018-03-14 16:29:59,49.00,17.06
7dfbacd668c23f1d45720c457f2aaa70,1,4ddaadd618ebc681d6730057c360ab8e,aafe36600ce604f205b86b5084d3d767,2017-06-02 11:02:25,110.00,19.01
7e033da6e10e6a9866ae65fb7e9bc379,1,833b7baca432a26ccfc3e3eaa8271519,b372ee768ed69e46ca8cdbd267aa7a38,2017-03-30 11:24:06,190.00,17.03
7e033da6e10e6a9866ae65fb7e9bc379,2,833b7baca432a26ccfc3e3eaa8271519,b372ee768ed69e46ca8cdbd267aa7a38,2017-03-30 11:24:06,190.00,17.03
7e052adff60e437b0c8537498c146c84,1,d189fbf8b5d79a670cebcaaad68d77b2,0d85bbda9889ce1f7e63778d24f346eb,2017-08-25 11:15:08,59.90,18.04
7e17bef0b77734da366177cd331ed66b,1,aa280035c50ba62c746480a59045eec4,fa40cc5b934574b62717c68f3d678b6d,2018-03-05 14:10:57,30.50,7.78
7e1aa5eb9a99e5ea0681a7dd4bf95e08,1,aa6a696816c69cb3bffdf42d62642a80,897060da8b9a21f655304d50fd935913,2017-08-24 18:30:17,42.90,11.85
7e28a3542ea8306e42298ea3718222ee,1,0fce35c0b7338bda3e52e2389f0c0762,391fc6631aebcf3004804e51b40bcf1e,2017-12-21 16:53:45,149.98,17.76
7e3fe9574a9ef4caef1b086d2abfd412,1,b44ac72ece514e2e7985803cf7cefbc5,0ffa40d54288e4f3499b8780dd0f144f,2018-01-30 15:08:01,22.00,11.85
7e41633529000f80967da24083bb6c1c,1,d1a7965ac8d6ae62c9c1984434227cb6,87142160b41353c4e5fca2360caf6f92,2018-07-30 21:10:17,69.90,23.29
7e52ab2aaf4fd6b758bf18e6295b2bbc,1,81de659bfde3389fc8614bfba92e585a,1025f0e2d44d7041d6cf58b6550e0bfa,2018-08-16 14:15:10,230.00,75.56
7e8a02cddca8f2dccebedb8b6b75ba5b,1,8844bd4b8ca8f93603694ca2bceb77e9,cc419e0650a3c5ba77189a1882b7556a,2017-12-12 13:58:27,84.99,13.15
7ecb65884485f612cd43998556999634,1,634256dbcd184b3757ffd7632c9fe52a,42b729f859728f5079499127a9c2ef37,2018-04-05 14:15:19,24.90,7.39
7eceac74a363199f9c55074132fb8641,1,d493f5a208254fe85b3ab55d898461a1,9b013e03b2ab786505a1d3b5c0756754,2017-11-03 02:55:51,20.49,9.27
7ed980a67023306cce5ada7078003bc6,1,4e3f399366b0047a572b6682f9bb166e,5f3ae9136c875522250f8184f253413a,2018-08-14 08:05:19,14.95,7.39
7efcc78e753fc4f4bf1a4c52af34eeb9,1,e59dd207c69d86e890febadc796d1078,e9bc59e7b60fc3063eb2290deda4cced,2018-05-04 10:35:16,148.00,9.91
7efe7d821a28e5891395832097475428,1,7c2d0df8e5fbfa71d54a400b33a8502e,7e1fb0a3ebfb01ffb3a7dae98bf3238d,2017-04-14 13:45:18,116.00,14.98
7efe7d821a28e5891395832097475428,2,7c2d0df8e5fbfa71d54a400b33a8502e,7e1fb0a3ebfb01ffb3a7dae98bf3238d,2017-04-14 13:45:18,116.00,14.98
7eff82e591eb71184b50c3dfbfc7fd45,1,fc8595227785863846b7daa2ae3f2c9b,db2956745b3a8e9f3785c99f34b5d25e,2018-05-04 03:51:07,118.00,9.12
7f1308d4daa38317363931054a0358f3,1,1837cb3869c5eca2fd665cffd1ec1854,e8b3a3a38279a82f0e5d006d5e5b7d2c,2018-02-21 09:30:43,99.90,16.46
7f19df33207d507c5b83aef798aff0d2,1,84f5c4f480ad6c9998d6a6860f1a2e41,282f23a9769b2690c5dda22e316f9941,2017-12-07 02:51:28,39.00,16.11
7f1dd57d5e14f6ee8a3946e2f58b5396,1,78f29023586e374cdc3773ce0af6bd2c,960945e1a9535cbc0cd6ddd35fbe7ae8,2018-08-21 19:30:10,130.00,13.21
7f40788714e03b8dda5b7ced37a77e37,1,544ffb995c65fbbe68f36f36e388dede,229c3efbfb0ea2058de4ccdfbc3d784a,2017-08-08 14:10:24,167.00,15.93
7f685e08cef9cb9c0d7dfff90ece93d9,1,9348cf658c9f20576186a9f3b82c58c3,7dc8c42cc750eeafea6c85712ffee9bf,2018-05-17 10:31:24,49.00,10.63
7f685e08cef9cb9c0d7dfff90ece93d9,2,f72c05c5dadc3a4e05bdc5a92520f66e,fa1c13f2614d7b5c4749cbc52fecda94,2018-05-17 10:31:24,139.00,10.63
7f81a8a172eddc4f7afaf02eb94ab824,1,1f39e56ddd4944595b9a7d9d7e4e16f3,2b5ed0c9139dae8883a200dfcb272ece,2017-11-16 09:46:24,21.99,13.08
7f949bbc94c8580ad60e90fd93358395,1,bc74f63361c15c1a5baa5b97ac432e62,4869f7a5dfa277a7dca6462dcf3b52b2,2018-02-21 19:46:36,199.00,16.14
7f9b0e95f333a0afb5cce5b78afa17c5,1,ee0c1cf2fbeae95205b4aa506f1469f0,cc419e0650a3c5ba77189a1882b7556a,2018-05-08 10:13:36,44.99,12.79
7fa26263c600a79bed73952426428e65,1,ba6c0daba35afe2ee11400da4ec7b3a4,d566c37fa119d5e66c4e9052e83ee4ea,2018-05-09 16:56:31,56.90,19.37
7faf49d330e4e0fca17c5a17b339bd4b,1,a62e25e09e05e6faf31d90c6ec1aa3d1,634964b17796e64304cadf1ad3050fb7,2018-06-14 20:28:18,105.00,52.86
7fb803b61e1301dc6887ef9d54cfcf26,1,f734cc43e615be8b85d014e3c5b52a3b,ed46f1eb4a638113deb2a1137b5f22e9,2018-08-02 16:10:25,1150.00,87.28
7fd1ad3183dcd535e1fbbd709f095a4a,1,ec2d43cc59763ec91694573b31f1c29a,1c129092bf23f28a5930387c980c0dfc,2017-10-23 03:56:29,45.90,16.11
7fd7130d7e48470b9e4782edb0401a44,1,b59b5899ecf4bcc294a72fdd48adaa94,562fc2f2c2863ab7e79a9e4388a58a14,2018-02-08 02:53:53,29.99,15.10
7fece9c7487cb93f6d37df78e2283d07,1,dd841bf589f05e0948ddb0c8d2c749ab,77530e9772f57a62c906e1c21538ab82,2018-04-18 11:15:25,119.00,27.38
7ff5516d271630c6a60fa2fa469d7b89,1,f0a7113644fce6d200240a1d0dba2b9b,78c99c6dff4eeae5be99bf635ed21e3f,2017-08-24 16:50:10,55.90,13.41
80028e205983856e71a9cc12fe99d17a,1,41c24b8ce92d1a2cac62db5edfd088b2,4869f7a5dfa277a7dca6462dcf3b52b2,2018-06-11 16:50:35,98.00,13.13
802a4ce6a0333eb94effff686abc8f27,1,e2e426d1332240070b0a836a854d057b,cce6ab8d1682639fe45ab70234f1665f,2017-06-16 09:35:15,34.90,17.60
80341e701b91f4e9f068a3ec40fb0440,1,6f66ef344e1db8560c3d036ee214f355,fc4751cfe3b279c419615b9b00c1abb4,2017-02-25 14:53:00,453.70,17.35
803f15601207b09e8cf7c80a4fdb1e30,1,8f983b383c2d3e409d71cfd12dbc7a42,46dc3b2cc0980fb8ec44634e21d2718e,2017-07-06 14:23:52,349.99,40.00
8057ce8ffded1481446ada68f97941d6,1,f80214fd7d681d1dcf12b3acaf4f0da7,7c67e1448b00f6e969d365cea6b010ab,2017-07-18 08:55:11,209.99,53.48
806508916d09b540a66a7487473a6e7e,1,652cee66eaed09b444b43463eee56cc7,048c2757535328e0d7dac690ad3c0aae,2017-10-26 12:49:15,199.70,20.64
807c258c31674da775e91946b8c5bf7d,1,6630485063578b527549697547ed3ed5,1554a68530182680ad5c8b042c3ab563,2018-08-17 04:24:29,29.99,19.40
80897d5d4e8f07edd515daa585302e6b,1,0cf573090c66bb30ac5e53c82bdb0403,99eaacc9e6046db1c82b163c5f84869f,2017-04-17 10:42:30,59.00,11.02
8092a6dba7ee1ea9d61883db8a08fb14,1,ac4de777c210c46c3aea5fd5703d2a16,6187a137b2af59dfdbad8d9f8c373c14,2018-01-11 19:07:33,39.90,15.11
809502db5eb0c22781dbd4d0c3ffbac3,1,9b0ad21bbd4384f9ebc28a688e1e81cd,128639473a139ac0f3e5f5ade55873a5,2018-05-10 17:10:27,18.90,22.06
80c343549e07922070b0793b2eb87df4,1,46957faa8ca08af2cb0e35f42fac6141,17e34d8224d27a541263c4c64b11a56b,2017-10-30 22:26:16,149.06,21.53
80c343549e07922070b0793b2eb87df4,2,46957faa8ca08af2cb0e35f42fac6141,17e34d8224d27a541263c4c64b11a56b,2017-10-30 22:26:16,149.06,21.53
817f6bab5398dc6c74b74ac820418d16,1,a02d0123079f4ae96001ba2010d1a2df,1025f0e2d44d7041d6cf58b6550e0bfa,2018-03-23 18:30:39,250.00,54.55
818869c4c6740ee23979a7cbf298e31c,1,ba4bfbf74dbe7ab37e263b9326da0523,f8db351d8c4c4c22c6835c19a46f01b0,2017-06-26 11:23:54,36.90,16.11
81923dfc527e6776a83b7e7d7b2c8dc4,1,5929e483b6df44414c047cac38873fe6,aaed1309374718fdd995ee4c58c9dfcd,2018-05-10 02:55:14,42.90,22.93
8192ab7fdf1ebdc4ed10c42d0e211ba6,1,1358be13996236fe81c97f6bc997fbb3,8b321bb669392f5163d04c59e235e066,2018-02-19 20:31:42,9.50,7.78
81c79eab1c92dee31a9a5194bf6098a4,1,a2da86fa759178e9e58e54aa1a144e59,ea8482cd71df3c1969d7b9473ff13abc,2018-06-29 00:31:07,24.99,7.44
81db4954527dbb6dbda29235cf4bf043,1,28f71b48a5f99f0bcf4642ae10352557,7e93a43ef30c4f03f38b393420bc753a,2018-01-10 23:32:19,173.99,22.02
82387464df585a62e081b551cf2992bc,1,955129b53464486f9f93074c64b2bd88,499ec63c58e51296c9cf57edcfe1c8a8,2018-05-09 16:30:42,70.00,7.39
823e1b55f87736972904ce20e4e90f0a,1,0a859d8dc68f6a746b4709217110c439,76d5af76d0271110f9af36c92573f765,2017-09-24 22:30:11,399.00,87.58
82419d35f3c2a4d515d9bd272ecbc050,1,8d9d31dc8d8c05062987d883cefa98be,41b39e28db005d9731d9d485a83b4c38,2018-01-30 13:54:24,49.90,11.73
8273fd6bf6d04443265e6f244f8a6fe9,1,2b0943c63387bbdc046d9a7692602388,9d681c7e12db302cb261e721040dde65,2018-06-26 01:18:51,39.90,18.08
827440c00ada8331c87737e4c4fbcd2e,1,2d4729e4bd9debaf6fcc53c26c0f37d1,080102cd0a76b09e0dcf55fcacc60e05,2018-05-01 22:15:11,27.99,15.23
827440c00ada8331c87737e4c4fbcd2e,2,2d4729e4bd9debaf6fcc53c26c0f37d1,080102cd0a76b09e0dcf55fcacc60e05,2018-05-01 22:15:11,27.99,15.23
8275d4aa466e4679ed369b23c8eda40a,1,d04e48982547095af81c231c3d581cb6,7e93a43ef30c4f03f38b393420bc753a,2018-04-05 19:47:35,219.00,19.41
827d8ae687faef2e9c2bc79196b26f6e,1,905b384ac5667170689505bbf30f1d07,1900267e848ceeba8fa32d80c1a5f5a8,2018-01-23 03:34:38,80.00,12.90
828bedfd74953fea90c650c36afbd36a,1,e764a0e054d222ca26ec572007ef1951,05d2173d43ea568aa0540eba70d2ca76,2018-02-22 14:26:43,59.98,12.55
82b5afc1133f4b14abbcb31fd3a3fa5d,1,179363fe9f0eee05ad34df83c160dbcf,527801b552d0077ffd170872eb49683b,2018-01-04 00:12:32,44.90,16.11
82d3f649aa623394cf7ad9432dd748d4,1,db25a58a5da5dfe2fd19f2604491bd27,4e7c18b98d84e05cbae3ff0ff03846c2,2018-01-18 02:28:25,48.00,13.37
82daccb8bfc3bb76bc1616a4f22c3cb1,1,2b4609f8948be18874494203496bc318,cc419e0650a3c5ba77189a1882b7556a,2017-12-04 01:57:37,89.99,19.17
82e4f033f60598903866557d89c9c042,1,0ab80f38a21093b448518f68efe82c24,440dd6ab244315c632130ecfb63827b1,2016-10-12 11:02:41,19.90,24.84
82ffe097d8ddbf319a523b9bbe7725d5,1,31cddbc370031fbb839a21441df28015,41e0fa5761c886a630994a55c12087e7,2018-04-27 02:31:45,84.60,8.89
83351d37493926bef518c18c8ece3a9f,1,35afc973633aaeb6b877ff57b2793310,4a3ca9315b744ce9f8e9374361493884,2018-07-25 10:32:49,77.90,14.86
83359e7a49758eeed73d55e437b87341,1,e806247d6aa5e86da4bbbd4a933e0b36,7681ef142fd2c19048da7430856b5588,2018-03-07 12:55:48,75.00,21.37
8339f788dad4ceb81447efc8dc3ee269,1,ad4b943ef0b5cd9e4211c9cf6c27ff13,ef506c96320abeedfb894c34db06f478,2018-03-22 14:48:28,28.99,12.79
8341d1e71471e5648920efec5acd822c,1,b3e40ff639c185b9d726b4b19c17e6cd,7a67c85e85bb2ce8582c35f2203ad736,2018-02-20 14:35:38,229.99,14.16
837bf2d48f18fc4d6e2e32cac9941960,1,af34cea61340203305a39885c8331b01,77530e9772f57a62c906e1c21538ab82,2018-06-04 13:10:56,119.00,43.41
839f4f226f1d843a3922ddb8b3637cc3,1,f908d3bf313a1308bfb2a46ea2685347,25e6ffe976bd75618accfe16cefcbd0d,2017-08-01 02:23:55,35.00,14.10
83b3ec68c2f23b553f392eab2bbcc07c,1,99a4788cb24856965c36a24e339b6058,4a3ca9315b744ce9f8e9374361493884,2017-07-06 15:35:13,89.90,12.13
841a78e6ae7179553c784f4a69955d5b,1,64fb265487de2238627ce43fe8a67efc,4a3ca9315b744ce9f8e9374361493884,2018-03-07 21:31:49,92.90,16.28
bbb0f163b011eec0c55e5b764f7811cf,1,b7f70c625521ad94f77e9aa1218fd9fa,718539d38d07dd351c76db862760e2e2,2017-06-30 11:05:11,75.50,28.11
bbb2d49836a81a36102519667b44416b,1,2983053977d2a69111a0a674fb7e5fab,3d871de0142ce09b7081e2b9d1733cb1,2017-11-29 22:31:20,99.00,29.09
bbb39449a277499952671cc64cbd7232,1,ad47aff134f11264c92d7ff1299163b1,3935fe5fe0f82787a9dcb8deb62be09d,2018-04-23 12:29:53,92.50,34.19
bbc13e09a09a77b4f6ea6a981a399473,1,70c9d38055bb316285aa937715c2e82d,d921b68bf747894be13a97ae52b0f386,2018-06-05 22:31:14,159.90,23.70
bbd5320df89920817b0cc073770a9c8f,1,b5b7b02332726bc71ed7ad7899bc3b58,d1c281d3ae149232351cd8c8cc885f0d,2018-01-18 16:50:00,180.99,14.29
bc0ccb298ff96bfc777b62cfe75899c1,1,d03a2a3433372ac8f9f6649d1dacadae,c70c1b0d8ca86052f45a432a38b73958,2018-04-12 17:30:22,110.32,7.64
bc0feb6a96ad7552648f4183cb6ecb63,1,c7b3cf9de7be95b3e09e7a63315685eb,5dceca129747e92ff8ef7a997dc4f8ca,2017-02-27 10:06:46,79.90,22.85
bc21fd56e19626007f06da1b7f7b6c39,1,e85cdca8790ea0026ddf7316f469608a,5058e8c1e82653974541e83690655b4a,2017-11-16 21:30:55,45.99,7.78
bc2bdb398f6c17b554ffcd37aa1c1e03,1,8f71fe1e1b5bbb6773e7276b5c37ef65,95ec4458365c4d11f452ccf538377619,2018-07-11 05:10:45,74.50,16.47
bc4df405798e78b26965a4b62efdebb7,1,2028bf1b01cafb2d2b1901fca4083222,cc419e0650a3c5ba77189a1882b7556a,2018-03-19 23:10:26,49.99,18.23
bc6c23697db04d6dad824fad9a547d7a,1,d5140e1d258c83a340419c6522c7da22,1554a68530182680ad5c8b042c3ab563,2017-12-26 14:32:13,69.90,19.35
bc6e05c3335f87caadbcd6c80de46ad2,1,e1da6ab77f4859eb17950e5df1c0f815,dd7ddc04e1b6c2c614352b383efe2d36,2018-04-17 15:09:44,49.90,26.79
bc7378e3329da5c228531efaaabb18ae,1,f3d7339839e02f580fe8fca5755e0e25,d673a59aac7a70d8b01e6902bf090a11,2018-05-17 10:31:14,36.75,18.99
bc7378e3329da5c228531efaaabb18ae,2,cac9e5692471a0700418aa3400b9b2b1,7ea5bfa6c340f58f8e71fc1f0412b0d6,2018-05-16 10:31:14,99.49,18.98
bc7bc14f585b1879f63e89cb0e4cfa17,1,9ce4603565c839785b24a7e95e28f4eb,59fb871bf6f4522a87ba567b42dafecf,2017-01-29 10:41:24,119.99,19.54
bc7de38480db075d6d2688333888e8f5,1,60bf0da113cefe56a54ccc46f7758563,86ff3eaef0267069cc891a2ed9d10a17,2018-06-06 09:15:08,169.99,27.27
bc878545684a3c5063d67725f1113ad5,1,118300f12ed121839fd8035986a012aa,94e93ce877be27a515118dbfd2c2be41,2017-08-14 16:15:10,575.50,30.35
bca23b0c0c24178fcf6fb1838fadbe86,1,cb26d15d1b6eabaac7c0803774245884,ccb83a794700270fde70898fe9ff368b,2017-06-15 02:45:36,966.00,132.62
bcd3587deb2f53804e0d3c39de932ec4,1,96a9e0cf1f04a80aadd9f31b2245807f,39f776d2974049026ff531fc42ef2a3e,2018-01-23 02:09:11,94.68,22.98
bcd3587deb2f53804e0d3c39de932ec4,2,96a9e0cf1f04a80aadd9f31b2245807f,39f776d2974049026ff531fc42ef2a3e,2018-01-23 02:09:11,94.68,22.98
bd079e124423421864694666ae29277c,1,9275e1f75faf1d3d1f54e4cb63d12a36,70a12e78e608ac31179aea7f8422044b,2017-07-30 21:35:11,19.95,15.10
bd385d0011b10c0d7aefa73aae6ef935,1,414c53fa9c5cc4a0390682aeb2e25ec1,002100f778ceb8431b7a1020ff7ab48f,2017-11-23 10:50:58,17.90,11.85
bd5a9582291175251c3dee0c4a87761a,1,87e0a0706a9ccbdd1784f76e01b40176,95e03ca3d4146e4011985981aeb959b9,2017-08-02 14:23:05,120.00,26.12
bd6bb458a1a35cbd726f2e1748e7d21f,1,53759a2ecddad2bb87a079a1f1519f73,1f50f920176fa81dab994f9023523100,2017-04-25 04:02:21,59.90,17.16
bd772d39b54bb1d71b63a7e1c1c8304b,1,247fa5b4e2f524a22b21ef256ffc23e4,3bdff180c7e1f6551a643b99c265a120,2018-02-07 02:56:49,29.90,16.11
bda1d0a447e146223cefd1f3a4492701,1,921d31a1daa51460b7a95ea5f3ab64d5,4c498c7345e89aebad651544829beca0,2018-05-08 17:18:36,94.90,12.98
bdc979bc2bbd601781c4d37fc8a8eeb6,1,344f1e18ffb703f6f105b705fc63a2d9,d1c281d3ae149232351cd8c8cc885f0d,2017-03-08 11:35:12,145.99,17.17
bdd19e1d8bec46c29644018d2c781aef,1,0ec7b6a863e219792bc4d50d3a62a839,1e8b33f18b4f7598d87f5cbee2282cc2,2018-02-22 18:06:47,148.90,21.88
bdd829bf1090cb56da3e6106c1fd768f,1,ddceb6eef6af67e9fbbd4c148dbe5fd9,ceaec5548eefc6e23e6607c5435102e7,2018-05-10 16:53:05,209.99,27.55
be00589ef6917fe392acc59a700a0308,1,aca2eb7d00ea1a7b8ebd4e68314663af,955fee9216a65b617aa5c0531780ce60,2018-01-22 14:50:12,69.90,13.08
be049b6fa688493e1676db5fafc0bbb3,1,12f066474dfa3c415c169051c5e1967e,7040e82f899a04d1b434b795a43b4617,2018-05-09 18:14:54,17.90,15.23
be049b6fa688493e1676db5fafc0bbb3,2,12f066474dfa3c415c169051c5e1967e,7040e82f899a04d1b434b795a43b4617,2018-05-09 18:14:54,17.90,15.23
be0f8b9e1444dc69d1288a37e32d2895,1,c2ece64199af7a53793ed9612a89a8cd,6c7d50c24b3ccd2fd83b44d8bb34e073,2018-06-13 00:35:12,88.34,39.27
be0f8b9e1444dc69d1288a37e32d2895,2,d373a9b9079c251371e94cacf40c1fe7,7fdb0720c8d7c9075538b365dc8c3a22,2018-06-15 00:35:12,287.00,39.27
be32306676f1b65193ce87367ecf3e34,1,db4e12399028c661997d99981af68642,3d871de0142ce09b7081e2b9d1733cb1,2017-11-13 04:31:32,15.00,15.10
be4c0eb384232a183463d7d7604842d3,1,7fab1a1472fdd934397068931f63f3ca,3d871de0142ce09b7081e2b9d1733cb1,2017-09-06 13:25:46,69.90,15.24
be62a7e48d2d0a10e3ce4d03e737843c,1,78108fe8e4d5ccfe8ed10f92f7d73c2a,77530e9772f57a62c906e1c21538ab82,2017-08-24 15:45:13,299.00,21.58
be7a773222d5a7d8b12e75ed2320037a,1,3a07f82957867a5eb477dc7f2f60c2aa,6560211a19b47992c3666cc44a7e94c0,2018-03-01 11:35:26,38.00,15.10
be7ef653148b80c79b5d9b8500c47949,1,53759a2ecddad2bb87a079a1f1519f73,1f50f920176fa81dab994f9023523100,2017-10-10 10:49:44,59.90,17.67
be86cd9f96e674ebdbb586454780a1ea,1,0aa889132d2e6b79778488c79d025d99,e62b2d6ac10570a035a30bafcf01d263,2018-01-21 22:10:26,52.00,15.11
be9ee147c9dd269d227ae37839d3493a,1,e0cf79767c5b016251fe139915c59a26,da8622b14eb17ae2831f4ac5b9dab84a,2018-02-27 01:31:18,29.90,8.11
beb200af87856babdcd5d936fa928d41,1,bb50f2e236e5eea0100680137654686c,f7ba60f8c3f99e7ee4042fdef03b70c4,2018-04-13 15:30:27,330.00,19.53
bee4fbc438d2d48527e812cb6a1c8166,1,507f37649c32210c0f297c6755cc8305,daeb5653dd96c1b11860f72209795012,2017-12-01 19:02:11,24.90,15.10
beea8116a9908f0390812fd77d9b1f2e,1,880be32f4db1d9f6e2bec38fb6ac23ab,fa40cc5b934574b62717c68f3d678b6d,2017-05-29 03:55:17,42.99,14.10
befb5a47055c761fb52d876ae90724b6,1,ee6c49af1a2de55aa0e076257ab4ab99,1c68394e931a64f90ea236c5ea590300,2018-02-19 06:10:21,144.41,26.29
bf1bd9414a575d2bfa50f8d5c66fd161,1,7564c1759c04fc0a38f2aa84f7a370ee,6860153b69cc696d5dcfe1cdaaafcf62,2018-08-03 13:20:20,45.97,19.51
bf43c3dc9e568e98768cd15b4d526f9f,1,b5778c55de68777a0a3565e03b2e2817,293dee954235e4e4e43f129313625ebe,2018-01-23 16:52:11,369.99,25.46
bf5d8018171eeb0788be7f1c871eb981,1,af4e4eefc358246062956d3d2930e6f8,46dc3b2cc0980fb8ec44634e21d2718e,2017-08-01 00:45:10,229.99,18.86
bf8335c7f470714a6a72b83d1fd1796c,1,0c8b6b6e4f9ee5fe2c48d6cee4c69bc8,55d3daac7c404d59e51c2aa2f4dc5a23,2017-11-17 02:55:35,118.00,39.76
bf8335c7f470714a6a72b83d1fd1796c,2,0c8b6b6e4f9ee5fe2c48d6cee4c69bc8,55d3daac7c404d59e51c2aa2f4dc5a23,2017-11-17 02:55:35,118.00,39.76
bf8335c7f470714a6a72b83d1fd1796c,3,0c8b6b6e4f9ee5fe2c48d6cee4c69bc8,55d3daac7c404d59e51c2aa2f4dc5a23,2017-11-17 02:55:35,118.00,39.76
bf88003f2580db7589007ec44bc85695,1,fdf648fe44c2e24e9857c8d4ad5a7028,903037660cf848a717166eb7a06d616e,2017-02-02 20:55:38,22.79,18.00
bf92c69b7cc70f7fc2c37de43e366173,1,e01bc2ad5c6f46c0f53f73379fcd602e,a3a38f4affed601eb87a97788c949667,2017-07-30 22:25:14,149.90,16.81
bfaefe509209a9477bd599fb0658f4ec,1,719b8a11c153b5a391bd4cd11f0dc273,39d54ff918774174706fb065d7f9dc07,2018-03-08 15:55:35,25.00,16.11
bfbf45695ada6f6c2b2bbf14d224aeb1,1,5e21d5cab5d33e770d8150a4ee6117db,6560211a19b47992c3666cc44a7e94c0,2017-10-13 02:35:29,49.00,11.85
bfcb171109072a41eb811fe6bda0c94d,1,428f4b96ba9f630e761b333673039ae6,3ade81dab5a172b88e1871c28ae05260,2018-04-05 18:47:53,169.00,67.55
bfd5957bdfbc86a1882ee0dfa7a36a47,1,6a61a5d77a8571a0646e8c0f75f572f4,01bcc9d254a0143f0ce9791b960b2a47,2018-02-08 10:16:03,165.90,17.60
bfe3860674d71c4a8693185caa8b2c65,1,41c24b8ce92d1a2cac62db5edfd088b2,4869f7a5dfa277a7dca6462dcf3b52b2,2018-04-26 11:30:32,102.90,13.16
bfede3e7101b91bd335e6cc5d153bf2c,1,ba6c0daba35afe2ee11400da4ec7b3a4,d566c37fa119d5e66c4e9052e83ee4ea,2018-04-11 15:35:27,56.90,16.37
c01a70853733229479ca41a44c99b5fe,1,953439fbf9090e2362532905d89b991f,7040e82f899a04d1b434b795a43b4617,2018-07-27 14:44:28,169.90,25.27
c01b52b26b2be81e5712a958631d858e,1,da686d15de3ee88de081bd159b031e47,080102cd0a76b09e0dcf55fcacc60e05,2018-04-26 14:30:55,59.99,17.13
c033e99bf02e103535766475e490aa19,1,bdb4be6ce2f7f2b5be0a16088028c7fc,955fee9216a65b617aa5c0531780ce60,2017-10-13 02:56:36,85.00,20.08
c04e014dcd8cd03c0965032a263f2a8e,1,190d9562bfbe9d3ed876c2ac6f2f5894,0ac4201fda2c68ebc0e47cb9423cf3c9,2017-11-24 18:13:24,39.99,15.10
c05002c71f007c6a4056ca538113e991,1,0d5340e7cf010ca42cdf4305101ed005,1554a68530182680ad5c8b042c3ab563,2017-06-01 21:55:09,79.90,28.96
c057007d38fa1eb53e9eaf0602830467,1,c708ba7c6269161f89ce0683cdd7c432,6560211a19b47992c3666cc44a7e94c0,2017-09-21 02:55:44,49.00,7.78
c05cb9c2c6907494337ded1d059cbc7d,1,5b6263339240fc2b980849790e450c70,1b4c3a6f53068f0b6944d2d005c9fc89,2017-12-04 12:31:55,29.90,20.72
c05cb9c2c6907494337ded1d059cbc7d,2,e7d7558873ff13253317bd0aac27f072,2138ccb85b11a4ec1e37afbd1c8eda1f,2017-12-04 12:31:55,15.99,6.22
c50c2e8e1b1c816c419c308b30e0420c,1,b56d02094e37315ad2f6fdf09991cac4,391fc6631aebcf3004804e51b40bcf1e,2017-08-14 17:00:11,646.20,28.83
c530daceee851aa18846a89c050d4dfe,1,b988dcec4901f325d06b162e02b3c5d6,6edacfd9f9074789dad6d62ba7950b9c,2017-07-10 03:50:27,46.90,9.34
c5496b624a2992c280191ee51a5f0650,1,43b54d1fc56ff394092a3dff6be2d39f,c70c1b0d8ca86052f45a432a38b73958,2018-07-30 16:31:44,110.32,8.03
c5ad7fdd6f4b3a546653f42ca0c64da3,1,617186c3d97ea56c9c683a8a3974e8c1,cc419e0650a3c5ba77189a1882b7556a,2017-05-31 13:32:03,84.99,7.85
c5aea2f23df89cdf58e3c3721456f0b0,1,9d32095f76b97762307e86cfc18dd7a0,391fc6631aebcf3004804e51b40bcf1e,2018-04-24 14:55:24,49.95,8.61
c5aea2f23df89cdf58e3c3721456f0b0,2,87d780fa7d2cf3710aa02dc4ca8db985,da8622b14eb17ae2831f4ac5b9dab84a,2018-04-19 14:55:24,109.90,31.32
c5b1a5d21958f98a0c66114d622bc0ed,1,d24659126d5bbd0b1bacba3e8d17a978,7b07b3c7487f0ea825fc6df75abd658b,2017-01-29 15:32:48,25.00,14.11
c5b8a34f0c16a7c4ca64e57aa15462db,1,334995514673fb6bae67885458b52984,53e4c6e0f4312d4d2107a8c9cddf45cd,2018-01-29 18:07:24,15.55,9.34
c5bed3a385f406c503841fed148952b9,1,b86dc01954a679a35c813184d15c4e8e,c0aff2da32c17759d30b22fb0af6649d,2018-06-27 03:31:46,69.90,17.42
c5bed3a385f406c503841fed148952b9,2,b86dc01954a679a35c813184d15c4e8e,c0aff2da32c17759d30b22fb0af6649d,2018-06-27 03:31:46,69.90,17.42
c5e06e750cf18e0c0a71e1d5ae97f749,1,e9a69340883a438c3f91739d14d3a56d,1b4c3a6f53068f0b6944d2d005c9fc89,2018-05-03 22:11:12,159.49,27.59
c5edb2bc00fb701345fbe2bd9aedaba4,1,ca9b2caa4f7ec65aeda5825e09dcf99c,5a8e7d5003a1f221f9e1d6e411de7c23,2018-05-10 08:30:51,59.90,19.39
c5f43352377291361dad9a7366ae1c89,1,b5b528db19a9a5c011aa6f444f510327,ea8482cd71df3c1969d7b9473ff13abc,2017-11-28 21:48:22,24.99,16.79
c5f9505b4bf9db0433b371002f7be6ff,1,c5736c891e81c20ebc49de62980c1136,5f2684dab12e59f83bef73ae57724e45,2017-04-27 18:10:16,119.90,11.45
c5f9505b4bf9db0433b371002f7be6ff,2,c5736c891e81c20ebc49de62980c1136,5f2684dab12e59f83bef73ae57724e45,2017-04-27 18:10:16,119.90,11.45
c5f9f79b60cb1ddfec0fc9556781952e,1,a5a03610d00573bdfe50a7a09e125efb,b81e3a6c866a764974fe849821abeebd,2018-08-02 03:35:11,15.89,16.32
c5fd5386640ddd76adc482b72d24a02b,1,7c4a8bec217df1de0df2b5aaf8175b65,7040e82f899a04d1b434b795a43b4617,2018-08-09 05:30:40,14.90,7.39
c62dc502431fbf54699cf00a9e938688,1,43e09fcb6175856e87a4d9b91321addb,406822777a0b9eb5c50e442dd4cd3ec5,2018-07-13 00:25:52,239.90,24.62
c63d42eaa9f87b513dcf03cce7097bea,1,2b4609f8948be18874494203496bc318,cc419e0650a3c5ba77189a1882b7556a,2018-06-15 15:37:23,79.99,13.22
c64f99013aa55e3d950573bf1a8ede4e,1,8844bd4b8ca8f93603694ca2bceb77e9,cc419e0650a3c5ba77189a1882b7556a,2017-12-20 23:30:00,84.99,13.15
c66e710fc8f55a69556bf33b68b19843,1,d285360f29ac7fd97640bf0baef03de0,2eb70248d66e0e3ef83659f71b244378,2018-07-24 22:45:15,154.91,16.18
c6701e6d9b17bfd2a252ecb5aa4c7949,1,543fd1c1fba9cfa6e424473dd4d830f0,2e1c9f22be269ef4643f826c9e650a52,2017-07-27 02:15:08,91.49,15.39
c671c0f8b33c619e3e77d7ccd3b934e0,1,2b0233a7e7ded4751e8e3812f9a4553e,8c16d1f32a54d92897cc437244442e1b,2018-02-15 20:30:43,21.49,12.60
c69c8612c1fa919f232d370c41cbffd7,1,be531a288d95e2b9ad1b314c7366fe81,7299e27ed73d2ad986de7f7c77d919fa,2017-04-26 09:05:16,49.99,14.52
c69f0380799b51f882ec31e9761cd497,1,44fded21627553d1886d459384bbce06,8b321bb669392f5163d04c59e235e066,2018-05-27 21:31:42,15.00,15.23
c6d494c8b8f23ab293d35084ce4babd1,1,8d8109048bbf6f0369b1522029f92a19,85d9eb9ddc5d00ca9336a2219c97bb13,2018-05-14 03:30:29,48.90,17.06
c6d494c8b8f23ab293d35084ce4babd1,2,8d8109048bbf6f0369b1522029f92a19,85d9eb9ddc5d00ca9336a2219c97bb13,2018-05-14 03:30:29,48.90,17.06
c6d494c8b8f23ab293d35084ce4babd1,3,8d8109048bbf6f0369b1522029f92a19,85d9eb9ddc5d00ca9336a2219c97bb13,2018-05-14 03:30:29,48.90,17.06
c6d494c8b8f23ab293d35084ce4babd1,4,8d8109048bbf6f0369b1522029f92a19,85d9eb9ddc5d00ca9336a2219c97bb13,2018-05-14 03:30:29,48.90,17.06
c6d7cba27932e1d0cc2d052db5a2dce6,1,7935ddc510afb7d08989660b382b7f26,3d871de0142ce09b7081e2b9d1733cb1,2018-08-28 16:00:37,79.00,21.19
c70e1bd940c5723bf066a1dbcc1455e8,1,29428180f6710d477f3c85fb06adb593,0176f73cc1195f367f7b32db1e5b3aa8,2018-02-15 16:31:07,125.90,33.33
c72c0ab643f76818c56b7c135e806360,1,0c3ed87d108f627980e66e9258f9c305,0be8ff43f22e456b4e0371b2245e4d01,2018-01-23 21:50:25,99.90,7.95
c7334d7e05d30a59be01b74a71a53b9a,1,d63c1011f49d98b976c352955b1c4bea,cc419e0650a3c5ba77189a1882b7556a,2018-01-18 14:27:46,59.99,9.34
c756513ece003700723bfa5e6f8abc65,1,90e72f6ceee757db03bba3a4eaef5dc4,7142540dd4c91e2237acb7e911c4eba2,2018-03-16 09:55:33,429.90,17.10
c7575bc6637b30826bd659a47a475a03,1,fad534edb8f35664713c4b766fa473d4,da8622b14eb17ae2831f4ac5b9dab84a,2017-12-21 10:59:26,44.90,15.10
c75be4dbb0444f5234b73d0e700bc425,1,5a0c21ad6b82a1b61856e48ec959764d,cc419e0650a3c5ba77189a1882b7556a,2018-08-27 11:35:21,96.99,7.94
c75dfb74f7e634744d13799759233b78,1,d48c8d7a322bda722704d0ba7506e9a1,40db9e9aa57f7bb151bcda6b0f9bdbb7,2018-02-15 09:47:53,1780.00,41.87
c765342582f1d08f16285fb827f88b1b,1,3dd2a17168ec895c781a9191c1e95ad7,de722cd6dad950a92b7d4f82673f8833,2018-03-06 09:15:23,149.90,19.59
c76aedd9fd59ea0c51535fd72fe97d9a,1,9fc0c73ce4d0eaaead44e81eeefebeb0,c3867b4666c7d76867627c2f7fb22e21,2017-12-14 16:55:47,68.00,11.98
c7a7c97d430f40628efc0f1e41f723b1,1,a2e2851eae0aebb8ee4df32348b42e2b,4e922959ae960d389249c378d1c939f5,2018-07-11 10:31:57,298.00,20.19
c7b81b11d2fbb30b6e215611ff0fdf15,1,bf7e253a79f85c001ccefc2827a0fc25,bc2ac6b95e1accce9858528ee566c17e,2018-01-17 19:28:18,135.00,9.76
c7c3a00f3958f5ce595a95a1a98672fa,1,f646af315b0f3a597f69213537ca2199,3df020b72d3d44b3af9d110fa3940b65,2017-08-10 15:55:17,49.90,12.69
c8086b4492f0deb3456e98d734f85d5d,1,a50acd33ba7a8da8e9db65094fa990a4,8581055ce74af1daba164fdbd55a40de,2018-04-19 12:50:12,117.30,31.96
c8097c4a079d36884044cd13c0df3452,1,634256dbcd184b3757ffd7632c9fe52a,42b729f859728f5079499127a9c2ef37,2018-08-09 06:05:33,27.90,7.46
c81217ac6f729105708524c82fa37172,1,417c36fe8603e10f20aba1359eb8e2f4,2d42ebcda99fd55f6f4bc2f1ca035d50,2018-08-06 20:20:10,89.00,22.55
c820d5fbb72e2b0a48074c0f7f08a295,1,76914818a87f9b6b320e136e17e6ae06,1554a68530182680ad5c8b042c3ab563,2017-05-12 08:22:16,329.90,71.02
c862d307944b0dd344a6e4310a345564,1,29427de7f8a9ee983d9dbc51cec569b4,7a67c85e85bb2ce8582c35f2203ad736,2018-01-12 19:17:40,99.99,16.95
c8634f3e7a329c927fe2973bf2b54caf,1,c075b8e131353552218860f1c421e4ef,f80edd2c5aaa505cc4b0a3b219abf4b8,2018-01-16 21:09:00,58.90,37.96
c8659bbe606f2b5c31cc02f58fce4b5c,1,51ce083cd2b9078656a94655ab45b8a4,da8622b14eb17ae2831f4ac5b9dab84a,2017-09-22 20:36:11,219.90,9.00
c8659bbe606f2b5c31cc02f58fce4b5c,2,51ce083cd2b9078656a94655ab45b8a4,da8622b14eb17ae2831f4ac5b9dab84a,2017-09-22 20:36:11,219.90,9.00
c8714809bc84ffb9c675dcf4a6455df9,1,f1c7f353075ce59d8a6f3cf58f419c9c,37be5a7c751166fbc5f8ccba4119e043,2017-09-29 18:35:14,148.00,25.88
c87d7a80e2ec732b00980f3ea7961603,1,3225c54bb2785c33f49f50398fcdb88c,4869f7a5dfa277a7dca6462dcf3b52b2,2017-12-26 11:16:27,299.00,16.84
c882b9080c3622f37c41a25458378b69,1,2948658cb6abc82847412be7201bfc4c,955fee9216a65b617aa5c0531780ce60,2018-04-23 05:49:57,120.00,13.75
c895355af2bc9e095254d9581cd77699,1,a9f480bfc49f0b85e8394e1cdf685b4e,3d871de0142ce09b7081e2b9d1733cb1,2017-10-09 17:49:30,55.00,16.15
c8b09d2fb2d0f23332a7e6a4e5e43d66,1,dff20ba2dd059040c0940992753c0a58,e8b3a3a38279a82f0e5d006d5e5b7d2c,2018-02-27 12:46:55,439.90,16.10
c8b09d2fb2d0f23332a7e6a4e5e43d66,2,dff20ba2dd059040c0940992753c0a58,e8b3a3a38279a82f0e5d006d5e5b7d2c,2018-02-27 12:46:55,439.90,16.10
c8d355d9b0027d16b4f22804df2bbc2d,1,ff6154cee42bf2718cca4865f0620e04,903037660cf848a717166eb7a06d616e,2017-02-22 10:03:26,96.99,22.18
c8dd1cfd0c38b71aff04b1a4298b5b83,1,dc6012b12115251bd0f6ffd93a99c070,6c7d50c24b3ccd2fd83b44d8bb34e073,2017-10-01 23:49:19,150.00,19.93
c8e51524cf9ae78ec9f421b1054378ff,1,47a3fbd41bb53db64dacc4562ba3aa52,cce6ab8d1682639fe45ab70234f1665f,2017-10-19 13:56:23,40.00,18.59
c8fa71518385678630da7552cf1f459f,1,52b1c0366d4346d02fe4ca6e7c88e32e,c3867b4666c7d76867627c2f7fb22e21,2018-02-16 14:30:28,66.00,16.22
c9076d0a5b9df9fd2e5e808fff91f425,1,9d5cb049d3a927647b8c105a67bce2ef,89a51f50b8095ea78d5768f34c13a76f,2018-05-22 17:57:50,34.90,15.23
c90d12e5994094efc0ee48807d875750,1,81825b8f118d301ef4933de64545b307,ce7d1888639e6fb06b2749cbfdac1ff7,2018-04-16 17:09:41,165.00,34.69
c915c070ee2f91af30208cd30cd0dee0,1,7b717060aa783eb7f23a747a3a733dd7,c0563dd588b775f2e37747ef6ad6c92c,2017-04-17 13:10:19,139.90,12.37
c9229f668c1028a77a433afa8b93f122,1,a5ae8400fc9fcacd4af585a57bbf264a,66922902710d126a0e7d26b0e3805106,2017-05-18 21:22:28,120.00,22.71
c92c52fc8165c38e21adf26ffcf62028,1,21191f1db2fabc46b8ae34857a3b130a,218d46b86c1881d022bce9c68a7d4b15,2017-05-10 11:31:06,121.00,11.46
c942d232f05adc081f767f145dd8fa36,1,5e485a77230bcac5c7506a77a9f71267,7a67c85e85bb2ce8582c35f2203ad736,2018-02-28 18:10:32,129.99,38.46
c9645496b715730a1a5d07eb97a6bf6b,1,41817d1d44000e3105f24470a5224bcb,218d46b86c1881d022bce9c68a7d4b15,2017-01-22 14:56:47,128.00,13.48
c96496058fe55b7e844cd5e3a2562f85,1,ea9c7e08863cdaf1e40261c8b6c005a4,0c8380b62e38e8a1e6adbeba7eb9688c,2018-08-27 10:51:04,25.90,16.13
c96496058fe55b7e844cd5e3a2562f85,2,9d717f96236e39a3dbe6326b9d51d681,bbd3acfe6de99892e73940d3fdceaf68,2018-08-27 10:51:04,31.00,16.12
d74cdf7dea16668a34d57964004f0e94,1,26abb7e42cded69ba9b3736643ebeb39,4869f7a5dfa277a7dca6462dcf3b52b2,2018-06-22 04:16:51,695.90,18.45
d75453a8573dc79bc97ce070166e34ac,1,7aa09531577c4f30eaf1f6cbe61f6536,4d6d651bd7684af3fffabd5f08d12e5a,2018-05-24 20:50:20,129.90,20.25
d75779e6c1a84594d2f0721948133e6e,1,259df46ee92a13043ed24ebabb9534fe,d6b1ce66b035a475f00c017792ff9769,2018-08-22 19:49:54,60.00,19.61
d75779e6c1a84594d2f0721948133e6e,2,259df46ee92a13043ed24ebabb9534fe,d6b1ce66b035a475f00c017792ff9769,2018-08-22 19:49:54,60.00,19.61
d773b2a09676fb3a1a35c45a9edda446,1,2aef77073a11c1bb21ae9eabbc7a97e7,5058e8c1e82653974541e83690655b4a,2018-07-09 23:59:39,199.98,119.51
d774dda8acab57dc1f473be2a975cdf5,1,0a32d8349e99e8cdb9a5dec7d3f94985,ffdd9f82b9a447f6f8d4b91554cc7dd3,2018-02-27 01:31:18,42.60,15.10
d776b075b96169ae9e7c789eeb991435,1,bc3d15dd90a6794ea7710f1642aae319,6b89abe95848c850399130d149a39b63,2018-04-12 02:48:23,145.90,55.28
d779d1f64c00cb888484f4b2f5eab951,1,33fca9d59532dd4c191217a979346ab9,fe2032dab1a61af8794248c8196565c9,2017-12-21 15:35:17,269.90,27.17
d77d1461e81c281918bbfa4c878bdcc3,1,a884ac1fcc9d95f1d0d3a731610a9a4c,f84fa566034f5e8e880a07ec624c56af,2018-06-18 07:15:15,85.90,15.48
d78e5c7a11bcb261103cb4269bd37fcf,1,24c0de23191c9450049b2b3d8749ad35,b5abf4f36adc043117b4fca82c22984c,2018-08-16 14:30:17,49.90,17.28
d798a6f2eef74e8cd33a5c79db6a316c,1,42a2c92a0979a949ca4ea89ec5c7b934,813348c996469b40f2e028d5429d3495,2017-10-16 11:14:21,59.90,14.13
d7af03d172cfda274c7a7083bbaca11a,1,5a848e4ab52fd5445cdc07aab1c40e48,c826c40d7b19f62a09e2d7c5e7295ee2,2018-03-27 13:27:59,122.99,51.36
d7b1b205f635a07e904e5c4069b6859d,1,69b45497bec8e36af6fd1a31b2cd8f9f,7ade73f1b9b4e965f9009a4c3a7e2c15,2018-04-30 16:30:50,79.90,13.92
d7b749382b06fe2551235b118a962dfa,1,372645c7439f9661fbbacfd129aa92ec,da8622b14eb17ae2831f4ac5b9dab84a,2017-03-28 18:46:30,89.90,17.37
d7c88efc86371e81d37eb2cff1c61020,1,f2e53dd1670f3c376518263b3f71424d,4a3ca9315b744ce9f8e9374361493884,2017-05-30 09:02:43,109.90,12.27
d7f4c7c033cbbcef2916aaf7b594becf,1,f5bef3f1d42ac5eaaa1b7050d911732e,2a5b78b41cd05baeac8df54c6606b92c,2018-01-19 05:54:19,105.70,15.49
d821c07a40e746ac3f4ae3799b19ddee,1,16ed6a6e3fce23b741650437fe58d65b,e5a38146df062edaf55c38afa99e42dc,2018-03-01 06:30:43,89.18,15.38
d831255ebb12ef3a8d6dddb6fb54b5c8,1,e969c0b5b997b22894446bc30f5e0b45,2528513dd95219a6013d4d05176e391a,2018-08-21 03:30:32,229.00,28.37
d839387d867d8d152843b37c4b8b09e8,1,bfde0959ec5f62871403b693d2fe68d2,1835b56ce799e6a4dc4eddc053f04066,2018-03-29 19:30:28,69.99,13.23
d839387d867d8d152843b37c4b8b09e8,2,bd5110ad5f718f7c3dded1c18b4b135e,1835b56ce799e6a4dc4eddc053f04066,2018-03-29 19:30:28,69.99,13.24
d839387d867d8d152843b37c4b8b09e8,3,73fbb5c7d95425e37d003af6ee943997,1835b56ce799e6a4dc4eddc053f04066,2018-03-29 19:30:28,69.99,13.24
d83e73ca49e7e9ec7ba0154139858fc8,1,5f42d57952b7815098979a5c4fa6f82a,c70c1b0d8ca86052f45a432a38b73958,2018-08-07 17:04:06,110.32,15.87
d83e73ca49e7e9ec7ba0154139858fc8,2,4f0abfbee7569e43b80f9aaa256a9bf8,c70c1b0d8ca86052f45a432a38b73958,2018-08-07 17:04:06,110.32,15.87
d856e505d0de5e968c3b1dffca9c8940,1,7fb04722aba7a2b632bac8f9819796f3,f3b80352b986ab4d1057a4b724be19d0,2017-10-26 05:33:04,79.90,18.80
d8578262363755dd9a09ce0b4110a1cd,1,5b226d7c52f86ac72457617f78cff95d,1835b56ce799e6a4dc4eddc053f04066,2018-02-13 21:10:30,56.99,12.74
d858d63e625f2b1e5273f8e9312802a4,1,5a848e4ab52fd5445cdc07aab1c40e48,c826c40d7b19f62a09e2d7c5e7295ee2,2018-03-14 09:48:17,122.99,13.30
d86e34fb55dbe6507acb469ef5d50906,1,50e1b118f266b655f613f753914c42db,1835b56ce799e6a4dc4eddc053f04066,2018-02-13 05:15:21,39.99,12.69
d8873f1bbe5dcb703bdb0aee14aa0948,1,3303c5bebf8d9dd9394a38501c4033f6,391fc6631aebcf3004804e51b40bcf1e,2017-03-31 17:43:28,89.90,15.84
d8be9ae1b47e841991f6985619f70ddb,1,40c36dbe4fd510370d40e09ae7670a26,8444e55c1f13cd5c179851e5ca5ebd00,2018-04-19 23:50:20,108.90,14.84
d8be9ae1b47e841991f6985619f70ddb,2,40c36dbe4fd510370d40e09ae7670a26,8444e55c1f13cd5c179851e5ca5ebd00,2018-04-19 23:50:20,108.90,14.84
d8c15550aee132ffe4ed54c7da238e35,1,bddc1407637849d18d139b4012e4406a,48162d548f5b1b11b9d29d1e01f75a61,2017-05-24 13:10:54,74.00,12.02
d8e17d5f7dacf0970d316e7c03e741e8,1,154e7e31ebfa092203795c972e5804a6,cc419e0650a3c5ba77189a1882b7556a,2017-07-28 19:50:19,19.99,7.78
d90f36f9fe6a2fda4bbc5498a14b81d6,1,120fa011365fc39efe382cba4e50999e,da8622b14eb17ae2831f4ac5b9dab84a,2018-04-19 02:30:32,179.90,18.17
d91ebca111fb89e1ebbf4725da3120ea,1,66aa3b4b7c65efa2b0fb0aa8ebea9629,4c2b230173bb36f9b240f2b8ac11786e,2017-11-24 11:56:33,35.99,7.78
d94486278633cac5f50e370851d24de6,1,70accfd08e04dffc605f6577d4e852c4,31da954dc0855f2495c6310f70a2f931,2018-03-21 18:28:40,59.00,7.71
d9494fe15b74723b8b3b97835ab05246,1,fbc1488c1a1e72ba175f53ab29a248e8,289cdb325fb7e7f891c38608bf9e0962,2018-08-16 04:25:23,116.90,15.92
d95df03babee2bdc78de99d217ee867a,1,d0006d7461b9b762e1ac658ca1fc55fe,634964b17796e64304cadf1ad3050fb7,2018-05-07 01:10:48,37.90,15.23
d95fe33125690d67196ca4e9b56eee2e,1,8792f8b694229e5627aa6a15cf912052,3785b653b1b82de85ab47dd139938091,2018-03-22 12:08:11,59.90,22.13
d9626ceed1048372a97bb68643b58410,1,6eb70dfb283dc3f645ed7b03c990dc72,7d13fca15225358621be4086e1eb0964,2018-05-24 12:56:31,65.00,12.89
d97670cc7c039da62e3bf444647fb307,1,0980718a7bdcf89f5848b202b6394965,82bd0703a4aefd6b599e5bfdaed378fb,2017-04-05 19:10:13,79.99,18.84
d99ec4acbeb86fccf934f257ebd6baa3,1,acdff5faea9652b2230cbcf4d475a220,ef0ace09169ac090589d85746e3e036f,2018-02-02 09:18:39,109.90,15.52
d9a34b9554a76f98e59becbf5b49a871,1,2dc2efef0bbccb4ea53e2a21cdd52dc7,adbc26658d6c7b4b6219f9d934598091,2017-11-08 13:25:21,130.00,19.07
d9a34b9554a76f98e59becbf5b49a871,2,be1d0cae4c4acf0350ad1295fe5a3299,602044f2c16190c2c6e45eb35c2e21cb,2017-11-08 13:25:21,49.99,17.33
d9ba89fb1ef0cec7d158b8a2679186f7,1,7d3297b1d734f63d40632fcf8e1a2cec,ea8482cd71df3c1969d7b9473ff13abc,2018-02-13 10:35:34,24.99,15.10
d9d133e8194b34d22ce9157f4f2ab959,1,154e7e31ebfa092203795c972e5804a6,cc419e0650a3c5ba77189a1882b7556a,2017-07-28 15:55:14,19.99,7.78
d9d4a02bb9f1087deec1dae728740cdb,1,83b00325c13c44245b2c3a2befa62a0e,ad781527c93d00d89a11eecd9dcad7c1,2017-10-18 16:49:25,159.99,57.79
d9ed186abc625ccae42014887b7af04d,1,18b0e642cbae7251e60a64aa07dd9eb9,85d9eb9ddc5d00ca9336a2219c97bb13,2018-08-10 13:35:19,22.32,18.26
da0571dd2e59b32cca46279a02bfb40e,1,7721582bb750762d81850267d19881c1,0c8380b62e38e8a1e6adbeba7eb9688c,2017-01-23 19:02:48,59.50,13.00
da0831d4484d6bb80afb9ddc8c12068c,1,2a1e3c9dcf961bc044d917e9358041e4,ef506c96320abeedfb894c34db06f478,2017-05-18 13:10:11,49.99,7.78
da274e08fb80aeff81a543aae3cf9784,1,95c40b993a22463c83beb5c51a03d46c,85d9eb9ddc5d00ca9336a2219c97bb13,2017-05-04 02:15:38,27.90,17.78
da309a63c2221b6b10cc09ee29c9a1c6,1,05019bc35fc2ed878c0c0f55346b91c6,e99e927c81e3f51739c94fcdfca9f10f,2018-03-22 03:30:54,104.98,18.56
da53168e1e12e3408d193c03604f260d,1,c519f4684e315ead8f279de375f4aa61,72c38a04bd6a1c3dbc5298425a0db86d,2018-07-11 10:31:42,27.90,22.13
da53168e1e12e3408d193c03604f260d,2,c519f4684e315ead8f279de375f4aa61,72c38a04bd6a1c3dbc5298425a0db86d,2018-07-11 10:31:42,27.90,22.13
da6c1b5c9a1106ebca4a15148d062c0f,1,8a443635fdf9759915c9be5be2e3b862,da8622b14eb17ae2831f4ac5b9dab84a,2018-02-01 02:41:26,109.90,12.47
da6c1b5c9a1106ebca4a15148d062c0f,2,87d780fa7d2cf3710aa02dc4ca8db985,da8622b14eb17ae2831f4ac5b9dab84a,2018-02-01 02:41:26,109.90,12.47
da6e14bf496bcc88c9a7e04053030e11,1,65d081bf2ebe1e9b8dd59a72a55a2a6d,a3e9a2c700480d9bb01fba070ba80a0e,2017-07-25 05:03:19,130.00,16.47
da8eefd7ee5ebac9e6163fec64141557,1,4a36fade797dd8d05c7c1398dc0837d3,2138ccb85b11a4ec1e37afbd1c8eda1f,2017-05-05 18:10:14,34.99,14.11
da9409a419597e4d2a671193c8dd6095,1,0e429613002a4b7dfa4554005e2ab8d2,d91fb3b7d041e83b64a00a3edfb37e4f,2017-08-21 03:45:37,193.20,16.10
daaee3046c061f111811d2fa55699a0a,1,7fb04722aba7a2b632bac8f9819796f3,f3b80352b986ab4d1057a4b724be19d0,2017-10-05 00:08:24,79.90,18.80
dabb5a87a6d9cc1388abf76cdcf76e5b,1,f429bcbed72851b21f20d2daf4330bce,7b0df942f46435babab05d49b744b2c4,2017-09-01 11:35:22,359.00,18.27
dabbf294451b5516e2249d502af6a45d,1,c69ee3d090e5c25f7e8633b164fc001b,8581055ce74af1daba164fdbd55a40de,2018-02-26 07:10:55,85.50,22.92
dad751910ee8793efe38a28bd04cf1d8,1,c077c1ab5ccc8f57fd2fb6fd2f0b03cf,cc63f0dd2acba93ffed4fe9f8e0321fa,2018-08-23 03:15:18,62.80,23.24
db2591092d4d4eefdacc5957508a3af3,1,3745086e428495d12317f5864306279f,a2b5b6105ea5942300631d2e76f4ffe0,2018-07-25 21:10:16,38.90,11.29
db26bf0c66e8320dd106b9b39ca56fec,1,422879e10f46682990de24d770e7f83d,1f50f920176fa81dab994f9023523100,2018-04-23 16:30:39,53.90,0.00
db4c181f6ac63a558233e98861beda3e,1,78b1ff38b417d7d3c58c33f386512040,ce248b21cb2adc36282ede306b7660e5,2018-03-06 09:29:40,38.90,15.10
db986cb6dd75db5b02034f98fd00cf7d,1,2b6d84a08eed9e50e3d8389b56cd3327,c447f8dd3ed213f291d65ef074a268eb,2017-02-13 21:01:59,65.00,16.15
db986cb6dd75db5b02034f98fd00cf7d,2,2b6d84a08eed9e50e3d8389b56cd3327,c447f8dd3ed213f291d65ef074a268eb,2017-02-13 21:01:59,65.00,16.15
dbac9bca550d09c1e25a38dc0086d448,1,e5841e5f87a255ec40d170b4177d03ce,4869f7a5dfa277a7dca6462dcf3b52b2,2018-08-22 10:50:41,513.90,16.26
dbbed4924867c581971797d61fd69230,1,4b96786612ebe7463132fce2c4dca136,d94a40fd42351c259927028d163af842,2018-04-01 22:47:26,129.00,18.73
dbbed4924867c581971797d61fd69230,2,4b96786612ebe7463132fce2c4dca136,d94a40fd42351c259927028d163af842,2018-04-01 22:47:26,129.00,18.73
dbe5b409519c5dfb85b5b0955913e5af,1,64cc3c7698b70c71f7f1ce671c112ad0,ececbfcff9804a2d6b40f589df8eef2b,2018-04-23 06:11:47,68.49,37.17
8906f8628f9d017732e7c6f40fbc57a0,1,11b87559bbd51bf8e14c5937b9646344,575df70bde3f9f2b30bf8d2e9910d725,2017-08-29 02:50:44,179.90,79.43
89132053ebde68cc07de4c71adedb658,1,88596b69f04745db1f8ba135da5c708d,de23c3b98a88888289c6f5cc1209054a,2018-02-08 22:31:22,169.00,10.00
891ba4502e28c6f12a1413e7b915c15d,1,5450ae624c196f64c291a61b12ffa3ee,70a12e78e608ac31179aea7f8422044b,2017-07-21 13:55:19,29.00,15.10
891bbd4e052c5f3e894ed330a7419c6e,1,2669a9fe1aaf6cb29071f8f866014afc,4869f7a5dfa277a7dca6462dcf3b52b2,2018-08-16 17:25:14,129.00,13.56
89243c8b1f29ba7a225bdad8061fb473,1,02d5d374678728b3af7bd59ee012abb4,d91fb3b7d041e83b64a00a3edfb37e4f,2018-08-08 14:10:14,40.70,18.39
8925a70c5c2e5b4ce423e37036e03571,1,54e91dfb43a03717aeede4a714f301a2,fa1a9dec3a9940c072684a46728bf1fc,2017-12-26 15:11:49,89.90,35.95
892e01736ad734f028d207bb6578ff85,1,4bc3ab2ff016887e619e587a993af3bf,7e93a43ef30c4f03f38b393420bc753a,2018-01-11 15:09:27,229.00,16.35
894f91c1c79ed1df3d678edb9970e88a,1,4c1bbc12438daec98a77243c2bf7a3ba,7c67e1448b00f6e969d365cea6b010ab,2018-02-08 17:07:10,136.99,82.28
8998e5470215f07da1f2529b486d0416,1,4180a49d4b879e727ad2c8e82a9f4d87,9906e7aa42a3c067b7c9a564d01c4320,2018-02-21 20:06:38,159.90,13.25
89e7c74fa7b7671a581e7e36485f88da,1,6f3b5b605d91b7439c5e3f5a8dffeea7,4869f7a5dfa277a7dca6462dcf3b52b2,2018-04-27 11:31:06,145.90,13.46
89faa15dbbd13f5a340deeddd4f7f721,1,473795a355d29305c3ea6b156833adf5,620c87c171fb2a6dd6e8bb4dec959fc6,2018-03-20 00:08:57,49.90,18.23
8a5fc33c79bf3f4d9bbcc3dceb6b67c4,1,733162823b9a1dbc958b0988d32229da,6bbcb8924baf70b7fe2fe2097e8cd407,2018-08-14 15:45:36,231.20,38.53
8a667bf7baec5286ad76d81facdc85e5,1,a4fdd00347db855f614a18bf51606df5,6d803cb79cc31c41c4c789a75933b3c7,2017-09-05 14:50:16,179.90,13.60
8a80054573ee01a321c77752da93566b,1,6987398dff454a3138231540e2a6ec61,25c5c91f63607446a97b143d2d535d31,2017-11-30 07:56:31,133.90,18.19
8a869c5b11ad7a70c229a9d119f245a8,1,91a3881d2f8b6a993db6ba07284637f5,218d46b86c1881d022bce9c68a7d4b15,2017-08-04 09:50:25,183.00,16.03
8a9424899aac432d80d8e580932b5ee9,1,6c50c87e36d8641d67fbcceed5cfec5e,6560211a19b47992c3666cc44a7e94c0,2018-07-13 18:35:17,55.00,37.30
8aa40dadd2c1f011024a9f8656853103,1,6bbe55cf8f85c87b6eebb775a53402f4,0db783cfcd3b73998abc6e10e59a102f,2017-03-02 15:25:09,99.00,14.86
8aa41a2ff86625ff13d88f289b48714c,1,246d85d18978e56d249ebaf657bb44bc,7a67c85e85bb2ce8582c35f2203ad736,2017-07-13 02:45:59,129.99,18.16
8aad1f0c6ff336608e58eab9851f7ead,1,cac9e5692471a0700418aa3400b9b2b1,7ea5bfa6c340f58f8e71fc1f0412b0d6,2018-04-23 15:09:21,99.49,8.81
8ab0c0ecda227b5dbcee5c23f28f0ef4,1,cd48f265a63e13b762601f5f794c5fca,e9779976487b77c6d4ac45f75ec7afe9,2018-02-25 23:30:27,47.49,9.94
8ae758e9dfba42257dd89e48380b3d1e,1,9dfb2984ab775b6175202b9e9e678641,4830e40640734fc1c52cd21127c341d4,2018-04-24 16:55:37,50.00,22.85
8b54ad5dd057cd34a1308553e2bba5dd,1,66a0a6e02b7f543e5b021ce361f267d4,7a67c85e85bb2ce8582c35f2203ad736,2017-10-26 09:28:15,119.99,12.04
8b5be28b78c96b28adca40358eed3d7b,1,aca2eb7d00ea1a7b8ebd4e68314663af,955fee9216a65b617aa5c0531780ce60,2018-05-24 08:30:47,69.90,0.00
8bbc0e9b5ac010d6a9b8d76570cd20c4,1,e53e557d5a159f5aa2c5e995dfdf244b,88460e8ebdecbfecb5f9601833981930,2018-02-15 19:28:07,74.90,15.27
8bcbe01d44d147f901cd3192671144db,1,85d4c1a46f08f730de651ea6f6645313,3d871de0142ce09b7081e2b9d1733cb1,2018-01-30 23:37:20,59.00,15.16
8be26417e499e19c531a3ebfd1b14c20,1,6cdd53843498f92890544667809f1595,ccc4bbb5f32a6ab2b7066a4130f114e3,2018-08-09 23:05:14,364.00,64.80
8be7a307c750d151af4661da51b2bfa5,1,2856b9cb722cb91f23867a5345b6e0d5,45213867cefbf2cd4c6177e10216a951,2017-05-01 23:32:12,439.76,26.36
8c06de33065ff82ad2d811b7e81a5f7a,1,3c883b9d3fd2d0ce448d4136349dc0a4,1835b56ce799e6a4dc4eddc053f04066,2018-05-03 22:53:14,59.99,14.51
8c0921d37402722b282083329db79f9b,1,bfbce14d1a7118b0c233a35617ec2830,827f8f69dfa529c561901c4f2e0f332f,2017-04-19 16:22:23,64.90,22.84
8c0921d37402722b282083329db79f9b,2,da8faea5f69f03fce4dfc01ceee4f1dd,827f8f69dfa529c561901c4f2e0f332f,2017-04-19 16:22:23,64.99,18.96
8c22c3283ad37daaacdf8d641f1c9cea,1,420921e97463577fd5cc62c687d90bca,53243585a1d6dc2643021fd1853d8905,2017-10-13 20:28:20,283.20,19.26
8c22d7e0d7c5b5642258a6da3a5458c5,1,2ac7c9339ff85fff3e1aee3eaf7bb315,ad273c9eb54ecb4532de4bf75bae9e4e,2017-03-07 11:42:26,32.00,14.11
8c29553a081ec9b93f3a0407e902822a,1,777d44411c685bf4d03294fc52d263b5,dd2bdf855a9172734fbc3744021ae9b9,2017-12-18 18:54:22,49.90,8.11
8c3ef96e828b5894ec632ba10985867d,1,91846781ef75057e134949400768e272,530ec6109d11eaaf87999465c6afee01,2018-08-27 16:05:38,134.99,23.75
8c4f076c43382bd3ae1748c6ee72f993,1,ff7824d83aca56224fa3e3b524748ec5,4aba391bc3b88717ce08eb11e44937b2,2017-05-10 13:10:22,109.00,8.94
8c4f076c43382bd3ae1748c6ee72f993,2,f26157889d4e8ee5b3cbcce8e51c7d2f,e2aee0892199b1d92530e371abd825bf,2017-05-10 13:10:22,169.90,33.54
8c695ffcf56400764176fd1789ec7fa2,1,ebad2408485504e930678ed1af88790f,75fbb52eda0cbc24f479d3b2fbfa8d3e,2017-08-23 15:06:12,19.90,12.60
8c7304b887c62d8b229df046f90e44f4,1,cac9e5692471a0700418aa3400b9b2b1,7ea5bfa6c340f58f8e71fc1f0412b0d6,2017-12-11 14:11:30,129.99,15.67
8c8ab4a6c61aaea6eccaed2958c36231,1,57e089e3103f5cda6a4ce23b77399bdb,aafe36600ce604f205b86b5084d3d767,2018-08-22 03:10:22,54.90,19.57
8c9cc9d7e2dfc4cb091854203914cade,1,33d26f298db59a201858e0248d9cee6c,46dc3b2cc0980fb8ec44634e21d2718e,2017-08-07 10:05:21,149.99,17.90
8caf289ab5d7e3ec7b4522aa22dabbec,1,e50d5ff1ca7c56933a6f35de967fd2e1,46dc3b2cc0980fb8ec44634e21d2718e,2018-02-20 09:50:27,49.99,14.10
8cbc1df0d0a62f36bd6de6496435e51c,1,3dd2a17168ec895c781a9191c1e95ad7,de722cd6dad950a92b7d4f82673f8833,2018-05-07 02:30:49,149.90,25.18
8cd5a51ae18b8bbcfd46882f77cc98c5,1,fbce4c4cb307679d89a3bf3d3bb353b9,c33847515fa6305ce6feb1e818569f13,2018-07-18 12:15:23,149.00,18.36
8ce6770545bab77f107a0b67da55fe7f,1,4b2772e2e34787603725226af352e466,916c9de0b5ad957346eeeb12f332687e,2018-01-19 10:57:19,167.00,15.92
8cf11d602132cbba5e8cda3631ad5552,1,ea5708a5c7124ed181b770fe811ec775,de23c3b98a88888289c6f5cc1209054a,2017-11-23 13:30:32,169.90,10.00
8d1bc6d158769393c1ec54c05b734652,1,99a4788cb24856965c36a24e339b6058,4a3ca9315b744ce9f8e9374361493884,2017-11-30 01:16:26,89.90,21.12
8d3cd96a636e59a3a47b52cedd6e9bbd,1,0e9083f06ff39f2cfe1ba2c8f589f591,59b22a78efb79a4797979612b885db36,2018-06-26 15:19:11,239.00,25.83
8d60c8a11e4eefd1b431f3c126e0b3c4,1,1d116eece9b8bf17edaea2f3bc0f7324,1f1bb1f0859883505541bdd6606193e5,2017-08-04 01:05:10,99.99,9.51
8d8a1fb20cc3bcbed0c51fd0c70bc538,1,e53e557d5a159f5aa2c5e995dfdf244b,00fc707aaaad2d31347cf883cd2dfe10,2018-02-14 17:35:28,88.60,18.81
8d8a1fb20cc3bcbed0c51fd0c70bc538,2,36f60d45225e60c7da4558b070ce4b60,00fc707aaaad2d31347cf883cd2dfe10,2018-02-14 17:35:28,89.15,15.30
8d99d2f6f573a9d674fd19d2c0f9a70c,1,5b226d7c52f86ac72457617f78cff95d,1835b56ce799e6a4dc4eddc053f04066,2018-07-18 12:31:01,80.00,14.14
8dbafac7422903530bd67f9cc974a094,1,261244fc4d0197d8772346872f5b0f5e,6c7d50c24b3ccd2fd83b44d8bb34e073,2018-08-21 07:50:13,44.88,19.50
8dc880cb89385d6213c7ea6fb637b0d4,1,9a3d13559997d2639ebd02e75913b799,5debea795b07621e1f90532e18f96145,2018-02-07 18:31:15,49.90,16.11
8dcd08ba1ddd245791d0fe2a764d7c0c,1,145978af3e89b318be0b717a0953649a,18e694e0e48ed6f7aa3f24aade5fd697,2018-08-22 04:09:53,20.90,18.25
9783e4b24e95c1e243512f67f6e2a97e,1,a0b7d5a992ccda646f2d34e418fff5a0,95f83f51203c626648c875dd41874c7f,2018-01-29 03:37:22,69.90,26.11
97a046d5a9aba90849e4279fdd014fb9,1,39aa98469aa7460a9764311b3f8efb12,391fc6631aebcf3004804e51b40bcf1e,2017-03-21 18:39:33,45.95,10.96
97a475450ceb764b03982eeb9bfc10a8,1,fa66c43e63966d8b1770f6df326e05fb,729b2d09b2a0bdab221076327f13d050,2017-11-30 23:38:28,20.90,15.10
97b6ab675f38dce08fc58f7e5ddfa1a7,1,5d42919d908b17ec1848699d89e2bace,855668e0971d4dfd7bef1b6a4133b41b,2017-06-01 02:15:36,240.00,35.48
97bfa91db4bea5977d7f4d5802d186b1,1,ccb28ec14bd00f54ea07dcfdeb39e78e,c3867b4666c7d76867627c2f7fb22e21,2017-05-10 23:45:07,295.00,22.15
97d09fc348cbda42ae770c92ec3af0c1,1,a1f7dace2a9af48dd48428c12001dc09,52f9db5cfb423382a2fa5c9e39303202,2018-05-08 12:14:37,50.99,18.24
97fd93a5c9549a865a53d51328e01848,1,112c98970afb0e6dd81c05ddd447416d,d91fb3b7d041e83b64a00a3edfb37e4f,2018-06-20 09:38:13,115.19,18.91
9803d53681d599da06e759c5935f89e6,1,fa3a067994b6fd52b6ce674ee19a5bdf,2199e7fe213c16213bf5d6a7eadc9a5d,2017-08-21 09:45:07,156.30,21.58
9803d53681d599da06e759c5935f89e6,2,fa3a067994b6fd52b6ce674ee19a5bdf,2199e7fe213c16213bf5d6a7eadc9a5d,2017-08-21 09:45:07,156.30,21.58
980b9aef670d4659912793b2fffdea29,1,0388b93e2992639ef7de7b35b2ba91b2,0ea22c1cfbdc755f86b9b54b39c16043,2017-11-08 22:25:27,34.90,12.48
980bc014d29830d87b56bbc7720a6b6b,1,ed5122a6a757a4fea8f32a6fb95a5135,00ee68308b45bc5e2660cd833c3f81cc,2018-03-15 15:49:54,110.00,23.35
982727416ef47cb3095b02dfccb621bf,1,bd6e6fce9ada76ea2db0f1912e8e478f,1835b56ce799e6a4dc4eddc053f04066,2018-07-09 04:33:11,56.99,19.59
9827713c2434c817eacd058f8dcc5628,1,d34ec3c23c142291062f958688a1b41c,dbc22125167c298ef99da25668e1011f,2017-09-28 22:25:52,55.90,14.12
9831b84779bb2216541f702f5ed7c331,1,b953d9a0d8c056d4144acbff1f0adc80,7142540dd4c91e2237acb7e911c4eba2,2018-02-22 20:07:07,74.90,16.28
98509cb0716e6b8b252e0dcb05b2e481,1,5d6bea33648f018dbb563f3a2fab09f3,1025f0e2d44d7041d6cf58b6550e0bfa,2018-04-17 17:10:59,150.00,13.95
9864e42f543cd23bd3854610732d94b4,1,cd48f265a63e13b762601f5f794c5fca,e9779976487b77c6d4ac45f75ec7afe9,2018-01-15 11:32:14,47.49,26.89
9864e42f543cd23bd3854610732d94b4,2,cd48f265a63e13b762601f5f794c5fca,e9779976487b77c6d4ac45f75ec7afe9,2018-01-15 11:32:14,47.49,26.89
988f13625d65d9a81777bb4d93d01e1b,1,55624051e913597daf59dee5c582b6b9,7142540dd4c91e2237acb7e911c4eba2,2017-12-11 10:14:45,84.90,13.61
98974b076b01553d49ee6467905675a7,1,ecf23a6c1689e2bed38171ececac6138,5b179e9e8cc7ab6fd113a46ca584da81,2016-10-21 16:20:21,109.90,11.23
989c8bed4ad2e187516317b3e12f44c0,1,4fcb3d9a5f4871e8362dfedbdb02b064,8581055ce74af1daba164fdbd55a40de,2018-04-04 14:10:05,143.80,25.82
98b736865640a09748dfa712c907b68d,1,a203dd46978039dcbd6329a71112f09a,4e7c18b98d84e05cbae3ff0ff03846c2,2017-04-14 13:22:27,139.00,52.52
98e5161ba292a2032d586ecc01ac0c87,1,72b4b2eaeeba10703a63a5f639315366,c003204e1ab016dfa150abc119207b24,2017-11-17 21:46:57,149.90,21.89
98e94d121fb6444de93e426ceeb1e0e0,1,7583d9a579408cb84bbc7b0e4548ec18,17306570e772e7718c92a562d33f5f1d,2018-01-29 18:16:34,219.90,22.03
98fdd250e01c66e91a1a2632a6445039,1,679a3e5e1d2bb68982be5734c6e55e63,8a130737016f838139d31878787a39c9,2017-12-21 10:59:25,54.40,9.34
99044ef6d39a9053e6c8be072306da0e,1,be59f0b9bd1d08d096188f98168fc987,15cd6eefe58588619aaed41dfa6621b1,2017-08-09 08:23:46,54.90,20.87
993fcce2140b7440c34a447faedea0d6,1,9aa70106d14b83c7ad033592870b2b30,0be8ff43f22e456b4e0371b2245e4d01,2018-02-12 09:10:24,47.90,15.79
996936689b68af80b51ef3c429a4f386,1,a35a9f46dcee0a67c8c7ad8493eb4135,85d9eb9ddc5d00ca9336a2219c97bb13,2017-03-10 02:15:17,20.90,16.05
997972977f4f622407b3d9125eeffd46,1,425db55cb3b0f5b18a2d9964da31c3c0,2a84855fd20af891be03bc5924d2b453,2018-02-05 15:53:11,49.90,14.10
997cd0cc21c4cc23cf4b07c4f53834db,1,1cf22c0593f2ba8ecf404d0945a2036a,e9511df20ccd82658a30c37b7fb343af,2018-02-23 02:51:36,128.80,34.26
9980064d9817bacc9e261e7f5fcf3fe5,1,ec90895370885d025efeb8e72e7fa699,e7f3bf1ecd8526eb7f3b18059e6716e5,2017-07-18 07:03:41,129.90,15.66
9980a5ade25fc8add3023440935ef36d,1,d9ba932a269adb3893a1d7e53161c7d2,8c91bfea4263b8fba54081460693e2a1,2017-02-09 21:37:59,590.00,19.24
99c9fec8ab028336e605f216e55337e6,1,a323784ac31c377c5ecaa26b8cb155db,7178f9f4dd81dcef02f62acdf8151e01,2017-12-12 09:19:17,49.90,15.10
99ea7908cd1e043462057874b180e3fe,1,ee147042ac9bc25ab2ad108442bbecde,4ba52dfeba874da5b9ee7b17c7494f04,2017-08-10 17:45:15,145.00,22.64
9a01e11eb3e82a6d9e7bd3f3acafa7ca,1,437c05a395e9e47f9762e677a7068ce7,f84fa566034f5e8e880a07ec624c56af,2018-03-08 15:35:24,49.90,15.10
9a02960ce092d811e89e50c06d750ff6,1,4508bced363e65d5a3e0339f625b8df5,391fc6631aebcf3004804e51b40bcf1e,2017-09-20 17:04:17,98.72,16.32
9a0fd0d61c564bcbdfcfa980c35f3f91,1,a02d0123079f4ae96001ba2010d1a2df,1025f0e2d44d7041d6cf58b6550e0bfa,2018-04-27 19:31:08,230.00,54.42
9a3deccd2b0279aa76825542a6146030,1,f7bb503725fb4d7bb55301d5bceba728,55a5b51f93f2b70ea513f5a047b0262a,2017-05-24 02:15:21,99.70,42.73
9a50b650295303f506477ad430996e9d,1,83039266ceedb3640c6dce70f01bf2d0,8602a61d680a10a82cceeeda0d99ea3d,2018-03-15 04:05:24,80.00,7.43
9a72b635fdd4396e5656a6028d13d09a,1,f683f3a5d367251ac1a86404f15615b5,6560211a19b47992c3666cc44a7e94c0,2018-02-26 09:47:45,89.00,9.44
9a838b8807fdd90c94d08ed164db0039,1,a5ae8400fc9fcacd4af585a57bbf264a,66922902710d126a0e7d26b0e3805106,2018-07-04 10:50:08,105.00,43.02
9abb2627b40ff1591e62553894e6b312,1,5f8c74f4a3d2b616857fcb7d4dd1f61a,83e197e95a1bbabc8c75e883ed016c47,2017-02-04 17:31:36,109.90,17.51
9ad64fee55d24429134f71a2955bc677,1,f4a38926843e01497a3f63a5d5740c72,8b321bb669392f5163d04c59e235e066,2017-11-30 19:18:37,13.65,7.78
9aea5beb82a36ec0003d98ea8d832e2a,1,c10a7001e8b49dfc03817444b5f2ed81,056b4ada5bbc2c50cc7842547dda6b51,2018-07-04 18:55:13,129.99,9.25
9aeaadde646cd9e4c51638f24ecf63cb,1,ab9aa96e13784729bde0fddf698eb1e1,c161d1327ebc3a156c09582ab2f59f6c,2018-02-15 16:35:51,17.00,7.78
9b0159dd88a0319b71984d8d973472c2,1,57414a165829139b9b534f0b4a794fe0,a254c682cc01e119f83530446f1df9a9,2018-08-10 20:15:18,105.00,59.97
9b1d0dd42862c68280468732a4399034,1,02b750ee6f6f12a23c311b775ee4427a,54583ab379489add547fe47b628db589,2018-08-10 14:35:18,250.00,24.90
9b2d3a2e24dbac479d430298eb8905a6,1,f353779abb6114db5f8f79fbad12e375,d379f449f2a3b271bc01c0782020f705,2018-04-16 17:49:46,82.50,66.01
9b2d3a2e24dbac479d430298eb8905a6,2,44ae8d3edf5612ff7a39d629d5bbb8ae,15cd6eefe58588619aaed41dfa6621b1,2018-04-12 17:49:46,70.90,19.41
9b305f3b1cd4ea12832c2b90372b961e,1,1a300f482e35d7eac74b229be067aefd,e9d99831abad74458942f21e16f33f92,2017-05-05 18:23:16,30.00,28.97
9b441adcb57c2e78cb12352908df3ea8,1,39377e2d331b8af5a19bc565215e3a8c,8444e55c1f13cd5c179851e5ca5ebd00,2018-03-06 18:49:35,623.00,20.84
9b75fa68354ea9cd02695d002b82b109,1,964093075b6885bfcc6520dd216e4d8f,4830e40640734fc1c52cd21127c341d4,2018-01-05 18:37:32,25.00,14.10
9b816053262f4741f9d0d314dff0a41a,1,008b51e6be49ee039854b5e35c331b02,d921b68bf747894be13a97ae52b0f386,2018-06-19 16:38:53,270.90,52.62
9b8759d21a6df9bc2d6f451c972674c4,1,246aa84ea966f137a2d87ef0041fa6ef,3078096983cf766a32a06257648502d1,2017-12-21 12:58:23,139.99,16.61
9b883472f4826d7c694d8c52038a8c67,1,052413504e5295cd66ec4ced0b310062,4869f7a5dfa277a7dca6462dcf3b52b2,2018-04-05 22:10:26,179.00,13.69
9ba2e8784e3e43f617fd0faa356d309d,1,c211ff3068fcd2f8898192976d8b3a32,da8622b14eb17ae2831f4ac5b9dab84a,2018-05-29 02:31:38,24.90,8.82
9ba31b95aa2ad7ab24bcd9f64a89ea43,1,575617410387f4e614f39628fe8e81bd,615005a3ef192c00c6f0e977cee3d2bc,2017-10-10 16:07:45,33.10,15.10
9bb19b2b2a14bfd567fa37c747c6dc96,1,53759a2ecddad2bb87a079a1f1519f73,1f50f920176fa81dab994f9023523100,2017-10-25 16:50:19,59.90,17.67
9be33ce4878405dfc4be325fe756b73b,1,a3394de35879ea62967d01d3d93b2cc1,391fc6631aebcf3004804e51b40bcf1e,2018-04-25 22:54:03,118.75,17.74
9c29c9f7f44bf05a332d8f22212941b7,1,6f3b5b605d91b7439c5e3f5a8dffeea7,4869f7a5dfa277a7dca6462dcf3b52b2,2018-03-02 12:11:07,199.00,12.89
9c3d371454ceddff5d8fa8aa86ac7c1e,1,8ea8e3150c4a9d5e683bf5f8d0561609,aba1721a889e04decc910aa13b768ef4,2017-04-26 18:05:17,699.00,15.50
9c7786ec8d2394cbee42bba833f7c537,1,2136c70bbe723d338fab53da3c03e6dc,6560211a19b47992c3666cc44a7e94c0,2017-05-05 01:33:08,29.00,14.11
9c8b1a249b8f2acf28a69ae5526256c5,1,75c06ee06b201f9b6301d2b5e72993f8,3c7c4a49ec3c6550809089c6a2ca9370,2017-09-25 09:35:10,13.99,7.78
9c916cda025ac7a244116346b9e82344,1,601a360bd2a916ecef0e88de72a6531a,7a67c85e85bb2ce8582c35f2203ad736,2017-06-09 10:45:16,129.99,18.00
9c987217fb96ab86ca15a379d251595c,1,7e07898c0f30ec34cc5d255bcc4b3747,41b39e28db005d9731d9d485a83b4c38,2017-10-11 02:56:35,59.90,11.73
9ca6d17660064ab8bbc4a8089397afb1,1,943c812216923e4244e83099e0c62a08,5b8154610ebb21fb90eb587365e673df,2017-11-17 12:35:34,139.99,10.39
9cd4acec394235fdf417882afb629ae6,1,79a564cca1924553af76d396bf7c0662,9d5a9018aee56acb367ba9c3f05d1d6a,2017-07-06 11:23:43,174.33,18.50
9cd5810e0e93f3aa22403b2a7371d1a2,1,a9f480bfc49f0b85e8394e1cdf685b4e,3d871de0142ce09b7081e2b9d1733cb1,2018-03-07 22:55:33,49.00,12.69
9cdf9fb8b53e82a2a63e2618f49dc28a,1,dfac3332b44b66ff743d656e76231b95,b9a03475e6447e631b6799ec8274800f,2018-03-08 08:50:31,45.80,16.11
9cea6943c0d2ab67dc7bde8ab9b03f32,1,7650dd3b2dc10798a8cbccc78d9e6e3b,9e6229250fedbe05838fef417b74e7fb,2018-08-30 09:24:26,149.90,27.35
9d0ead55b274d0c21fe95108b4b3ffe8,1,ad88641611c35ebd59ecda07a9f17099,c826c40d7b19f62a09e2d7c5e7295ee2,2018-07-27 15:25:15,137.77,16.06
9d107f7c71a717cfcccc479c9e300302,1,6ed0ed10d62b45f3de46933b0b2989a6,c6bda72e4dbf5c5866b13cb1810c6d03,2018-06-04 18:54:59,107.90,14.12
9d241238f3827aced623154ace551dd9,1,aca2eb7d00ea1a7b8ebd4e68314663af,955fee9216a65b617aa5c0531780ce60,2018-03-16 03:48:52,69.90,12.43
9d241238f3827aced623154ace551dd9,2,aca2eb7d00ea1a7b8ebd4e68314663af,955fee9216a65b617aa5c0531780ce60,2018-03-16 03:48:52,69.90,12.43
9d532b51b8f3d1f0103c34fc72fe1816,1,422879e10f46682990de24d770e7f83d,1f50f920176fa81dab994f9023523100,2017-08-09 20:15:20,59.90,17.67
9d85f63ebf2543ff0cb9d3a3bdd7ead8,1,6f3b5b605d91b7439c5e3f5a8dffeea7,4869f7a5dfa277a7dca6462dcf3b52b2,2018-07-30 12:25:13,168.00,19.28
9d96a9e98c3d858bd5671f4063710829,1,87cc2aef12eddf0b170234138b0946e0,34d1ca11b242c0fee2c834ae8d788566,2017-06-21 21:42:26,185.81,17.06
9d9b9f1853aa3afd7906d3c011c49775,1,99a4788cb24856965c36a24e339b6058,4a3ca9315b744ce9f8e9374361493884,2017-08-17 18:23:39,89.90,17.88
9da45042d8eb6c75611db8ff1a176f8f,1,31a2f42a87890f87d77daebdfabc182e,4c03b9dd4c11ee2cb35c96c49efc9420,2017-07-11 02:50:18,149.00,14.06
9dbaf3879dfddfc43171aaf9a9c0a82a,1,ea44caac707f7f1325182a538007f838,855668e0971d4dfd7bef1b6a4133b41b,2017-09-14 05:15:59,50.00,11.73
9ddba77d69c77e988ac02c012a59d058,1,a6b7073cf928329df156bb534b95b2cc,747e73c01a4593d4cf60dcf970fd2689,2018-04-04 09:09:14,329.99,9.56
9de38c42ea4d33af19aac6c4d6c4b146,1,259bd66612b61aa4e82ce3cde9272bbc,955fee9216a65b617aa5c0531780ce60,2018-06-14 16:31:46,25.00,12.84
9e079abd2ca9af66e7584c00d6551890,1,9aed412277ca4485a7bf6e0c53e65786,0db783cfcd3b73998abc6e10e59a102f,2017-02-20 21:44:03,35.00,14.52
9e1eccc08685bb903c6eee8ade67a23b,1,9ea3e671b22bfe796818b4fac0d6b974,d66c305afaec317ebee552073a674429,2017-06-01 02:25:52,239.99,15.43
9e4b90eef41ed5a85e2e2f8bef415075,1,610c673331ac3c4fa0f393ce5af9aa2e,8b321bb669392f5163d04c59e235e066,2018-04-03 17:27:53,13.65,7.39
9e4cbed5d166b9e8857de3150c2af79f,1,225f4fe326aa42f164181adc215bcd09,562fc2f2c2863ab7e79a9e4388a58a14,2018-06-25 13:25:25,48.99,18.44
9e81c4ecf83ac3e5fce3ea780b1aa38e,1,6cbe4bd19efc4606eb2a9448a47e232e,8b321bb669392f5163d04c59e235e066,2018-02-21 09:10:55,38.90,8.72
9ea62ff38e6396ea973ec12e0b09c65b,1,368c6c730842d78016ad823897a372db,1f50f920176fa81dab994f9023523100,2018-02-08 19:50:27,49.90,17.60
9ecc5c5e57de488331667fb8c3d5f689,1,78efe838c04bbc568be034082200ac20,0241d4d5d36f10f80c644447315af0bd,2018-06-21 03:57:38,99.90,22.00
9edc784457fc74368eeab9b7012495f0,1,5dee2c14e1989141e15d341d4c62d72a,670c26e0f1bf8d0576271d5cfaec6d2b,2018-01-10 00:31:27,91.50,12.77
9ee8c4e95442d267ec52b5c452928131,1,99a4788cb24856965c36a24e339b6058,4a3ca9315b744ce9f8e9374361493884,2017-05-23 03:42:44,89.90,12.13
9f10c0ea65a77a1a730fee1bd83c6ace,1,81a266bbf4c7aa3113db84e81ca899b8,391fc6631aebcf3004804e51b40bcf1e,2017-11-14 15:50:27,99.99,29.10
9f10c0ea65a77a1a730fee1bd83c6ace,2,81a266bbf4c7aa3113db84e81ca899b8,391fc6631aebcf3004804e51b40bcf1e,2017-11-14 15:50:27,99.99,29.10
9f10c0ea65a77a1a730fee1bd83c6ace,3,81a266bbf4c7aa3113db84e81ca899b8,391fc6631aebcf3004804e51b40bcf1e,2017-11-14 15:50:27,99.99,29.10
9f226854839600f3e70c4faeb94e8790,1,666696771a5dd7a28816eab47b70d966,8bb48dc19fccaa8613b6229bf7f452a2,2017-11-28 11:46:54,118.00,18.08
9f34e578816993ab6665797c08919c90,1,39fb1b20d35ef11b96ddb1180d89c25d,f84a00e60c73a49e7e851c9bdca3a5bb,2018-05-15 19:52:45,94.50,23.59
9f35328dc92b28c67517b812818dc6a8,1,d7f8b7443f6ae5796dabe493521a1e79,9596c870880d900012f2e8e6e30d06d7,2018-02-02 18:12:16,980.90,262.72
9f353d55cebbc63a3eb1bf5d53774ab5,1,a8d952e8e5436a6fe36d24c402d100de,ea8482cd71df3c1969d7b9473ff13abc,2018-02-09 13:30:37,21.99,7.78
9f363e28be707432b8173ded00f855f2,1,94475071013412139f862c0bd7e3bb37,955fee9216a65b617aa5c0531780ce60,2017-12-15 11:11:13,39.99,14.10
9f495a88e6454713d2963970d7a119ed,1,eba9ae37524dc8fdba2161862c6f8aaf,8e6cc767478edae941d9bd9eb778d77a,2017-04-02 22:55:17,53.39,14.14
9f6833a99cc6d2bc31cce30fd2f58aa6,1,82a61259a621866c4ba63743da29a342,4d6d651bd7684af3fffabd5f08d12e5a,2018-04-24 09:51:47,129.90,20.25
9f6e9882bfa36a4ef98e3016c5e59f9f,1,d73378cc66536ea4da8b4026e23ec2cf,07bf9669d84d1f11be443a9dd938f698,2018-04-10 05:48:59,48.00,17.93
9f978ecad138d859f6e9e08ed6b7cbda,1,d34ec3c23c142291062f958688a1b41c,dbc22125167c298ef99da25668e1011f,2018-07-09 19:35:17,58.00,42.69
9fb383eddd3b9f4b2970160c76988005,1,5ad2b7b30050dd8aa51c2fed1db13e22,3d871de0142ce09b7081e2b9d1733cb1,2018-02-08 15:30:17,99.00,13.71
9fbdb5da34e42e5603cd57ad18c79729,1,938f95c14baec1a1fd57ce55ab5a8af5,95e03ca3d4146e4011985981aeb959b9,2017-11-20 04:10:25,100.00,16.95
9fcf522f6dca92c093d4607780d01a74,1,4fcb3d9a5f4871e8362dfedbdb02b064,8581055ce74af1daba164fdbd55a40de,2018-04-11 14:29:03,143.80,15.91
9fd3d5bb20296499ef3fbcaa4db31c39,1,835d8502d265ddeb4bdd39591d55fa2b,59fb871bf6f4522a87ba567b42dafecf,2018-02-22 17:50:25,149.99,27.59
9fe33416283b9bfb49fcdea66c415777,1,52c80cedd4e90108bf4fa6a206ef6b03,a1043bafd471dff536d0c462352beb48,2018-01-17 22:29:45,179.00,51.12
9ffdb44f6b79111e57d86b61146fba23,1,0eb8e03d4ef83152c4642b606b5bbdec,cac4c8e7b1ca6252d8f20b2fc1a2e4af,2018-06-20 05:16:04,29.99,26.43
9fff263519b16922d71e07a6706a0ef8,1,6a94da4070a7f1dcbc3872b181ce55ff,82e0a475a88cc9595229d8029273f045,2017-03-09 02:30:29,99.00,26.95
a030d3d4fe79a482fd66cb2205cdd0df,1,4eff4dd8918d15c9a308a9645d353807,4b9750c8ad28220fe6702d4ecb7c898f,2018-06-13 04:15:10,48.90,9.26
a076e6a3d1401e58c8b6ced4d0d23225,1,89321f94e35fc6d7903d36f74e351d40,16090f2ca825584b5a147ab24aa30c86,2018-03-29 14:35:30,27.90,18.23
a0aef57f230423695817deb4c1b4fe7b,1,87a71ae93900ab55fcf685c8040769b3,8b321bb669392f5163d04c59e235e066,2018-04-05 19:10:08,12.90,7.39
a0d3b62390e72dcfd8fc6b29c1af0061,1,def080e33b38a4c756347d4665b40a7f,ba90964cff9b9e0e6f32b23b82465f7b,2018-08-17 18:43:58,299.00,13.11
a0fb1c238c7bcff487ee3095d577be86,1,8c292ca193d326152e335d77176746f0,7e1fb0a3ebfb01ffb3a7dae98bf3238d,2018-02-27 18:30:53,150.00,12.55
a10025dad19bcbddfb29902513f39ca3,1,b796b4b960421bb50cfeb4fef8c793f7,6750d71153f00fc58829af2a8ef1bcf1,2017-04-04 02:10:34,99.00,15.90
a10231eb95955f12c2bbc1e34e25c950,1,473795a355d29305c3ea6b156833adf5,620c87c171fb2a6dd6e8bb4dec959fc6,2017-02-04 17:14:07,59.90,14.59
a1074f1de8cb7cb5f4ce95be13541ac0,1,dc0fe1906bacc99199eb46fce442e1de,b1ac6ea7895bc3dd6f0f6f4abbdd2821,2017-05-11 02:50:47,59.00,18.69
a1082c701ce0f4976085760dfe7fa605,1,e338f548cda0b52650b9acfd317a74db,cab85505710c7cb9b720bceb52b01cee,2018-03-06 16:51:22,64.90,7.78
a1119e009d1d91655405307f4c095818,1,d99526b1e4fa5f57b8bde34a7337b5ee,9b013e03b2ab786505a1d3b5c0756754,2018-08-09 00:55:27,58.00,7.67
a11a425bf8a1d74271b19f31a3cbe76a,1,aa765c0a9daeb0541a98ff48ea3ac651,271c58a1d139c45eaf3316107c6d3a3b,2018-07-31 11:31:41,130.00,15.22
a11f0312591acf976fd9bf40d6b539db,1,56c7e8adc8769d3dbc4dd74145c0e83c,85d9eb9ddc5d00ca9336a2219c97bb13,2018-03-30 17:08:51,27.90,15.23
a12de642288c88d6a5aec20f46a12fa6,1,734a3078bba2d8bf0113b808a86dc7bc,5de1c80811ce7007f62f00d971236c09,2018-07-09 15:31:46,39.90,17.21
a139ecd5f1989a8f5d829cc03aa1a046,1,ea4202e8bb909ce3b62009e02da04a54,ca4b77513ac2040591b0d8fae6958380,2018-08-22 09:10:17,64.42,18.55
a14a2e543b33add9891cabe38fd844c8,1,25e2023ed83352bde98dc1490d14c3d8,ff1fb4c404b2efe68b03350a8dc24122,2018-04-19 11:10:27,99.00,19.66
a15d904c9e9cfb9f11a9752fbf1b6a7d,1,9759a740aa84f55b71c0c8c306a80737,f46490624488d3ff7ce78613913a7711,2018-06-21 01:31:08,19.00,19.32
a174a2f4aab0749f03c14609ac07a059,1,98712b7f46e0fe4f4da2f7df1b9231a7,7299e27ed73d2ad986de7f7c77d919fa,2017-08-02 16:25:10,39.99,12.48
a182c021b0561e70031de925b3991fb3,1,6f3b5b605d91b7439c5e3f5a8dffeea7,4869f7a5dfa277a7dca6462dcf3b52b2,2018-04-06 20:35:17,158.00,18.99
a198770e8161a0593a4acdbd70b6681a,1,0adf970bf07772b0f8c88f664e146221,81a1104df0f08b59c68aa5b03cfe398e,2017-12-12 00:18:32,98.63,21.53
a1c4ab09bfeec2b1739a1a7c2e4c4634,1,5b3242867b3c1f86ebe790699c88b901,0be8ff43f22e456b4e0371b2245e4d01,2017-10-30 03:35:18,119.90,30.00
a1cc6e60e142d31a699056328d83cf82,1,71e239fbeffa264767d6a1210b933e02,0ea22c1cfbdc755f86b9b54b39c16043,2018-04-12 12:15:17,34.90,20.08
a1f5afc5fe7a4ee4bef93aab1e95772f,1,f4f67ccaece962d013a4e1d7dc3a61f7,8581055ce74af1daba164fdbd55a40de,2017-05-12 09:32:07,241.10,20.66
a217507ac495620d9a403939c9604703,1,501c8cd285f4f2ed96efffbb3c697d0b,f262cbc1c910c83959f849465454ddd3,2018-08-08 16:55:30,24.99,8.34
a247dd396d56ff49f7b4f4b8f9139f5c,1,bb7181410b4e02f93f3697f765db53c7,855668e0971d4dfd7bef1b6a4133b41b,2018-03-15 09:48:24,135.00,27.39
a25b078a7827d95f8366353a32c90fe0,1,e2bb00220a167d9e60b6776ac33717bc,6560211a19b47992c3666cc44a7e94c0,2018-06-18 06:55:45,56.00,17.32
a26bdfa860437e3b9199a81b6003d928,1,d25d19ee224b456067a715cc5903740e,b2479f944e1b90cf8a5de1bbfde284d6,2018-08-03 07:50:12,54.99,23.19
a27eb404169bf0159dcee550b59b9d5e,1,a0fe1efb855f3e786f0650268cd77f44,ef506c96320abeedfb894c34db06f478,2017-05-11 20:22:17,59.99,7.78
a29c25c2c9c3100daf48a25880312c23,1,9ac1378f05cd222b3fb34a3cccc626c7,f46490624488d3ff7ce78613913a7711,2018-08-07 02:15:06,39.90,18.08
a29c25c2c9c3100daf48a25880312c23,2,9ac1378f05cd222b3fb34a3cccc626c7,f46490624488d3ff7ce78613913a7711,2018-08-07 02:15:06,39.90,18.08
a29c25c2c9c3100daf48a25880312c23,3,9ac1378f05cd222b3fb34a3cccc626c7,f46490624488d3ff7ce78613913a7711,2018-08-07 02:15:06,39.90,18.08
a29c25c2c9c3100daf48a25880312c23,4,9ac1378f05cd222b3fb34a3cccc626c7,f46490624488d3ff7ce78613913a7711,2018-08-07 02:15:06,39.90,18.08
a29c25c2c9c3100daf48a25880312c23,5,9ac1378f05cd222b3fb34a3cccc626c7,f46490624488d3ff7ce78613913a7711,2018-08-07 02:15:06,39.90,18.08
a2a7a8c26f134471a22568ddf011e175,1,d65b6607952f9e0d705b1cbdc92ac027,48436dade18ac8b2bce089ec2a041202,2017-08-17 04:24:58,44.90,16.11
a2b4be96b53022618030c17ed437604d,1,ddceb6eef6af67e9fbbd4c148dbe5fd9,ceaec5548eefc6e23e6607c5435102e7,2018-07-26 09:03:24,209.99,55.95
a2c173a8905b6e8f3c6ea83b7d9c6b91,1,68a00c2c89cc59b345242ac379ee4b26,c3867b4666c7d76867627c2f7fb22e21,2017-08-04 07:30:19,115.00,38.36
a2c93edc2fa319d3e6aa9e18dc4b3b19,1,ed08c988bf45ddaed9d83ed92f015ec6,2156f2671501a81034d7d07f217609d0,2018-03-12 03:55:57,85.00,15.47
a2e41b2178698dc2a57817361a869d1d,1,c3097e07a0a5de0d4b4c836d90c5a284,5656537e588803a555b8eb41f07a944b,2018-03-26 18:28:17,13.69,22.06
a2f4de10fceff6c008efd19d2b99725f,1,cd7f7f00061ea28ae06afc6dc5786cf0,5a8e7d5003a1f221f9e1d6e411de7c23,2018-08-14 12:04:28,79.90,8.72
a31768d1614db23dfc711f738b2b774f,1,53b36df67ebb7c41585e8d54d6772e08,4869f7a5dfa277a7dca6462dcf3b52b2,2017-12-07 21:37:31,149.00,16.67
a322a4aa3b0a9b47a6760a03ee17ffe8,1,6a2909ac21d16b721e4795e7e8ff3e68,0509040ea3fe50071181bbc359eb7738,2018-01-12 13:01:21,23.80,21.15
a3309e7ee5cbc991563c83bc0c41d694,1,78efe838c04bbc568be034082200ac20,0241d4d5d36f10f80c644447315af0bd,2018-05-21 03:16:16,99.90,29.97
a33709a7ca5c9d407f00018a7ea3a533,1,66a0a6e02b7f543e5b021ce361f267d4,7a67c85e85bb2ce8582c35f2203ad736,2018-01-24 02:12:08,139.99,18.23
a3397fe4e0daa3278bc7de9c39a5e601,1,f264c1d9b20b5e4a340254d0405e613b,7a67c85e85bb2ce8582c35f2203ad736,2018-03-07 15:15:26,72.99,17.76
a33a09b1320a130c61d1d5d9b8aec5ee,1,4298b7e67dc399c200662b569563a2b2,88460e8ebdecbfecb5f9601833981930,2018-07-18 19:05:47,123.90,14.21
a37bfcf3d20f35acbeb8802726c3fabd,1,665aa1d687284a4d2d2b74c0c6724625,8160255418d5aaa7dbdc9f4c64ebda44,2017-12-04 03:19:42,99.90,16.46
a3870b955884ebd4ac62ddb02b2ff255,1,7c1001239dfe84755f6c35910436abd1,66dc1b1632bd6a3e508510c5b3492107,2018-06-28 15:31:44,179.20,38.16
a3b803010363e5ad20664a8853b1056d,1,d1c427060a0f73f6b889a5c7c61f2ac4,a1043bafd471dff536d0c462352beb48,2018-06-28 00:57:41,119.99,25.00
a3c2dfa534b942bcc28371fdec7702d9,1,ac8d637154b9a2717786c0f933d4c7da,c9c7905cffc4ef9ff9f113554423e671,2018-07-03 13:31:39,79.99,9.31
a3d715c13af177125a462b543a9a97f4,1,77c2aff3c37f549284828851709cedee,709e16e2b25c7474d980076c6bfc4806,2017-10-19 15:26:00,37.90,11.85
a3d715c13af177125a462b543a9a97f4,2,77c2aff3c37f549284828851709cedee,709e16e2b25c7474d980076c6bfc4806,2017-10-19 15:26:00,37.90,11.85
a3f904ec7f40c56ce2987ccb9c73d4c3,1,4c2394abfbac7ff59ec7a420918562fa,cc419e0650a3c5ba77189a1882b7556a,2017-11-30 02:47:30,84.99,9.41
a445af0d83713885b6b576796191b1fa,1,e5431fe7b289028ba2b453fafd45f0f8,723cd880edaacdb998898b67c8f9da30,2018-07-30 09:23:26,99.99,27.84
a445af0d83713885b6b576796191b1fa,2,a0b7d5a992ccda646f2d34e418fff5a0,95f83f51203c626648c875dd41874c7f,2018-07-30 09:23:26,69.90,27.84
a46dac4a7a15e660ad481ebac20f3d3b,1,c4baedd846ed09b85f78a781b522f126,a1043bafd471dff536d0c462352beb48,2018-04-19 12:31:01,110.00,27.04
a475f984a1a51c9e1f8a76e8a8e8b955,1,aca2eb7d00ea1a7b8ebd4e68314663af,955fee9216a65b617aa5c0531780ce60,2018-01-08 11:47:28,75.00,13.08
a49703fda0b42ab0a87e062624ea2f43,1,595fac2a385ac33a80bd5114aec74eb8,289cdb325fb7e7f891c38608bf9e0962,2018-08-07 13:44:23,116.90,22.75
a49ef06443dbe442d78f3fa3b26848d2,1,bc43d9cc64d7ff9093e8dd66b4d87665,218d46b86c1881d022bce9c68a7d4b15,2018-03-08 11:15:33,110.00,18.02
a4ba5f471acc707087cf478a5145f0e7,1,5da831182fe9ba6ab33ab17bbc5d16c7,4d6d651bd7684af3fffabd5f08d12e5a,2018-02-05 21:53:42,169.00,15.93
a4be9e3217c93eafb1f1940efb4a9cf6,1,a42d9c825894f96fc6ed02610891454d,4d6d651bd7684af3fffabd5f08d12e5a,2017-12-14 23:09:40,59.90,20.91
a4bebb3e6a897abebb5afdb45e4c710e,1,252641aa4855aef622089db60c4ad90a,06e5eefc71ec47ae763c5c6f8db7064f,2018-04-30 19:29:30,169.97,16.07
a4d7c8bca45b56444e3c59ddcca7d7c9,1,389d119b48cf3043d311335e499d9c6b,1f50f920176fa81dab994f9023523100,2017-09-05 02:05:44,59.90,13.44
a4e716425319a6fefa5bf8c58eeccfcd,1,c234a60a994181f45605566bef8fe3b4,d101c6da914ae3d53f7bee42283f2fe2,2017-06-05 09:43:04,109.90,21.26
a4f692247016a0f0394abc54b63f865d,1,bb7181410b4e02f93f3697f765db53c7,855668e0971d4dfd7bef1b6a4133b41b,2017-06-05 01:45:09,120.00,46.31
a5396462aef45aa15381d92b777b7cfb,1,2bb7ee4eb5d38207b650bd2ff6f4586c,bc47d5d1490df2b36add65d733eafaba,2018-05-10 09:55:24,54.00,15.26
a54dd045e3be5b2d21b3065c2b6f0131,1,3a5ef18a79b288df31a2b4bf5b2d17ce,e53d5b9b29d1218281f4a907ada18626,2018-07-26 17:04:33,55.65,42.67
a5a854651cfe0d8da9f1669266fd4063,1,409ec48108c4dad2130633a912fe877e,1900267e848ceeba8fa32d80c1a5f5a8,2018-05-13 22:52:27,40.99,9.60
a5a854651cfe0d8da9f1669266fd4063,2,409ec48108c4dad2130633a912fe877e,1900267e848ceeba8fa32d80c1a5f5a8,2018-05-13 22:52:27,40.99,9.60
a5ab32d92df4aa22033de78a4c20dedb,1,5a848e4ab52fd5445cdc07aab1c40e48,c826c40d7b19f62a09e2d7c5e7295ee2,2018-01-04 02:35:50,122.99,15.61
a5ace85930526f2e2c1f06c2d3383e90,1,82bbea2a39c7d1745ad49a2479460e75,44073f8b7e41514de3b7815dd0237f4f,2017-12-07 15:01:07,119.90,34.50
a5b275ada51fc66b482047f159e215a4,1,ffadc6f8aa93aadfea73b1348a058358,bb135baca94c82fcb731335ad5b04a03,2017-03-29 21:55:16,15.90,14.11
a5b275ada51fc66b482047f159e215a4,2,ffadc6f8aa93aadfea73b1348a058358,bb135baca94c82fcb731335ad5b04a03,2017-03-29 21:55:16,15.90,14.11
a5b30f9f44d2413db0b94cd9a3fdcf81,1,c12e49e47562c48e7c81b75e59f91cbf,406822777a0b9eb5c50e442dd4cd3ec5,2017-11-30 21:31:30,99.00,13.71
a5ec4b722860bf18fd1ff9fd35fbfff8,1,a1e903cd2d23763ef8b85ec12eb79d9c,28f10b1c5e5abb9d4857745bede6147c,2018-05-25 03:31:00,42.00,7.39
a5f52ebb3569cc7357f500d755314c0d,1,d48bacc1dcd9c86bf1ed4ed2a303336c,9d4db00d65d7760644ac0c14edb5fd86,2018-04-24 05:11:25,42.90,9.44
a6288025a106ed8a4db8010e42d44577,1,4a25d757ff72fad7534f478c90be77e6,92eb0f42c21942b6552362b9b114707d,2018-08-08 18:45:19,12.67,19.04
a63144d37a00c28ef382668a5d5ece8b,1,36555a2f528d7b2a255c504191445d39,851773c885feb5e2da3b4f82bc2b17ce,2018-02-14 14:31:45,29.90,16.11
a6414c6610d79fef8ecb35e54989d566,1,4c3867e5fe6e42a0c2a5d37efa2a0608,c3cfdc648177fdbbbb35635a37472c53,2017-08-15 17:10:12,114.90,14.55
a6414c6610d79fef8ecb35e54989d566,2,4c3867e5fe6e42a0c2a5d37efa2a0608,c3cfdc648177fdbbbb35635a37472c53,2017-08-15 17:10:12,114.90,14.55
a65d018a7a1122b4312c742d7107e021,1,9a78fb9862b10749a117f7fc3c31f051,7c67e1448b00f6e969d365cea6b010ab,2018-06-14 03:14:44,159.99,18.89
a663eb567d6e0db6362cc10977fef5a2,1,4a300735bc293723103db0d0c1bc1585,6f892e20a171e98efe17fdb971ff319b,2017-10-23 10:14:30,70.90,34.30
a66719a9e64cf864937c6c2a598d048d,1,872db866d615db59612ac933f43d6b22,701938c450705b8ae65fc923b70f35c7,2018-04-09 05:35:15,109.97,24.63
a6a1b8d3aef88816d4db15d9edde7b5d,1,d548fb64c4bf0a142c3f314398be477a,73a63f72308aa20a46f4b1632018f196,2018-03-22 15:10:29,79.95,35.49
a6a1b8d3aef88816d4db15d9edde7b5d,2,98aaaedf37ab737ac27a285b011f42cb,0b35c634521043bf4b47e21547b99ab5,2018-03-22 15:10:29,199.90,11.83
a6e88e8981bb9dbb574107cfd606e4ba,1,53759a2ecddad2bb87a079a1f1519f73,1f50f920176fa81dab994f9023523100,2017-12-19 20:17:28,59.00,17.66
a6ea59851ffee8cb73761179fc7bcb6c,1,40a13d0a09a3d1334e8537ce3194f0ec,751bdc4d83a466c7206cd42e8f426b03,2017-12-07 11:57:28,79.99,22.88
a71c265fe6df02962e2af3df997db3f7,1,4ae634441e444ca4bc85903cafe98d73,92eb0f42c21942b6552362b9b114707d,2017-06-30 08:31:37,11.99,15.10
a73c9c5feb02773faae1f58886f5db9e,1,f9ebdbca177cfdb1be1ea462e9dacb82,49e7217cfe4e427191c378ec626d8737,2018-04-12 17:29:45,70.90,19.47
a74e65b4ffd7effa5308ba01647ea4b2,1,87cb507e0daa37bbf34956fd59eba832,6560211a19b47992c3666cc44a7e94c0,2017-08-10 10:55:16,29.00,15.10
a75a3c5e24236d6fced5e82fd3526b43,1,060c17562f97e5bb60bc0dfa4dd5b3f2,9f505651f4a6abe901a56cdc21508025,2018-05-16 11:58:28,24.99,7.39
a7652ffa94af425f684a2d55cc06945e,1,dd8c2302e75b8c69bfde7a67d2500a3a,6e0908ef4d4efadbc3cc2b74ea477cb0,2017-08-14 04:04:20,39.00,16.79
a769cc9f5becd92358f5d4604e17e806,1,1a428b685ede76217c9efb550c4aaa59,d2374cbcbb3ca4ab1086534108cc3ab7,2017-11-10 20:49:53,22.90,16.79
a77a378498a60424c73641a2bce561f8,1,2ddf9184f8aad1f832fdf5ecd1e53a17,0c7533c71df861ec58ad7ff999ed0e8d,2018-02-21 05:30:26,45.90,16.11
a7881f54a20f4f7547971f089438b078,1,00c744ca2f3b0e76ce227b146095d3f9,75745ef7bc7d4f3ea3380f6f5303f514,2017-03-31 01:30:40,33.90,15.65
a78a401e218732db3fd0ac73befe4973,1,638882546765f357dc667b5987ceb69d,70eea00b476a314817cefde4aad4f89a,2017-12-01 12:39:22,88.90,13.64
a78a401e218732db3fd0ac73befe4973,2,638882546765f357dc667b5987ceb69d,70eea00b476a314817cefde4aad4f89a,2017-12-01 12:39:22,88.90,13.64
a78b0514381a2ddd033d250ffcdacc13,1,d3060c543b1b88a647cc284ed7a9dd4a,f67efa3f0b6761102a7f8c6b7b571f5d,2017-02-19 12:38:38,109.99,20.85
a797f338da66eefca816db5328d5e5ab,1,00ba6d766f0b1d7b78a5ce3e1e033263,53e4c6e0f4312d4d2107a8c9cddf45cd,2017-05-29 15:23:19,47.99,15.11
a797f338da66eefca816db5328d5e5ab,2,00ba6d766f0b1d7b78a5ce3e1e033263,53e4c6e0f4312d4d2107a8c9cddf45cd,2017-05-29 15:23:19,47.99,15.11
a797f338da66eefca816db5328d5e5ab,3,00ba6d766f0b1d7b78a5ce3e1e033263,53e4c6e0f4312d4d2107a8c9cddf45cd,2017-05-29 15:23:19,47.99,15.11
a799d21b017742b6c8cac13998fd6ee2,1,0f4a3e29a1c122f94fe4c48c49d9cfa9,955fee9216a65b617aa5c0531780ce60,2018-02-12 04:16:01,169.00,15.94
a7adf8d0ab081caab51b96af34523e00,1,21fb5057dd6a737df6851a7ab7a130da,b14db04aa7881970e83ffa9426897925,2017-08-22 18:10:15,69.00,20.97
a7db8c5327329206a779bb63dca4a2f2,1,aab15a1fbfab4f54efd93c8d3d47c0a1,e99e927c81e3f51739c94fcdfca9f10f,2017-04-07 17:45:17,49.99,15.56
a7dde6878527f0d1731d370978ba2849,1,57c806e92eec9168ff2065cc65375576,ce27a3cc3c8cc1ea79d11e561e9bebb6,2017-09-22 12:30:19,30.00,11.85
a7e6fba3426b2524d4ae03c6bcd147ee,1,ffe9468f4d890db80b7231e86931ff37,46dc3b2cc0980fb8ec44634e21d2718e,2017-11-26 22:38:50,750.00,32.26
a833470057703c13293c5d7c2bd5bd05,1,88dd63919fc9ab693803578a04a20209,7ddcbb64b5bc1ef36ca8c151f6ec77df,2017-07-31 20:23:20,34.99,7.78
a84565af4cdf9483cc1cf6b94686a95f,1,957192c198a5b58aa452ca6b1d04d837,d9442042130b7fe579d1295f9f4a248f,2017-09-15 20:15:24,42.90,17.06
a84a2c86f42a79c101ac5783d3881645,1,5ccdfc35d9cff8db4fa46b83d5712899,238fac594e170b59c6d228f5a4f4f1d9,2018-01-29 21:20:26,119.00,73.78
a8509dc24b521846439b3c61f221af06,1,437c05a395e9e47f9762e677a7068ce7,f84fa566034f5e8e880a07ec624c56af,2018-03-27 12:30:25,47.65,7.39
a87d8e4358ec8697c2eb5dbcc42f8330,1,4ff38de0673d41a0da1499e300720ef6,5b07547f10dd980738a1a27f685af669,2018-08-07 18:35:17,69.90,18.59
a8858a23008217d160630ef24a83f155,1,e9def91e99c8ecb7c5cef5e31506a056,850f4f8af5ea87287ac68de36e29107f,2017-05-25 10:15:17,59.99,14.17
a8d69f3045be9fa0ea3aac3971741980,1,566a4f2c4385f36d15c00dfcaae132d1,8b321bb669392f5163d04c59e235e066,2018-01-22 03:40:05,21.90,14.10
a8f7a1d76c02dc4a7c5177aee8c2b02c,1,e5d860a0fff2e94bd1a406456cc6c4b3,01cf7e3d21494c41fb86034f2e714fa1,2017-02-02 10:02:37,209.90,27.00
a901e1670d92dc616c4f1a33b5c0ad42,1,67f1245615b59bf0d4a61a83d7a7a6b5,712e6ed8aa4aa1fa65dab41fed5737e4,2017-12-18 10:12:28,145.00,55.45
a901e1670d92dc616c4f1a33b5c0ad42,2,67f1245615b59bf0d4a61a83d7a7a6b5,712e6ed8aa4aa1fa65dab41fed5737e4,2017-12-18 10:12:28,145.00,55.45
a90d54c4e730c3f73f5fbf256ebe58e2,1,d1c427060a0f73f6b889a5c7c61f2ac4,a1043bafd471dff536d0c462352beb48,2018-05-09 23:35:10,119.00,7.64
a911df1b9a76faaf67ece263358e285d,1,f06509f3f9aada4fec2a21a3f2e0bb39,7b07b3c7487f0ea825fc6df75abd658b,2018-01-17 20:07:32,62.78,14.19
a92232b41fcd16d21f69ff9d11648bbe,1,601a360bd2a916ecef0e88de72a6531a,7a67c85e85bb2ce8582c35f2203ad736,2017-12-11 13:53:46,129.99,20.15
a92cfc44e62b26e5bda2aeb39b0e0217,1,2948658cb6abc82847412be7201bfc4c,955fee9216a65b617aa5c0531780ce60,2018-04-03 13:28:14,120.00,34.83
a9491b6c990bc3b79967c5f058e46d8f,1,afb52012e0c69e1b6af6c48d2a62f760,a416b6a846a11724393025641d4edd5e,2018-08-23 13:23:58,126.94,11.91
a958c924f6b23ca49ded10f6f5aa862a,1,e34c56a36fdb6854b10410b776c39442,ff4ea69c2a729e83e63c7579e4ef8170,2017-03-09 16:45:10,649.00,15.15
a96d80130c5b0907958c4cfeadb4bb8e,1,e5eadf9be70a4a9fa514019542fc330a,4559697a8f7e637227c2eeaed843baff,2017-08-24 11:50:18,69.90,13.51
a96ff70398f289756fde50d1e0ed62bb,1,0b6a32b32a7dc68b12e8a0e0805c44d5,fa1c13f2614d7b5c4749cbc52fecda94,2018-07-23 13:42:57,195.90,38.99
ae3ecd7aadd6785fc80415c76a3ee139,1,2948658cb6abc82847412be7201bfc4c,955fee9216a65b617aa5c0531780ce60,2018-06-14 07:57:47,110.00,70.76
ae60b17185a7a0d74929448e21803329,1,fe75529a267b76ac6e96f0c322a899a4,620c87c171fb2a6dd6e8bb4dec959fc6,2017-11-21 20:30:21,82.90,27.12
ae64e2ba5ff3e9ffe94fa1c7b844b745,1,ea4f4b5a820fea007c6c8d7ef9a790bc,897060da8b9a21f655304d50fd935913,2017-12-04 12:31:45,45.73,15.10
ae8423bae5771609a19bafe9b114a60e,1,2647221a6a477afe2d0268b378f1fdcd,d2374cbcbb3ca4ab1086534108cc3ab7,2018-08-07 06:44:41,39.90,13.86
ae8978d20234f0da191a909faba05574,1,f7a17d2c51d9df89a4f1711c4ac17f33,f8db351d8c4c4c22c6835c19a46f01b0,2017-07-26 18:10:13,52.90,9.27
ae8e71cc131340d44221ce1ad4a31867,1,03e4e6709b7d6415746769c0bc3e9131,406822777a0b9eb5c50e442dd4cd3ec5,2018-02-27 20:09:31,59.90,13.44
ae922ba97feaac137766d9d00cc1ec0c,1,a59fb60fddcc72a9878b7ed5cb69d8e4,7040e82f899a04d1b434b795a43b4617,2018-02-08 09:35:30,19.90,7.78
ae9f9adfeb3a33fe59da5bab6678e5cb,1,679a3e5e1d2bb68982be5734c6e55e63,8a130737016f838139d31878787a39c9,2018-03-01 11:47:26,54.40,12.72
ae9f9adfeb3a33fe59da5bab6678e5cb,2,679a3e5e1d2bb68982be5734c6e55e63,8a130737016f838139d31878787a39c9,2018-03-01 11:47:26,54.40,12.72
aea5a3457f531f97bc2b4a7cccbc1275,1,d57afe143925aa9890073159f1e99ad2,056b4ada5bbc2c50cc7842547dda6b51,2018-08-22 19:30:10,109.99,15.94
aeaf2bf4d5560c9cb99fa0d61adc0ae0,1,c511bbd742df73d5b2ba4594d4901f2b,a4bd6e9adf39b63f43dc545d3ca1f53d,2017-06-16 12:32:01,299.99,18.35
aeb42a43f79770a6814d16704d4e1f58,1,abd847676cb6a8b707b4f22b9fae9d39,1e8b33f18b4f7598d87f5cbee2282cc2,2018-05-11 16:17:06,159.90,27.20
aeeb0a68040240daa8065187ca9d0770,1,13c1b4c5f9f4eb68afa4132342e73777,431af27f296bc6519d890aa5a05fdb11,2017-06-20 19:42:45,147.90,15.79
aef2bc3845eb581cecce74b769d46c6a,1,cbdb9bf611328898bd4b32a384506b3a,7c67e1448b00f6e969d365cea6b010ab,2017-10-03 22:50:12,99.98,21.35
aef2bc3845eb581cecce74b769d46c6a,2,cbdb9bf611328898bd4b32a384506b3a,7c67e1448b00f6e969d365cea6b010ab,2017-10-03 22:50:12,99.98,21.35
aef2bc3845eb581cecce74b769d46c6a,3,cbdb9bf611328898bd4b32a384506b3a,7c67e1448b00f6e969d365cea6b010ab,2017-10-03 22:50:12,99.98,21.35
aef2bc3845eb581cecce74b769d46c6a,4,cbdb9bf611328898bd4b32a384506b3a,7c67e1448b00f6e969d365cea6b010ab,2017-10-03 22:50:12,99.98,21.35
aef2bc3845eb581cecce74b769d46c6a,5,cbdb9bf611328898bd4b32a384506b3a,7c67e1448b00f6e969d365cea6b010ab,2017-10-03 22:50:12,99.98,21.35
aef2bc3845eb581cecce74b769d46c6a,6,cbdb9bf611328898bd4b32a384506b3a,7c67e1448b00f6e969d365cea6b010ab,2017-10-03 22:50:12,99.98,21.35
af3b41ce890eefbd6ee273bf7df396dc,1,462ca84097e3116f8dc7642fb057b4b2,85d9eb9ddc5d00ca9336a2219c97bb13,2018-07-18 21:15:19,22.32,15.26
af4812c0286cb623517321205ffb5d1e,1,48e169d7e70bdfd06b008415e0f072e3,18a349e75d307f4b4cc646a691ed4216,2018-07-13 14:30:15,6.10,7.39
af4812c0286cb623517321205ffb5d1e,2,48e169d7e70bdfd06b008415e0f072e3,18a349e75d307f4b4cc646a691ed4216,2018-07-13 14:30:15,6.10,7.39
af92012b9c9ebac7f18b1a219e2474fc,1,ace8fb267a4f76c58dad79d0171f6812,52ac6f920b7280e4c6d30dd94de6259b,2017-05-04 07:55:44,559.90,162.08
afa17ebff8d7e00d7c9e04860c7ddcea,1,7c1bd920dbdf22470b68bde975dd3ccf,cc419e0650a3c5ba77189a1882b7556a,2017-02-17 21:12:19,64.99,14.62
afb8e7d292d49589f6583efcdbda2058,1,fe7f10e5c9d36a294333b0c35ccc24ad,cc63f0dd2acba93ffed4fe9f8e0321fa,2018-07-25 12:31:39,72.00,23.30
afd45bab98f18c383881df9850a519fc,1,c5cc16e72344194c359106a8061c83f5,cee48807215b30a12ca2ca10ffb5f250,2018-07-04 13:57:23,199.90,28.33
afe8d7e9dde448bad109d536c3dba7c7,1,010a3a47c14f1295796c08419f32cef6,ef506c96320abeedfb894c34db06f478,2017-07-24 20:25:30,9.99,7.78
afef48d3c8a0b1b7c9b7f8f922fb5674,1,31945c8811d04df20bf86224210b4084,48436dade18ac8b2bce089ec2a041202,2017-11-17 16:50:47,134.90,18.51
aff838e0ae35f413200f05a7f9e42510,1,0521fe3eb04940304b489d0fb49a37dd,e99e927c81e3f51739c94fcdfca9f10f,2017-08-01 02:23:36,94.99,21.15
b0220dd81253d8ca2c9dd8be8caf49b5,1,642a40d4d73b4b2604968937de13634a,d2374cbcbb3ca4ab1086534108cc3ab7,2017-04-13 02:16:14,12.90,16.05
b02fefc3800702d58c988da39c132902,1,144266e1585320d057797a369596bb8b,8cc6a0e5738e61a87b03c78b2ba9db4b,2017-03-28 10:44:34,739.90,21.92
b07bf2d32756618446d0cc1896d2eedb,1,6a29caa68d4bc5536b4447c25de4c937,16090f2ca825584b5a147ab24aa30c86,2018-04-02 04:08:34,51.49,18.24
b07d2a68cc3e97e707eb42d213983c66,1,72dd2e7b7e10b8a4083e53c7867c1564,a06c8ff043abea0528ee44171e2140a2,2018-08-13 21:30:16,31.25,18.32
b0824d7e22fb8f487be1f22753268ce2,1,f40876e0ef3cd5f9132b1f16b04b1346,620c87c171fb2a6dd6e8bb4dec959fc6,2018-01-25 05:09:51,109.90,18.34
b0cb43bc4638d44188430b7d42b35866,1,ffedbd68fa6f44e788ff6c2db8094715,89de2d6f23e9746ff309705b23581faa,2018-08-06 11:30:15,40.00,22.21
b11ef0887d152f735e9b39864eae2ad3,1,d189fbf8b5d79a670cebcaaad68d77b2,0d85bbda9889ce1f7e63778d24f346eb,2017-05-25 01:22:45,69.90,27.87
b132ad2a1d3d44a9fe2fe6b63c406593,1,7efd7d1a1a985eae9fecdb134fd657d3,a673821011d0cec28146ea42f5ab767f,2017-08-25 19:15:14,69.90,9.34
b14149872b01643d235710d4a84d55da,1,73e11faf1b0eecfd43a0e0fa4dcd7954,3b15288545f8928d3e65a8f949a28291,2018-02-25 22:26:57,159.99,21.61
b14149872b01643d235710d4a84d55da,2,73e11faf1b0eecfd43a0e0fa4dcd7954,3b15288545f8928d3e65a8f949a28291,2018-02-25 22:26:57,159.99,21.61
b157dd3a8db0279fe95e9272103e8078,1,16c7b8541faaca79fa6cf9e5bc9c1622,77530e9772f57a62c906e1c21538ab82,2018-04-23 09:31:22,59.90,16.39
b15a1712256b8250cd6f952c85e4c65a,1,2ff995aead9c63a1f37a07b3664ead37,8b9d6eec4a7eb7d0f9d579ce0b38324d,2018-08-24 14:30:22,74.99,18.11
b1737a1ef657350ee5e90c4035ad2aeb,1,f159439c5c382fae366d444e05c590c1,26d8a1c7c75d513045798992ead43aa2,2018-07-30 23:05:18,146.99,22.96
b17edd32e0d8b5d4a23e4b72cc4b90b4,1,bf128711128b70eaa9e07df69e9a75e2,75d34ebb1bd0bd7dde40dd507b8169c3,2017-02-27 19:20:56,119.99,20.89
b18cb761efbe70da4838435a349abd07,1,a035b83b3628decee6e3823924e0c10f,5670f4db5b62c43d542e1b2d56b0cf7c,2018-07-06 19:31:03,268.38,21.07
b1b6f4555a67701822ee36e2d35d7043,1,c16677499cab7aea614e17c9fb8be1ed,42ef3192a9ff87a22d1867b74b3ee205,2018-07-05 16:35:19,19.90,12.80
b1c87cf3c9ac90d18dbf33b6a5c32d83,1,e0cf79767c5b016251fe139915c59a26,da8622b14eb17ae2831f4ac5b9dab84a,2018-05-07 05:13:50,29.90,7.71
b1dacd22636963809c005e934e4f382f,1,d9a5a0aa013c348c28ff4626ed6dba71,cd68562d3f44870c08922d380acae552,2018-02-08 10:31:27,205.00,16.18
b1e786caeddece12e5efd30580eaaabc,1,e988092a8afe5d9393a5c3a7ca17691c,da7039f29f90ce5b4846ffc0fcc93beb,2018-04-26 02:31:51,49.80,15.23
b1e83743987d023e63838e2fe9149231,1,7a154a9688cf00bcf5b4e0bde3c9b193,5343d0649eca2a983820bfe93fc4d17e,2018-03-07 22:15:23,69.90,25.59
b1e83743987d023e63838e2fe9149231,2,d0744123a3448128f572ff0a95c13d87,5343d0649eca2a983820bfe93fc4d17e,2018-03-07 22:15:23,69.90,25.59
b1fcaac6e8a89bb18db51bcb62c4a4e6,1,4178e16324fd0c9a8e18463caf390cc6,ceaec5548eefc6e23e6607c5435102e7,2018-05-22 03:55:02,265.00,38.77
b208c52c9ab77c2efee93366dee571bf,1,457cd0a99cfa977993e4eb6d98d95abb,ea8482cd71df3c1969d7b9473ff13abc,2017-12-14 02:34:27,24.99,15.79
b2206d0ce2ecabdb39fcd5ce941805ad,1,a62e25e09e05e6faf31d90c6ec1aa3d1,634964b17796e64304cadf1ad3050fb7,2018-05-18 13:31:06,105.00,11.62
b23014161ca1bc596a96e77112ee5360,1,9cbe4a1fd4db99c14512e9b2ff033ec4,d2374cbcbb3ca4ab1086534108cc3ab7,2017-06-20 22:02:16,27.90,15.10
b242b34edbc41ec738a3ff3cc4c0ae89,1,2b4609f8948be18874494203496bc318,cc419e0650a3c5ba77189a1882b7556a,2018-02-19 11:15:39,89.99,12.97
b2487e261162c0d9162eab45862d42a0,1,839321c2db7b3b3eaff4944c3b052ecd,d25aa0aaacb370e912f8cf6efeba38b3,2018-06-15 14:18:31,113.89,34.34
b259e69b3ba911e0517d03ba13aa5b9e,1,ee406bf28024d97771c4b1e8b7e8e219,7a67c85e85bb2ce8582c35f2203ad736,2017-12-22 16:12:52,144.99,18.26
b26aeba3d93317ee71f2902c276eb992,1,f7fdb1768aa2ba6a019449b74810d43f,0c8380b62e38e8a1e6adbeba7eb9688c,2017-09-15 12:43:27,69.90,14.22
b28d46b1868c3e5ad7bec94c220e36ef,1,368c6c730842d78016ad823897a372db,1f50f920176fa81dab994f9023523100,2018-04-08 21:49:11,53.90,13.46
b29403efd8bacde6cfde49d511ada5fc,1,5739177f0e1a8c060da43932f5a447a8,5bffbafbb22daf6d3bfc216a46db8708,2017-03-13 22:25:18,18.99,16.05
b29696b3c00ec6ac4adfa001a2c7cd3f,1,0cc13a424dc207f8c4d3b26ea1cd384c,710e3548e02bc1d2831dfc4f1b5b14d4,2017-08-24 10:55:23,349.99,44.86
b2a5b4b96f199f352ee45d82ac6dfd24,1,261244fc4d0197d8772346872f5b0f5e,6c7d50c24b3ccd2fd83b44d8bb34e073,2018-03-14 02:16:24,44.88,41.11
b2a7488d3bfedd8a8abd53fff6127807,1,72d3bf1d3a790f8874096fcf860e3eff,0bae85eb84b9fb3bd773911e89288d54,2017-11-30 07:14:32,38.25,16.11
b2a7488d3bfedd8a8abd53fff6127807,2,72d3bf1d3a790f8874096fcf860e3eff,0bae85eb84b9fb3bd773911e89288d54,2017-11-30 07:14:32,38.25,16.11
b2d12a4a4d83760c773b813c1c6b335c,1,4440eee33cc4fe9710fb8b024a128bcd,70a12e78e608ac31179aea7f8422044b,2017-05-21 23:42:52,22.00,25.63
b2d1902261f105c5c09ca05dc05c2aa0,1,5ed3835ea6f96c77bdbe416dc1a96850,aba1721a889e04decc910aa13b768ef4,2018-01-01 22:08:31,139.00,8.23
b2d779a12592e693ae93fcba3b3969be,1,4ab7490d3e55de79cae5fc88e1657276,b2479f944e1b90cf8a5de1bbfde284d6,2018-03-08 02:51:35,89.99,13.65
b2d779a12592e693ae93fcba3b3969be,2,4ab7490d3e55de79cae5fc88e1657276,b2479f944e1b90cf8a5de1bbfde284d6,2018-03-08 02:51:35,89.99,13.65
b2e7423926537e79e712ccf08ce1a53f,1,7192b9106c527efa0a6201bfe26ad753,725c32fa80c2faacc4fc88450d27314e,2017-05-10 10:25:21,97.99,15.80
b316c449e8b0f35e4766fcb0583fcb20,1,2267f81f3634e3fdd5d27151ddad3c26,f181738b150df1f37cb0bd72e705b193,2018-04-06 15:31:00,219.00,65.77
b31eac1961980ead26d0df38911ac5e6,1,d09bfa2eabe21270b5c8e164e39e5aef,4830e40640734fc1c52cd21127c341d4,2017-09-20 13:30:28,55.00,16.15
b329c0dc7e78a0caaa2b8d67c8a8c8ce,1,437c05a395e9e47f9762e677a7068ce7,bf84056e679dbe9c69929847a40e338f,2018-02-27 15:09:35,46.33,7.78
b33c9bb2caa1d2b9f219b70f6dba7dce,1,5a0c21ad6b82a1b61856e48ec959764d,cc419e0650a3c5ba77189a1882b7556a,2018-08-31 03:45:15,96.99,13.34
b33f1a863ad391e162a9f459117f53e9,1,7c2d0df8e5fbfa71d54a400b33a8502e,7e1fb0a3ebfb01ffb3a7dae98bf3238d,2017-07-26 13:45:19,85.00,15.34
b33fb23930b882d67b4b114c33f2e6df,1,fd60771c56d987cda1dc0169f4452e65,6a8b085f816a1f75f92dbac6eb545f8f,2017-08-23 14:30:19,54.90,15.13
b3718f28653857ba876b640844d45d9b,1,617186c3d97ea56c9c683a8a3974e8c1,cc419e0650a3c5ba77189a1882b7556a,2018-03-23 11:10:38,79.99,8.91
b37d46f83322f86eae75b766a515cffe,1,0152f69b6cf919bcdaf117aa8c43e5a2,d2374cbcbb3ca4ab1086534108cc3ab7,2018-03-21 23:31:05,13.90,34.15
b3a32621fc0c7dc8cc99ac717fc61b92,1,36bd3e4daa4604d112f17dccd24ee59e,562fc2f2c2863ab7e79a9e4388a58a14,2018-06-13 19:02:43,39.99,7.39
b3b4094d535004ba0ef19c96ba6dfd11,1,474bb6b54fc608ca71059a6c4f7ecda3,8b321bb669392f5163d04c59e235e066,2018-04-04 16:32:02,21.90,15.23
b3c763d35ce46cf0a205b217814323ee,1,9e24c718d40f018498c6b5db74bf9dc9,612170e34b97004b3ba37eae81836b4c,2018-08-16 13:15:18,239.90,28.96
b43a195dd28616394e0209e0499adcb9,1,36fc6e3cc37a14037506dde26d4e8655,8b321bb669392f5163d04c59e235e066,2018-07-19 04:32:06,9.50,18.23
b44d71edad65f41824d2e177470ef8f6,1,8b39be5bbb8a4585ed19cacbf4162c27,9c3c24eca51c52b91c1de727d2a2ae06,2016-10-14 16:04:50,49.90,11.74
b45b66d3543568daaa1fe2290859d88a,1,57d79905de06d8897872c551bfd09358,ea8482cd71df3c1969d7b9473ff13abc,2018-07-09 11:31:58,21.99,7.41
b4a6ef27ed0f4d85919dee11bcff9b41,1,cec09725da5ed01471d9a505e7389d37,4d6d651bd7684af3fffabd5f08d12e5a,2018-08-02 17:20:37,69.90,26.79
b4b6e2f2f9dd2c4cfe524993ff72f49d,1,05fb84a7689847058e6b9e9dbd7a6c06,4677a5437afda5fa7140b927b07be1cc,2018-06-07 14:30:41,202.00,19.29
b4cfa6c1beefe05bb9c7d2ec59a3773a,1,226be9996759442f90f73b7d24c6baff,c6a7539d424a8402232c2228d7a03c5e,2017-11-20 03:06:28,40.50,19.84
b4cfa6c1beefe05bb9c7d2ec59a3773a,2,226be9996759442f90f73b7d24c6baff,c6a7539d424a8402232c2228d7a03c5e,2017-11-20 03:06:28,40.50,19.84
b4e47a448289bb284758470f606229c4,1,743faa1bbabdf4abcbd2443fcc33fca9,3968920b9aa752ab98f7d5888c9252f2,2018-06-01 16:11:53,55.00,12.83
b4e47a448289bb284758470f606229c4,2,743faa1bbabdf4abcbd2443fcc33fca9,3968920b9aa752ab98f7d5888c9252f2,2018-06-01 16:11:53,55.00,12.83
b4e47a448289bb284758470f606229c4,3,743faa1bbabdf4abcbd2443fcc33fca9,3968920b9aa752ab98f7d5888c9252f2,2018-06-01 16:11:53,55.00,12.83
b50dd584b57f884ca278422e0607f7d3,1,2150745318bfb3f51bb7b99fb9b38ca7,41b39e28db005d9731d9d485a83b4c38,2018-08-22 16:30:07,124.90,13.17
b523567b39b4a0bd6dad69bff2e7004c,1,42ec84ace63b58b8c5a7ba7be01d5fb8,2a84855fd20af891be03bc5924d2b453,2018-01-05 18:48:28,110.00,20.26
b539f51f7cf6a9c1a871d2bb898cdd27,1,e55ed19897a6692649240b894020d683,082e0bf4cb865a6533b1e8e498cc0255,2018-08-20 18:10:29,48.00,77.42
b545ba7b0bd67a3128185c7214704319,1,2233b59e8cf2817f9659e52cce3093de,e3d3b3efac954a60d61be70b7e05b49b,2018-06-15 15:20:20,316.05,24.03
b56bcbb57a9be94114e2dfb18399193e,1,550dc4417c636abc04c71404342de695,e9bc59e7b60fc3063eb2290deda4cced,2018-07-27 16:25:25,100.00,23.85
b5781a5976dad5a78067d528713ef47e,1,b83ba81552d0748b45288e7e57c62888,edb1ef5e36e0c8cd84eb3c9b003e486d,2017-10-26 15:49:35,599.65,20.64
b5874324518a48132da83d062f675fb3,1,98d61056e0568ba048e5d78038790e77,8581055ce74af1daba164fdbd55a40de,2018-01-24 23:16:42,160.55,16.83
b59976950624cdf5b8be6b9fddcb2460,1,9b37a918bcf2c8e1064e867cf1df4637,f27e33c6d29b5138fa9967bcd445b6d5,2018-06-07 18:55:50,39.90,13.71
b5a290773b1946d7fd79425b488b0e8b,1,3efe696e322f9139e3d2b894cb1f7a09,062ce95fa2ad4dfaedfc79260130565f,2017-04-27 19:35:09,189.90,18.17
b5b79bbbc8693953906951dad6a55f07,1,d918b3f4aa5272c2c3cd088d087ca069,c3cfdc648177fdbbbb35635a37472c53,2018-07-10 08:31:47,109.90,18.82
b5ce2ab79c7923ac899f38c6f48ade42,1,42877980a9990b1391c279582c1aa894,b5e3e38609125694d2ea2417522a60b7,2017-09-15 13:55:20,45.99,14.10
b5d232a923d0c5bcfd5a7434173bddc0,1,0e8d9a894d190db0d5c32075ab02ea38,dc4a0fc896dc34b0d5bfec8438291c80,2018-04-16 19:30:45,84.26,14.68
b6238a76012ed88aec12a5a12f9f5795,1,f56596f8f7191441f17b1a1fbfe37a75,cf1313c6e2c01c2f4b014f97db4bcd2b,2018-07-13 16:25:13,57.90,8.75
b63188e48794609460e6d33e5cb7b480,1,716854aa9d670cabfec04c7eeddd85b8,dc8798cbf453b7e0f98745e396cc5616,2017-06-19 18:55:31,49.90,16.79
b6424e8ce7a66029b94b1221473c995c,1,aded994da51233ec2f2b7eaa78ef6c92,715bbd5ba4e6b74cb0d2f29eb45058b0,2018-06-11 20:30:52,55.00,12.83
b66cbfeca2b3978020caceb7a64093c0,1,3dd2a17168ec895c781a9191c1e95ad7,de722cd6dad950a92b7d4f82673f8833,2018-01-29 03:39:28,149.90,27.59
b69b3998539f1f68e146ab4db97cd0a5,1,f3456a2585f6774a74e39abccf24a9b0,edb1ef5e36e0c8cd84eb3c9b003e486d,2018-03-09 09:48:15,59.65,8.27
b69b78a1865e7b379d633794c80ef7d2,1,62f5caa3d09aa499e778927db65547eb,97512d3fc193b2d1dfcdba0f9d1f0f8a,2018-05-10 02:13:49,79.99,23.14
b6a2d13e218643aa2ad2fb10a8cf567a,1,f2169c25db6a579fde210bf8ce7ce9d7,d6b664fa0667064c6d76394e7848d790,2017-05-16 02:23:34,799.00,30.08
b6be905f6deafa5ddd73c0152e4d4b3b,1,89e4362d74afa10ac57f8d67210132a6,dbc22125167c298ef99da25668e1011f,2018-05-02 03:15:17,89.90,13.75
b6c8a981ff2379f36a347ec8c9e2ae56,1,aca2eb7d00ea1a7b8ebd4e68314663af,955fee9216a65b617aa5c0531780ce60,2018-01-12 07:54:50,69.90,13.08
b6f5d41c260425b5a3d5919bcb1ad8d8,1,5b8a5a9417210b1b84b67b9a7aefb935,f457c46070d02cadd8a68551231220dd,2018-01-29 03:36:51,74.90,12.65
b6f5e3bc6360fbc485ff34695b7b3fdc,1,171b509779ad4fe0cbed2a3d95d10c68,76d5af76d0271110f9af36c92573f765,2017-09-08 17:15:11,38.70,7.78
b6f5e3bc6360fbc485ff34695b7b3fdc,2,171b509779ad4fe0cbed2a3d95d10c68,76d5af76d0271110f9af36c92573f765,2017-09-08 17:15:11,38.70,7.78
b714825751e17269c60b3d2291e85026,1,090ab1523d3fe5832c09a55b7195e32b,ef506c96320abeedfb894c34db06f478,2017-04-27 14:30:11,19.99,24.84
b741e2d273ca3f09c024fb1cbefb8182,1,2719b33ad5e693f64d333db5422585eb,33ac3e28642ab8bda860a2f693000e78,2018-05-04 19:31:10,104.90,16.70
b744841b6a754e51042b8abcab208ffe,1,6a31191d5ac5852b0478f6e245ac5b02,7357b52d27cbaa90f81a96cbc1279396,2018-08-01 10:30:41,118.13,15.13
b746658c30926e5a7987154c9a981552,1,d4fe034cde911805af12724d73fde7e0,dd2bdf855a9172734fbc3744021ae9b9,2017-08-22 19:05:12,109.90,15.53
b757c5b68510d1d1390243961552792d,1,97017430754804328eb9597b7f85da03,ea8482cd71df3c1969d7b9473ff13abc,2018-05-15 12:55:48,29.99,12.21
b7592da1b6c34d2b2404a7b6e8639376,1,ca5c923962558430573f83661dbe36d6,66922902710d126a0e7d26b0e3805106,2018-08-07 22:10:17,105.00,23.54
b7592da1b6c34d2b2404a7b6e8639376,2,ca5c923962558430573f83661dbe36d6,66922902710d126a0e7d26b0e3805106,2018-08-07 22:10:17,105.00,23.54
b7716ace923ed81a5f2df20115695b2d,1,1900bad8eae4042922f8487abb59e3c5,e9779976487b77c6d4ac45f75ec7afe9,2017-08-30 08:10:15,42.00,35.67
b77e196ee314322dcec6124fa3e38b6b,1,c8ab4e1fd53092c488c0a1777d522b41,58f1a6197ed863543e0136bdedb3fce2,2018-08-21 21:30:11,187.00,45.11
b7a098563d93a0a1f918772c24ca3831,1,cd48f265a63e13b762601f5f794c5fca,e9779976487b77c6d4ac45f75ec7afe9,2018-02-22 15:55:55,47.49,9.94
b7a098563d93a0a1f918772c24ca3831,2,cd48f265a63e13b762601f5f794c5fca,e9779976487b77c6d4ac45f75ec7afe9,2018-02-22 15:55:55,47.49,9.94
b7a098563d93a0a1f918772c24ca3831,3,cd48f265a63e13b762601f5f794c5fca,e9779976487b77c6d4ac45f75ec7afe9,2018-02-22 15:55:55,47.49,9.94
b7a126656513ca4a59462228783ea29f,1,7ac0d3f8ac5b60c13d74b02b8cbb4623,f27e33c6d29b5138fa9967bcd445b6d5,2018-04-26 17:30:42,199.90,14.41
b7a592c88818dcacf25f151e67f0bd8c,1,f07ef9dd6e2d9a366ff30a25e210be70,62c50c1af4dfdc4149d25c5222043d39,2017-03-03 08:21:35,128.99,16.60
b7aeacfc25789063ab26dcbed69401a3,1,368c6c730842d78016ad823897a372db,1f50f920176fa81dab994f9023523100,2018-01-26 13:55:17,49.90,13.37
b7c31842ba974282794a900f7913fab2,1,22052cf3cf96687b8469406f71bafb62,0b18d63d0cd1d723567903fd34a07df2,2017-07-23 23:43:21,299.90,20.40
b7c32368213b1b75d2c42299f97dd088,1,6df3e292ba834323d4d8164d4c88e698,7a67c85e85bb2ce8582c35f2203ad736,2018-04-09 15:09:19,15.99,11.15
b7d6f9e405deaa6ff82ab9d96608482f,1,6de8bea41c968204fa93e4c2016d1bbb,aac29b1b99776be73c3049939652091d,2017-05-05 12:33:59,239.00,12.28
b811c8ca07716586e80c0bc4f2a6e39f,1,aca2eb7d00ea1a7b8ebd4e68314663af,955fee9216a65b617aa5c0531780ce60,2018-04-26 19:30:48,69.90,0.00
b82c76472b3bc51acb8f5db576ec974f,1,173e9fe34bfe97f3a5e6dc57fe897b74,ba143b05f0110f0dc71ad71b4466ce92,2018-05-06 21:29:47,57.49,17.98
b83f87939464fd2df0c244550e184e5a,1,c211ff3068fcd2f8898192976d8b3a32,da8622b14eb17ae2831f4ac5b9dab84a,2017-07-04 02:25:24,24.90,11.85
b842a958b4bdb5de1b88ff1795c361b3,1,1a300f482e35d7eac74b229be067aefd,e9d99831abad74458942f21e16f33f92,2017-05-18 17:10:13,19.99,15.10
b842a958b4bdb5de1b88ff1795c361b3,2,1a300f482e35d7eac74b229be067aefd,e9d99831abad74458942f21e16f33f92,2017-05-18 17:10:13,19.99,15.10
b843f3e786e91ebc527779dc682f5487,1,2635c3e7db0ac6cb3e733cac61ce0ba5,f8db351d8c4c4c22c6835c19a46f01b0,2017-02-16 01:27:41,26.90,10.96
b8512e5445d526141e361139d1cbbace,1,601a360bd2a916ecef0e88de72a6531a,7a67c85e85bb2ce8582c35f2203ad736,2017-05-31 02:35:15,129.99,18.16
b867ed36fe57004358a5c654d886d389,1,d79c712e7afe8f0fd59b749ee1e4fc97,6560211a19b47992c3666cc44a7e94c0,2018-06-18 02:56:29,119.00,18.71
b8795e01eda8fcba56bfad837fa68d92,1,33fac76e7f17367dedaef7954bbb33b4,56642bcb79900e777d68e91915cb4267,2017-04-13 03:23:04,69.00,11.87
b884f6bb613dfe8c46e6dbc9285f3fc7,1,706a5e521711344bfd262cb3f2a77a78,537eb890efff034a88679788b647c564,2018-05-11 16:52:53,42.90,15.23
b8d8e7c7fe850dd45f9e3762c8b4b940,1,4fe43f61e04cd41cadc3bebf606fe77b,4a3ccda38b2129705f3fb522db62ca31,2018-06-29 20:07:50,139.79,23.78
b8dabd1b3ebaab3808cbf73107a61a6b,1,aee9cd26256b232251c668f81a66a52e,ef506c96320abeedfb894c34db06f478,2017-04-13 18:01:57,21.99,16.05
b8e8aa8bd53c50e5be82ea6f6a04e417,1,363218ba55c610b750224f90bdd34be1,fdb9095204a334cd8872252ffec6f2db,2017-08-16 21:50:24,87.00,15.37
b8f95bd45718008c382f10f416a3581d,1,167b4b8c4bd0c401bea62f5e050d70a4,25c5c91f63607446a97b143d2d535d31,2018-01-30 10:54:14,149.87,16.81
b8f95bd45718008c382f10f416a3581d,2,167b4b8c4bd0c401bea62f5e050d70a4,25c5c91f63607446a97b143d2d535d31,2018-01-30 10:54:14,149.87,16.81
b91b97488347f484d82bd38acd8d0bbf,1,2ab31f78e069ddb51930c6ace3759e45,951e8cef368f09bb3f3d03c00ca4702c,2018-08-23 12:35:13,109.99,27.07
b922c642dfb5ebad3b03394bd2ac0b61,1,ea058d00059bd1470770129498200d05,e9779976487b77c6d4ac45f75ec7afe9,2017-11-01 03:09:43,15.49,15.10
b92777d39afa7f58503ecfdfaf255972,1,67d2c4ee8fd08752a32aae5f878740aa,ef506c96320abeedfb894c34db06f478,2018-03-29 16:27:42,22.99,7.39
b9834f31cd639800af7f7186144695e9,1,37cf51a1aaaf1d36fa54d980867b6fbc,ea8482cd71df3c1969d7b9473ff13abc,2018-01-05 00:31:26,28.99,7.78
b9886766c7d03ad40eb4f341af209a88,1,8338cef8355d238f43711dcb9c0657b2,cca3071e3e9bb7d12640c9fbe2301306,2017-04-07 09:55:19,45.90,14.52
b9a703ce4f5ae752f1ea894775d250ff,1,b9976e9c22fb1540bd71d1bcd2989475,55f7a3319d80f7fdf078b8f03e6725fe,2018-08-17 15:05:13,126.49,14.19
b9a8d194c52bcb022997d990bd402f7e,1,6cdd53843498f92890544667809f1595,ccc4bbb5f32a6ab2b7066a4130f114e3,2018-03-13 02:15:30,349.90,18.70
b9a9373fc111512d93f74cbafd0d15e5,1,10335f29114548c89998eb43398f58e5,6560211a19b47992c3666cc44a7e94c0,2018-02-01 20:52:18,89.00,25.90
b9b7f9bddf7affffff1c6da14e8144b0,1,7358faf3ccce6ed3a2913667ffc1a395,972d0f9cf61b499a4812cf0bfa3ad3c4,2018-01-16 22:33:46,73.50,47.04
b9e186a6d042725eb24122a767ea7063,1,1dfb36d969d347f56f43590ec42c7b8c,7f152321c60a266edc53af1925ef96c1,2018-03-26 09:08:35,159.99,22.37
b9e6b3135dcdfc054568883b2bcf1e5e,1,4cdd0c9eb93994b4c2b313ecb2c8b5ca,dc4a0fc896dc34b0d5bfec8438291c80,2018-03-08 10:55:33,13.32,34.15
ba3ebf2b1c96c432cfc82801c4515ea6,1,b813c88d024da60c2cbdf7a531e4fa77,fe2032dab1a61af8794248c8196565c9,2017-06-30 18:55:10,204.90,10.65
ba714b832c8a26b8b6ce921e0ecbc886,1,8c292ca193d326152e335d77176746f0,7e1fb0a3ebfb01ffb3a7dae98bf3238d,2018-05-17 13:50:59,152.00,11.21
ba7517020cc8cdda51bffbd30bb1b781,1,0bc4d2de176747bbc8b5e680bfdb66b6,4d6d651bd7684af3fffabd5f08d12e5a,2018-07-09 13:31:47,139.90,20.54
bb04237dd8964e0983c1d0bc623dcfeb,1,86f2416d4670e4ea3ca5494d043d9f24,7c67e1448b00f6e969d365cea6b010ab,2018-08-24 11:15:20,149.94,21.49
bb18a7304967722c7cef28dff0a916ed,1,db10315b99cdff7ca831c2a44ed5b601,4a3ca9315b744ce9f8e9374361493884,2018-06-12 17:15:24,219.00,13.97
bb18e3fd27d453f8966cc3b57c5b75f6,1,9411bee3a54ddfd68c52f1fdf4cd446c,c5f7feb04a6a1fb3596322bfc3cf1917,2018-06-21 16:58:19,34.90,36.19
bb18e3fd27d453f8966cc3b57c5b75f6,2,775917a2882dceb1d02aaa6b1abc1b24,0241d4d5d36f10f80c644447315af0bd,2018-06-18 16:58:19,297.00,36.19
bb27293f7b2e1c705bf345fd57ecd0dd,1,d0f55c5c2132eb126eb5f97f9cf04259,d673a59aac7a70d8b01e6902bf090a11,2018-04-24 19:35:12,165.40,34.02
bb2c15f3d9da7de7eef8b4c479efacd2,1,4254fb9a475231dc0442038cd846a387,e7f3bf1ecd8526eb7f3b18059e6716e5,2017-04-26 23:25:08,99.90,14.87
bb39dce934e697a81c9dd50236b8d8cd,1,aca2eb7d00ea1a7b8ebd4e68314663af,955fee9216a65b617aa5c0531780ce60,2018-01-29 13:52:42,69.90,16.12
bb39dce934e697a81c9dd50236b8d8cd,2,aca2eb7d00ea1a7b8ebd4e68314663af,955fee9216a65b617aa5c0531780ce60,2018-01-29 13:52:42,69.90,16.12
bb5a46301dcca0ca265b0bd999f9dd52,1,3516632e8f52b679ff83d1665ecc990e,e9bc59e7b60fc3063eb2290deda4cced,2017-07-27 17:55:09,75.90,12.66
bb5a46301dcca0ca265b0bd999f9dd52,2,3516632e8f52b679ff83d1665ecc990e,e9bc59e7b60fc3063eb2290deda4cced,2017-07-27 17:55:09,75.90,12.66
bba6bf145227da52495f05a3623a5e20,1,e899d44e1fbd1131a4c94b9f7bb1ff2a,725c32fa80c2faacc4fc88450d27314e,2017-12-06 02:25:37,99.98,15.46
c0677fabaec4a0491225d78c6ee269f5,1,fc5bf9e50dbfb45e7634bd8c045411c5,d2374cbcbb3ca4ab1086534108cc3ab7,2017-07-26 23:15:19,11.90,15.10
c0677fabaec4a0491225d78c6ee269f5,2,fc5bf9e50dbfb45e7634bd8c045411c5,d2374cbcbb3ca4ab1086534108cc3ab7,2017-07-26 23:15:19,11.90,15.10
c079346814755dff5a0ae3d455a117c1,1,2e0ce433616916840a405d0853407af8,897060da8b9a21f655304d50fd935913,2018-02-09 18:50:35,25.90,11.85
c09395a3ba913b8f6c2594a7df7df72b,1,6e9c52b407fea24064f7ab2b144fbf8c,855668e0971d4dfd7bef1b6a4133b41b,2017-09-21 16:30:17,270.00,55.35
c09b04d29fbb1982a8af49b8ada809e8,1,09c3d39641970009c198caed304ccfc4,5a8e7d5003a1f221f9e1d6e411de7c23,2017-04-26 21:10:14,39.90,10.96
c0b30438008f3085a4b78b9cd36ade63,1,3c699da37ca714bf7dfa8450413fac3b,e5475dcab1e07b63d7f6e902d8f5eda8,2017-09-14 11:15:13,16.00,7.78
c0b6d4c66078f849fe7e8baf7276888d,1,054515fd15bc1a2029f10de97ffa9120,e9779976487b77c6d4ac45f75ec7afe9,2018-08-22 20:49:57,43.00,18.40
c0c735876359d7431dbd45a8fb0e238b,1,a5e28e21acf7c99188ad33f688f18837,9f505651f4a6abe901a56cdc21508025,2018-03-01 20:20:25,32.99,24.90
c0c735876359d7431dbd45a8fb0e238b,2,a5e28e21acf7c99188ad33f688f18837,9f505651f4a6abe901a56cdc21508025,2018-03-01 20:20:25,32.99,24.90
c0c735876359d7431dbd45a8fb0e238b,3,a5e28e21acf7c99188ad33f688f18837,9f505651f4a6abe901a56cdc21508025,2018-03-01 20:20:25,32.99,24.90
c0d2a0a9c8dd829896b7a78d33456674,1,2954628cc646e129a849918ab2b366ee,7142540dd4c91e2237acb7e911c4eba2,2018-03-28 08:35:34,59.90,14.51
c0e11158f60abbb6f96d74228e67d44c,1,db0e75ba1fc6537d68f2676f3b67d07f,7a67c85e85bb2ce8582c35f2203ad736,2018-07-24 18:55:21,249.99,28.05
c0e9dcdcd3862119d8650ae98410faff,1,59b47581b7ba51a62bf9c3dd4fef36fd,955fee9216a65b617aa5c0531780ce60,2017-09-05 22:15:13,120.00,8.10
c0fce857f05e1c89cb59512a02dc3280,1,98b22c1129886cbd7fcae69d1c93e442,da8622b14eb17ae2831f4ac5b9dab84a,2017-06-11 23:25:08,89.90,17.88
c108072ab31ec90a754129c171577f5f,1,c744b9538213403285c97c9f7a53776f,70a12e78e608ac31179aea7f8422044b,2017-10-20 21:28:13,200.00,10.82
c10b534f7703a278c245f38852273dd5,1,94475071013412139f862c0bd7e3bb37,955fee9216a65b617aa5c0531780ce60,2017-12-07 11:30:32,39.99,15.10
c12bef4c2199585f7a1f2c92fdac3827,1,d03bd02af9fff4b98f1c972315e5e9ef,0241d4d5d36f10f80c644447315af0bd,2018-08-08 18:04:49,69.90,18.29
c142c7ab64bc271555af4edbff4d53b8,1,88edbcd7253153fe0b9b64c8e643ec00,f789d2c4f2c2eb38fc4373e7a4b35264,2018-04-05 07:47:28,249.99,24.25
c14d2e12b876b00738f6c4ae6329e1dc,1,d2f5484cbffe4ca766301b21ab9246dd,36a968b544695394e4e9d7572688598f,2018-08-31 16:35:19,12.88,7.39
c195e207709acb5b45f5b8d6e67899e3,1,61ea03fa426c7d0c074eb8a7c8e03a99,9baf5cb77970f539089d09a38bcec5c3,2018-05-09 09:35:17,90.99,15.52
c1b86a370f491b37cc3adb8ef0a21fe5,1,130482add9fd75ccb6c57ba007694a2d,87142160b41353c4e5fca2360caf6f92,2017-04-02 23:32:51,105.00,41.85
c1eae222313b3a7eac740761313cbd27,1,3c79a7c125a368407bd03f3d8b0c4d25,41b39e28db005d9731d9d485a83b4c38,2017-10-19 14:03:38,164.90,18.40
c1efd8321b84f3cfd0a4b41c0fd60026,1,e503a0c255ccb611962015bac936f938,5abb8ea023c77787f2c15da891c8d384,2017-05-18 15:45:14,389.00,69.24
c2038cc607e5462400ad6606b091ceca,1,8d1cfc0463b545928bfb4e589e017bd4,aae3bfea055532c57fb453ed3ec80b30,2017-11-09 00:35:49,62.80,34.24
c230f6e954ab2b2aed5ad7458d539258,1,f30a908aadfed5d9edd5619eef796819,dc4a0fc896dc34b0d5bfec8438291c80,2017-10-02 03:35:42,125.57,13.90
c23e171590482930d50c033857c85deb,1,8be128ce3f51211048f4b891e9303381,46dc3b2cc0980fb8ec44634e21d2718e,2017-12-13 15:01:32,259.99,15.72
c246fd65fbfdfd5eaf13ee936827a1d8,1,d76c049f36a5b4975aa3cf095a6fa499,e9bc59e7b60fc3063eb2290deda4cced,2018-07-31 04:05:17,125.89,22.81
c283d7942d2bbca2c27a9c15ee2a390e,1,c18399e510fd09e3186d34f4206109d7,6560211a19b47992c3666cc44a7e94c0,2017-11-30 21:35:21,189.00,17.76
c2d61723f3e69b1e2bb9cc9c638c0b5e,1,84f456958365164420cfc80fbe4c7fab,4a3ca9315b744ce9f8e9374361493884,2018-06-28 05:15:17,84.90,23.39
c2ec5dfbcdd442236f5aa871c8da0593,1,7703b8cb5b77fbb36518ea91e2ca734f,6560211a19b47992c3666cc44a7e94c0,2018-03-28 18:47:39,39.00,15.23
c2f32abcd402889b6cb0bcb5847340af,1,82e4ad16521ca131d95e198d507db370,128639473a139ac0f3e5f5ade55873a5,2017-12-26 09:59:40,18.90,34.15
c2fc568bac1a8c9f99c41a918cfbc6b0,1,81d879a43537a2803762ce12282ccbc9,9674754b5a0cb32b638cec001178f799,2017-12-19 16:30:52,57.39,9.34
c33c0a34aa2beb75f41a04d1b3905d92,1,c63ea4621680c1b0fca8864c0564bd78,de722cd6dad950a92b7d4f82673f8833,2018-05-16 14:35:30,179.90,10.85
c347fb49d9d46619d71b2551fc83d6cf,1,89321f94e35fc6d7903d36f74e351d40,16090f2ca825584b5a147ab24aa30c86,2018-04-03 03:10:08,27.90,7.87
c356aac7fabcd3bab9aaf9ce1f36b945,1,cca44f5c2c4c50a416b7ee155a58b2ba,7e93a43ef30c4f03f38b393420bc753a,2017-03-16 12:24:28,492.04,18.65
c36353bc20e464fa631292ac4a42bd17,1,5a0783457f0264ade6beeac64ba145f4,52f9db5cfb423382a2fa5c9e39303202,2018-07-06 15:31:06,62.99,13.10
c378d1766ed412f14e38a4fd8547f9e9,1,51250f90d798d377a1928e8a4e2e9ae1,3c7c4a49ec3c6550809089c6a2ca9370,2017-10-11 12:07:19,13.99,7.78
c38d701768413a3f8569e83aac1a3179,1,15562257608ee6ca7974526ef79eacda,5f3ae9136c875522250f8184f253413a,2018-07-31 11:35:12,28.90,8.36
c39256279451486ab6eed803a7c5b094,1,f582884ed8bb76a4b6317b8c9e966d98,994f04b3718c2bab35c2adfa8afecd2a,2018-03-22 19:30:30,119.00,17.74
c3a8c3c9ace4452ea16d331ba3c44c50,1,8f2c823e12d58a9eec1a9191e3c34718,1900267e848ceeba8fa32d80c1a5f5a8,2017-07-21 19:45:14,54.99,14.27
c3a8c3c9ace4452ea16d331ba3c44c50,2,b2083bcfc8768380dd0e31d612e96d08,1900267e848ceeba8fa32d80c1a5f5a8,2017-07-21 19:45:14,65.99,4.76
c3a8c3c9ace4452ea16d331ba3c44c50,3,8f2c823e12d58a9eec1a9191e3c34718,1900267e848ceeba8fa32d80c1a5f5a8,2017-07-21 19:45:14,54.99,14.27
c3a8c3c9ace4452ea16d331ba3c44c50,4,8f2c823e12d58a9eec1a9191e3c34718,1900267e848ceeba8fa32d80c1a5f5a8,2017-07-21 19:45:14,54.99,14.27
c3bfb5dc8642d9d1df58c355dbb9f1a7,1,2291d090b69f60fc0ffd95ae394daa77,c847e075301870dd144a116762eaff9a,2017-11-21 15:07:37,109.90,16.53
c3c91195072b499b9d88eda4350a7a55,1,88a1223b29fac4c3abef8d1369dbbaea,5abb8ea023c77787f2c15da891c8d384,2017-06-07 11:55:16,79.00,33.91
c3d439f902dde69ae8f1c314189adcc3,1,ad354f777df2a1eee8211950fca142a4,391fc6631aebcf3004804e51b40bcf1e,2018-03-11 23:30:24,144.77,14.03
c3e3277d66bf2f2038ae5a5ec155cb5f,1,3c8a9bd8e4b9ba22a468ffc658c71786,4a3ca9315b744ce9f8e9374361493884,2017-08-10 11:05:14,53.50,16.81
c3e32e69bba7c640697cc4ac19936113,1,c4334dbbe9c97c0eb165debf7132c689,0be8ff43f22e456b4e0371b2245e4d01,2017-12-11 13:13:48,120.00,17.41
c41d2dd15394d41590232a9cc491319c,1,9400a388ad4fbe5e9d381a9762fc99c2,7139dc5186aa238b006e066d8fbab2e4,2018-02-28 21:32:38,76.00,12.49
c41d2dd15394d41590232a9cc491319c,2,9400a388ad4fbe5e9d381a9762fc99c2,7139dc5186aa238b006e066d8fbab2e4,2018-02-28 21:32:38,76.00,12.49
c432657bb18ddf7f48b7227db09048d4,1,001795ec6f1b187d37335e1c4704762e,8b321bb669392f5163d04c59e235e066,2017-12-18 00:39:25,38.90,16.11
c432657bb18ddf7f48b7227db09048d4,2,001795ec6f1b187d37335e1c4704762e,8b321bb669392f5163d04c59e235e066,2017-12-18 00:39:25,38.90,16.11
c4a40587b7d37bec13caab195e89b240,1,73326828aa5efe1ba096223de496f596,d13e50eaa47b4cbe9eb81465865d8cfc,2018-08-22 22:55:16,82.49,8.74
c4bb1fcbb98d9733607ea0c7ab067e11,1,77cc62dc80ebe12a0452d1ce0565acdc,218d46b86c1881d022bce9c68a7d4b15,2017-07-20 18:44:05,113.00,23.66
c4cc1f9e57162d961e267cf2f07d2fe1,1,6fc28511c465f5eb21a83573c9f3d29c,d921b68bf747894be13a97ae52b0f386,2018-08-24 11:15:12,117.90,18.93
c4d7f25ccb1c6a9d798bcce9b814ab02,1,522e80f11e2431474e70300f12a6e45f,5eeb9c756d9780b96283e5a2ac6da334,2018-04-19 12:55:53,317.00,35.76
c4da6253784e49138f9ead8b46280c0c,1,0c6fc9b9317a68d1cda098c063914b72,c847e075301870dd144a116762eaff9a,2017-06-14 23:50:14,419.90,23.43
c4e2bd2043fbd75b325a47adfabf0d77,1,a9516a079e37a9c9c36b9b78b10169e8,7c67e1448b00f6e969d365cea6b010ab,2018-03-29 07:55:24,116.99,33.08
c4ee82a6c0873cfdbe96e41596698248,1,f8fd8cb547c24b155448d09bfc478059,8b9d6eec4a7eb7d0f9d579ce0b38324d,2018-08-07 12:44:04,99.00,30.49
c9e3d29ede6d60999c59c8626757ec6c,1,a35a9f46dcee0a67c8c7ad8493eb4135,85d9eb9ddc5d00ca9336a2219c97bb13,2018-07-08 23:10:12,28.90,15.30
c9f06c1229ec7cd4ec9aed55d434b499,1,8c292ca193d326152e335d77176746f0,7e1fb0a3ebfb01ffb3a7dae98bf3238d,2018-02-09 20:49:48,150.00,12.55
c9fc6a8e6b1fe646f9358b9ea7b1a446,1,cd48f265a63e13b762601f5f794c5fca,e9779976487b77c6d4ac45f75ec7afe9,2018-02-01 13:39:30,47.49,16.11
ca232f56f19ba1b6db4b6cfea0d514a2,1,51b67230668746c1fe164ca744db9624,12b9676b00f60f3b700e83af21824c0e,2017-10-31 02:53:37,149.00,14.06
ca2c48ff635d7bd831194de9207ca62d,1,368c6c730842d78016ad823897a372db,1f50f920176fa81dab994f9023523100,2017-12-26 13:32:43,59.00,13.43
ca5fde2f82e0bb2a7e7727f165b28abe,1,fe7976532777922f0d60261e75f7ad36,b76dba6c951ab00dc4edf0a1aa88037e,2018-04-22 21:52:22,16.99,7.39
ca7296a83aa279afb28c2388a4f48891,1,2b4609f8948be18874494203496bc318,cc419e0650a3c5ba77189a1882b7556a,2018-02-15 10:10:17,89.99,12.97
ca836e631fd3b9408c19cf18ee331e08,1,3f14d740544f37ece8a9e7bc8349797e,6973a06f484aacf400ece213dbf3d946,2018-04-13 03:28:46,84.89,19.49
ca836e631fd3b9408c19cf18ee331e08,2,36f60d45225e60c7da4558b070ce4b60,f457c46070d02cadd8a68551231220dd,2018-04-12 03:28:46,88.00,1.70
caa321f911edb4b272c5e4aa6df6be81,1,c37e775cc9f2dd910db751444447fa3d,8fdca8e349553f99bc738833a62c8802,2017-07-24 06:10:24,11.99,7.78
caa321f911edb4b272c5e4aa6df6be81,2,c37e775cc9f2dd910db751444447fa3d,8fdca8e349553f99bc738833a62c8802,2017-07-24 06:10:24,11.99,7.78
caa7dcd7507e6cdcd45f7ba5d29383a9,1,24c0de23191c9450049b2b3d8749ad35,b5abf4f36adc043117b4fca82c22984c,2017-11-01 03:14:51,61.90,15.87
cab82738404ec4bf9389ddd56a7aa784,1,58498763fb69f0f0bd09bad43b2ee3f4,bacb1f0ed56ad24198f5810d2b3fe9a5,2017-08-07 00:45:21,159.90,14.51
cac28bfe44e2fc9411c4f61b768d0081,1,b3e40ff639c185b9d726b4b19c17e6cd,7a67c85e85bb2ce8582c35f2203ad736,2018-03-14 16:55:58,229.99,32.26
cacc1fb58a377d93574c303d6c901986,1,0aabfb375647d9738ad0f7b4ea3653b1,37515688008a7a40ac93e3b2e4ab203f,2017-11-13 09:06:11,24.50,11.85
cb0909932c118481a0e44396d80ab2e8,1,fa7be99321f2dbb1e518d2139ccb1d39,54a1852d1b8f10312c55e906355666ee,2018-04-26 21:31:01,59.99,8.88
cb0cb26c017d2cfb4e9ed39cd6ee9fa2,1,bb50f2e236e5eea0100680137654686c,f7ba60f8c3f99e7ee4042fdef03b70c4,2017-09-11 22:05:43,325.00,27.55
cb1d3422684cab64f603f1b70a68e2ef,1,531875d56f35380c3a6c52d9c3b005f6,4bcec44888b30ba9001234c534716d3f,2018-06-14 00:56:47,40.00,7.39
cb26769d014df1d16ffd4de9098e95d7,1,36c2fb4fa746273709c373f6d6ec6796,00ee68308b45bc5e2660cd833c3f81cc,2017-11-30 18:31:11,70.00,17.74
cb2957ca3cf764ff3a56c6f07e724f72,1,fca62108387e25005784da2f551466a1,31344c16881c08a8a72c6d2eb29918c1,2018-08-17 14:24:24,249.90,66.08
cb578e3b649e02ffe6afd3eb778d6370,1,b7d35019c9f8e0eeff52b36a59eec8e8,59417c56835dd8e2e72f91f809cd4092,2017-10-02 04:32:38,1890.00,73.97
cb6a022cd5d0c3242f698327ac4bcd97,1,92f1f77b7f3c73831fef53406c195302,ea566164622c6b439516ab18062c42cd,2017-11-30 18:51:50,79.00,14.30
cb82f50adcd9978f835fe94951603fad,1,0f91b6a95a57a43203a9b17de98960d9,289cdb325fb7e7f891c38608bf9e0962,2018-08-15 08:24:21,116.90,14.16
cbad84cbc3469e39f8f765362e2a9ae4,1,abc3432ff825d8e524db1d4eac6d2099,8d956fec2e4337affcb520f56fd8cbfd,2018-05-21 23:31:20,39.99,18.23
cbc5205b9df432b848e1e8a2331ffeca,1,e0d64dcfaa3b6db5c54ca298ae101d05,7d13fca15225358621be4086e1eb0964,2018-05-17 03:31:53,144.00,13.45
cbdf436a9a9c8213157a125b91ef27b9,1,b5b5a82ce5f1987b7e670f37629be51b,8b28d096634035667e8263d57ba3368c,2017-09-28 02:25:35,59.90,13.44
cbe4899758da52362c07db6f9b3f9f33,1,7e6c4a0bf900e259f50ba63331fd2785,6560211a19b47992c3666cc44a7e94c0,2018-02-01 15:15:02,75.00,7.78
cc008d324278200689ee451a547b97c3,1,027cdd14a677a5834bc67a9789db5021,620c87c171fb2a6dd6e8bb4dec959fc6,2017-02-05 12:34:54,99.90,11.31
cc02601c19d68cb1a4cde5a11aec694e,1,77ccda894b672fe1214b0101d108d7f7,13fa2a6c6b9d0f43cb588d7c82117a12,2017-09-15 00:30:19,399.00,15.81
cc0fd6c51b7543009e47b01e9d14b686,1,b7545fcb6846edbe119f90a80889b31d,4a3ca9315b744ce9f8e9374361493884,2018-03-13 02:31:23,178.50,17.96
cc129041e3294026c267be4f2d551fff,1,d40414fc3936fb5397809610f19ccbad,c0098efcf800861dcae589affca31408,2018-07-11 16:31:23,59.90,12.15
cc20f1526c8c9725da26e2563d40260e,1,ac5bae85a895724330c4acddd581b02b,7178f9f4dd81dcef02f62acdf8151e01,2017-10-30 02:56:45,199.00,16.14
cc585bf1df31232b1654bde95ef0730e,1,473795a355d29305c3ea6b156833adf5,620c87c171fb2a6dd6e8bb4dec959fc6,2017-02-08 10:06:56,59.90,11.03
cc72d62c9da97fa8f846e9403f0fe57f,1,0e83e17abf02965da217273abc39518f,d91fb3b7d041e83b64a00a3edfb37e4f,2018-04-19 11:50:28,35.90,18.23
cc7b37be243e081241f0929776e0ff3e,1,2a4cea102e8cd86bbff7d6c4f17a459a,fbc14c0cf93505ef89f64665ffa4a7b5,2018-02-15 00:07:48,740.99,18.21
cc85b0be56a5a15d2146816d54ee0eff,1,2ffdf10e724b958c0f7ea69e97d32f64,4869f7a5dfa277a7dca6462dcf3b52b2,2018-01-23 03:38:42,213.90,16.25
cca0f2f13b67b19407e3300a249bd506,1,4f33e0de0408eb2d6238a9f41f55acb4,8b2492b7ff4468839593fafeed55bad9,2018-07-23 17:46:22,51.67,15.46
ccdbdaee1f24ce882d752fe79410cfef,1,d433ccd6963b166039d9d943a9015edc,76d64c4aca3a7baf218bf93ef7fa768d,2018-02-01 08:53:19,187.90,24.19
cd02e1b6a025f2d7003c4c8b2ef28baf,1,e95703a89b7e347a78ac894708191b36,5343d0649eca2a983820bfe93fc4d17e,2018-02-23 13:50:43,79.00,27.40
cd05165a846200165f408aac54408021,1,b8ca27a8b7658a95a8040f0a9489c952,b9ca8e8baa5d4aa038394a700f63e69f,2018-05-04 03:11:00,155.99,57.35
cd0c854775bce057e6a7e27c79a58f00,1,fa54ba82589db68838ebe0225c34f30a,381c83fdca332ea6afd896da20bf6e4a,2017-12-29 11:50:46,113.00,30.32
cd2f659fa071787c2e90002891bbea4b,1,b19f489c6dd8b47c1e9ecd9e3f2d8bb9,1b8356dabde1d35e17cef975c3f82730,2017-06-06 17:10:06,74.99,28.92
cd3558a10d854487b4f907e9b326a4fc,1,fa23bf270fb9880690b07d09b9f9ff20,1b8356dabde1d35e17cef975c3f82730,2017-04-18 08:50:12,59.99,11.81
cd58e7c862e0fb077541c4b5a331599e,1,a268f9f5cf863852b5b091ebc8cc0171,9646c3513289980f17226a2fc4720dbd,2017-09-04 15:15:14,48.90,15.10
cd5e56b5a3ac9bab0513602f1feb6d08,1,149ab38a09937b9195cbcaa295cf4a44,4a3ca9315b744ce9f8e9374361493884,2017-10-11 17:25:32,279.90,13.46
cd6abb02d781babd935ee80555d3972e,1,0b6a32b32a7dc68b12e8a0e0805c44d5,fa1c13f2614d7b5c4749cbc52fecda94,2018-03-07 23:28:38,195.90,8.63
cdb1faa859205ebd457e594dfab53801,1,d6fad98893f5848590aee04c63832cd0,17ca9b9e9b9ef8fdb529001b49ebb50f,2017-12-27 09:30:02,19.97,14.10
cdd28b19608da7e96804c00fdfd2faf2,1,ae8b1d2c414a22d06ba197876eff92f2,abcd2cb37d46c2c8fb1bf071c859fc5b,2018-01-19 16:30:41,49.90,21.15
cdd2f841bc21ca6e8cb60fe51a640bd4,1,d1c427060a0f73f6b889a5c7c61f2ac4,a1043bafd471dff536d0c462352beb48,2017-12-13 22:10:52,149.99,45.13
cdde87555bcd91df4fa4f191cbc77774,1,72aa1e49a803b462fd0a83071c894e7b,4e17c65a516f69d023a2ae78b84f28d6,2017-11-10 16:37:16,199.00,28.24
cdf5bd758b0b7d00fc23b2cd6c92f974,1,c6336fa91fbd87c359e44f5dca5a90ed,4c2b230173bb36f9b240f2b8ac11786e,2018-04-13 17:51:21,45.90,15.23
ce2d0e7e8a249b93d3cfadb57113023f,1,2445809bff82fdb8780c5f4e5c0d7686,651fe66032c9520ee5587f694908040d,2018-08-20 18:49:32,59.00,13.75
ce2f6c44bc139015d1036d40c0cf2915,1,a1c4fe3ca474066396d42c07b0194fb0,d1c281d3ae149232351cd8c8cc885f0d,2018-08-20 18:15:21,121.99,23.65
ce6773b2916ebbc43dcaa762c0c6f9b2,1,f6f1acecb8770430b76a87fae1c522dc,5d0363b33554b373851fc1622e4d5f3c,2018-08-08 19:31:34,23.99,7.43
ce8002e30a866ae23c03293b8d2d14e6,1,914c9e9af640dd56f48764a225b00f89,7c67e1448b00f6e969d365cea6b010ab,2018-05-10 10:15:15,79.98,44.33
ce8690397f7d93704f8d39df619190fa,1,b532349fe46b38fbc7bb3914c1bdae07,1025f0e2d44d7041d6cf58b6550e0bfa,2018-03-14 23:20:21,35.00,10.09
ce8690397f7d93704f8d39df619190fa,2,b532349fe46b38fbc7bb3914c1bdae07,1025f0e2d44d7041d6cf58b6550e0bfa,2018-03-14 23:20:21,35.00,10.09
ce86f3b70e7bb8cd539eaed55e3553f5,1,11fd9d7ba552e1d28872e008acf1e050,cb8bcce248bb1fb274ba762d8b971456,2018-07-17 04:25:06,109.90,14.11
cea71c0d8880d36a8492d52bd76b0e0b,1,7cfc7d7ac63cfc985e69de48664bc07e,522620dcb18a6b31cd7bdf73665113a9,2018-04-27 13:31:34,529.00,21.58
cea7e28bd63ef382ebf6010b228208f2,1,2948658cb6abc82847412be7201bfc4c,955fee9216a65b617aa5c0531780ce60,2018-04-30 14:30:55,110.00,18.85
ceb35b18f6b84c1c75f02859ce3160d9,1,6d83ca45d94919027131b87caf3b2a6c,1900267e848ceeba8fa32d80c1a5f5a8,2018-07-30 21:04:13,14.00,1.89
ceb35b18f6b84c1c75f02859ce3160d9,2,948bd3e9180acc7aa263ae14a2075717,0c8380b62e38e8a1e6adbeba7eb9688c,2018-08-01 21:04:13,16.90,18.91
ceb35b18f6b84c1c75f02859ce3160d9,3,373449943bcfafb2d3ff7423408a1c9d,0c8380b62e38e8a1e6adbeba7eb9688c,2018-08-01 21:04:13,16.90,18.92
cebe1a22714a4536f852866377c9bcbd,1,dca8cbb1c9d8a2db0fbc0c36b8d1a7bc,6560211a19b47992c3666cc44a7e94c0,2017-03-17 10:05:43,79.00,14.72
cebe1a22714a4536f852866377c9bcbd,2,dca8cbb1c9d8a2db0fbc0c36b8d1a7bc,6560211a19b47992c3666cc44a7e94c0,2017-03-17 10:05:43,79.00,14.72
cebfb93d43892425be3fe47edbb54347,1,5328338cfaa16ba10561cd970c73ca11,12b9676b00f60f3b700e83af21824c0e,2017-08-24 07:45:05,199.00,38.94
cede6783681ee6ca1c00eb85d602ead4,1,eb8c629f70275fd1c4f809116cce1efc,1025f0e2d44d7041d6cf58b6550e0bfa,2018-08-23 03:15:21,38.40,19.46
cef32f42c7dcdc8bcf919ba74f04da78,1,f788dd44fc883f0664693a6dea50437f,3d871de0142ce09b7081e2b9d1733cb1,2017-09-18 18:04:36,39.00,12.69
cef5090298d950b6fb6f220e7e1fc9d5,1,c62bc42d383a40b285eee3f95240c817,8160255418d5aaa7dbdc9f4c64ebda44,2018-05-11 09:14:01,114.90,23.38
cf0e7f7b96ea1d2939d084ae7b99f10a,1,a7d454bed93698b6ddb23f865e69f111,17a053fcb14bd219540cbde0df490be0,2018-05-15 02:30:38,219.90,34.94
cf0e7f7b96ea1d2939d084ae7b99f10a,2,a7d454bed93698b6ddb23f865e69f111,17a053fcb14bd219540cbde0df490be0,2018-05-15 02:30:38,219.90,34.94
cf0e7f7b96ea1d2939d084ae7b99f10a,3,a7d454bed93698b6ddb23f865e69f111,17a053fcb14bd219540cbde0df490be0,2018-05-15 02:30:38,219.90,34.94
cf2b932d25c7f902faa52f469b89c1c2,1,4e80e5fbd1f7a5e67501d0e1573abf98,fa1c13f2614d7b5c4749cbc52fecda94,2018-08-15 19:15:10,124.90,13.53
cf396e4f907df065cc3d876bff73266a,1,b66270a5d5b3a8585f8314b2f14420fb,e9779976487b77c6d4ac45f75ec7afe9,2017-10-16 22:14:20,49.89,8.27
cf4e2fbc22f6efdf6c5988003626bf48,1,9b37a918bcf2c8e1064e867cf1df4637,f27e33c6d29b5138fa9967bcd445b6d5,2017-10-02 04:04:34,34.90,9.34
cf6af03cfe2aa7ce2b23c2b77c1ff722,1,6e835aea84ae8eb68b8c14878dd43b30,4d6d651bd7684af3fffabd5f08d12e5a,2018-07-04 17:18:12,69.90,26.79
cf6af03cfe2aa7ce2b23c2b77c1ff722,2,9abef3ac1829af69f004c3dcbba958d9,4d6d651bd7684af3fffabd5f08d12e5a,2018-07-04 17:18:12,69.90,26.79
cf72ba515bbb8a0ee1723579cc7d0380,1,d9880e15196711e7f9fe7dabc5f74117,b2ba3715d723d245138f291a6fe42594,2017-10-24 17:06:35,69.90,8.72
cf8ba1509b00eca37b08289371dbbf0d,1,fb55982be901439613a95940feefd9ee,3d871de0142ce09b7081e2b9d1733cb1,2018-01-17 12:38:26,89.00,13.64
cf9b4bc8a0831980b324e030bf8cf1f3,1,2b4609f8948be18874494203496bc318,cc419e0650a3c5ba77189a1882b7556a,2018-07-17 21:24:08,79.99,37.47
cfd2f4ec78bb56b1fa91abad6d3ee54e,1,652698dafbccac29d78c7ba70dceef10,44073f8b7e41514de3b7815dd0237f4f,2018-01-04 23:17:21,70.00,17.06
cfd2f4ec78bb56b1fa91abad6d3ee54e,2,652698dafbccac29d78c7ba70dceef10,44073f8b7e41514de3b7815dd0237f4f,2018-01-04 23:17:21,70.00,17.06
cfd2f4ec78bb56b1fa91abad6d3ee54e,3,652698dafbccac29d78c7ba70dceef10,44073f8b7e41514de3b7815dd0237f4f,2018-01-04 23:17:21,70.00,17.06
cfd2fa043913decbf8554ea5ce59d723,1,bf04528618b481f107b7ea5747432102,52d76513f0c4d97f3b99570e2c94ee31,2018-06-03 21:55:10,109.90,7.95
cfe5649887c20d8a27d7a9a2302a9d9b,1,b5e13c9a353102f79c6206ff5cb61a50,a49928bcdf77c55c6d6e05e09a9b4ca5,2017-12-08 17:22:41,89.90,21.03
cfe5649887c20d8a27d7a9a2302a9d9b,2,b5e13c9a353102f79c6206ff5cb61a50,a49928bcdf77c55c6d6e05e09a9b4ca5,2017-12-08 17:22:41,89.90,21.03
cfeaf2d533a561edf1924cce57d35cfd,1,bdb4be6ce2f7f2b5be0a16088028c7fc,955fee9216a65b617aa5c0531780ce60,2017-10-22 22:56:25,85.00,25.04
d02a27af33a8164ec42eeddf27c5ad59,1,81288df52439985f610be64465e53f57,54a1852d1b8f10312c55e906355666ee,2017-03-28 09:57:27,109.99,17.51
d032dd122bc93c30a420b6ee101c7f69,1,9f1c3e71d56894398a42b050b07f1baa,92eb0f42c21942b6552362b9b114707d,2018-01-23 09:30:54,12.77,15.10
d03428478ca1e760e9c5898acc54665f,1,31b8e7c2a22f3dba5183cc110bdd72f7,7d13fca15225358621be4086e1eb0964,2018-08-22 22:44:10,199.60,14.06
d075def20463f58225a279f6e36d8669,1,7e6c4a0bf900e259f50ba63331fd2785,6560211a19b47992c3666cc44a7e94c0,2017-09-14 21:25:14,65.00,14.20
d07f143b702491d2a1cd6ed093f2cdee,1,78efe838c04bbc568be034082200ac20,0241d4d5d36f10f80c644447315af0bd,2018-02-15 17:48:03,99.90,23.57
d0836b3ff071bfc93b8a3c5acd8b63a6,1,3581c0b0a9a0bcd1a49381b65b4cd7e6,cca3071e3e9bb7d12640c9fbe2301306,2017-09-20 15:35:29,166.89,16.80
d0917c0a88a601949cde7cec1331de4e,1,c6bf4cdc2fc9ca1189d18f026d95af07,955fee9216a65b617aa5c0531780ce60,2018-08-01 19:00:24,260.00,48.80
d0c4a5b064e0ec72eca6b1c01ade0181,1,990d135e28e075648cb7d83198fdccf4,d9bd94811c3338dceb4181f3dbc0c73e,2018-06-28 19:20:07,80.38,8.72
d0c5da1cf512738b0f7bef215b1e12c2,1,e5f3a09149ee7db697907f61e7366267,41c2bad7229b0c25e6becf179ebf63ff,2018-01-10 14:55:28,34.00,8.27
d0dcef5f811f8e0b4f67f1f26805a8a6,1,8458f51c49c1af4c4b388dab8810215f,955fee9216a65b617aa5c0531780ce60,2017-08-11 14:30:15,39.99,12.69
d10be1718c45ae0bd50cbfb5b3814089,1,6c3effec7c8ddba466d4f03f982c7aa3,37515688008a7a40ac93e3b2e4ab203f,2017-11-23 11:10:20,24.50,11.85
d10e0c39bed8e7a489486b5d621830c7,1,e2acf075e3634e6f0c26e4e88c1bf9d7,1554a68530182680ad5c8b042c3ab563,2017-11-30 23:31:20,329.90,25.11
d116a9f838daeae6ab2e694cad2045f8,1,385c861f274a680e93e8391c65bf8269,7142540dd4c91e2237acb7e911c4eba2,2018-05-20 21:31:53,59.90,14.51
d14704bf551588cc4acea3368cafe62b,1,85fcf0af8941e2a6d93bb2df970c1650,c3867b4666c7d76867627c2f7fb22e21,2018-03-01 02:51:18,194.90,27.68
d147b8649ff39d53cabf136b36c79a13,1,2267f81f3634e3fdd5d27151ddad3c26,f181738b150df1f37cb0bd72e705b193,2018-05-07 12:15:48,219.00,21.58
d167d4b7b391f26fea23a114ac44706d,1,1b7b45fba5ad23e8117914f8b36e6772,70eea00b476a314817cefde4aad4f89a,2018-04-23 15:15:30,159.90,20.65
d1897146cbeab2b888285ca6264056a1,1,154e7e31ebfa092203795c972e5804a6,cc419e0650a3c5ba77189a1882b7556a,2017-09-18 12:05:38,23.99,15.10
d1897146cbeab2b888285ca6264056a1,2,154e7e31ebfa092203795c972e5804a6,cc419e0650a3c5ba77189a1882b7556a,2017-09-18 12:05:38,23.99,15.10
d190d15996631437cb3efddfa547aba9,1,98d61056e0568ba048e5d78038790e77,8581055ce74af1daba164fdbd55a40de,2017-07-12 03:25:36,169.00,27.50
d19a87282922be2fe89f5234b1bb6c14,1,ce9b5e2f3503d1142f9c9866db452633,d94ba08b99bedd6a5f6c875ecc4a6fac,2017-07-20 19:15:16,59.90,14.15
d1ccec3180d63d8bfd37f65d34f07da5,1,3b8b957801a5b4bca1a4f5d1f5d32aef,45d33f715e24d15a6ccf5c17b3a23e3c,2017-02-07 16:30:51,9.89,17.78
d1d58708c4e171bc6cfc3b36b7c5a798,1,52c80cedd4e90108bf4fa6a206ef6b03,a1043bafd471dff536d0c462352beb48,2018-06-18 14:26:42,179.00,29.78
d1d598b9c6fa6d135849e528650082c0,1,a96d7b91547c9d381eef6793af2c639e,17e34d8224d27a541263c4c64b11a56b,2017-08-13 23:55:07,154.69,16.71
d1ea55f7318ed68dab3622af81e15141,1,8d98dedc3c19de17f1a090195e85d6b6,fa40cc5b934574b62717c68f3d678b6d,2017-08-31 20:10:20,49.90,15.10
d1ec61b50c7780944fab32ad8b873c85,1,a783f0d718c28a1375f64c1dfff1818a,85d9eb9ddc5d00ca9336a2219c97bb13,2018-07-27 19:50:16,34.90,18.34
d1ed1dbbec11c2374190e2365d37d2b9,1,543fd1c1fba9cfa6e424473dd4d830f0,709e16e2b25c7474d980076c6bfc4806,2018-08-10 20:50:26,106.90,13.41
d2116792f51c05e63040003857b5fb91,1,99a4788cb24856965c36a24e339b6058,4a3ca9315b744ce9f8e9374361493884,2017-06-30 16:15:17,89.90,12.13
d21d7411b251f35ead1b210dc946ca70,1,f18333439cbbfd0ae30acf09ae09c0f0,004c9cd9d87a3c30c522c48c4fc07416,2018-01-23 23:10:45,248.90,28.00
d225c3985609ca7a3a65157d5311f0cd,1,57aae7271c7c24614b0d663c6df83f35,d05ae8f7a5bd1d2a690a44cd079e4e27,2017-04-27 16:15:16,252.00,15.93
d28f2bc60aaf4da8d97ff1319fdffab4,1,aca2eb7d00ea1a7b8ebd4e68314663af,955fee9216a65b617aa5c0531780ce60,2018-03-22 22:10:28,69.90,12.43
d2b0a763647d885d0d3db2ee534ec02a,1,2dcbb450bd8303344a342b60610f3d22,1dc2de47ee26a0a5b12dc14fd6dc0dea,2018-06-26 04:35:58,55.90,23.19
d2b465d6828555de4d5226daea422618,1,30e6ca43e35febc39b93e1445a98670d,8f119a0aee85c0c8fc534629734e94fd,2017-02-26 06:47:45,19.90,50.00
d2e9aead95751dd6bd0ce80e7d506c53,1,77b433708de78b6f08c64d3cb465ad8c,b76dba6c951ab00dc4edf0a1aa88037e,2017-01-20 23:25:16,14.97,14.52
d30523a4766e8ea7e59ce35203bb73e4,1,8db99620b0b21f34ff4199bc6450bdd6,5f3ae9136c875522250f8184f253413a,2018-06-13 17:31:42,17.45,18.23
d310b57747a742fc3a54a009114a77db,1,3c949889a3c11ae9d33a721d9efa6e7d,b0b346d3a89f5eb4c2968af3f083cd43,2018-08-10 11:25:10,81.00,23.37
d31df581f4efcfd5c6f523bb0fed1bc7,1,7c1bd920dbdf22470b68bde975dd3ccf,cc419e0650a3c5ba77189a1882b7556a,2017-12-04 11:55:10,58.99,11.73
d368ca1b5f6b46bdaf14b7c0cb5e40a1,1,1dd85d42702d499bdccd33e6e3227a61,e38db885400cd35c71dfd162f2c1dbcf,2017-08-25 19:35:35,54.90,24.93
d3764fd6a2c04354a8cbde8508cc0ba0,1,253e743996e4439451bbb1137c3e7b6c,b18dc380845b24038cfc48006478f099,2018-04-23 13:31:51,71.99,18.43
d39bab8a9af00bb16a6a2bb759d03bd3,1,dfb68ce52d4975e692909a1bf9d59f1b,827f8f69dfa529c561901c4f2e0f332f,2017-05-17 17:35:17,37.90,8.11
d3d00f8dbea1b9d5ef529fbf674c9a58,1,861f715fc920b62d0bbd75b605a9827d,9d4db00d65d7760644ac0c14edb5fd86,2018-05-07 03:15:44,88.90,13.98
d3f9898585d009b6f743c6c53739232d,1,6b7b5d0adc9be5fa4c0e68c102dd51b4,7e93a43ef30c4f03f38b393420bc753a,2018-01-18 12:35:28,679.00,19.50
d4126c989370101ec1b96733f4adfe79,1,d04857e7b4b708ee8b8b9921163edba3,9f505651f4a6abe901a56cdc21508025,2018-07-31 10:35:18,69.99,13.15
d4361586dbdf3e45c6de2faac0714711,1,839321c2db7b3b3eaff4944c3b052ecd,d25aa0aaacb370e912f8cf6efeba38b3,2018-07-25 02:41:47,113.89,16.03
d4361586dbdf3e45c6de2faac0714711,2,839321c2db7b3b3eaff4944c3b052ecd,d25aa0aaacb370e912f8cf6efeba38b3,2018-07-25 02:41:47,113.89,16.03
d44cb52677c0960afb3e43a96d79a25b,1,afdcd7fb20b2bb98322d2b1400c074cf,582d4f8675b945722eda7c0cb61ba4c7,2017-11-03 20:45:11,27.99,11.85
d44d3aabe5fd82754ca3b4696cdc90e7,1,816f6efbb3598f798900557f628e8a56,2bf6a2c1e71bbd29a4ad64e6d3c3629f,2018-05-16 12:10:43,738.00,24.14
d459a5cd21218ae140bbdf31aea15fa0,1,185c58d7437197ced6450e5cada41d35,c8b0e2b0a7095e5d8219575d5e7e1181,2018-03-28 19:55:21,191.99,27.78
d464194574b82162a5a34d39082fb826,1,1ee1a3e374020805c935a1a99975e414,ea8482cd71df3c1969d7b9473ff13abc,2017-11-03 19:45:37,21.99,7.78
d470b00bc3d705453cd02a793aaddb07,1,25f86162fee18735fffdb762dcb10d7c,1a3df491d1c4f1589fc2b934ada68bf2,2017-07-28 02:22:47,159.90,14.99
d477ea450bb767cf9e8bea5fde7336d8,1,df892547f0d5bb0c35cf26abc8e93d8d,efcd8d2104f1a05d028af7bad20d974b,2017-05-03 09:32:02,70.00,11.10
d47c3e59ac03430c6e743c61f7e6bb6c,1,e7d26dd6742baca292020c158e6720c3,6cd68b3ed6d59aaa9fece558ad360c0a,2017-03-23 20:31:09,54.90,10.99
d48417cf367104ba861b31d6ef9d9528,1,0bcc3eeca39e1064258aa1e932269894,1f50f920176fa81dab994f9023523100,2018-06-15 16:31:29,49.90,20.77
d486a71c67c351a4aadf0b3bd096a712,1,5bd46344df36a730cedb3c85d2d1b573,f262cbc1c910c83959f849465454ddd3,2018-05-18 03:30:33,24.99,8.29
d487b6355486e731b46ab592494f65e9,1,ba34539b92ec1baa3a9c108b81cd8344,2e1c9f22be269ef4643f826c9e650a52,2018-04-18 10:35:14,89.49,18.54
d48ecf850e3d3c67a047a82b3243847e,1,008cff0e5792219fae03e570f980b330,530ec6109d11eaaf87999465c6afee01,2017-06-20 15:45:14,145.90,18.27
d4a3bd4ef8590f7923183b70e32326d8,1,71a033537c0b1b79fc26e6d0bb3bb1a2,391fc6631aebcf3004804e51b40bcf1e,2017-04-05 02:05:11,73.35,11.90
d4b074982e39f354c254a6b1b4ffaf55,1,e1e932dfb67414e80b87ad97688cf2a3,fde0cc9ea29c8ccfc0a2c22256a58c71,2018-06-11 09:35:19,105.00,23.27
d4b3b00396bf3d72f49b2e06219f385e,1,53759a2ecddad2bb87a079a1f1519f73,1f50f920176fa81dab994f9023523100,2017-12-11 11:12:13,59.00,13.43
d4d70141598f959f855ea0b6266ca5c6,1,422879e10f46682990de24d770e7f83d,1f50f920176fa81dab994f9023523100,2018-01-10 23:17:32,49.90,13.43
d5068130956ac251d7995450e9627aef,1,afd22faefd9584467a374bf7a50f0996,77fccaae319668a8ab6cd0fd16aec48c,2018-07-30 08:15:20,199.00,19.49
d50719e017b64d66a6e1a52e765ecfca,1,3b31b57a9cdf87158977c3188a8dfa5a,17e34d8224d27a541263c4c64b11a56b,2017-12-22 21:11:05,341.65,18.15
d5244670e213108e7d21f54a42548613,1,93c902b021a9e594f658ab1b0351602a,2e90cb1677d35cfe24eef47d441b7c87,2018-08-13 21:05:14,103.90,18.53
d524e77bf9d7d01dec8ba849212ee527,1,1dfb36d969d347f56f43590ec42c7b8c,7f152321c60a266edc53af1925ef96c1,2018-08-09 18:15:17,159.99,20.31
d527c6337841d7474102cbb7396891de,1,7762d533895097b6e2f2b64ef66b2ec9,1f7fd2a6fcd5a6fa5d8a4dabc72aaae0,2017-04-11 15:30:16,158.40,37.51
d52ec59371d4477349b3a26e9607dc2c,1,a896b01f0fb94712f1e92bf9b0ebbe0e,d9a84e1403de8da0c3aa531d6d108ba6,2018-05-11 18:31:32,9.90,7.39
d54bea5ba90238aa83323565749538a1,1,cda8b19a05af621d957a97a979b6fa9a,c510bc1718f0f2961eaa42a23330681a,2018-04-26 18:30:53,2110.00,154.90
d576291e922fc07924f5811f867ed79b,1,a1013e8a0647368039fc1a2f7cd5e516,ea566164622c6b439516ab18062c42cd,2018-08-24 04:50:28,89.00,16.81
d598cf8c9a25d482dcf98cadd21713e3,1,2e513e110e3f95926fa3d1ac44444ff4,8b321bb669392f5163d04c59e235e066,2018-07-03 15:11:13,17.99,15.23
d59d8415ba3a51ac2edc13616065868e,1,353f9040451759cc7153da959db1e531,46dc3b2cc0980fb8ec44634e21d2718e,2017-09-29 09:35:15,399.99,84.66
d5b01c154bfa35f8f18cf115336714f4,1,fe077ec80df6b4ee60bb4498d5ab1962,87142160b41353c4e5fca2360caf6f92,2018-06-21 13:57:23,135.00,16.05
d5d415a80776eabc101e98603d000455,1,20c69858ff6c402d1713747d81b5c23f,951e8cef368f09bb3f3d03c00ca4702c,2018-05-24 02:14:29,59.99,14.51
d5e9734f54e05a41246389d38b732a51,1,2fea0f2cec6b6324a277d4a61c2ed2c6,beadbee30901a7f61d031b6b686095ad,2018-06-20 16:18:59,35.00,18.35
d5fe6827cc4a6ce0562e5e116c627839,1,42629edd68bffc7993ce24e1a86ebc96,f7df46c1e0ec44eed5c6726478da4a17,2017-07-04 18:03:43,169.90,19.43
d6199904747af716384a5ddfde0e4b9f,1,3dd2a17168ec895c781a9191c1e95ad7,de722cd6dad950a92b7d4f82673f8833,2018-03-14 02:29:27,149.90,39.10
d630523e4ead4d29e7dd497f1a47b90e,1,fcb0e3bd6245e82cb0203dca6c126e43,36a968b544695394e4e9d7572688598f,2017-03-21 13:15:25,20.90,17.78
d6418b6fa2a27ebf8c1e2d4ca0d14492,1,1720f85e4a07f5701170d6c4e0acdb02,6edacfd9f9074789dad6d62ba7950b9c,2017-03-30 12:10:47,49.90,10.96
d65f26752fd6834bfb0a567b581dde3b,1,a2a91fe6d8762e0371abd964cef88ec6,4992e76a42cb3aad7a7047e0d3d7e729,2017-07-31 17:50:23,25.00,14.10
d65f26752fd6834bfb0a567b581dde3b,2,100260bf9206d859dc8db128c8c5afc9,4992e76a42cb3aad7a7047e0d3d7e729,2017-07-31 17:50:23,25.00,14.10
d671370d11048a2dab56335d3d91823e,1,65c5f70a0cc1d74c36cb5e8de51582e7,4a3ca9315b744ce9f8e9374361493884,2017-11-30 08:15:27,37.00,15.10
d6a4e0f6f17d5eda710c204339ec6e51,1,6cf95bd30a9628ca0c9911e43d7956a3,718539d38d07dd351c76db862760e2e2,2017-07-20 17:35:10,36.80,28.75
d72a592fb03726e61907b9d4c2c654a3,1,3b0f7951038b105522c2d566b54421f7,562fc2f2c2863ab7e79a9e4388a58a14,2018-02-22 19:06:58,29.99,8.11
d73f657ce49ec301ac81116e74bd0571,1,5373e18844eec682770d139ba29cd32c,efcd8d2104f1a05d028af7bad20d974b,2017-10-27 00:14:23,50.00,15.10
dc15c503e5d31267bef467c8c63476c4,1,cedc314dea647b3337f14e20c6fe1234,855668e0971d4dfd7bef1b6a4133b41b,2018-09-11 13:30:23,72.99,9.26
dc1818ff094219ac82bf4d84fb6c6540,1,36f60d45225e60c7da4558b070ce4b60,f457c46070d02cadd8a68551231220dd,2018-04-05 23:47:51,88.00,2.58
dc1818ff094219ac82bf4d84fb6c6540,2,3f14d740544f37ece8a9e7bc8349797e,6973a06f484aacf400ece213dbf3d946,2018-04-08 23:47:51,84.89,29.62
dc48537f3fcda6ce650158bebd4ecc6c,1,9cbe4a1fd4db99c14512e9b2ff033ec4,d2374cbcbb3ca4ab1086534108cc3ab7,2017-08-17 10:23:51,27.90,11.85
dc4dc464cfa3377e0b31a936d2d117d0,1,a406f14e110f4ccb46059586e9440400,7d76b645482be4a332374e8223836592,2017-08-15 11:05:11,16.90,7.78
dc74c9cdcf62efe4b49193373730111c,1,a1ef6deeb394537b4da00d88e6c5313a,5f5b43b2bffa8656e4bc6efeb13cc649,2017-12-04 03:31:33,99.00,16.45
dc8a41c3b06bd915d57fcd0e89973744,1,150c699262a053229e89213dc9c358d2,cd68562d3f44870c08922d380acae552,2017-10-10 11:40:17,116.00,15.56
dc8a9d1dc88367aef471e8e810c16ec9,1,c35498fbb4358837ae16850f50c3fd22,70a12e78e608ac31179aea7f8422044b,2017-12-05 02:18:10,76.00,12.03
dca3b709f4c0389495cb4fa1a063440c,1,a7c46993a48edc4cf7e785417f1dcb48,cb3dd9ce66268c7a3ca7241ac70ab58c,2017-07-28 18:35:23,35.90,11.73
dcbb8d460d1c315bd4cdd96a4aaaf258,1,008cff0e5792219fae03e570f980b330,530ec6109d11eaaf87999465c6afee01,2018-06-11 20:51:50,134.99,27.67
dced68d765c92476f957de16fe116ecc,1,a5e537da8376b8623758e0186bfa400f,e883aa812c37a7413226856f4579fe91,2018-08-27 18:30:15,69.90,16.68
dd103933801d1fccfa8cf84150eae10a,1,0fb9aa9a6103872d8f580d721e099f89,8bb48dc19fccaa8613b6229bf7f452a2,2018-01-11 14:32:01,34.80,17.06
dd1d5e5b6e4be8779186eb9cafd2f44d,1,4161c903c8834f814fda62d066031d74,638cba8be1fb599bbb76fd6948351eb3,2017-08-08 16:15:11,12.50,11.85
dd1eff57387644bafd3823d2d49560b7,1,c6336fa91fbd87c359e44f5dca5a90ed,4c2b230173bb36f9b240f2b8ac11786e,2017-11-24 12:11:32,45.90,8.72
dd3d73f70b77e2a07f64360620621ca4,1,adf24c4c9e90e7054d07309a04c419d0,270297ead4c65a6cd2593960d2af6b21,2018-01-08 09:54:22,249.99,12.95
dd416a83ddfde887da5021bae60bb919,1,35bc6c77029697004675d3a2ce505916,897060da8b9a21f655304d50fd935913,2017-06-19 08:55:17,155.00,15.84
dd7e0efbe1cde6192eff0ea57a7b2888,1,c0abb5707b6d57b4e7d9797222a77fc8,48985c61529077fa4f1e38bcff0f2ed3,2017-08-07 13:45:19,99.90,25.98
dd8b565021d8781e5b1a93e85ec5aba4,1,939ca4eeb18f951c099e1178bc50772c,f45122a9ab94eb4f3f8953578bc0c560,2017-06-26 15:45:11,99.99,13.72
dd9aa4781edd47b13197cd4745fa846b,1,c230b471b7e21ff9060e68ee154afd70,1ca7077d890b907f89be8c954a02686a,2018-01-05 19:18:31,69.99,7.78
dda00bd9d2607be3fdb9db2abe33b9b7,1,89b121bee266dcd25688a1ba72eefb61,2eb70248d66e0e3ef83659f71b244378,2018-05-30 12:47:56,79.90,7.42
dda7cf31684a98205550865020745d09,1,ed01ede241c5149867b22ad7f03cba44,a420f60ff1aa9acc80d0e42959f2b313,2018-05-04 00:29:18,36.50,15.23
ddbbf91a5dc91f4757ad2ed77ab9616b,1,75b433ca888fe027b18dfac89a284667,8b321bb669392f5163d04c59e235e066,2018-07-03 17:10:03,12.90,7.39
ddbbf91a5dc91f4757ad2ed77ab9616b,2,75b433ca888fe027b18dfac89a284667,8b321bb669392f5163d04c59e235e066,2018-07-03 17:10:03,12.90,7.39
ddc6faf8f6c347a8c369d7c2b7cc6989,1,054515fd15bc1a2029f10de97ffa9120,e9779976487b77c6d4ac45f75ec7afe9,2018-06-06 13:18:53,43.00,18.23
ddfa1e68bf845862d55c2616b5ca20ce,1,3e7ca2ff3d372303c5773c8018746fc2,89ad3263c0931c47f976d7c5778e60f6,2018-07-31 20:30:12,69.90,37.40
de2198669f76c1dbd0d137f101a7d6f0,1,431d674f9a4fbd0957ecf6ba3fcb6899,53243585a1d6dc2643021fd1853d8905,2017-12-07 04:38:41,235.90,22.45
de273694b3cd5827467dbc63a115382b,1,5a47c5b5c3866f29177d497727f22f38,218d46b86c1881d022bce9c68a7d4b15,2017-07-23 21:30:11,128.56,18.15
de290900c1991d72fda0212682ecf3e2,1,f177b434709ecb652dbee4f4b19aef2f,d98eec89afa3380e14463da2aabaea72,2017-11-30 00:55:00,29.99,12.48
de310c00c4111ff98be9166aa6213e22,1,4fe644d766c7566dbc46fb851363cb3b,c31eff8334d6b3047ed34bebd4d62c36,2018-05-20 23:11:47,79.90,14.46
de68ff91737ba366892be2067a2cdfec,1,fc7138a8f96aee8302e42916bbbbb818,28f10b1c5e5abb9d4857745bede6147c,2018-06-13 20:55:07,12.00,15.23
de8323147a3358b9c4720ae5e8ef668b,1,d66243feb576d7d617693bec8d80d124,aac29b1b99776be73c3049939652091d,2018-08-07 11:55:25,12.99,18.23
de8323147a3358b9c4720ae5e8ef668b,2,d66243feb576d7d617693bec8d80d124,aac29b1b99776be73c3049939652091d,2018-08-07 11:55:25,12.99,18.23
de86df6ab3b291975266e6ebf8da2bf3,1,7d854ab97c64ef9df2bbfaf332765786,aac29b1b99776be73c3049939652091d,2017-03-09 10:05:19,59.90,19.01
deb8ce115f74e504ae38e7db9bdd42e6,1,aa48d4f285b37252409e6f9fcb0b8ffb,e3a386fc36e22064434e1fa256f6a9fa,2018-07-03 14:30:49,49.40,16.54
debbc667d166dc32a2733fb0d660ca46,1,f646af315b0f3a597f69213537ca2199,3df020b72d3d44b3af9d110fa3940b65,2017-12-07 04:49:54,49.90,17.92
ded320f8039d7a35a324cf22f83fdf67,1,262e7c8eaed86e7aca83dcdaadc5a115,73a63f72308aa20a46f4b1632018f196,2018-02-07 11:50:41,189.95,32.85
ded320f8039d7a35a324cf22f83fdf67,2,262e7c8eaed86e7aca83dcdaadc5a115,73a63f72308aa20a46f4b1632018f196,2018-02-07 11:50:41,189.95,32.85
dee8d1d83278b2ec6e50c6472cd24c81,1,478cf0d317ccab62d1483a637de8df14,6cd68b3ed6d59aaa9fece558ad360c0a,2018-04-11 20:35:21,32.00,19.32
deea84bd5e80bec98688cce040163d4e,1,10717ff440b2320081989126e858b220,457fe919b032a3f7dadba6fb92cf7855,2018-05-09 23:30:56,142.90,10.06
def59cab0d40fb6e73cf4a05911344df,1,0ee57e62251a7e435b7a3142c1f6aaf4,7e3f87d16fb353f408d467e74fbd8014,2018-06-21 03:30:58,64.90,15.55
df09698fab7f356cb66e565dbcc436b6,1,ece3f9ce600905d426c4a029517f0635,4c498c7345e89aebad651544829beca0,2018-04-25 16:18:47,189.89,16.21
df147d110784e81110ece3cae5fafee2,1,aca2eb7d00ea1a7b8ebd4e68314663af,955fee9216a65b617aa5c0531780ce60,2018-01-19 06:32:38,69.90,13.08
df147d110784e81110ece3cae5fafee2,2,aca2eb7d00ea1a7b8ebd4e68314663af,955fee9216a65b617aa5c0531780ce60,2018-01-19 06:32:38,69.90,13.08
df172721d81e6135d97fc547f2bf7666,1,ef06c0458c76196646fe25444b793139,6c12e40690c335dbc2f68a4134d30dc1,2017-06-20 14:25:27,25.00,15.10
df53ed4b08a845497e1f9aafa11fb2a4,1,9163c7e81fd68452472912c4cde810aa,b499c00f28f4b7069ff6550af8c1348a,2017-12-08 17:32:00,34.99,16.11
df54015966b3fa00a42222b5a0e21348,1,c329abd2a10fad4a2f83377956328c67,adbe70ab2c97442046d393988c8d1d27,2017-09-15 17:45:21,59.90,15.18
e01023596310bc78e2726329569e3d21,1,cf28a2b7bc92809a0574cf07772c88c4,da8622b14eb17ae2831f4ac5b9dab84a,2017-11-09 18:10:24,24.90,11.85
e01371016351ae4493ecbd7a8c5a33f5,1,ec02a5d380128f7a188e9ce8f3ddd832,8444e55c1f13cd5c179851e5ca5ebd00,2018-01-16 10:18:26,131.90,18.54
e02d1acde68fc554aee0e2913c3179d0,1,a8856d651600289b162f857e26838480,9616352088dcf83a7c06637f4ebf1c80,2017-11-21 20:46:32,59.90,35.74
e0316057201638c364f3f54c86eebdcf,1,bec1568108b711661a6705a5033d2a30,b4ffb71f0cb1b1c3d63fad021ecf93e1,2018-04-24 08:51:13,19.00,7.39
e04abd8149ef81b95221e88f6ed9ab6a,1,0e20a07ca1714df21f9b07ca3bf7c682,4e7c18b98d84e05cbae3ff0ff03846c2,2017-02-22 13:40:00,309.90,39.11
e05b2ef0e6f68745846dba198590cb80,1,62c89abe1afe3a23c17765d462718a4c,fe2032dab1a61af8794248c8196565c9,2017-12-15 09:35:27,233.00,17.39
e0740375ce45558ac111af54a98325e8,1,a855248349fb73a158bae22b79ae955f,1336efc61c316ddf92c899eb817f7cae,2018-04-11 21:08:30,49.99,19.32
e0dbf52e0c78f9be2caeaa5d799a83ea,1,368c6c730842d78016ad823897a372db,1f50f920176fa81dab994f9023523100,2018-05-25 13:00:39,53.90,10.13
e0e8821153a77c23ac4dd81c2e687ee0,1,875db2194361bf1a20064ccd2c697532,9b013e03b2ab786505a1d3b5c0756754,2018-03-05 03:55:37,50.41,15.10
e0f04a1acc50a7daf0cbb0654d438725,1,fc40fe8ca610260f036ecf18dd8d3b24,f5f2ab9bdb6b30c14c61be68c5ed37da,2017-09-05 18:45:18,118.90,21.32
e0fd296b15be54dfdffe8accfcd8620e,1,fafa8d1635b1fa204785386f79112a58,7d456afc660226829370f3173d14520c,2017-07-20 02:25:40,101.45,21.11
e0fd296b15be54dfdffe8accfcd8620e,2,fafa8d1635b1fa204785386f79112a58,7d456afc660226829370f3173d14520c,2017-07-20 02:25:40,101.45,21.11
e1143a99ea4cc1bd3a625b3501484dce,1,51f876eb62be778c757503cf7f8a3b74,f84a00e60c73a49e7e851c9bdca3a5bb,2018-05-04 13:11:09,9.80,18.23
e1247131e29e9f01c5ba3db262a4cd25,1,b19f489c6dd8b47c1e9ecd9e3f2d8bb9,1b8356dabde1d35e17cef975c3f82730,2017-06-15 08:45:18,74.99,16.77
e15b4d4792319e939f82008479734433,1,8aaeae26573fd33a2512d3fb0d8bea6f,2c4c47cb51acd5ea5db5e0ae0e26542a,2017-12-11 11:23:50,189.98,19.22
e18ebd6286697a3f0f6fe267d8286cb2,1,78efe838c04bbc568be034082200ac20,0241d4d5d36f10f80c644447315af0bd,2018-01-12 12:17:25,99.90,8.64
e18ebd6286697a3f0f6fe267d8286cb2,2,4fe644d766c7566dbc46fb851363cb3b,c31eff8334d6b3047ed34bebd4d62c36,2018-01-12 12:17:25,139.99,25.92
e19e0055828458457bb47794c262b00e,1,50504a602afeb7a2822ea65f1bed8f36,1127b7f2594683f2510f1c2c834a486b,2017-07-24 05:50:17,6.35,7.78
e19e0055828458457bb47794c262b00e,2,50504a602afeb7a2822ea65f1bed8f36,1127b7f2594683f2510f1c2c834a486b,2017-07-24 05:50:17,6.35,7.78
e1c161cec46262db2bdd7b36d9ee2450,1,450c25d98ed6923154a934554475bf13,dbdd0ec73a4817971d962698f2fea022,2018-06-20 07:31:36,399.00,63.07
e1f37ead3c565a7f54eead433530c790,1,f3a2a401af00f8a3fa7e234ac66bea84,bdae679a9b282249bc23b9b69dae9a99,2018-05-28 08:16:22,10.00,18.28
e1faf9211232539926d65299a9067f98,1,5f6d8e9b4925b2a5cb271f55aea07896,951e8cef368f09bb3f3d03c00ca4702c,2018-08-05 23:04:44,85.99,23.40
e1faf9211232539926d65299a9067f98,2,5f6d8e9b4925b2a5cb271f55aea07896,951e8cef368f09bb3f3d03c00ca4702c,2018-08-05 23:04:44,85.99,23.40
e214dd6d50b1fe9b3d0570441893f807,1,154e7e31ebfa092203795c972e5804a6,cc419e0650a3c5ba77189a1882b7556a,2017-12-19 12:58:25,23.99,11.85
e21a100114f52ef8f28601cf741b3ca4,1,6eb6c5cb7df0f863538b61a47fcce962,fe2032dab1a61af8794248c8196565c9,2017-06-27 06:43:17,139.90,44.86
e21a100114f52ef8f28601cf741b3ca4,2,20f160a9cf2e856ee5eba259e9ae33f9,17e34d8224d27a541263c4c64b11a56b,2017-06-27 06:43:17,167.92,11.89
e2210e9067554988ff724209b5b7a474,1,91aa52c1ac115bf6dad8750700e06d2d,f63d8f293af3a6454377546bd9dd19ff,2017-08-18 17:45:18,29.99,15.10
e23115216f6b79bda05036f94744a2dd,1,807b118bfa0f764901f5a528e0e3b7f9,6219ba2359cfb97f2e38fd4c321eb309,2017-10-18 04:14:09,44.90,11.73
e23ca832ba25d2d20b0ebacdfe401989,1,617186c3d97ea56c9c683a8a3974e8c1,cc419e0650a3c5ba77189a1882b7556a,2018-02-01 15:16:07,84.99,19.13
e24373f05b66f5a4b1e9baf8ce94baad,1,6dde44b4172999f35f08654d06bad633,a7f13822ceb966b076af67121f87b063,2017-03-28 09:19:40,249.89,34.79
e2532fe843f45b7a1aa7ede9474ca960,1,18e2f2853af64a5c039fb829e8609da1,fa1c13f2614d7b5c4749cbc52fecda94,2018-04-09 07:28:15,154.90,7.95
e257ae8610fb4fb68a1f459c3a4b1f51,1,a50acd33ba7a8da8e9db65094fa990a4,8581055ce74af1daba164fdbd55a40de,2017-05-18 08:02:19,117.30,14.43
e264592bd65236932df8193bed000e39,1,3f9051ef3d646215621400c6a9b50e01,a416b6a846a11724393025641d4edd5e,2018-03-05 11:50:26,733.95,25.54
e271e657e4d6b7cd8627e5ba90ad3929,1,e11b7abd9eb82a586a144e97594bc05f,ef9952469137ff190bacafe117f51537,2017-03-20 12:46:23,207.06,15.62
e28f56dc0353b7bf8f78f05ac639ba21,1,cd48f265a63e13b762601f5f794c5fca,e9779976487b77c6d4ac45f75ec7afe9,2017-12-14 18:32:20,59.49,9.94
e2a6b0a5726eb784ad4d8281e02ff025,1,d918b3f4aa5272c2c3cd088d087ca069,c3cfdc648177fdbbbb35635a37472c53,2017-07-05 04:23:12,139.90,14.09
e2b405a4cccf1e66eb8d2b73a4bba700,1,e0d64dcfaa3b6db5c54ca298ae101d05,2eb70248d66e0e3ef83659f71b244378,2018-06-27 09:35:22,124.90,16.84
e2b7031b8151dd5de69d77a161b19c44,1,8c292ca193d326152e335d77176746f0,7e1fb0a3ebfb01ffb3a7dae98bf3238d,2018-02-19 13:35:50,150.00,12.55
e2df04c1573f061467ee1af3cc6e26bd,1,664e36c9f1780f33973e063ae2cdcc66,dd7ddc04e1b6c2c614352b383efe2d36,2018-04-19 02:30:47,29.90,11.15
e2ea1c8dd335be5a191a54a8de85770e,1,08f457ff8eec8dfffecc0489179e7db5,6860153b69cc696d5dcfe1cdaaafcf62,2018-08-17 19:15:20,48.97,17.47
e317f41180b8a6fa3ce86b6fba6ac3fa,1,a8075470f960215ffb67624782f80fec,ff063b022a9a0aab91bad2c9088760b7,2018-06-29 03:31:47,119.00,39.27
e31b902db540d867cf64c82630abfc61,1,5fc604f5f76a23b94565f06a830fa835,cee48807215b30a12ca2ca10ffb5f250,2017-11-14 20:46:06,111.90,15.53
e327b0b5a08cf398b21ebfd6a36b38c8,1,31b8c37adb9572ed34757d9368d987ac,6560211a19b47992c3666cc44a7e94c0,2018-08-10 16:45:16,49.00,7.60
e33f532fabfd63c8b0e637d99e3dfdbc,1,9c5c6989f78912e5eca376eb0eda483f,2e1c9f22be269ef4643f826c9e650a52,2017-12-29 12:54:36,89.99,11.83
e357bd17c927530e59b1740987b906d9,1,98190f6a2c3253d07ca86525bb238162,dbd66278cbfe1aa1000f90a217ca4695,2018-05-14 19:31:32,72.00,32.43
e3618dffd8f8f787a12ad38ce9b342b3,1,72bb19eb8886399d5a46785146792ba7,138dbe45fc62f1e244378131a6801526,2018-06-18 02:30:41,15.90,18.23
e368cd7fd76b9318bc4896345d71719a,1,783a97ea28395836f81271904a858b3c,0afccdb8a34ee5c79f7c06faf2b4d56e,2017-11-24 02:50:24,39.90,15.10
e37400ea2216206cb88f2d8c87b4aa35,1,f71973c922ccaab05514a36a8bc741b8,5dceca129747e92ff8ef7a997dc4f8ca,2017-08-28 21:15:25,108.90,56.04
e39fd2e5443413710adca912ade28b4a,1,7340a3839a1de1e99d149b8cf052a2ec,4a3ca9315b744ce9f8e9374361493884,2017-09-14 19:23:28,69.90,16.25
e3c654307c9b3b9988c35371c5bbf738,1,99e022fa8fd0641f13dea6d16ef46afc,cb5df0dcb9e280b1780e9d589889f2c7,2017-04-25 03:55:32,209.99,42.31
e3cb83718e69525d753588e2975be0f7,1,3a8320b027e8c8359d0a326844bc03e1,39c763cca83e654764b7a4a650fb9b7c,2017-11-28 17:29:24,129.00,21.30
e3ece21d7c72cb7ccac97cf62de62891,1,6fd3ed85c5487d221849813b3552aae5,1b8b75e227c9a9c100d0c210fb6176ce,2017-10-26 02:28:14,129.99,17.16
e3ecf67f9ab4a010b9ca17cc8df843bf,1,ee0c1cf2fbeae95205b4aa506f1469f0,cc419e0650a3c5ba77189a1882b7556a,2017-12-18 18:33:30,53.99,15.13
e3f6de94179bede8675ff97d0f3f3245,1,656e0eca68dcecf6a31b8ececfabe3e8,8e6d7754bc7e0f22c96d255ebda59eba,2018-03-27 02:55:53,89.80,7.97
e40632c1a86bf79342051a1ed16149c3,1,96717b4e4fba4d6fa1c3d179482afbe7,8b321bb669392f5163d04c59e235e066,2018-04-19 18:31:12,9.00,18.23
e417011226af2bd3a4a21d51b2818e36,1,d7d5562fce331ad958ca6f57057b3526,7a67c85e85bb2ce8582c35f2203ad736,2017-08-09 18:05:49,59.99,17.67
e43a8e7bb3db31ab15c10dfc9ef4e419,1,6a7410f88fe57e3fd4e353cfc04e7b31,7aa4334be125fcdd2ba64b3180029f14,2017-09-20 00:30:18,56.00,13.41
e4612c20fad84db70d164d5278c01d4d,1,dfb97c88e066dc22165f31648efe1312,8581055ce74af1daba164fdbd55a40de,2017-05-12 09:42:20,139.00,30.01
e48949fd6c2be8f0fa6dd91af8f0f50e,1,0bf1dea484fbb8cdfa09e2767ce30574,8160255418d5aaa7dbdc9f4c64ebda44,2018-07-23 20:10:19,139.99,20.17
e4ace38893f7d4e22939778dd93b3dee,1,d839020632ed3855518bd5e9a36fc1ec,f214d28e8d8e3ef068748498ccc2f813,2018-08-22 03:15:27,29.99,12.87
e4b86afb67e591d71050d108a2672dbb,1,e573d90224029758a6430e5c3e9beeb2,36a968b544695394e4e9d7572688598f,2017-10-06 02:50:39,63.90,11.95
e4be13e2fd66a70ce8fb95ce428a8709,1,a337a861d9d1f1156c9d5d020618b2cb,cab85505710c7cb9b720bceb52b01cee,2018-05-02 09:10:28,49.90,22.85
e4ccaabafa125b3b39a9331b0abced9d,1,c351fada6ffa67ee3876b1cc568a90b0,d4f91e8be86b38da2ee35bc489645a9d,2016-10-12 10:54:32,49.99,11.17
e4dedbcf41b39d53b8ac735d22ce670c,1,0aabfb375647d9738ad0f7b4ea3653b1,37515688008a7a40ac93e3b2e4ab203f,2017-10-19 19:33:51,19.90,11.85
e4e7f051862316f8ef1e82166c55cdea,1,5389fd6d9241465b2100e105b1519ac3,d57e18d5f73c7ccb7f7339b61166898d,2018-03-08 17:10:41,90.90,22.96
e4e95d2b1c7eb000eefef2efea68ef15,1,ee0c1cf2fbeae95205b4aa506f1469f0,cc419e0650a3c5ba77189a1882b7556a,2018-02-12 01:10:45,53.99,15.13
e4eefb7df8e2eb496136dd767d0bf1f0,1,656e0eca68dcecf6a31b8ececfabe3e8,8e6d7754bc7e0f22c96d255ebda59eba,2018-03-29 16:30:46,89.80,18.51
e5220ef7f976cab4427f16a5e1d6c29c,1,3fbc0ef745950c7932d5f2a446189725,06a2c3af7b3aee5d69171b0e14f0ee87,2018-05-07 09:57:05,64.99,27.51
e53a8a6728d3ba5c3662929455d7a6d3,1,8f7ba3a21866ed0cf0233dd71fa0da72,0b90b6df587eb83608a64ea8b390cf07,2018-08-28 02:50:29,58.00,18.51
e5417e5e64916eebb4159888b02469c1,1,73bcea88583002fe12b7399af4ae60da,4869f7a5dfa277a7dca6462dcf3b52b2,2018-08-07 16:55:21,115.90,18.91
e55650ed198645300501994955043aef,1,ab1f9387c0627dd24000bfbc54fdeee0,8b321bb669392f5163d04c59e235e066,2018-05-01 21:13:00,12.25,17.06
e573bcbd71e063eb151e44500cd89360,1,cd48f265a63e13b762601f5f794c5fca,e9779976487b77c6d4ac45f75ec7afe9,2018-03-13 14:09:09,47.49,13.71
e5bc6c7594c02f53761ea092c5c9af1d,1,e7d5464b94c9a5963f7c686fc80145ad,58f1a6197ed863543e0136bdedb3fce2,2018-07-25 15:45:16,139.00,22.90
e5d931ebd7214cd492fff71fb6a2aeff,1,1b947042ada4bafeaeb8714e1584d5b1,31344c16881c08a8a72c6d2eb29918c1,2018-05-22 03:15:21,189.90,32.80
e6010bcb1cb9ceb44fdb0f15f817e25f,1,c784a651cf319526cc7cf854f83cb941,3d871de0142ce09b7081e2b9d1733cb1,2018-08-08 04:24:03,49.00,14.65
e601f404ef484e156f2242dc5ebd5554,1,9ecadb84c81da840dbf3564378b586e9,1025f0e2d44d7041d6cf58b6550e0bfa,2017-12-01 19:16:33,32.99,15.11
e601f404ef484e156f2242dc5ebd5554,2,9ecadb84c81da840dbf3564378b586e9,1025f0e2d44d7041d6cf58b6550e0bfa,2017-12-01 19:16:33,32.99,15.11
e601f404ef484e156f2242dc5ebd5554,3,9ecadb84c81da840dbf3564378b586e9,1025f0e2d44d7041d6cf58b6550e0bfa,2017-12-01 19:16:33,32.99,15.11
e61eef70c6a825396525e3f3d9a82ec9,1,952a2fb95f913c10c33c1e509c7b8d9a,daeb5653dd96c1b11860f72209795012,2018-06-20 18:21:32,10.90,7.71
e6572de73e295b8613a4716a3a1f15d6,1,52b4432d5f2efc197d3e792329b38cec,05a940b4ecae36cadfd8e93bd9c43257,2018-02-26 16:27:25,43.90,21.15
e65ed79c46c63118f16efacfca85f06f,1,c2a1ff8408a1c857c8730e4d12da714e,95e03ca3d4146e4011985981aeb959b9,2017-05-25 17:55:11,69.90,14.24
e661124f7936eccc5d961f2dd754f865,1,408dc0e1523c3915352e552a1a23c663,5c6d4016c2a288f074fa0848a2b653d2,2018-08-09 14:15:08,109.80,9.52
e66871adf6309bd5dfab0e92fc591487,1,e4ad97ce352e46bebac92018f6ed976d,3d871de0142ce09b7081e2b9d1733cb1,2018-01-23 14:10:32,89.00,17.87
e68012ad88e7d6ba2e95112045faf3e3,1,41cd333a4af5e36df81fc0b83ccf8e2d,5dceca129747e92ff8ef7a997dc4f8ca,2017-10-24 03:07:05,388.00,23.21
e6973efb7531da53045bc278f46665f8,1,f81a1edab43cbf08299503316612bacf,8581055ce74af1daba164fdbd55a40de,2017-12-04 16:18:36,226.95,18.32
e6a667b8b4e8787c667b00724e884177,1,e870001ffe8a98a3318c48957bd271ca,b3e2faf2c1004d674f16a3aa3197f0e1,2017-05-17 04:05:23,24.49,11.85
e6a8d767ed8be35e855fb51421587360,1,ebfe7a4ca40dd34375e373405a114c32,688756f717c462a206ad854c5027a64a,2018-07-10 00:30:31,51.00,19.27
e6ab8245f96b5c84ade5edfb8e0c2753,1,1cc61b32763a4d816212b3507b6b6c59,527801b552d0077ffd170872eb49683b,2018-05-14 04:54:35,524.90,17.76
e6ababa4e7ccd58b8bc7282d6bbd66e0,1,a8075470f960215ffb67624782f80fec,ff063b022a9a0aab91bad2c9088760b7,2018-06-12 16:10:07,99.00,26.77
e6af9b3f52266ed3aee09ff6bb028afc,1,75a320dd19d196149ee1514926d97bff,70f84699be677ec988d1fa824aef7d90,2018-04-16 13:50:52,299.90,29.16
e6bed0846d5d268bf1ebcf66eab19a42,1,03d10117bf5dbd1e4f194566be73de5a,4a3ca9315b744ce9f8e9374361493884,2018-03-19 22:30:37,165.90,31.81
e6bed0846d5d268bf1ebcf66eab19a42,2,03d10117bf5dbd1e4f194566be73de5a,4a3ca9315b744ce9f8e9374361493884,2018-03-19 22:30:37,165.90,31.81
e6bed0846d5d268bf1ebcf66eab19a42,3,03d10117bf5dbd1e4f194566be73de5a,4a3ca9315b744ce9f8e9374361493884,2018-03-19 22:30:37,165.90,31.81
e710c7377f2f29b3d369420d354b5abb,1,86f2416d4670e4ea3ca5494d043d9f24,7c67e1448b00f6e969d365cea6b010ab,2017-08-14 16:55:12,159.94,33.51
e72511587872c5769d43aeda089b28ca,1,461f43be3bdf8844e65b62d9ac2c7a5a,b33e7c55446eabf8fe1a42d037ac7d6d,2017-12-05 11:30:25,129.00,15.57
e73c4ecd46f3549fd9ebcdfab800cd28,1,2511e504fd7794c668a8521aabe3713d,da8622b14eb17ae2831f4ac5b9dab84a,2017-02-20 17:37:11,159.90,21.20
e756c16a8426f61eb4298bd6f590556b,1,32459442f3b850918e20febc47c9edfb,1430239a858e7682bbc43b20758af153,2018-04-08 23:47:53,39.90,15.23
e756c16a8426f61eb4298bd6f590556b,2,1a1607ff3b9bced214efc0a8cdfb2510,1430239a858e7682bbc43b20758af153,2018-04-08 23:47:53,39.90,15.23
e762633655ca1d869d2036864e96fb6f,1,3a362c0e7f9a69276e2d95869a3e143b,c70c1b0d8ca86052f45a432a38b73958,2018-08-09 22:55:17,110.32,8.03
e7a494d4b7aa999d59f8f2e6809a5270,1,1aafc94a341ff202817c81cd5e66e522,f789d2c4f2c2eb38fc4373e7a4b35264,2017-06-13 15:55:17,59.99,15.24
e7b463065498659c48a3b2ac3b1cc6b0,1,33fca9d59532dd4c191217a979346ab9,26d8a1c7c75d513045798992ead43aa2,2018-03-21 22:28:16,229.99,21.69
e7cae8a5597c537df32f554f5b938de1,1,9298a9128d39e1ff0dc62e143e8bd328,41b39e28db005d9731d9d485a83b4c38,2017-12-04 02:58:36,84.90,7.85
e8051e65754422caf457412193df751d,1,306dcbc0bb646b50b3d86c6803558347,b6d44737c043328708f6749c2dbe50bd,2018-03-15 17:31:12,39.90,11.15
e821c71ba6efed0813bbc0a01a95f24d,1,f9259c9e7c0f12c70f7a81409680a5ff,c68fb906c8f4b4b946d8386bfa6e5467,2017-12-20 21:16:21,107.63,18.00
e8253edb8afd8c06fed540435eac942d,1,1b770da1c339c216e545d69ee2965da1,c70a353f02429c00775a46a75fb787da,2018-07-25 02:42:34,44.90,15.41
e86118c5fd6d905b7346a83baca017e2,1,fa381a4a9af65ea5fc8f3829214045f9,70eea00b476a314817cefde4aad4f89a,2018-03-16 17:49:23,269.90,35.43
e86938345405d046452bd662085b127b,1,84d0e98e468edffdfe4f1f5b178d4ecc,c3867b4666c7d76867627c2f7fb22e21,2017-11-17 15:30:38,104.00,31.48
e87fe257e39252f5ed241bcb6222d2f7,1,5e2ba75ad255ff60b1c76c5bf526ae9b,f84a00e60c73a49e7e851c9bdca3a5bb,2017-07-20 13:45:18,69.90,14.24
e885d4ac4244bd62acf41453b5684377,1,fca62108387e25005784da2f551466a1,31344c16881c08a8a72c6d2eb29918c1,2018-02-01 17:03:34,249.90,41.53
e8c74b2f4746d1c6048aa585a61c87ec,1,7c1bd920dbdf22470b68bde975dd3ccf,cc419e0650a3c5ba77189a1882b7556a,2018-04-30 03:32:04,58.99,16.73
e8e55eaa809f3091cc5060cc53735660,1,7edd6cf84eed8d7a3b63543734fb1249,447d377bdb757058acb569025ee18a93,2018-02-08 19:31:18,64.99,18.02
e92900da13e75122f18f3694fd9e0230,1,62d41a80c366aa2d8644e3270adf8440,25c5c91f63607446a97b143d2d535d31,2018-02-28 02:30:52,275.00,30.97
e929082d2d58e7c69ca9d06715ef551f,1,11dcc970f7a5581e1bf777b6da3f7096,06579cb253ecd5a3a12a9e6eb6bf8f47,2017-09-27 16:56:07,68.90,18.00
e938a90514cd29b81f7e88eb8c918d12,1,9f7b48e2d4e4d7375f71a10791faa1b8,259f7b5e6e482c230e5bfaa670b6bb8f,2017-12-13 22:54:21,59.90,22.29
e9525d74abc05d22ffa3059164adb967,1,80a28a92c0530e6838d3f35cae419d34,dd7ddc04e1b6c2c614352b383efe2d36,2018-07-18 23:51:27,199.90,62.27
e95de39b06926e7e123cb18e3a99dbf7,1,e5ea77a1575b40961598bca64f081976,4a3ca9315b744ce9f8e9374361493884,2017-11-30 07:32:24,109.90,13.79
e98379ee17e55f764423de1d693daf42,1,aedeeed7f1b4f0f8be40518d70991770,8b321bb669392f5163d04c59e235e066,2018-02-05 11:15:31,12.90,7.78
e9cd104dfc8837e084c067292c013b0a,1,0a6cf067b01351046739940c8cb7f60f,25e6ffe976bd75618accfe16cefcbd0d,2017-01-30 21:33:43,36.75,10.96
e9d424615d8805614e254bf5c170bef8,1,f1c7f353075ce59d8a6f3cf58f419c9c,37be5a7c751166fbc5f8ccba4119e043,2017-07-13 21:43:26,205.00,22.27
e9dc230425f2e6480a1ff929cd2582d5,1,44e64a128c258ce579cca498e05b614a,c3867b4666c7d76867627c2f7fb22e21,2018-03-02 15:27:26,193.00,18.60
e9e64a17afa9653aacf2616d94c005b8,1,0a57f7d2c983bcf8188589a5fea4a8da,4342d4b2ba6b161468c63a7e7cfce593,2018-01-19 07:18:05,129.90,14.66
e9e9b31ec2faa5bb868dc5fa0c66b0bd,1,11fb16e86df4d50cd2c289ede0b70f42,1eade46fba20122dc4aefb379f8c636b,2018-01-25 02:37:54,14.99,7.78
e9f01d29281098ee776a7954eae03dda,1,3a4c258c71b027dfe480fdb608e2d9a1,7142540dd4c91e2237acb7e911c4eba2,2017-08-28 15:55:18,84.90,17.84
e9ff655634db2dac0d2c18cd8fc57869,1,fdf37ff6a4ff39ac973343a01c1f91ef,edb1ef5e36e0c8cd84eb3c9b003e486d,2018-08-08 11:30:21,195.65,14.58
ea2d31e30ceb1d603ab8db32ab4404dc,1,15fdd6032f35d4add5066fb90be28630,6560211a19b47992c3666cc44a7e94c0,2017-03-10 14:03:39,89.00,8.99
ea2f9e46eaf5311b2a097a65699bac5c,1,53b36df67ebb7c41585e8d54d6772e08,4869f7a5dfa277a7dca6462dcf3b52b2,2017-12-05 20:09:58,133.00,16.56
ea3da9210148306e5b1bbb843c19e65f,1,196c1cb4773764eca858159261a90f35,620c87c171fb2a6dd6e8bb4dec959fc6,2018-03-01 02:29:00,319.90,16.99
ea3f7480344322038931bca4a6e6f858,1,869335bdf5f8389362b55e97c83ea1ef,b499c00f28f4b7069ff6550af8c1348a,2017-10-04 03:05:23,99.99,25.54
ea5a4621227b0158f41da12e948e6267,1,d272d0921188b0bd91542d704b21404e,8b321bb669392f5163d04c59e235e066,2018-01-17 19:31:07,11.55,7.78
ea5b2c0d002d415e1c5e7d7f39c831f5,1,e89672a9d3b43c622e5301b36eb87cda,8160255418d5aaa7dbdc9f4c64ebda44,2017-12-14 19:52:13,289.90,41.26
ea5b2c0d002d415e1c5e7d7f39c831f5,2,3c95f0e78d88cdfb8af7f72dd586a4a0,a3e9a2c700480d9bb01fba070ba80a0e,2017-12-14 19:52:13,75.00,41.26
ea7835f19dc6af291955d6e270d443f4,1,eed5cbd74fac3bd79b7c7ec95fa7507d,5d378b73ab7dd6f0418d743e5dcb0bd1,2017-11-06 10:07:43,1989.00,77.34
ea974c111a2a711f43305d2968ffa86e,1,2b4609f8948be18874494203496bc318,cc419e0650a3c5ba77189a1882b7556a,2018-03-04 23:47:52,89.99,9.44
eae46740151daff6420b7acc4a9348f9,1,cd48f265a63e13b762601f5f794c5fca,e9779976487b77c6d4ac45f75ec7afe9,2018-01-10 22:50:34,57.49,16.16
eb07db9884e44e51d9f3f7e6ef2715d9,1,6c50c87e36d8641d67fbcceed5cfec5e,6560211a19b47992c3666cc44a7e94c0,2018-08-27 12:05:51,55.00,15.49
eb45ce36240dbf895bef98be0d1a85d3,1,54c31c4585d30843421c7ea07d80f84e,897060da8b9a21f655304d50fd935913,2016-10-12 09:30:22,32.50,20.80
eb4b336bd21e49c74c82949c6cc43ec6,1,57e089e3103f5cda6a4ce23b77399bdb,aafe36600ce604f205b86b5084d3d767,2018-04-05 20:08:24,47.90,18.28
eb504f547e9f4d8c739ddcf0d8efc9a7,1,f5bb0eef3914b07a9dea355a6a3069da,ef506c96320abeedfb894c34db06f478,2017-07-17 03:50:34,25.99,15.10
eb7ac481803eb5bc5b7cfe431a03d39a,1,2136c70bbe723d338fab53da3c03e6dc,6560211a19b47992c3666cc44a7e94c0,2017-09-19 21:55:11,29.00,7.78
eba48e9c6c31015f8245d729d81b9f34,1,7b32b1b87594b60dced8abb4531d2986,c9c7905cffc4ef9ff9f113554423e671,2018-08-09 11:45:24,119.99,37.75
ebb2e4c3a4ed0d36a88cb8656e6a113d,1,cfebc59cb2b67aa6a8c005c53c875616,41b39e28db005d9731d9d485a83b4c38,2018-01-04 02:22:12,184.90,41.28
ebfb1b4991e29d9c1ed373ee9aac10ac,1,e4ad97ce352e46bebac92018f6ed976d,3d871de0142ce09b7081e2b9d1733cb1,2017-12-04 14:20:07,79.00,29.90
ebfb1b4991e29d9c1ed373ee9aac10ac,2,65400edfb5c91587f723f62138cbc40a,3d871de0142ce09b7081e2b9d1733cb1,2017-12-04 14:20:07,45.00,2.99
ebfd75154f8fdbc98038250a80a41875,1,cb43c6e1c451902b51f4f4ff512302df,582d4f8675b945722eda7c0cb61ba4c7,2017-05-07 22:32:53,45.49,10.96
ebfd84fa76eb56fdefe0b656500fac4d,1,f0b543161e745b6c80a79c368db167a5,ea8482cd71df3c1969d7b9473ff13abc,2018-03-29 02:15:48,21.99,15.23
ec0fa04fd1dffd9f00f92312214d7eac,1,54e5939fcd9ae70ad0f59f612d6d29bd,48436dade18ac8b2bce089ec2a041202,2017-09-28 02:30:39,42.90,16.11
ec0fa4ef7da067eb3a57abd8fc504352,1,473795a355d29305c3ea6b156833adf5,620c87c171fb2a6dd6e8bb4dec959fc6,2017-02-06 08:38:44,59.90,14.59
ec0fa4ef7da067eb3a57abd8fc504352,2,473795a355d29305c3ea6b156833adf5,620c87c171fb2a6dd6e8bb4dec959fc6,2017-02-06 08:38:44,59.90,14.59
ec1ecce6ed2f4a351a045a8de255e3af,1,35afc973633aaeb6b877ff57b2793310,4a3ca9315b744ce9f8e9374361493884,2017-09-21 10:10:20,89.90,14.95
ec1ecce6ed2f4a351a045a8de255e3af,2,99a4788cb24856965c36a24e339b6058,4a3ca9315b744ce9f8e9374361493884,2017-09-21 10:10:20,89.90,14.96
ec323db17a13fc07c4b07f0f7f86986d,1,555b27dfb2ed94d001c28e5624dd6961,004c9cd9d87a3c30c522c48c4fc07416,2017-12-18 18:10:42,82.99,28.98
ec61362ddd74b12ee8f72f43752044f8,1,e9194103b1566094214eafb456b976c8,0df3984f9dfb3d49ac6366acbd3bbb85,2018-01-25 07:35:06,129.90,8.49
ec6c53fc2c05b76708b23286ba2d9357,1,afeeea6271148ee1bb15173b8187c431,53243585a1d6dc2643021fd1853d8905,2018-08-02 16:10:12,219.00,10.04
ec7fe8ab2dc8752a229cd9a28a91bc57,1,131701f2c91073ddf0ca954ced4f55ea,cca3071e3e9bb7d12640c9fbe2301306,2017-05-17 16:45:15,19.90,15.10
ec7fe8ab2dc8752a229cd9a28a91bc57,2,131701f2c91073ddf0ca954ced4f55ea,cca3071e3e9bb7d12640c9fbe2301306,2017-05-17 16:45:15,19.90,15.10
ec88157ad03aa203c3fdfe7bace5ab6b,1,165f86fe8b799a708a20ee4ba125c289,7ddcbb64b5bc1ef36ca8c151f6ec77df,2017-12-21 13:13:11,166.99,15.92
ec91a58a83b62633311320a62097c129,1,ac715f2fe6957acf9bff43ab3cedde0b,0ef83d7d83ed97cd2a0049ac8be5f88a,2018-08-20 18:31:46,49.00,16.53
ecc8938463a0c1e33dc2b5d4e1139146,1,47f7586890e8c177d7ec5ba18ecf5587,87d3c3aeb3ead335511b3ce315eb341e,2018-06-24 23:57:03,25.99,16.37
ecd6e336e4e791c637319f60de98bef2,1,fcf6ad274391aea29f5d6e5ef9da5050,5cf13accae3222c70a9cac40818ae839,2018-05-10 17:10:15,89.70,18.51
ecfdcaa1a2dacb4e5297d8251b115002,1,f9e5efb845b51d764b06f149eb99fc7f,b92e3c8f9738272ff7c59e111e108d7c,2017-01-21 22:26:00,59.90,24.62
ed0094f95927e35ebb97a275ed02d046,1,fa1016994ec2803636ffb1018e33cf5b,a6fe7de3d16f6149ffe280349a8535a0,2017-09-26 00:46:45,59.90,11.92
ed18204b2bef82c1eeb3f13852c9dbdf,1,0678913581818c6056713a9b02f5ceef,17908cf9b444ee34047cadd5c0f4a516,2017-11-06 09:35:16,110.00,36.09
ed290fabcd8f57622249dcd888cb4ba5,1,e494f26669f3b5feca72555de4733bed,54065e9aef7e9e9c2dc23b7594db021a,2017-04-03 13:03:27,300.00,19.53
ed618f64e1dcd86615595645269fc0f2,1,25a1c5b2e0ccbf703cb7b69ffebfaf38,56642bcb79900e777d68e91915cb4267,2017-02-16 21:47:21,48.00,15.56
ed6fa5e51bb096344440db276aedc37b,1,42f25a7251d847a86c1849731bf166ff,7178f9f4dd81dcef02f62acdf8151e01,2017-12-06 03:33:25,179.00,18.82
ed8e9faf1b75f43ee027103957135663,1,bdeb69e094c42de582310fffad126d77,6a8b085f816a1f75f92dbac6eb545f8f,2017-12-07 04:39:05,73.80,12.02
ed95597d2fd96ad370b62bbfc4b6127b,1,3c5ff6cfedc787b5fcef300fc43100c0,6338ea67c41078a46ad99cc009654956,2017-03-27 15:16:17,31.99,16.05
ed970e1789fefbbd3700b0c5e84b45f3,1,7686fe49c98ae1c537b5cc51992f5d20,9d5a9018aee56acb367ba9c3f05d1d6a,2017-08-09 13:50:23,166.33,34.96
ed9ddf13b205161d8ca32de15a50a5c7,1,6f33a4a09ae1180a0ee1ff4682b2d21f,725c32fa80c2faacc4fc88450d27314e,2017-12-11 04:17:40,139.99,15.74
ed9e33c926c94cc5cc50a68696119dea,1,af56e0203193f066ed64cbbbbf95ae6a,ef990a83bbea832f36ebe81376335aa8,2018-01-18 02:34:29,99.90,15.46
edcfddeb9be8cad09b23188aec1f3fc0,1,f731f8587d4088c174397e010cf892a9,cc419e0650a3c5ba77189a1882b7556a,2018-04-03 15:05:19,54.99,12.82
eddc2675550fd30e8c067b3fdd08ad60,1,6e835aea84ae8eb68b8c14878dd43b30,4d6d651bd7684af3fffabd5f08d12e5a,2017-11-24 03:06:44,69.90,16.12
eddcd0974bcd773f5734decebf0225a4,1,4b04a764c875af7101955fbcd3989b7e,834f8533b2ecb6598dd004ff3de7203a,2018-08-02 14:25:10,112.80,16.09
ee24dc874cf2cb44acd098173b7ff240,1,3a190a87d4cb405372538cabe41788a6,8d956fec2e4337affcb520f56fd8cbfd,2018-07-13 12:06:18,28.99,22.92
ee2bcc3fca40f8992903209e91a6e19d,1,5bec1db1c3f053e422f33b7d8f23adfe,ea566164622c6b439516ab18062c42cd,2018-03-15 11:10:30,309.00,21.13
ee3e4667c7774f7a6b61e1990ec78cf4,1,57d79905de06d8897872c551bfd09358,ea8482cd71df3c1969d7b9473ff13abc,2018-01-15 15:39:34,41.99,7.78
ee43fa4abdcd5f9e2c4ab7f972628c3d,1,bb77135946e78428a7a5634a46113a22,95f83f51203c626648c875dd41874c7f,2018-07-13 11:50:15,29.99,19.40
ee491eb103d02acce80f7c5950def51d,1,dd6a505f83dd3c6326aa9856519e0978,fa40cc5b934574b62717c68f3d678b6d,2017-10-13 18:35:22,49.90,14.10
ee583b507900d107ab6b06567c758504,1,41c24b8ce92d1a2cac62db5edfd088b2,4869f7a5dfa277a7dca6462dcf3b52b2,2018-06-15 18:17:51,102.90,13.16
ee74d6d02ebb3a2ec7b9038dbb0748e8,1,50f5f13adab483598dfb6a40afaf70b6,e21a1e8be4715b0fcfd5385643bc49c4,2017-08-15 12:34:56,19.90,42.38
ee7f4e0a5223e51719a98941129bbc24,1,a695ab8413ea83619cde9b18292d6aa1,1da366cade6d8276e7d8beea7af5d4bf,2017-02-13 14:18:34,20.99,14.52
ee9c09afa667c1baabeefdf51f66148e,1,fc9f1b7e877d87c6e78cc32686a73a27,cce6ab8d1682639fe45ab70234f1665f,2017-07-05 11:15:14,34.90,18.59
ee9ca989fc93ba09a6eddc250ce01742,1,777d2e438a1b645f3aec9bd57e92672c,4a3ca9315b744ce9f8e9374361493884,2017-05-18 16:35:21,69.90,12.83
eeae538503aa251c060d45ea2ef3fefa,1,53b7965906cf23c063da1ff89f50a257,602044f2c16190c2c6e45eb35c2e21cb,2018-06-25 22:18:46,53.00,19.56
eeb17181fc1852d99c92171ac3efd4e6,1,617186c3d97ea56c9c683a8a3974e8c1,cc419e0650a3c5ba77189a1882b7556a,2018-04-10 20:35:31,79.99,18.17
eed6f74a190f23b5a8ac54a8b86aa79d,1,7be620cd314ce6460033ba9017be7a7f,7aa4334be125fcdd2ba64b3180029f14,2017-10-18 13:26:33,41.80,13.37
eef2a734891eb6818c0c74bce088a982,1,368c6c730842d78016ad823897a372db,1f50f920176fa81dab994f9023523100,2018-05-10 02:51:34,53.90,16.07
eef2a734891eb6818c0c74bce088a982,2,368c6c730842d78016ad823897a372db,1f50f920176fa81dab994f9023523100,2018-05-10 02:51:34,53.90,16.07
ef09e0c5ee546ca303e96e3fe4c0c435,1,7180e36c30b2c9aaef70caabf4e8edea,0be8ff43f22e456b4e0371b2245e4d01,2018-03-14 21:35:31,299.90,20.99
ef18f5dcc7b8a44cbdb1a14de4164bd1,1,4535b0e1091c278dfd193e5a1d63b39f,ba143b05f0110f0dc71ad71b4466ce92,2018-07-10 11:31:24,53.99,9.13
ef1cba939b3e4639c534c42c2617fa9c,1,5d92abea542c2022dfee91dd630f2697,0c8380b62e38e8a1e6adbeba7eb9688c,2017-02-08 15:51:22,129.90,13.49
ef1d282a121e2bee046bbab7f9f88331,1,9f9a54558f0c3453b36512b59a4be85b,50c9975695009e5e6473912e83a6d1da,2018-03-01 17:30:29,4.50,17.60
ef1d282a121e2bee046bbab7f9f88331,2,9f9a54558f0c3453b36512b59a4be85b,50c9975695009e5e6473912e83a6d1da,2018-03-01 17:30:29,4.50,17.60
ef303518c213c484b45e3cd59f745bbd,1,07bcd890d449e493b4ec23d05a9e40ee,bd15ee794d5e640d9dd71b665b2ab15b,2018-06-25 20:16:32,30.90,19.41
ef3b2daac9052922ef4f38c5e552393f,1,84a415b540127f35a8c3be2a73428cfb,f8f35af4634605e6693c17cc3ffff5a8,2017-11-17 18:15:30,90.00,16.39
ef42ca96b36e758b3da05888aa8ad723,1,c31aeb5af287a26d96b971c4cca17ece,c70c1b0d8ca86052f45a432a38b73958,2018-04-26 22:31:45,110.32,7.83
ef782bb4dc72950173bc2fd3dd651433,1,fd0c762860528d119344e1377b574fc5,4371b634e0efc0e22b09b52907d9d469,2018-01-29 03:52:29,50.00,7.78
ef813fad9b922ac63fe19839a24d9aa0,1,146eb6d2e5e311d926d672b5b25d3f4a,392e0502231ae2f8b29994ef6398cd77,2017-05-09 14:25:58,119.00,15.94
ef8ad84adcf1d4c437f165f437e238f6,1,b3a1e177812466b5c1c71b314ee2ee31,2d42ebcda99fd55f6f4bc2f1ca035d50,2018-08-07 22:25:12,85.50,38.87
efa4b51113fdedfdef6dee22876271ca,1,404a57563d487aecbc2b1a01d9b89aab,4a3ca9315b744ce9f8e9374361493884,2018-01-18 14:37:16,220.00,26.38
efb4de6556b343a36237a04683bbbb06,1,68a058d125ba1544e726898f0b8c0523,7c67e1448b00f6e969d365cea6b010ab,2018-03-30 19:51:02,119.99,40.23
efdaf1dc3d38b68061394b681ca45ff8,1,ba9f160a6ae1c23f25d690fd06fe4fd8,ac3508719a1d8f5b7614b798f70af136,2017-07-27 18:45:15,109.90,59.94
efe5bb701ff507ffa4736a7c07be50d2,1,a069fc741ff92fd8af8270a66f35fcbd,1554a68530182680ad5c8b042c3ab563,2017-03-28 12:27:15,179.99,32.29
effbced821ab774c03bd43060822065f,1,573722511f4fc28539f3d8810a50ea1c,77530e9772f57a62c906e1c21538ab82,2017-06-12 13:35:28,49.00,14.10
effbced821ab774c03bd43060822065f,2,573722511f4fc28539f3d8810a50ea1c,77530e9772f57a62c906e1c21538ab82,2017-06-12 13:35:28,49.00,14.10
f001655c8c646cd1b5185bbc2e7534f3,1,b560b8ea76437c088ea9a83c49316fb5,82bd0703a4aefd6b599e5bfdaed378fb,2016-10-21 16:25:22,44.90,15.70
f002422b59aa21ebc2c12136d1ab4019,1,b74d57e3377dd78aace6d070fc48cc88,4a3ca9315b744ce9f8e9374361493884,2017-11-03 02:55:18,65.90,16.22
f014aa85d8f495d824d120e9035faacb,1,ac20a9614b6db9e7289b85c4f4b6216a,d91fb3b7d041e83b64a00a3edfb37e4f,2018-04-12 12:28:17,40.00,9.44
f0296e2322376fd2e7922b8deca72695,1,44a34214a57dc373dcd80f54c919d006,7008613ea464bad5cb9b83456e1e6a8f,2018-01-22 03:40:08,29.50,16.11
f03bbe221b9e5bae09eccab6a0c4120e,1,234d0c9586a851ff11033aedd13c1837,2dee2ce60de9709b1a24083217181a1f,2017-11-16 18:15:32,108.00,18.33
f061e8818fe8193a51388d6773625505,1,7fb04722aba7a2b632bac8f9819796f3,f3b80352b986ab4d1057a4b724be19d0,2018-07-11 02:35:16,90.00,57.40
f08964bf6d23a9bb805d8fb23de64a87,1,121b9686b9929855d823981fc655a6fe,c4fb51fb1c5b7c07bc5e67be6e7e8f6e,2018-04-19 13:31:42,57.00,27.47
f0a82a328fd64b2796242bbfddb7e1d4,1,3b3c3503539e7f917eb57a8d4bfa69f0,bfd27a966d91cfaafdb25d076585f0da,2017-10-13 18:35:26,359.00,19.83
f0bfdaee5a30958776a78ce4e83a674e,1,fb7a100ec8c7b34f60cec22b1a9a10e0,d98eec89afa3380e14463da2aabaea72,2017-12-18 12:48:54,49.99,9.09
f0c5bf0424d3e7459403f791bf76f03d,1,a869ec6209c361ca46dad85a5530e119,c3cfdc648177fdbbbb35635a37472c53,2017-04-25 15:55:19,165.90,25.29
f0d233590ac45e46128b3300aee30db9,1,cc5004d18b1b9d795cb5043c2d75f66c,1d139e3a3b14025640d8df1b230aace0,2017-11-23 18:50:37,29.01,19.59
f131e172fef158275f49417eabdda10d,1,5391609b73c1bd3aa36c88f5d954cb1c,d9a84e1403de8da0c3aa531d6d108ba6,2018-03-13 11:15:36,68.90,37.17
f14a9b375fa15329cc541a846cfb03fb,1,4fcb3d9a5f4871e8362dfedbdb02b064,8581055ce74af1daba164fdbd55a40de,2017-11-30 03:51:39,143.80,16.71
f14edad9e9d494755c49b2e0897de3b9,1,3dd2a17168ec895c781a9191c1e95ad7,de722cd6dad950a92b7d4f82673f8833,2018-03-08 02:51:16,149.90,36.37
f154c7c62bc53e3c7ed82713abb2c96c,1,89b121bee266dcd25688a1ba72eefb61,2eb70248d66e0e3ef83659f71b244378,2018-05-17 19:16:38,79.90,7.74
f16010e0add047ba483e2b3eefa7c60e,1,685919d3ededc26c0ec078b32241025a,855668e0971d4dfd7bef1b6a4133b41b,2018-01-25 08:15:43,52.00,17.61
f162c6cbd93bb5eebd520d6f654cf7cb,1,aaa31e14a24ce654af7f6f2061d1b7ed,272f092de69afedd4d2969440b37f18f,2017-09-19 03:36:12,39.90,21.15
f162c6cbd93bb5eebd520d6f654cf7cb,2,aaa31e14a24ce654af7f6f2061d1b7ed,272f092de69afedd4d2969440b37f18f,2017-09-19 03:36:12,39.90,21.15
f1b8509dee2f914e33ace8b9555a7e51,1,c777b9591e90c49e0745efb1051789ca,4d6d651bd7684af3fffabd5f08d12e5a,2018-01-30 09:00:55,249.90,16.50
f1beb4a73d643e796b824e6f680528f9,1,bf2ce842e3094204d338854ad96ba5ae,4a3ccda38b2129705f3fb522db62ca31,2017-09-22 13:35:13,436.90,16.08
f1c1c3cfd14f75b7475d7df0d341d99c,1,f74eb9bc847b5e5e906e5e214bb451b8,cca3071e3e9bb7d12640c9fbe2301306,2017-09-01 02:25:36,45.90,12.69
f1c5e5967b0cd0144bd3b56958f7da43,1,c72edc98e7d77f0c4c04ec80730c05f5,5b925e1d006e9476d738aa200751b73b,2017-11-30 05:35:43,79.00,11.76
f1ffa84db833c490ced2c3bc52b1b833,1,b8073c83c3cd7f305f4c9c52a5cc9b96,82921991ff5b557b045605b8bbf08d49,2018-08-09 19:50:14,18.90,18.23
f2076489cb09f9d0f11c6a524022fad8,1,610c673331ac3c4fa0f393ce5af9aa2e,8b321bb669392f5163d04c59e235e066,2018-01-17 20:30:46,13.65,14.10
f2125ad278ab03d4779ded7001337ee1,1,21e288a2a0d211749ff4b8f475b48557,c500367424994318b9e779ff1ae9a330,2017-12-18 16:53:45,279.90,21.45
f222fcfc65ff1398b47dc51ab30d8d60,1,310b40ec41fbfc061e5309006482e68a,527801b552d0077ffd170872eb49683b,2018-07-05 22:31:20,514.90,16.26
f2360b8c94f4bc5d80a4010d680ff61d,1,1613b819ab5dae53aead2dbb4ebdb378,16090f2ca825584b5a147ab24aa30c86,2018-04-19 02:15:33,27.90,18.23
f2371429f5b226299bc9410009b465b2,1,44fded21627553d1886d459384bbce06,8b321bb669392f5163d04c59e235e066,2018-05-07 05:54:52,15.00,18.23
f244841f5a461472de8de82f023b1371,1,68fd321167f27536e8c0b182d358f854,41b39e28db005d9731d9d485a83b4c38,2017-07-20 22:30:15,94.90,21.15
f2710c3e65b68cfc927a8aac6ecebe83,1,e95fb3a80ca294f39de925b6428f3a32,d2374cbcbb3ca4ab1086534108cc3ab7,2018-01-11 09:56:20,78.90,9.87
f2710c3e65b68cfc927a8aac6ecebe83,2,8c7fe240bfde64b6a20eec6fdb986b1b,d2374cbcbb3ca4ab1086534108cc3ab7,2018-01-11 09:56:20,68.90,21.94
f2710c3e65b68cfc927a8aac6ecebe83,3,e4c7ed7a832858c17d60ad5e38b00aba,d2374cbcbb3ca4ab1086534108cc3ab7,2018-01-11 09:56:20,72.90,6.58
f29b2ca058a4371e9c8baaae26e7e1a3,1,c82e581a3ec7e992cd06723b0caae96f,718539d38d07dd351c76db862760e2e2,2017-05-29 13:15:22,13.99,9.34
f29b2ca058a4371e9c8baaae26e7e1a3,2,c82e581a3ec7e992cd06723b0caae96f,718539d38d07dd351c76db862760e2e2,2017-05-29 13:15:22,13.99,9.34
f2c9428d2c7720cb4e9f2a9634673ce6,1,32aeecc02aa5adcb7f75155a80a47836,df56d7b40d437f88407c5f78b63bc328,2017-10-26 10:28:11,138.50,17.38
f2e62e5ce667ba626a17ef195d775796,1,de12bf624c66b90ad178ac441cbfbad6,7d76b645482be4a332374e8223836592,2018-05-18 16:31:09,19.90,18.23
f2f276797fe0c5bb220e8fceefd0220b,1,202bd859659a841de892b00c341300ff,6560211a19b47992c3666cc44a7e94c0,2017-05-31 10:22:56,35.00,15.10
f2f276797fe0c5bb220e8fceefd0220b,2,2c71438371b35f7ce3c2511d6b0927e7,6560211a19b47992c3666cc44a7e94c0,2017-05-31 10:22:56,29.00,15.10
f30d4b0d595c335bb07075291527f56a,1,a02d0123079f4ae96001ba2010d1a2df,1025f0e2d44d7041d6cf58b6550e0bfa,2018-06-11 18:30:57,230.00,34.47
f33c74a1f0e8455e000cb264ce877e84,1,0f840300fe45ba963a5d215b62e6f767,1caf283236cd69af44cbc09a0a1e7d32,2017-04-13 02:43:45,8.99,17.78
f34c3736b33b7d0c9eaaac33ac7b1ba5,1,1c42a107473d6b20db8ac7772b870e33,1900267e848ceeba8fa32d80c1a5f5a8,2018-05-29 14:14:23,78.99,26.63
f34c3736b33b7d0c9eaaac33ac7b1ba5,2,1c42a107473d6b20db8ac7772b870e33,1900267e848ceeba8fa32d80c1a5f5a8,2018-05-29 14:14:23,78.99,26.63
f35e931a720c89ba31489a6f86fbf985,1,f9c972fb058194f8e948a46e6c611ee1,851773c885feb5e2da3b4f82bc2b17ce,2018-05-17 15:15:26,99.90,14.79
f36d049775f796795ad32ae00310ee97,1,19421075ae0b585f2dc13ff149e2119d,4c2b230173bb36f9b240f2b8ac11786e,2018-06-13 04:12:29,49.90,7.39
f36e6ba50146eb8900cad146dd95e9e8,1,e0bb3159111d86828b5caef8725ff055,cd06602b43d8800bd0afad514919d35c,2017-04-18 01:25:28,101.00,13.29
f3ab2cdf3ea55d54d480a91a967bb501,1,57f2bc497c1a3ebe41ba7a06d78ed159,6560211a19b47992c3666cc44a7e94c0,2018-08-14 13:05:12,55.00,7.65
f3ae2fe3a1567acd0f43f0c75a07edd7,1,d285360f29ac7fd97640bf0baef03de0,2eb70248d66e0e3ef83659f71b244378,2018-07-25 17:05:14,155.97,16.19
f3b26a8dbd85e93a90ae813f6d67b2a0,1,7f2e92915d542ef574c7327977959a14,e49c26c3edfa46d227d5121a6b6e4d37,2017-11-30 17:10:38,89.90,27.17
f3f0bc4d599d1d5251f1b37cec7b407e,1,77f70ac9f5426624db4fb65c4f1195b8,fa1c13f2614d7b5c4749cbc52fecda94,2017-02-05 13:53:20,129.00,11.51
f3fdee8d27166359de2abe05ec16b351,1,53759a2ecddad2bb87a079a1f1519f73,1f50f920176fa81dab994f9023523100,2017-11-30 20:52:18,49.00,19.66
f400b5ccbb7d891e27f429355562d529,1,2de20adf2a0b53d046bdc80ab9f8cf89,cd68562d3f44870c08922d380acae552,2017-07-13 17:05:12,39.00,15.10
f406a7c4fc4512aa60c7240e3973597e,1,cec09725da5ed01471d9a505e7389d37,4d6d651bd7684af3fffabd5f08d12e5a,2017-07-13 14:23:36,69.90,16.12
f4501c0e013275ff49c4a0c3d16c50ee,1,8afee64dc809d5e833ae113a81774ddc,08061dc0fc165ed41288cc7acde738ee,2017-03-30 02:11:05,7.90,24.84
f45d4bc023494c0c4d9c67630a9d52fc,1,81e057ba50dab8e85df716fabefa2adb,b67d6c666e8dce1d078c882825e12704,2018-07-18 12:31:37,21.60,18.25
f46fb218fda36639dc39aa3025679a2b,1,c44343d9d6d3551e161f3c72bfcbfc3b,17ca9b9e9b9ef8fdb529001b49ebb50f,2018-06-05 20:50:41,149.97,17.02
f47a74b9a5df7793d947d2dce26234f9,1,a237de12bdf0bfe4fe220bae65a89731,6c7d50c24b3ccd2fd83b44d8bb34e073,2017-10-30 03:25:34,37.50,17.60
f489dacdbad0317b1ac5e2c190b3ed26,1,1eb4a9aee05c9cad041e09add2a26d68,dbc22125167c298ef99da25668e1011f,2017-11-20 11:50:41,47.90,16.11
f498aab8c4d72194623c6dcdb2561b3c,1,aba86c093ccdbac75b09111d57e50004,7c67e1448b00f6e969d365cea6b010ab,2017-07-21 18:50:15,116.60,28.18
f49cd89d6dad6dd5759ecf15dfe4bb19,1,18b0e642cbae7251e60a64aa07dd9eb9,85d9eb9ddc5d00ca9336a2219c97bb13,2018-03-07 03:31:41,31.90,15.10
f4a6242e6c5e57a7e2736e663352032a,1,ead3077a141a9c800d6a4bb9d0d415b6,b2479f944e1b90cf8a5de1bbfde284d6,2018-05-02 21:30:16,24.99,8.82
f4a954736e0e556f4caaf426f1028ce6,1,808190a48d18d09af357796e2b30d932,bacb1f0ed56ad24198f5810d2b3fe9a5,2017-05-19 17:35:15,164.90,21.64
f4c004e98b41b61d8b656fed541bbd99,1,9c21e4a14d74098b5d4e1126e706dc3a,ab91571efab27993ff2f6b36e38055c3,2018-07-31 17:35:17,25.56,7.44
f4cb34ec54f101a3e81f542b1a81eb00,1,9545d45c37449ccbc376de3a04c66e71,431af27f296bc6519d890aa5a05fdb11,2018-04-23 05:35:18,135.90,21.88
f4fdb235ce7c1f7d3eb1b2fdd3a4f610,1,158102fe543dbaeb84d87811bfe06d0d,002100f778ceb8431b7a1020ff7ab48f,2017-11-03 13:07:28,17.90,15.10
f4fdb235ce7c1f7d3eb1b2fdd3a4f610,2,414c53fa9c5cc4a0390682aeb2e25ec1,002100f778ceb8431b7a1020ff7ab48f,2017-11-03 13:07:28,17.90,15.10
f503bf4df121d79cc4907029e84dc441,1,a50acd33ba7a8da8e9db65094fa990a4,8581055ce74af1daba164fdbd55a40de,2017-07-18 02:24:25,117.30,14.43
f5086e98ae53a54d0c55845e227d7db6,1,00aa70fd749f3b9ce8ca4bc914a9e7b1,adcf50477d6a1f5d91bb9d54c4903cb5,2017-05-02 11:10:12,8.73,19.05
f5086e98ae53a54d0c55845e227d7db6,2,00aa70fd749f3b9ce8ca4bc914a9e7b1,adcf50477d6a1f5d91bb9d54c4903cb5,2017-05-02 11:10:12,8.73,19.05
f52ec1996d054ab03ddef4968ff41fa5,1,8aa87bc5f3053b4df2b05a2d3059790b,9aa388272ee334b6ae07bc73706e254a,2018-08-14 15:25:19,84.00,23.39
f53fa17609006c9c6669b5371ce08044,1,592ff96534d1910c18025cee34d5c8de,e9d99831abad74458942f21e16f33f92,2018-09-02 21:10:28,18.99,7.39
f5450c4188fb856ef71d0ccd3ecf673a,1,368c6c730842d78016ad823897a372db,1f50f920176fa81dab994f9023523100,2018-01-19 08:19:30,49.90,17.60
f55dcacbda42aa97458735683d9fbb76,1,2ff995aead9c63a1f37a07b3664ead37,8b9d6eec4a7eb7d0f9d579ce0b38324d,2018-08-09 15:10:23,74.99,44.33
f56432d05172df07d256233e2b1f36dc,1,bee2e070c39f3dd2f6883a17a5f0da45,4e922959ae960d389249c378d1c939f5,2017-11-27 20:12:20,140.00,15.73
f5967f0a9a614d8ccb6b2c1c16bde5ed,1,730f1927f42fda4370209c28203eb0ab,1900267e848ceeba8fa32d80c1a5f5a8,2018-07-27 11:45:13,13.99,18.23
f5967f0a9a614d8ccb6b2c1c16bde5ed,2,730f1927f42fda4370209c28203eb0ab,1900267e848ceeba8fa32d80c1a5f5a8,2018-07-27 11:45:13,13.99,18.23
f5967f0a9a614d8ccb6b2c1c16bde5ed,3,730f1927f42fda4370209c28203eb0ab,1900267e848ceeba8fa32d80c1a5f5a8,2018-07-27 11:45:13,13.99,18.23
f5967f0a9a614d8ccb6b2c1c16bde5ed,4,730f1927f42fda4370209c28203eb0ab,1900267e848ceeba8fa32d80c1a5f5a8,2018-07-27 11:45:13,13.99,18.23
f597f78ae625c3e106ebe17e6e0cdeff,1,4b6b3a7072d549354c3743dedbf4170a,6560211a19b47992c3666cc44a7e94c0,2017-11-22 00:26:51,55.00,17.67
f5c779fe97ca0728706f50c0de89a2d6,1,44fded21627553d1886d459384bbce06,8b321bb669392f5163d04c59e235e066,2018-05-04 11:31:05,15.00,8.29
f5d4eecb3411ba9859d303ffc7626277,1,3fbc0ef745950c7932d5f2a446189725,06a2c3af7b3aee5d69171b0e14f0ee87,2018-05-15 13:51:23,64.99,15.61
f5d7c7844669e4addcf57dd9c9b703a5,1,4ce9ab528124f89e091b17d11aa2e97c,7e3f87d16fb353f408d467e74fbd8014,2018-04-13 11:30:17,49.30,15.87
f5d9f447bc24dbd0e76b74d0bbe0b4ed,1,5b226d7c52f86ac72457617f78cff95d,1835b56ce799e6a4dc4eddc053f04066,2017-09-22 08:45:11,56.99,16.16
f5eb2c9c8751b09f7637a10a9c40aef2,1,f9be994ca0d51259ddb5de1035bbd5b3,b2ba3715d723d245138f291a6fe42594,2017-12-15 11:31:42,1164.90,114.20
f5faad333010a9fc0ecb1ac6014a842a,1,368c6c730842d78016ad823897a372db,1f50f920176fa81dab994f9023523100,2017-09-11 15:44:20,59.90,17.67
f6283491927c2351151a06cf8c22f7d5,1,2b4609f8948be18874494203496bc318,cc419e0650a3c5ba77189a1882b7556a,2017-07-07 18:25:09,89.99,34.43
f62e6208120b502c087a5bbd9b2567e4,1,4c2394abfbac7ff59ec7a420918562fa,cc419e0650a3c5ba77189a1882b7556a,2017-08-23 17:50:11,84.99,14.34
f640183c8895bffdd9fbe37601bcdfdc,1,0a311a14cbefde1a7b83f0b7ed99c422,5d3bb11474a06bdc23fb9e89f1164ee0,2017-12-18 03:39:32,69.80,12.83
f6519aa0bb0a6531345ac2e6fdbb2e0c,1,a5c9c1711f61d2b63cf996b4928092ed,46dc3b2cc0980fb8ec44634e21d2718e,2017-11-30 00:37:42,69.99,9.54
f6af781541c4243d56cfd0e0bb073c21,1,6cdd53843498f92890544667809f1595,ccc4bbb5f32a6ab2b7066a4130f114e3,2017-06-18 22:55:12,349.90,20.02
f6ba6de181266b918292db17ba6616b8,1,0b2b7a2dbcdf63ca0044d9e9ef8aa4fa,06e5eefc71ec47ae763c5c6f8db7064f,2018-02-28 16:30:50,390.19,16.48
f7304a98cc4161f1b8e3e05fdfb6b644,1,4c2394abfbac7ff59ec7a420918562fa,cc419e0650a3c5ba77189a1882b7556a,2018-01-04 23:54:24,84.99,19.13
f74a92993942e72d5f55c192272b02e0,1,dd68bcbc459a7f8b1e8d41efd8e076b3,5f5b43b2bffa8656e4bc6efeb13cc649,2017-12-15 08:49:11,179.90,12.46
f7535290d652a7fbf7dc0c271209048a,1,832755a0ea738bb04907c1558ef43e40,dfc5fb7259bb2b599ca565e6e9448f0f,2017-10-30 06:33:29,210.00,13.81
f7667bdd9bdb0953511db7d56f25865c,1,99a4788cb24856965c36a24e339b6058,4a3ca9315b744ce9f8e9374361493884,2017-03-23 10:12:09,89.90,11.24
f76a4a871a67dc644379c09dc683c967,1,1de74e63d630007567726953a4eb2b36,a49928bcdf77c55c6d6e05e09a9b4ca5,2017-09-28 00:30:14,79.90,17.81
f774c1e75cb8cc6d1d8a30c56d16bcda,1,8fc803c7d0a99a53798c7896a7c1e93c,cc63f0dd2acba93ffed4fe9f8e0321fa,2018-08-30 09:24:22,115.99,27.11
f77c5146e7248e3ce7934c1a2396ee70,1,2647221a6a477afe2d0268b378f1fdcd,d2374cbcbb3ca4ab1086534108cc3ab7,2017-07-27 03:25:30,42.90,16.11
f77dc5ef53142abf2e1734622d81f664,1,b7b7c5293e270682d3f343c31355c52a,cca3071e3e9bb7d12640c9fbe2301306,2017-01-22 17:58:43,149.90,19.33
f7a1c7b797e20c75f2e3dcec7ff17d22,1,cfcb14e1f3b7ac5213b4e2ae7697598b,5f3ae9136c875522250f8184f253413a,2018-08-16 10:24:40,31.40,18.31
f7adb52b8785594c7e357054489e371a,1,c9dbe2eec19a8093cb5ac57486531c18,cca3071e3e9bb7d12640c9fbe2301306,2018-04-12 20:10:22,96.90,23.26
f7cc115bdf4af94acf9b6da346ee1c88,1,3e5201fe0d1ba474d9b90152c83c706c,8160255418d5aaa7dbdc9f4c64ebda44,2018-05-30 02:55:01,125.90,13.30
f8046b5049a674585e048bb954e3b494,1,2722b86640ddc24e1374c2df1ac2a230,72c5da29406b4234927b81855e7b64f6,2018-08-26 22:24:38,299.99,16.41
f82a3c6e1e4ad29964e50eb40ba50ea8,1,4052517cac9e78357d895976124f6972,ce27a3cc3c8cc1ea79d11e561e9bebb6,2017-07-20 02:55:38,150.00,16.81
f8348a1010449c16817a418fbb9e3620,1,00fefaf41156bb4b0d850fb27da97897,9b013e03b2ab786505a1d3b5c0756754,2018-06-25 14:17:46,13.49,7.87
f845f1fe6a0c9e32eb740bdcc4da2aac,1,7a10781637204d8d10485c71a6108a2e,4869f7a5dfa277a7dca6462dcf3b52b2,2017-08-16 20:05:37,229.90,13.11
f856b8b90a83c3e6c6bccd3b1665fb79,1,f5eafd694f3a7959e352920537496c7c,eeb6de78f79159600292e314a77cbd18,2017-07-10 07:45:13,145.97,90.15
f888aadfaf9861131a6b24882e4c5ee4,1,11fcf75cb0f15b4e28842db20b062850,d20b021d3efdf267a402c402a48ea64b,2017-07-13 18:30:12,79.99,13.58
f8dd8cacd0d33fb0f421b3d5afd46dad,1,ab8b1558bc47d266f0ae41ea420aaa27,e06f09ec0a4aca210779cf1cfc63cf19,2018-01-24 04:15:32,45.00,13.37
f8e373563d5e03306b7080b3c467f0ac,1,cadb69af336c16aba5c5223599821245,8b321bb669392f5163d04c59e235e066,2018-04-02 03:49:20,13.65,8.29
f8e76bb341db0c60411beac8a83f312a,1,83b00325c13c44245b2c3a2befa62a0e,ad781527c93d00d89a11eecd9dcad7c1,2017-11-09 14:10:42,159.99,57.79
f8fe2e394d3641489e6a2ca1cc40651e,1,422879e10f46682990de24d770e7f83d,1f50f920176fa81dab994f9023523100,2018-03-22 09:07:26,53.90,22.96
f91dcb4d9c1f886ee0e187dba0de6828,1,e5f20b4eb944eaae0a13bed3187201d3,8daab2245ebdc277c51098d01c5ad8ef,2018-06-14 16:55:05,92.00,9.00
f930a1f6247ed00d6fa9d8a09782c7b4,1,53759a2ecddad2bb87a079a1f1519f73,1f50f920176fa81dab994f9023523100,2018-06-13 12:55:29,49.90,24.37
f930a1f6247ed00d6fa9d8a09782c7b4,2,422879e10f46682990de24d770e7f83d,1f50f920176fa81dab994f9023523100,2018-06-13 12:55:29,49.90,6.09
f930a1f6247ed00d6fa9d8a09782c7b4,3,53759a2ecddad2bb87a079a1f1519f73,1f50f920176fa81dab994f9023523100,2018-06-13 12:55:29,49.90,24.37
f930a1f6247ed00d6fa9d8a09782c7b4,4,53759a2ecddad2bb87a079a1f1519f73,1f50f920176fa81dab994f9023523100,2018-06-13 12:55:29,49.90,24.37
f930a1f6247ed00d6fa9d8a09782c7b4,5,53759a2ecddad2bb87a079a1f1519f73,1f50f920176fa81dab994f9023523100,2018-06-13 12:55:29,49.90,24.37
f9343125e70ddf02e5f091885f0d7920,1,95ec3f7e237a87df9935a570ab6ef266,1e8b33f18b4f7598d87f5cbee2282cc2,2018-04-19 13:14:08,164.90,14.17
f934b357bb58387aeb7f58a1b0100861,1,c40b4d64d9a3328382ec1fc2948c4af0,95b293867b5862941c9cd74f756a3c68,2018-01-15 08:11:05,38.90,7.78
f96fa82074a906a2d44dababc061999c,1,909b87db6cb3a7ab26bd03cc59860136,de722cd6dad950a92b7d4f82673f8833,2018-05-18 03:55:56,40.00,13.61
f9701d96c7a213fc325f378bf83d3afb,1,e17e3bca5027b6a1ecb3455d503f4517,3f8034bfc6b8b4135534975d49f04c63,2017-04-13 13:10:25,18.00,14.52
f98ae4bbfd1a32ea2104c8cf1f64dabf,1,f2d649f157cebee085ed738f23d5d6b7,d673a59aac7a70d8b01e6902bf090a11,2018-03-01 19:07:29,27.90,15.10
f9989a770fe566738df2291e09cddee0,1,de2ac390da8e5e9cc2c6bc88d5c5357f,7e93a43ef30c4f03f38b393420bc753a,2017-06-27 22:45:15,590.82,12.33
f9b79ac2c05f12bab607bfe35b4a2ad2,1,35e30f098f0bdf1af247ff22a9b14fd8,99002261c568a84cce14d43fcffb43ea,2018-03-09 17:09:54,100.00,19.95
f9ec88f49637ef75f91d3b52f89b2809,1,629e019a6f298a83aeecc7877964f935,c003204e1ab016dfa150abc119207b24,2018-04-19 02:31:42,109.90,23.31
f9fcece01e53f6127dfe56deebac3329,1,8562e2c780a345b609e1b802d7e3e4ae,8160255418d5aaa7dbdc9f4c64ebda44,2018-06-13 15:48:55,79.90,23.14
fa1ce52b7f5e83c4473226c0a7ad131a,1,7a3bc1b5f3ad201ecd5d03d51d34bedd,7e1fb0a3ebfb01ffb3a7dae98bf3238d,2017-05-03 11:22:33,420.00,18.64
fa200e49cb5e3ae19cde414d9d9161d4,1,a7216be504e1ff211b67479ab193a552,a2e874074c877c5a05abae80ad6e488f,2018-08-29 15:50:08,69.90,21.13
fa302aa67b18a98eb824a928fb3e53ba,1,08a69b44d48364041d3bc2c74c8600aa,df560393f3a51e74553ab94004ba5c87,2018-02-05 12:15:19,78.99,18.12
fa44b98d202360f1246681a3e0405db4,1,e940125d0a3c309f58f41cd21e39af06,6039e27294dc75811c0d8a39069f52c0,2018-02-13 03:35:45,369.90,38.25
fa6d52aa0f15a0a03c1f945a1d0f996f,1,24c9d329963373e2fccaa3f3204db19e,7299e27ed73d2ad986de7f7c77d919fa,2018-08-13 14:26:10,69.99,18.59
fa7809f6cdf09dfab24cfc2669964ecb,1,7fd769d8502843f5c3f074785f9cfd61,0dfbed20065e425d2eaefb101f9816c0,2018-06-10 21:30:41,33.99,18.23
fa79b2c18a8bd1dd7fe6c20ea3986434,1,a5eb994011cc41631b483ed58190bc61,1dcfa3835714681d4ba4a93bc1e0fd41,2017-08-09 04:35:26,79.90,15.31
fa8b91d8aacb92e77cd50059ac39c474,1,c4baedd846ed09b85f78a781b522f126,a1043bafd471dff536d0c462352beb48,2017-12-04 12:52:28,89.99,50.50
fa98ac229e1905528d35a47acfe95733,1,7ab3f33e0baeb7d996e1f95d25acc003,cfb1a033743668a192316f3c6d1d2671,2017-12-05 10:59:55,88.90,17.87
faacd0beba2277101f227f7968ddbc57,1,9b1c33398191d2026558e5d3940a0d8b,7142540dd4c91e2237acb7e911c4eba2,2017-11-14 11:50:10,71.82,17.75
fb16eb7d2922cdf521797850c680dacf,1,9a2e821cfc513051382e27606ab3325c,3d871de0142ce09b7081e2b9d1733cb1,2017-12-07 04:38:34,79.00,17.80
fb4de3600d359f84927517e78ff9ba54,1,aca2eb7d00ea1a7b8ebd4e68314663af,955fee9216a65b617aa5c0531780ce60,2018-04-25 22:15:17,69.90,0.00
fb520e46696d1669a96549c252ed177d,1,d585c50d622ff40b4d69959caa42a5a3,64b87978a11c1ea7501a89eabe8c2c1a,2017-02-19 22:17:29,69.99,16.19
fb6d9f2b63d335de19b9df4b1c4a6f51,1,7ac5f520abfc0589418bc7c76cea7a7c,8160255418d5aaa7dbdc9f4c64ebda44,2017-11-30 16:31:30,109.90,13.79
fb89dbec79bc8b1f0d12165058cb1cb3,1,419b12eaf8841add29c3503ee6cddb91,750303a20e9c56b2a6bc45cdce0b897d,2018-03-01 13:47:36,135.00,19.49
fb98d749a39a0e47d64ec1e9cf90bb10,1,dd0be1eeb74ea648c62f9ec86921ae08,7142540dd4c91e2237acb7e911c4eba2,2017-12-05 11:00:24,59.90,17.67
fbc5d211d0c021def45daa17a0d271ba,1,39ec33e08b0f9ffb9767b819f8588361,cb3dd9ce66268c7a3ca7241ac70ab58c,2017-09-20 15:30:18,34.70,13.08
fbd05af8c1751b972fc6e19b1190990e,1,b45755e01d70d935e074cdde682bed74,0c8380b62e38e8a1e6adbeba7eb9688c,2017-02-13 23:55:19,89.90,13.21
fbe1661023a94e53d4ec2c938e38c8f2,1,ab9cf155f8280c3739b09fe341a185e8,92eb0f42c21942b6552362b9b114707d,2017-05-05 09:50:11,13.98,14.52
fc118fb67a906addaa99d4d64598038b,1,43423cdffde7fda63d0414ed38c11a73,b1fc4f64df5a0e8b6913ab38803c57a9,2018-03-28 21:10:34,54.99,12.44
fc187810529ecab8ec6fbf1b4b1d27ae,1,199a837d1162e5158f5ad3f96e35c01d,1b938a7ec6ac5061a66a3766e0e75f90,2018-01-31 14:19:58,599.90,19.96
fc24613395700f29adf22b2383c12bb0,1,bbaef2eadf31fe3ea6702077398be06c,cc419e0650a3c5ba77189a1882b7556a,2017-08-04 01:35:18,56.99,14.15
fc395bfc7bc0ca54d0fa3e4cc90d055f,1,87e583842cc9122ded9f8eafbf42894c,4e922959ae960d389249c378d1c939f5,2018-04-27 11:30:41,50.00,19.32
fc5fbd714a68c4cb0a3a927b2525109b,1,3a361fad1e42318dd4a6fe415363067f,1f50f920176fa81dab994f9023523100,2018-04-12 20:08:37,38.90,38.40
fc5fbd714a68c4cb0a3a927b2525109b,2,3a361fad1e42318dd4a6fe415363067f,1f50f920176fa81dab994f9023523100,2018-04-12 20:08:37,38.90,38.40
fc698f330ec7fb74859071cc6cb29772,1,422879e10f46682990de24d770e7f83d,1f50f920176fa81dab994f9023523100,2018-04-25 02:31:57,53.90,0.00
fc6c2b2dc641e9b43804f733841f943e,1,e320966c24d4de5668a3de9f455ec156,5a6a02f419701fc8c605af71d4fc57a4,2018-06-20 20:20:47,49.90,18.45
fc74153e0ac39bb68c8f8f9e4758f001,1,595fac2a385ac33a80bd5114aec74eb8,ef0ace09169ac090589d85746e3e036f,2018-04-19 12:50:48,117.70,51.32
fc9cfa2de496ffeee8c591c87070664f,1,ffa0824a2b01e5ce24d6883413b72f14,9674754b5a0cb32b638cec001178f799,2017-09-19 17:15:29,27.00,9.34
fca2aaefc989d1a8eddc4cb03b160eca,1,0a9bdadab17a9b0f258f64d11a0adf7b,7c67e1448b00f6e969d365cea6b010ab,2018-03-29 03:10:25,79.98,17.37
fcc92ad75bbb8728d4d4488325ffc907,1,e5989cd466f0714e1439b95bf6a279da,1025f0e2d44d7041d6cf58b6550e0bfa,2018-03-30 11:32:04,54.00,0.12
fcc92ad75bbb8728d4d4488325ffc907,2,e5989cd466f0714e1439b95bf6a279da,1025f0e2d44d7041d6cf58b6550e0bfa,2018-03-30 11:32:04,54.00,0.12
fcc92ad75bbb8728d4d4488325ffc907,3,2584d5fa1ac792c8c26168eca51bb4d0,213b25e6f54661939f11710a6fddb871,2018-03-29 11:32:04,129.95,59.76
fcdaba27fd62777362e818998aa76b94,1,bff9d75e90c1ecdb72ab40c3aafe7e49,77530e9772f57a62c906e1c21538ab82,2018-08-27 22:55:11,125.00,30.01
fcf3478bc90a1b2e214d529d0455dc1e,1,92c1eb75a887a500d9689fbad65e27e3,7c67e1448b00f6e969d365cea6b010ab,2017-02-17 00:35:08,199.98,61.47
fd0342fda6ba083712b6ed0d4e6ac483,1,7683fe3e73bd7af6d0f6a6ed497cb04a,a1bea9970d8f65b240555f99c2214f7f,2018-07-27 17:20:37,75.00,27.48
fd0926fd1e8031a9cf228b88589a085b,1,d952c09021388fd5b1e5f914f559fb10,2138ccb85b11a4ec1e37afbd1c8eda1f,2017-03-24 14:14:31,18.99,20.40
fd146e195b9e3e00d02a5bf4208e043a,1,7c74ba4802d0f3253c363e9ba4f56ba5,efff9341f3f8f5237b44ff67ed36a7bf,2018-06-05 13:50:36,229.00,16.48
fd27a031c5f2efd93917e23822de573e,1,f86b655d8f6be5feaaff2da2190e8c4b,e9511df20ccd82658a30c37b7fb343af,2018-06-20 18:21:34,57.70,26.70
fd2abbf4e0f632ba709f0059c02da633,1,89321f94e35fc6d7903d36f74e351d40,16090f2ca825584b5a147ab24aa30c86,2018-08-09 04:10:16,28.99,7.46
fd38d5793a4393e031ea8da57e094f88,1,b6bdb28b376292b83135644ff8d4d6a2,da8622b14eb17ae2831f4ac5b9dab84a,2018-06-11 16:50:40,179.90,13.69
fd3d5d5f83a8dc51d0acbca416b5e7b6,1,cfe9e8e1f0400c8cc665d41722f34086,1025f0e2d44d7041d6cf58b6550e0bfa,2018-04-27 18:32:00,300.00,30.46
fd5f4a26279e437735f4d5da152f5295,1,0be701e03657109a8a4d5168122777fb,8f2ce03f928b567e3d56181ae20ae952,2017-12-21 10:31:55,259.90,24.14
fd5f4a26279e437735f4d5da152f5295,2,0be701e03657109a8a4d5168122777fb,8f2ce03f928b567e3d56181ae20ae952,2017-12-21 10:31:55,259.90,24.14
fd6a51f9eb40dd4bca270db2bd18aae4,1,6bb1532261d0a1b244b21ed4aab982bd,8b2492b7ff4468839593fafeed55bad9,2018-03-14 17:30:32,8.43,18.23
fd6ddc28c261b6bd4f68c9205d40e9e0,1,5f622da714951c5ae86acf68c0a03d30,9f505651f4a6abe901a56cdc21508025,2018-08-15 14:04:33,59.99,15.52
fd700d48d34b0b4f75767e4502c3fce2,1,5605e265607c01c1242a18219d7e396e,3771c85bac139d2344864ede5d9341e3,2017-09-21 01:10:11,59.90,19.66
fd74ee83ca49ea03ce7b1e8d8aceba3f,1,82b73150f90f4fef92913e35b9984bb7,91f848e9f4be368f4318775aac733370,2017-06-14 20:45:19,94.90,11.87
fd74ee83ca49ea03ce7b1e8d8aceba3f,2,82b73150f90f4fef92913e35b9984bb7,91f848e9f4be368f4318775aac733370,2017-06-14 20:45:19,94.90,11.87
fdc9d53919c301a0d27f2aad205c5aea,1,c72edc98e7d77f0c4c04ec80730c05f5,5b925e1d006e9476d738aa200751b73b,2017-11-30 01:10:56,79.00,16.80
fdcb642c8ac047b33f64d32c79a62833,1,b7733895fca54f6ce4af8c29a3056680,bd0389da23d89b726abf911cccc54596,2017-12-21 15:19:32,69.90,15.24
fddb99cde66af279ab48d2dd5d987dd9,1,e0cf79767c5b016251fe139915c59a26,da8622b14eb17ae2831f4ac5b9dab84a,2018-02-22 06:55:48,29.90,8.11
fdf53b9c9096b37ec391987b1b5c21a3,1,5e26cbd45b83e411e82e3a8cafa8d951,c6bda72e4dbf5c5866b13cb1810c6d03,2018-02-07 22:49:41,109.90,13.11
fdf60756868209e239918ee0264ef6d6,1,9d7e2c8835276b06ea5facb880789f4b,ba143b05f0110f0dc71ad71b4466ce92,2018-06-26 02:55:29,58.99,13.99
fdff9465ac9ce1a793bb30fa94c6f241,1,66e94c5c07d64d44c16cd6903a79a453,d17f467e4bf608a510c20d82f4ba3b6b,2018-08-02 00:24:15,495.60,27.63
fe0c59004b59a99b0240ce5facde84eb,1,32284a34d19761adc56333216faff3da,31eec405c9bb71dec8e2629a92e764fa,2018-07-29 21:50:18,70.00,23.29
fe2eef3b23570cf0d77e3bfd237aed93,1,0eb2c19991a9a90d3536addc877e36a6,4e8dacf3d38f281ae26c3e0321d92d88,2017-02-20 09:35:05,59.90,20.24
fe393d2abc096e78011cdc0bb5b3e776,1,c2ece64199af7a53793ed9612a89a8cd,6c7d50c24b3ccd2fd83b44d8bb34e073,2018-02-22 16:10:24,88.34,16.25
fe421e7d38d622aedc8ca97d58771ea6,1,28209b7aed95f7c0c9b9806f974a104e,432c37c9dfba871172ec162e20118b8c,2017-04-27 08:55:13,119.90,18.27
fe4275936c291c453f09fad434e6b3d2,1,ee97db3ef647a016f3bb7376f8a3ffcd,dee656f0f566ed1aa85bd137c943f08f,2018-02-06 02:55:47,35.90,15.10
fe451ba1809fbc234c68216803496d39,1,9e4a852f41aff52bafff133d9deb5eee,3d871de0142ce09b7081e2b9d1733cb1,2018-01-17 23:36:21,139.00,18.22
fe59965bfbf484aee4f2503efbd933d6,1,a5f6ba3fe91a2e73f10b612131cb2404,4e922959ae960d389249c378d1c939f5,2017-12-05 11:10:55,49.00,15.10
fe8c0bf415cf9f05b4f32539a80f83fa,1,c23bb9673ec1f70f31171d5a7dff1260,1835b56ce799e6a4dc4eddc053f04066,2017-09-28 20:50:12,55.99,11.89
fe8c0bf415cf9f05b4f32539a80f83fa,2,c23bb9673ec1f70f31171d5a7dff1260,1835b56ce799e6a4dc4eddc053f04066,2017-09-28 20:50:12,55.99,11.89
fe9a0726757d598dc0a613f04d33cf03,1,41b821274ec513636f9144375c9f9031,cac63f48c38cd7d002a7e846dcd99a23,2018-08-31 19:50:11,79.90,15.66
fea2633d3d1605bfdccc813bcf843ac8,1,926a505f318353d8634f3c5102756352,cfb1a033743668a192316f3c6d1d2671,2018-04-25 18:51:54,86.30,11.94
feebdd36c3e19b95f31008e3e62dc32e,1,03fed41c5e9067007d852ff83d602753,cfa5ab0e4d3fc212fd0b3410e7081c62,2018-04-23 13:31:02,139.99,60.89
ff014de83d667807820e68d8ea975281,1,97df097e327bdfd11f7a1061fda6b89d,5cbbd5a299cab112b7bf23862255e43e,2018-06-25 20:31:38,19.87,15.24
ff21d2af725ac280e439dc584456e19f,1,bbaef2eadf31fe3ea6702077398be06c,cc419e0650a3c5ba77189a1882b7556a,2017-07-20 20:24:26,56.99,14.15
ff82173a9821071cdd3e554219a376c1,1,95c40b993a22463c83beb5c51a03d46c,85d9eb9ddc5d00ca9336a2219c97bb13,2017-07-20 03:25:58,31.90,34.15
ff834ecc7838d679d1cbd96ad32cee27,1,b30d7b0adcdc4a117f455472548155ec,d91fb3b7d041e83b64a00a3edfb37e4f,2017-07-03 14:30:19,104.00,16.49
ffc184f2119c6fd4140dcfb518bf4734,1,c72d57da8ba2412527531d97106eb8ef,7d76b645482be4a332374e8223836592,2017-10-26 19:07:18,19.90,7.78
ffc5d47e40567b5f153d5cd17138eb89,1,703d742887bb9267f89b675608ba7aa0,640e21a7d01df7614a3b4923e990d40c,2018-05-24 09:31:06,56.10,14.01
ffde92ba447b33a47d1c04d203f10f41,1,a97cd00f5c1dbfbc7f0f4b6c1032253e,b347677812ea483b0f528eaf8cbc09b7,2017-11-30 14:13:18,278.00,26.70
ffef98cd5ecdc992fefbd967549520dd,1,11fd9d7ba552e1d28872e008acf1e050,cb8bcce248bb1fb274ba762d8b971456,2017-07-06 03:15:21,139.90,13.11
fff3983dfa3c5a0d752d8d17baa406a0,1,092be1e8336fc404c57bd5970d056886,cbd996ad3c1b7dc71fd0e5f5df9087e2,2018-07-16 22:05:13,66.39,14.05
