product_id,product_category_name,product_name_lenght,product_description_lenght,product_photos_qty,product_weight_g,product_length_cm,product_height_cm,product_width_cm
d03bd02af9fff4b98f1c972315e5e9ef,moveis_decoracao,56,209,1,1800,40,10,30
36555a2f528d7b2a255c504191445d39,beleza_saude,51,1069,1,1467,23,16,20
a3a03c131926ec14d4c9f3ef03016b24,pet_shop,54,463,1,700,40,20,20
0992c6cba95a13bfa68ea7d5e22d478b,ferramentas_jardim,42,671,1,3850,29,12,24
a2e2851eae0aebb8ee4df32348b42e2b,informatica_acessorios,59,504,3,367,16,4,11
1eb4a9aee05c9cad041e09add2a26d68,malas_acessorios,51,244,1,800,38,8,28
ac5bae85a895724330c4acddd581b02b,telefonia,50,1254,2,500,16,15,11
16b06ede456b922e56fbb4b3818aa875,fashion_bolsas_e_acessorios,48,382,5,200,16,9,11
828fe032935d7c1901682e5b6cc076c2,perfumaria,48,1063,2,600,20,20,20
75b433ca888fe027b18dfac89a284667,eletronicos,37,374,1,1350,33,12,26
9aa70106d14b83c7ad033592870b2b30,utilidades_domesticas,22,388,3,530,17,20,20
5e21d5cab5d33e770d8150a4ee6117db,relogios_presentes,60,312,4,200,16,2,11
bbaef2eadf31fe3ea6702077398be06c,perfumaria,45,1003,2,400,18,11,11
6e9c52b407fea24064f7ab2b144fbf8c,bebes,56,1395,7,13575,71,81,44
582dfc3697c5f834a5ddf28460ba9222,fashion_bolsas_e_acessorios,59,251,1,300,25,10,25
6a61a5d77a8571a0646e8c0f75f572f4,beleza_saude,53,1368,6,360,30,19,22
98190f6a2c3253d07ca86525bb238162,eletronicos,25,813,1,1836,61,6,24
e2c3ed9aaddfd2312a6a5fe9b3ddadd3,brinquedos,53,579,1,675,22,24,21
25cdef5b1428725aa16b8b9a6fbd72ca,industria_comercio_e_negocios,58,1058,1,1200,30,20,30
3c883b9d3fd2d0ce448d4136349dc0a4,cama_mesa_banho,49,153,1,550,23,15,23
3519403062e217f433e0bbdc52e0b19f,consoles_games,25,211,1,200,16,2,16
b6b4ab44d1f3c2a645abbda76af2a993,relogios_presentes,54,364,1,1050,30,45,11
c6336fa91fbd87c359e44f5dca5a90ed,esporte_lazer,39,772,1,150,16,16,11
4bae12e58c9b828e1302a2cad437b80a,consoles_games,47,358,3,450,17,7,17
2e511b5741ab14e7f5294df6f1310b03,informatica_acessorios,52,2515,1,188,20,16,15
2029248294c186017ecfc48cecd47bbd,ferramentas_jardim,44,586,3,3250,32,14,22
b0cd550945da1de6eb9cb69595d540df,esporte_lazer,55,1392,1,900,16,16,16
e5d860a0fff2e94bd1a406456cc6c4b3,eletrodomesticos_2,38,2030,2,13200,66,19,67
7683fe3e73bd7af6d0f6a6ed497cb04a,construcao_ferramentas_iluminacao,49,527,4,1450,60,5,30
1dfb36d969d347f56f43590ec42c7b8c,esporte_lazer,50,1212,5,900,26,6,13
e24f73b7631ee3fbb2ab700a9acaa258,fashion_bolsas_e_acessorios,60,1118,6,2250,22,15,20
0bb7cb61f1957f79dac582ab66ccdc1f,utilidades_domesticas,45,561,2,553,18,9,15
334995514673fb6bae67885458b52984,utilidades_domesticas,37,261,2,250,25,25,25
c23381297fa734ea441a15d723199fb5,informatica_acessorios,60,789,4,200,20,20,20
09c3d39641970009c198caed304ccfc4,bebes,52,1659,1,300,68,7,13
c5c66926b3f964b8cf9e7dfb1150d13e,esporte_lazer,41,128,1,200,21,9,13
62224b433a431310bf27129938ad9f64,esporte_lazer,28,733,6,700,49,12,27
b2083bcfc8768380dd0e31d612e96d08,cama_mesa_banho,53,628,2,1100,16,10,16
629beb8e7317703dcc5f35b5463fd20e,,,,,1400,25,25,25
f159439c5c382fae366d444e05c590c1,perfumaria,52,365,1,400,18,18,12
2043cae78c8b731c405c7329a05154b2,eletroportateis,52,640,3,750,30,30,30
1c36a5285f7f3b1ed2637d7c528ce5ff,malas_acessorios,21,769,4,1600,55,37,30
28f71b48a5f99f0bcf4642ae10352557,relogios_presentes,42,431,2,500,17,22,17
4e80e5fbd1f7a5e67501d0e1573abf98,relogios_presentes,51,393,1,300,19,13,13
f102842fbe436027eeeb7fc76d3063aa,consoles_games,59,434,3,350,20,20,20
743faa1bbabdf4abcbd2443fcc33fca9,utilidades_domesticas,41,687,2,950,27,30,27
d24659126d5bbd0b1bacba3e8d17a978,esporte_lazer,32,513,3,250,16,6,20
593236d0ff46b4299b4787fb8d43f7f0,industria_comercio_e_negocios,44,1396,2,7225,16,103,25
c20fbbd4ccf2f7da70e150689a6a905f,perfumaria,47,723,1,455,21,15,17
386486367c1f9d4f587a8864ccb6902b,cama_mesa_banho,54,120,1,835,40,9,33
b3bcd6f54c943fecf8f51e0b988e5cc9,beleza_saude,46,1969,1,683,31,16,16
0eb8e03d4ef83152c4642b606b5bbdec,moveis_decoracao,47,348,1,2900,40,10,35
9fa0c72476690fbc66bcacc498fe7fd6,informatica_acessorios,34,1122,2,100,18,11,14
3e12358032a6a599d25d9fd630cec2e1,utilidades_domesticas,52,1301,1,975,31,12,21
5657897eec3381c5a9aaf19be83f16e2,cool_stuff,35,377,2,500,19,17,25
73c15f15e628e4ec389e0ed1cec48b15,cool_stuff,45,3033,5,12400,35,35,50
121b9686b9929855d823981fc655a6fe,utilidades_domesticas,55,747,1,6250,53,23,28
01cf8c7364048b4b6ed0fe400667054d,brinquedos,42,241,1,1200,30,16,20
233ad2cdae25fbf46f0d090b678d23f4,market_place,53,213,3,775,35,9,15
72bb19eb8886399d5a46785146792ba7,utilidades_domesticas,59,889,2,250,20,5,16
5b4341a1e617e4d33c3305158ff03c69,esporte_lazer,36,1581,1,150,18,7,14
b7f70c625521ad94f77e9aa1218fd9fa,pet_shop,60,1614,1,2900,83,82,12
9a3d13559997d2639ebd02e75913b799,beleza_saude,51,495,1,233,18,16,14
bae8ac5e125a98fe445bc17714104709,malas_acessorios,57,455,3,10700,40,100,16
0776155007ad20447a0b0f91d4aad644,alimentos_bebidas,42,2263,6,1000,28,13,13
8792f8b694229e5627aa6a15cf912052,utilidades_domesticas,48,204,1,1150,19,22,19
c24f692e0f20f854c24c31517610ba7c,telefonia,54,1057,6,200,18,3,16
d3f4f3de0f4576184674937d1e9cecca,brinquedos,51,122,4,450,20,31,30
53b36df67ebb7c41585e8d54d6772e08,relogios_presentes,33,523,3,584,16,11,13
036734b5a58d5d4f46b0616ddc047ced,telefonia,58,751,5,300,17,4,12
2954628cc646e129a849918ab2b366ee,automotivo,59,651,5,4200,78,4,47
7aeaa8f3e592e380c420e8910a717255,eletrodomesticos,37,1642,10,5500,29,37,25
7f6f8bdeee8ab42b5b4873b754f22a15,papelaria,41,312,2,200,24,7,14
c828d9e817355cc55ab8a449b2299f25,consoles_games,48,691,2,317,20,7,16
17597731049645b4a7cd01de0b4188d5,brinquedos,50,690,1,7175,50,22,40
4a9947ec1fcec2b3321193ed5590e8cb,relogios_presentes,42,576,3,300,16,2,20
4c35791f944cf1550e8ae288b3f9e258,informatica_acessorios,53,514,3,424,25,10,19
0f8977d115c52d93a05dd4eb7052baff,cama_mesa_banho,59,266,1,3975,46,12,43
353f9040451759cc7153da959db1e531,cool_stuff,48,662,2,18600,38,74,38
06ce9c3e61c7a07f872f8317a7dc534d,beleza_saude,42,3887,1,100,16,8,11
995e25d9b46dee183004994645768d95,esporte_lazer,57,722,4,500,16,15,20
35e26f65c3f380cfe6257d771fb067d2,esporte_lazer,45,1134,1,867,26,15,18
c857b96593773e940454e76efa8eabb3,moveis_decoracao,55,133,1,700,35,4,30
cb2a50959c992d8d56a80c45b59e0441,esporte_lazer,51,236,2,400,38,26,26
ea44caac707f7f1325182a538007f838,bebes,59,809,5,6600,45,25,35
e2acf075e3634e6f0c26e4e88c1bf9d7,moveis_sala,33,332,1,6750,54,18,53
812f428f6757ab16c46cffc68f2e90c5,moveis_decoracao,53,1991,2,600,60,7,14
2ac7c9339ff85fff3e1aee3eaf7bb315,utilidades_domesticas,43,357,1,217,18,5,14
49e1eb2294c024ad435adb2b1de09336,utilidades_domesticas,56,179,1,400,20,7,11
31a2f42a87890f87d77daebdfabc182e,brinquedos,58,419,5,1700,30,35,25
a8d952e8e5436a6fe36d24c402d100de,telefonia,60,540,6,300,17,4,11
7736ea239e147291f6adb766c992beb1,cama_mesa_banho,46,128,1,250,40,4,30
6e1b14d3cbb5fb3a2c00351007127dfd,cool_stuff,55,985,1,1625,44,24,32
42749c525c90994bd3d4c74edf047172,construcao_ferramentas_jardim,57,1289,1,1300,60,13,23
00de7f393d962717eeeb2d7131a40dba,telefonia,47,816,2,300,16,5,12
f74eb9bc847b5e5e906e5e214bb451b8,moveis_decoracao,59,438,1,900,30,4,20
b18d3e74e5793a823be8acec061a5977,brinquedos,58,78,2,367,29,21,21
b5778c55de68777a0a3565e03b2e2817,,,,,2500,26,25,47
7b85e3deef35afd6ebed5461ee8f0641,informatica_acessorios,56,617,1,1583,18,15,12
cfe99a31516679fb9515881d25891570,fashion_calcados,35,222,5,500,29,12,23
f2bb1681ac26e3993d10ff79cba282d5,utilidades_domesticas,46,180,2,400,23,6,15
564f6caa975212d645b004093145e621,esporte_lazer,55,385,1,768,15,13,13
4be566f7ce6887d7ba428bccab9db80d,beleza_saude,40,664,1,4800,27,22,39
0820af09ddc75b84841b1fab4da4be9b,eletrodomesticos,60,462,1,100,18,8,13
57414a165829139b9b534f0b4a794fe0,pet_shop,41,302,1,14725,54,25,37
d48bacc1dcd9c86bf1ed4ed2a303336c,brinquedos,52,752,3,1232,38,18,25
8173ca41cdb176462f9ae79821a48404,esporte_lazer,57,382,2,150,20,10,20
2afd040779d1ce6295b76d092b048066,eletronicos,39,2154,3,100,20,5,12
b3c13ca98fb6f9dd5c6aec8b1d353506,bebes,59,2270,2,350,69,11,11
ba1d7e7ee1f055d252a2faa8ea3cea9b,agro_industria_e_comercio,59,693,6,1900,45,15,40
7b32b1b87594b60dced8abb4531d2986,telefonia,51,419,1,350,16,6,11
a1013e8a0647368039fc1a2f7cd5e516,cool_stuff,41,1471,1,876,24,23,21
aa48d4f285b37252409e6f9fcb0b8ffb,beleza_saude,46,498,1,440,19,15,14
d696750e550fd0f733979dd7e5dff921,utilidades_domesticas,44,916,2,950,53,5,13
ead3077a141a9c800d6a4bb9d0d415b6,cama_mesa_banho,60,662,1,1150,22,4,28
cdafffbe81c76e4cb8b1270523215c82,perfumaria,47,313,1,500,16,17,15
173e9fe34bfe97f3a5e6dc57fe897b74,livros_tecnicos,36,890,1,950,29,3,21
5d42919d908b17ec1848699d89e2bace,bebes,58,1515,1,8300,20,30,82
42ba5eab75cf0db7905414fdc6a3fd7c,informatica_acessorios,57,740,1,1000,28,15,15
9d395a6bc9dbad2dfe60c8c92d8df397,moveis_decoracao,59,2001,3,850,69,11,11
be59f0b9bd1d08d096188f98168fc987,,,,,3550,40,10,40
601a360bd2a916ecef0e88de72a6531a,cool_stuff,33,897,1,1600,42,25,15
af56e0203193f066ed64cbbbbf95ae6a,esporte_lazer,50,1290,3,750,25,7,25
8da77162e41d47464f9806727417cf6e,cama_mesa_banho,58,293,1,3600,50,10,30
112c98970afb0e6dd81c05ddd447416d,eletrodomesticos,52,372,4,200,27,13,17
01cf7c4cffff8db0a1cbe612bd2d50a4,moveis_decoracao,53,371,1,800,40,5,11
7567d226ff0be3edcfca0124da0ca3f5,papelaria,59,697,5,100,20,8,15
82d5798b1ffcb66543a2f0d6198a3a07,esporte_lazer,50,861,1,150,16,6,11
3f1a741cf5591384428c1cbb0ef07ec0,beleza_saude,60,400,1,150,60,11,16
e27c4dd075a521097a085bced0631ce7,moveis_sala,31,618,2,9750,27,15,92
1c57458e824ca3d974ec1831a1a55e72,pet_shop,57,794,3,30000,79,2,63
0a859d8dc68f6a746b4709217110c439,esporte_lazer,50,2871,1,30000,90,50,50
154e7e31ebfa092203795c972e5804a6,beleza_saude,48,575,1,100,20,15,15
d6061ffaf719f75dd074a637c535b644,casa_conforto,53,1180,2,1850,45,15,12
719d571299707561c34ba04ab867b32a,beleza_saude,41,1178,1,434,20,16,18
4161c903c8834f814fda62d066031d74,alimentos_bebidas,52,595,1,500,33,21,27
9f683084a0b0211109fef6e538cb4767,cama_mesa_banho,43,352,1,800,45,11,11
8fbd36d3b045f5f38b252b1513478f38,informatica_acessorios,56,482,2,500,35,5,15
aa0d48704d551d1247be98ca06dfa990,cama_mesa_banho,58,1626,4,250,16,22,11
8d8109048bbf6f0369b1522029f92a19,cool_stuff,49,933,1,250,22,23,16
c784a651cf319526cc7cf854f83cb941,papelaria,58,125,8,500,30,19,30
1cf22c0593f2ba8ecf404d0945a2036a,construcao_ferramentas_construcao,60,996,1,5500,16,45,15
f83c9874b5b5044ea58fef1be68c1ea8,cool_stuff,52,791,6,5200,63,2,79
19c91ef95d509ea33eda93495c4d3481,beleza_saude,50,1257,1,700,25,12,19
d8e8c5f6ab9f4c0214127182ca234525,moveis_sala,54,380,2,4550,50,10,50
0d69c82f1bc2991a5ec6fff3d803876b,fashion_bolsas_e_acessorios,56,1666,7,150,17,5,19
6ec3c050cedb96661c07a891ee359146,casa_construcao,63,380,4,1200,16,20,38
252dc1fbd22786a5305623453f8eaf8b,beleza_saude,59,3323,8,100,28,13,12
ea66598d13482c9c72f1936c62d2e630,eletrodomesticos,55,725,3,6613,49,13,39
0d90fced28b749fa0468818d98cb8212,beleza_saude,42,534,1,983,41,23,35
34742604f6cd1e891726b849b6890f81,esporte_lazer,47,1582,1,12000,105,46,46
e8452a21116fc579999d65cb5279797a,cama_mesa_banho,49,729,1,850,20,30,30
bd0ced5367f8750ffbeaa23d1d2ddf33,construcao_ferramentas_construcao,59,1085,4,800,25,21,25
c2fb73db15e28aa021dcf7b2856fef27,bebes,52,704,4,3600,60,20,50
9bd556e1c4a7917679b89ec2075e9cba,utilidades_domesticas,55,271,2,2700,30,16,33
ba9a847a2c023953743ba9e5ef6c88c6,eletrodomesticos,39,229,1,200,26,15,35
cfd652b39b87b4e06cf4ea106a32db47,cool_stuff,33,659,1,1250,42,25,15
11fcf75cb0f15b4e28842db20b062850,moveis_decoracao,63,461,2,800,80,10,60
5e53af05c040b01584b81b3549945faf,construcao_ferramentas_ferramentas,53,470,3,200,16,16,16
08c816d9a716567bf436173ef6f5f12e,eletronicos,60,740,1,150,18,12,15
3c699da37ca714bf7dfa8450413fac3b,esporte_lazer,26,108,1,600,22,16,22
f9fde29df32a1dba73a3b1075c9a6f3c,fashion_bolsas_e_acessorios,40,233,1,200,24,9,16
3c95f0e78d88cdfb8af7f72dd586a4a0,cama_mesa_banho,44,338,1,1200,34,17,28
5ed3835ea6f96c77bdbe416dc1a96850,papelaria,33,197,3,200,24,7,14
40c9f84a8919516ca9b0d6a9f5ad27f4,fashion_bolsas_e_acessorios,45,802,1,100,16,5,16
dd4c3b4ab7e001aaf385ea2e68952030,bebes,23,358,1,450,30,7,20
dfb68ce52d4975e692909a1bf9d59f1b,fashion_calcados,44,284,12,300,29,7,16
ffd60d515c690a976c497e75cd2336f4,livros_tecnicos,50,153,1,250,23,2,17
473ecd4c15ecda05e4044ef14f1f4c2e,fashion_bolsas_e_acessorios,41,827,1,100,16,5,16
920efad5907c4034a1ef4c4c11b17fee,telefonia,45,363,2,150,19,4,11
4563095e06df1fa67de2eade86f4f01b,moveis_decoracao,52,469,2,100,16,3,23
b19f489c6dd8b47c1e9ecd9e3f2d8bb9,fashion_bolsas_e_acessorios,51,396,4,1400,40,15,30
2719b33ad5e693f64d333db5422585eb,esporte_lazer,48,354,2,900,28,25,25
88dd63919fc9ab693803578a04a20209,informatica_acessorios,58,395,1,217,16,14,14
1e618d311a1b7f88a9d96ec50aa85582,utilidades_domesticas,42,540,4,9950,31,61,31
c862d801c5bf9b08e1bde0e3801199ed,automotivo,56,1445,2,1100,32,13,30
55cb480b28bdd6d8e71d83b3c8d67c75,moveis_decoracao,26,218,1,600,25,25,11
e672fbe634ad07cce9d85f412becb2c0,cool_stuff,41,909,1,1400,42,25,15
fb931f000171a7ce4963df2a8bbfe82a,instrumentos_musicais,45,154,1,550,30,10,20
d585c50d622ff40b4d69959caa42a5a3,beleza_saude,50,1580,1,1036,20,19,14
158102fe543dbaeb84d87811bfe06d0d,moveis_decoracao,56,646,1,300,16,30,20
8d1cfc0463b545928bfb4e589e017bd4,market_place,55,1626,1,175,17,10,19
6685d4ea9111ef423f76ea2ecf350180,moveis_escritorio,52,1292,1,6975,52,51,17
9163c7e81fd68452472912c4cde810aa,instrumentos_musicais,59,153,2,300,16,5,20
72f50924c42f32d9a236b7602686a49f,cama_mesa_banho,52,289,1,3450,36,10,35
78efe838c04bbc568be034082200ac20,moveis_decoracao,57,272,1,2500,40,10,30
16ed6a6e3fce23b741650437fe58d65b,utilidades_domesticas,49,1226,1,750,35,15,35
5cb1a29179d1883d7ab5424629fe67aa,moveis_decoracao,37,594,3,1100,103,6,20
eba9ae37524dc8fdba2161862c6f8aaf,utilidades_domesticas,41,210,3,1100,19,12,15
ecd4ecd11a1bdbd279d1852fe373eb6f,beleza_saude,58,439,3,600,16,2,11
3a5ef18a79b288df31a2b4bf5b2d17ce,brinquedos,47,749,1,1200,35,6,25
9f7b48e2d4e4d7375f71a10791faa1b8,cama_mesa_banho,42,507,4,2050,50,10,40
078b7149a32b479d3cbf1649fea0172c,livros_importados,57,3694,1,300,16,14,16
077599a82ee54960bc4f4c941b0d1359,beleza_saude,53,1140,3,1600,18,8,20
5d52927f3cf2e3266c5dd6e4d2dd566a,telefonia,52,526,5,200,21,6,13
3b31b57a9cdf87158977c3188a8dfa5a,perfumaria,50,509,1,543,24,13,18
32aeecc02aa5adcb7f75155a80a47836,esporte_lazer,45,1575,1,2152,26,24,21
a695ab8413ea83619cde9b18292d6aa1,moveis_decoracao,38,503,4,1700,23,7,23
97017430754804328eb9597b7f85da03,telefonia,60,818,5,300,17,4,12
f27aff266ad97e75d4a24c893b2c311e,eletrodomesticos_2,55,1345,6,8850,45,33,35
9d8a0e115e802d845b4ce1eb794d1260,esporte_lazer,30,2299,1,150,20,10,15
1c21c1ed398eae61184065889ca3d4b0,cama_mesa_banho,51,324,1,900,42,8,37
6dde44b4172999f35f08654d06bad633,moveis_escritorio,55,1180,1,16167,64,62,25
50f5f13adab483598dfb6a40afaf70b6,informatica_acessorios,15,159,1,100,25,3,19
a97cd00f5c1dbfbc7f0f4b6c1032253e,utilidades_domesticas,59,731,1,5500,51,20,29
87cb507e0daa37bbf34956fd59eba832,relogios_presentes,55,167,2,250,16,2,11
fe75529a267b76ac6e96f0c322a899a4,beleza_saude,33,374,1,304,20,15,15
0bf16c5642f26022d106438f491b9b1c,utilidades_domesticas,15,422,1,300,41,5,31
869335bdf5f8389362b55e97c83ea1ef,esporte_lazer,41,304,2,1450,30,13,30
e7d26dd6742baca292020c158e6720c3,malas_acessorios,40,124,1,450,24,47,34
92c1eb75a887a500d9689fbad65e27e3,moveis_escritorio,41,1205,1,17150,58,61,24
ccb162ed569f47d83f62aebd5700d7ad,climatizacao,56,671,4,8750,25,25,25
09b2a4f1ce3561a6562ffdccc0ca7c18,ferramentas_jardim,47,508,3,1150,25,20,25
93c902b021a9e594f658ab1b0351602a,eletronicos,60,390,7,1250,26,10,18
07c055536ebf10dfbb6c6db6dbfc36e5,moveis_decoracao,59,473,1,600,30,3,20
656e0eca68dcecf6a31b8ececfabe3e8,informatica_acessorios,45,236,1,173,18,13,12
b150110bc5afad8ff2cce5cd50c8e2a2,beleza_saude,50,614,1,367,24,14,23
2a15783d3cb601f8d9a6a86806b037b3,bebes,47,1080,1,600,38,5,33
b953d9a0d8c056d4144acbff1f0adc80,automotivo,59,763,5,1100,23,7,38
34239894e175b17d8c84edc6c73b4dad,bebes,35,221,5,400,29,12,23
af8533a77adce26dca87480c4c5c9af4,cool_stuff,60,1168,3,550,17,7,23
62410fbefbe7df2abf7e6b23e64255ee,ferramentas_jardim,55,980,7,8050,43,32,22
2a5806f10d0f00e5ad032dd2e3c8806e,moveis_escritorio,46,1350,1,11875,57,55,22
3779f2d78a8cc041bcce56232d83befb,automotivo,58,1275,1,1125,20,17,17
6c0d0bb889a282484443de64903f88ac,utilidades_domesticas,48,663,1,700,23,23,20
cf02395ed36c61d5ce31bdecce9767a3,esporte_lazer,58,1155,6,750,16,11,15
40c36dbe4fd510370d40e09ae7670a26,bebes,47,442,1,250,16,16,16
c477957dd9b5f51032f3631c50630585,cama_mesa_banho,29,796,1,1600,35,20,25
d3060c543b1b88a647cc284ed7a9dd4a,pet_shop,38,817,4,6200,69,10,49
2028bf1b01cafb2d2b1901fca4083222,perfumaria,54,1536,2,250,20,8,21
5f0bdec2fb222061ed8fe52586a5957d,telefonia,42,660,1,113,18,4,11
3918bb60ff48662029ca9f1e1f7b9842,fashion_bolsas_e_acessorios,59,352,3,550,43,16,27
5929e483b6df44414c047cac38873fe6,esporte_lazer,22,300,2,650,60,10,20
e7d5464b94c9a5963f7c686fc80145ad,relogios_presentes,42,938,5,275,16,14,14
3225c54bb2785c33f49f50398fcdb88c,relogios_presentes,47,547,1,269,17,11,13
c1bc9defa33e2379fa66e43dd1875480,moveis_decoracao,49,170,2,6000,60,30,35
91a3881d2f8b6a993db6ba07284637f5,esporte_lazer,39,1195,1,600,16,16,16
fa54ba82589db68838ebe0225c34f30a,eletronicos,34,212,1,16283,19,14,15
b8c89bc5fa5dc01a5d0e9d7ff0c6ecdb,cama_mesa_banho,55,444,2,700,50,16,16
1b34de23397f9ce6cd0f7afa27b60eac,beleza_saude,33,3664,1,430,22,17,21
7c1bd920dbdf22470b68bde975dd3ccf,beleza_saude,59,492,2,200,22,10,18
09e68b02ea2a0a677c692faac3735c9d,esporte_lazer,30,626,5,227,26,15,19
a1efe4a86746c22541813e22e1d23e33,cama_mesa_banho,52,289,1,1950,34,9,33
3c5ff6cfedc787b5fcef300fc43100c0,automotivo,53,2118,1,300,24,18,18
4b2772e2e34787603725226af352e466,beleza_saude,30,150,1,200,16,9,14
e5eadf9be70a4a9fa514019542fc330a,eletrodomesticos,48,543,2,1200,35,20,30
de2ac390da8e5e9cc2c6bc88d5c5357f,relogios_presentes,41,438,1,400,20,14,16
cfe9e8e1f0400c8cc665d41722f34086,moveis_decoracao,44,696,4,1500,35,40,35
63085bb4366ded27bcb63cbb59b4103a,bebes,53,872,2,13100,38,47,44
7c1001239dfe84755f6c35910436abd1,automotivo,58,1125,6,100,16,5,11
c077c1ab5ccc8f57fd2fb6fd2f0b03cf,utilidades_domesticas,53,786,4,725,29,15,23
dc66bd48cefb7c7c6ad6684a305b6bf7,cama_mesa_banho,60,340,1,13050,55,40,40
1c9b5793de6c3d9117b6218552c87a8f,perfumaria,54,956,1,50,16,5,11
ace1e48f1eaabcd539235e93e361133b,moveis_decoracao,29,356,3,400,25,5,17
915c18c67d0b3cd469475eccc0d1a7bb,eletronicos,46,391,1,150,18,12,13
5bd6493a2d5a384987386f2696bae33d,telefonia,59,405,1,150,19,4,11
ba10a94473b332e323abe844988c8237,informatica_acessorios,44,526,1,573,21,14,11
b3e40ff639c185b9d726b4b19c17e6cd,cool_stuff,55,934,1,2150,42,25,15
2604055d4992311bc72b115b6d5adda9,esporte_lazer,60,1971,3,1600,80,20,25
57f2bc497c1a3ebe41ba7a06d78ed159,relogios_presentes,55,336,4,250,16,2,20
8466762a9393a2b2b1de73f3cf6081a3,moveis_sala,29,104,2,2700,47,6,47
67fa36df2c5e624059dda016bfd72e15,climatizacao,53,286,1,150,20,8,13
c3f8ee7e05c01c61ab863e336b0f2e5e,informatica_acessorios,52,381,4,24050,60,40,60
4821fcfd5ac4f89ee295f3ac1f20c7a3,utilidades_domesticas,45,567,3,2900,52,3,32
19884358087155dcb193ae99f344fa30,cama_mesa_banho,56,405,1,1550,40,10,30
0f840300fe45ba963a5d215b62e6f767,brinquedos,50,167,3,350,16,13,16
ac20a9614b6db9e7289b85c4f4b6216a,eletrodomesticos,59,190,1,1250,65,8,38
0c3ed87d108f627980e66e9258f9c305,brinquedos,56,342,2,800,35,25,25
ee6c49af1a2de55aa0e076257ab4ab99,informatica_acessorios,47,956,1,140,22,14,14
72f78c618c8f81c2b8f0ffd2a51293b4,esporte_lazer,49,493,5,1800,52,8,21
ec2d43cc59763ec91694573b31f1c29a,cama_mesa_banho,38,735,5,800,20,20,20
40f999464ef29d2a07cfaca1eea4c210,automotivo,44,334,2,125,16,20,20
544ffb995c65fbbe68f36f36e388dede,informatica_acessorios,60,290,1,800,33,12,12
9ab817d90bc61ed772ffea01b4cdcdb6,beleza_saude,57,1262,1,450,20,12,12
783dae38feb9e3a364e24e25168cfa8a,utilidades_domesticas,55,842,1,14350,50,50,50
679a3e5e1d2bb68982be5734c6e55e63,casa_construcao,57,565,4,800,38,38,22
6e415cdc78febbdbe465df65d52dbc19,bebes,60,1110,3,450,25,16,29
c351fada6ffa67ee3876b1cc568a90b0,esporte_lazer,46,2393,2,300,20,5,20
ebfe7a4ca40dd34375e373405a114c32,utilidades_domesticas,49,79,2,417,19,11,18
ab3c88a070e61288a0f37d8ea38e7cbe,moveis_decoracao,49,666,1,3450,30,35,30
cfcb14e1f3b7ac5213b4e2ae7697598b,livros_tecnicos,20,608,1,350,21,2,14
42a2bd596fda1baef5719cb74f73030c,cama_mesa_banho,60,188,1,1300,44,2,35
43f911ac50adc19a96cd523ade4e7cca,beleza_saude,58,963,1,1617,19,15,18
4724ffa427f315c485e39b02e21859b2,beleza_saude,52,1059,6,550,16,9,11
18e2f2853af64a5c039fb829e8609da1,relogios_presentes,55,457,1,600,16,11,11
fa381a4a9af65ea5fc8f3829214045f9,esporte_lazer,60,1351,7,3050,62,10,22
3c4fa3a3881df35a8f19bec369491d50,beleza_saude,34,426,1,606,19,11,16
144266e1585320d057797a369596bb8b,cool_stuff,39,765,2,1925,30,32,27
ee5329ffbe604bebcf84b2fd7792024e,beleza_saude,53,84,1,250,23,7,15
6ce07ff93c0dbafa9df5c10038e41287,cama_mesa_banho,33,1061,1,4150,26,26,36
4cbe2c068a0dedc1d12e126a2e7a15e3,esporte_lazer,21,606,1,8700,32,10,11
9e6b8ecc9fe47cf9c40c3709b67089e0,moveis_decoracao,63,285,1,2500,47,21,41
cff277cb1dc167f45eb05eccefbe4b04,informatica_acessorios,52,365,1,200,20,12,12
875db2194361bf1a20064ccd2c697532,alimentos,58,2576,6,930,28,12,12
09c3a2ea33f044aebffecd6681e00133,moveis_decoracao,45,494,1,1150,35,23,35
fca62108387e25005784da2f551466a1,moveis_decoracao,42,87,3,14600,84,8,84
3b8b957801a5b4bca1a4f5d1f5d32aef,telefonia,30,350,3,100,20,4,15
679804d4938f8bf53025298b725f2eb6,market_place,63,677,1,500,16,16,16
1613b819ab5dae53aead2dbb4ebdb378,automotivo,60,982,2,50,17,10,15
33fac76e7f17367dedaef7954bbb33b4,beleza_saude,63,1113,2,550,20,20,20
bc43d9cc64d7ff9093e8dd66b4d87665,esporte_lazer,57,969,1,1125,31,29,29
ac6c24af9f913c9375a3ea77883bda6e,automotivo,28,325,6,300,35,3,26
81a266bbf4c7aa3113db84e81ca899b8,moveis_decoracao,63,254,2,1800,41,9,34
18b0e642cbae7251e60a64aa07dd9eb9,informatica_acessorios,24,718,2,200,41,2,29
0388b93e2992639ef7de7b35b2ba91b2,fashion_bolsas_e_acessorios,50,427,3,2100,16,5,11
4298b7e67dc399c200662b569563a2b2,informatica_acessorios,58,420,1,200,21,14,15
1b7b45fba5ad23e8117914f8b36e6772,esporte_lazer,46,1277,5,1600,42,10,22
fc9f1b7e877d87c6e78cc32686a73a27,cama_mesa_banho,56,701,1,1000,50,12,12
c8ab4e1fd53092c488c0a1777d522b41,brinquedos,50,591,2,6350,55,25,20
c5736c891e81c20ebc49de62980c1136,cool_stuff,43,421,4,500,27,5,27
0d95dd6703959afe6f64c7ebd49bd9e9,papelaria,51,261,1,1250,16,39,37
fd1eb7fd67e76cf3283618735a57cbcd,perfumaria,57,2670,3,1600,45,10,24
0678913581818c6056713a9b02f5ceef,automotivo,58,1934,2,250,19,19,14
e71f3cd0a0ef69b7fd173b32322dc6da,utilidades_domesticas,32,251,1,600,30,30,30
e870001ffe8a98a3318c48957bd271ca,automotivo,58,1658,3,200,25,7,12
6a1c65dbbecc1ece8c22856122a774ac,moveis_decoracao,53,770,1,13650,45,35,45
2d2fbde9939c282238dc0847b04c5018,informatica_acessorios,48,343,4,300,22,12,20
ca9b2caa4f7ec65aeda5825e09dcf99c,moveis_decoracao,57,2115,2,600,68,8,13
ff6154cee42bf2718cca4865f0620e04,ferramentas_jardim,30,139,1,600,24,22,24
f720c39eaaedbc6f37a0cac64fe6a6aa,automotivo,56,374,4,150,17,21,15
6abd84909e8ed79ef808c16f90b91093,beleza_saude,56,389,1,250,16,5,15
0c761b0e33d708e6a3694a94ac4b82c4,beleza_saude,45,1982,1,2200,35,10,18
d7b39598905ba8e791fe3f1f376d59f9,,,,,200,28,9,18
bb42f37fc3d9130e4a4339d24a47dd7c,cama_mesa_banho,59,81,1,400,20,2,15
7c2d0df8e5fbfa71d54a400b33a8502e,beleza_saude,59,1515,1,138,12,9,18
f361fccba568fabe00db466f80626d1e,automotivo,20,908,1,75,17,8,13
0ce1e35bdc6af7e582e7ef9363e29b5b,telefonia,57,607,1,100,16,11,9
927c2a01437aaec44d9b67f277b55eab,moveis_escritorio,44,1208,1,11350,63,61,24
aee9cd26256b232251c668f81a66a52e,telefonia,49,498,1,100,19,4,20
98e0de96ebb0711db1fc3d1bad1a902f,eletronicos,60,3007,6,1571,18,6,18
31a2fd4c489928b895ded31469fcbb5d,fashion_bolsas_e_acessorios,40,417,4,150,16,9,11
2267f81f3634e3fdd5d27151ddad3c26,cool_stuff,53,419,3,9650,86,8,40
41c24b8ce92d1a2cac62db5edfd088b2,relogios_presentes,27,178,1,314,18,11,14
a8de27e0e3c906eb51872553801962b7,papelaria,58,371,7,1900,28,55,37
575a896d07cd269eb0b2b8762e0be261,esporte_lazer,60,902,2,6150,20,20,20
833b7baca432a26ccfc3e3eaa8271519,fashion_bolsas_e_acessorios,42,261,1,100,21,9,14
e1ed9c25b42fc1afbc7459cc821a9d44,construcao_ferramentas_construcao,22,101,1,7700,50,20,50
4ddaadd618ebc681d6730057c360ab8e,market_place,23,235,2,1100,30,5,45
12f066474dfa3c415c169051c5e1967e,telefonia,60,749,3,200,22,8,15
88ffcf27478318ba55b1f9d22d65ce97,construcao_ferramentas_seguranca,53,246,1,600,25,31,25
be1d0cae4c4acf0350ad1295fe5a3299,cama_mesa_banho,52,455,1,350,16,10,16
3eef0cb94ba82de806bb30ab743c7655,moveis_escritorio,26,1177,1,11880,50,60,27
f7a17d2c51d9df89a4f1711c4ac17f33,utilidades_domesticas,56,1245,5,350,22,8,19
6a1a04054158fe995e1688d8f79605b2,esporte_lazer,59,254,1,1650,40,45,25
f48d34d7fa5828bde48c15d602f26aa7,moveis_decoracao,63,233,11,3000,41,17,32
4f0abfbee7569e43b80f9aaa256a9bf8,beleza_saude,60,919,1,150,22,3,15
dc6185221ef0ba24510b48e0612fd51f,cama_mesa_banho,52,572,1,6700,30,20,20
c5cc16e72344194c359106a8061c83f5,automotivo,58,904,1,2750,35,20,20
d902e8400cd0c58b64ea157af940e670,bebes,52,786,2,3800,44,23,43
0ed27993e016d4546e2038bfd75b812c,,,,,1000,48,8,39
92f1f77b7f3c73831fef53406c195302,telefonia,46,1267,4,350,20,15,20
b7d35019c9f8e0eeff52b36a59eec8e8,eletroportateis,55,1654,4,14600,35,30,34
70accfd08e04dffc605f6577d4e852c4,beleza_saude,58,1672,1,350,28,24,11
6eb70dfb283dc3f645ed7b03c990dc72,audio,31,251,2,343,19,11,13
84f7fd2c1044599c234663aee75a2fcd,esporte_lazer,60,648,3,300,44,22,42
6bd248f93425ceeb625a8a97e2404112,papelaria,39,217,1,550,46,10,32
5f6d8e9b4925b2a5cb271f55aea07896,cama_mesa_banho,48,324,1,2050,39,11,35
0a32d8349e99e8cdb9a5dec7d3f94985,utilidades_domesticas,28,416,1,300,22,6,11
dbf23e54e9fe684d5774201bdf0de80f,utilidades_domesticas,58,71,3,500,20,35,22
a035b83b3628decee6e3823924e0c10f,perfumaria,53,2235,3,1450,20,25,20
08f457ff8eec8dfffecc0489179e7db5,construcao_ferramentas_construcao,60,3407,2,2300,16,11,11
4fcb3d9a5f4871e8362dfedbdb02b064,automotivo,53,603,1,5950,65,11,65
368c6c730842d78016ad823897a372db,ferramentas_jardim,57,366,2,1650,30,22,30
d418ddef3e7017381084956220b00b9d,eletrodomesticos,54,354,1,100,18,8,13
8338cef8355d238f43711dcb9c0657b2,moveis_decoracao,59,473,1,700,30,3,20
0bcf6f2768e7e4cf76462a7b7e0ca0c6,bebidas,46,805,1,150,20,16,16
cb81df0e3ccece253557f2a07df4727e,esporte_lazer,25,469,1,225,18,15,16
9411bee3a54ddfd68c52f1fdf4cd446c,moveis_decoracao,19,191,1,400,30,5,30
5c59756861f289b773f83871924200eb,cama_mesa_banho,40,729,1,3100,20,30,30
18bbc803715ffa8ec1b58bd3f737fdca,informatica_acessorios,38,665,1,850,16,11,37
c10a7001e8b49dfc03817444b5f2ed81,relogios_presentes,46,670,1,500,16,2,11
45db4516caf5bf0516fb08b73fd14d1e,malas_acessorios,47,571,2,550,16,6,11
6df665a20caa80a66804f836165bbf36,automotivo,48,1841,1,4300,31,11,31
be68ca1484d5bcc92f0949413e5eb445,ferramentas_jardim,34,423,1,900,16,16,16
5450ae624c196f64c291a61b12ffa3ee,informatica_acessorios,43,321,3,200,16,13,18
38afdf723b95d455b418a0f57d623c6b,moveis_decoracao,38,479,3,2500,34,6,28
2983053977d2a69111a0a674fb7e5fab,papelaria,59,344,7,2000,60,20,29
261244fc4d0197d8772346872f5b0f5e,moveis_cozinha_area_de_servico_jantar_e_jardim,54,785,5,975,41,12,12
7ac5f520abfc0589418bc7c76cea7a7c,cama_mesa_banho,59,349,2,1550,30,10,30
ab507d0f8d9ac91607f9cff20a8c5684,climatizacao,55,855,1,4800,58,59,25
1e88eb1734651579b4928df098f4d86c,moveis_decoracao,60,702,2,600,26,8,17
6df3e292ba834323d4d8164d4c88e698,bebes,50,524,1,250,23,14,28
634256dbcd184b3757ffd7632c9fe52a,beleza_saude,49,295,1,150,16,5,17
cd46a885543f0e169a49f1eb25c04e43,informatica_acessorios,58,1390,2,3475,54,13,48
b44ac72ece514e2e7985803cf7cefbc5,livros_tecnicos,49,894,1,367,18,5,15
50b9ed3a22932b28d452c73046083f5d,esporte_lazer,52,1321,1,254,17,15,12
71a033537c0b1b79fc26e6d0bb3bb1a2,moveis_decoracao,56,227,7,950,31,11,26
7aa09531577c4f30eaf1f6cbe61f6536,esporte_lazer,56,1249,1,4350,20,20,20
bb77135946e78428a7a5634a46113a22,bebes,57,271,1,600,25,15,25
aedeeed7f1b4f0f8be40518d70991770,eletronicos,37,402,1,150,25,7,16
2f20a2013902657c0800ddf524514e4e,cama_mesa_banho,55,392,1,1450,20,30,26
def080e33b38a4c756347d4665b40a7f,musica,45,1465,5,1850,55,17,15
e482ad963bfb9a9abc51b9850aca97b7,utilidades_domesticas,45,293,1,250,19,8,11
45c16b5961d3c6b54f202121673a2c44,cama_mesa_banho,55,415,1,2600,42,16,36
2722b86640ddc24e1374c2df1ac2a230,construcao_ferramentas_construcao,47,1139,3,1700,26,9,20
5a2c5357841ae997771d179eee3f2027,esporte_lazer,48,2523,1,10443,28,29,26
9298a9128d39e1ff0dc62e143e8bd328,cama_mesa_banho,57,150,2,1300,47,21,41
55f166570845e0a7b4456edac9c420b7,automotivo,42,431,1,975,32,35,29
bdeb69e094c42de582310fffad126d77,automotivo,51,424,2,100,24,2,17
5fc604f5f76a23b94565f06a830fa835,esporte_lazer,51,302,1,400,20,20,11
46f739c1cd676603026c0af4d29ef7a5,automotivo,55,212,3,1850,20,15,20
59f4103b8313232d3abe6630105b925b,papelaria,55,1006,3,800,17,28,40
2653c1a28e65f36161bcc73f0ca52727,bebes,53,829,4,5150,40,10,40
d2085f7e0f9533605386960fc7e987ec,ferramentas_jardim,40,207,4,150,16,2,11
2511e504fd7794c668a8521aabe3713d,cama_mesa_banho,60,298,1,2650,33,7,39
6ea2d74d5dd2317844dd17f16da75a5b,esporte_lazer,60,576,5,2500,80,12,22
df581a0b9a4bf71da645a0a3d5d2b4fe,pet_shop,59,1002,4,3000,41,16,27
6522b16614da30655a6a5ce4c8f2fb8b,cama_mesa_banho,48,1056,1,550,18,10,18
2ebf71f199b0f3f3331af7d426ad714c,utilidades_domesticas,56,561,1,600,35,27,27
beaf3fee881a18c9b8f551d4fc88f90b,beleza_saude,53,763,1,875,22,15,12
7f2e92915d542ef574c7327977959a14,consoles_games,41,253,1,400,18,7,14
1d4de03a6141ce2a2ae5a97f51cabb37,cama_mesa_banho,32,253,1,4050,40,15,23
2f785af0f4f132585052347521b90b29,beleza_saude,46,456,1,529,20,18,16
67d2c4ee8fd08752a32aae5f878740aa,telefonia,45,361,1,100,19,4,11
be359e4dfd741cfa415d9965fe0c417f,pet_shop,55,348,1,13800,75,20,55
404a57563d487aecbc2b1a01d9b89aab,cama_mesa_banho,62,313,1,3500,45,15,35
a59fb60fddcc72a9878b7ed5cb69d8e4,audio,48,424,1,200,27,5,20
11e5548d5bc9bd5ef53d3574d9f1c0bb,moveis_decoracao,64,3322,1,1600,53,8,11
924526b79ddb063f802d7a11720d7b5e,perfumaria,55,838,1,200,21,16,17
afdcd7fb20b2bb98322d2b1400c074cf,eletronicos,47,427,3,138,21,4,11
9e0e152552a1323f7e5dcf63d50cdae3,perfumaria,48,969,3,400,20,11,11
54df09a5996302d51d8c0d81cbcdce39,eletroportateis,45,956,3,6950,31,32,43
2152380ff2e0afbc8c1c5b7c72732c40,moveis_decoracao,57,216,1,1300,40,6,32
8d219c7aa1a8032569bbd8c4ad515daa,esporte_lazer,52,914,2,4350,20,20,20
75d3880783e696c130527f026ee302d4,esporte_lazer,41,243,1,400,44,13,44
f2af004352a06a99dca765596240cbc3,beleza_saude,61,1054,4,100,29,5,15
3a8320b027e8c8359d0a326844bc03e1,fashion_bolsas_e_acessorios,33,269,2,2000,30,10,20
ab1f9387c0627dd24000bfbc54fdeee0,eletronicos,45,456,1,175,22,11,16
d65b6607952f9e0d705b1cbdc92ac027,cool_stuff,57,768,4,500,27,10,15
e43311c5b307c31b994c47588c59b168,moveis_decoracao,50,500,1,300,25,2,17
aa280035c50ba62c746480a59045eec4,brinquedos,56,678,3,200,16,8,11
20f160a9cf2e856ee5eba259e9ae33f9,perfumaria,56,1224,3,556,21,16,16
64b4f32393cbf55be791078e7a2adca0,relogios_presentes,56,817,1,50,16,8,16
e55ed19897a6692649240b894020d683,ferramentas_jardim,50,187,1,8250,24,102,30
419b12eaf8841add29c3503ee6cddb91,esporte_lazer,60,1552,3,1450,105,15,15
3554200c1d7f3b4b39a0ae68aa1c0a54,malas_acessorios,56,267,1,4633,37,34,30
194163a8a65a48a8c95623c399a9d4a7,,,,,1600,48,8,39
42877980a9990b1391c279582c1aa894,esporte_lazer,59,1013,3,200,20,7,12
622bad99b4296aade0783ebecdd3fa15,esporte_lazer,47,1249,1,400,27,6,25
2f1927c926303d27159849d2601d5d96,esporte_lazer,40,354,3,650,28,20,25
2584d5fa1ac792c8c26168eca51bb4d0,casa_construcao,56,797,5,9950,52,22,52
49d89239eb92d383e390b38b9bb792c6,automotivo,59,580,2,200,16,5,20
0127db1f4effcf8f5b88d80588bc5624,relogios_presentes,53,555,1,200,20,7,15
db91bca0e0253d71433c22ac5acd0fbe,papelaria,45,513,2,575,23,26,14
ef0e165d773ec293c5aeb5470a08b183,cool_stuff,57,1620,1,2250,16,40,16
bf666278787c1150f040f26d618c4a9d,construcao_ferramentas_seguranca,60,605,4,600,20,20,20
f264c1d9b20b5e4a340254d0405e613b,cool_stuff,48,874,1,1050,42,25,15
c0abb5707b6d57b4e7d9797222a77fc8,beleza_saude,60,850,1,417,25,7,22
7564c1759c04fc0a38f2aa84f7a370ee,construcao_ferramentas_construcao,59,2432,3,1200,16,11,11
e41879396cfe504fa2e6951eb7e5a76c,beleza_saude,59,371,1,500,19,17,15
2b4609f8948be18874494203496bc318,beleza_saude,59,492,3,250,22,10,18
2a3539131370b3ac020dd5f7a656a53d,eletronicos,60,442,2,1075,21,9,9
b7900dadb2e17d3f270cd487b7df185d,cama_mesa_banho,54,909,1,800,25,5,25
2052b3c5e08893e567c2fb7778476c75,informatica_acessorios,46,227,1,810,16,10,12
9400a388ad4fbe5e9d381a9762fc99c2,moveis_decoracao,59,2045,1,1550,25,16,18
4cdd0c9eb93994b4c2b313ecb2c8b5ca,utilidades_domesticas,53,532,1,250,20,3,20
489ae2aa008f021502940f251d4cce7f,utilidades_domesticas,31,875,2,30000,60,61,33
22594ba8fd9a72ad95d352929c821560,moveis_escritorio,31,1076,1,8450,53,50,16
65dfa5d20f4beb1a0f6aad75c004434f,cool_stuff,51,729,2,8450,45,24,39
69455f41626a745aea9ee9164cb9eafd,relogios_presentes,41,408,2,501,18,13,14
cec09725da5ed01471d9a505e7389d37,esporte_lazer,52,1197,1,2500,20,11,11
807b118bfa0f764901f5a528e0e3b7f9,utilidades_domesticas,24,136,1,1500,45,25,35
3f0b2aa04502b87638f75da7b9cae50e,bebes,45,664,1,122,17,12,14
1164c17af70425821f88bfbdc9e907a3,bebes,44,282,1,550,50,10,50
ea4f4b5a820fea007c6c8d7ef9a790bc,informatica_acessorios,31,694,1,167,16,14,13
f98ab3dc92c46ebabdc8f613acfae537,beleza_saude,58,1419,1,210,33,8,19
134957eeec87be2414ac629ee0b947a4,informatica_acessorios,57,1370,1,200,20,15,15
f2e53dd1670f3c376518263b3f71424d,cama_mesa_banho,53,236,2,1975,41,13,31
73353895a654703808e8ac484d6abe20,pet_shop,56,1143,2,1700,50,20,40
32442bee23baee10041f5a964cfcbd15,papelaria,48,1235,2,800,20,50,40
977e5f8adaa0cd1dac4f4b1969ec598b,climatizacao,37,1907,5,300,16,10,11
bd69e6d599b9a3d9c298617c14e46f9f,cama_mesa_banho,54,405,1,700,45,15,30
a9f386c43d436bf2a431efe073ecbc70,informatica_acessorios,22,716,2,150,41,2,29
2e513e110e3f95926fa3d1ac44444ff4,eletronicos,56,320,1,150,24,8,16
32808768776c3aa459e4a6e143644cd6,pet_shop,51,1348,2,1250,30,15,30
e3217b2b6ec69befdfa1e98962b2565d,brinquedos,57,882,4,350,20,25,20
8c7274c4e638e7f229007fe28aafc741,,,,,1950,40,8,30
bff9d75e90c1ecdb72ab40c3aafe7e49,moveis_decoracao,56,2042,2,3000,69,11,11
3581c0b0a9a0bcd1a49381b65b4cd7e6,cama_mesa_banho,60,369,1,2050,45,22,33
0e429613002a4b7dfa4554005e2ab8d2,eletrodomesticos,59,250,1,250,27,13,17
c6dd917a0be2a704582055949915ab32,cool_stuff,54,1012,1,1200,42,25,15
7edd6cf84eed8d7a3b63543734fb1249,papelaria,42,456,1,750,16,20,35
a7d454bed93698b6ddb23f865e69f111,moveis_escritorio,40,2137,1,10850,58,28,58
40cb7bb3d30559b9b6c4fb62bc837962,cama_mesa_banho,54,617,2,350,47,4,35
6d5172990dbf91301b99da2fc11c9609,eletrodomesticos_2,37,388,2,1938,32,19,21
b2fd74298e16eef2568d2f9dff6042c8,utilidades_domesticas,50,364,1,10450,61,28,28
bfb09aea4e6432b4b0588f9ce9062a9b,automotivo,57,361,5,100,24,2,17
31f818fab5ba17c1c2f9b25b33630145,relogios_presentes,29,1533,1,250,16,10,11
aadff88486740e0b0ebe2be6c09476ae,beleza_saude,56,390,1,250,16,5,15
f56596f8f7191441f17b1a1fbfe37a75,brinquedos,46,195,2,575,23,17,20
aba86c093ccdbac75b09111d57e50004,moveis_escritorio,41,154,1,2600,40,45,39
0c8b6b6e4f9ee5fe2c48d6cee4c69bc8,sinalizacao_e_seguranca,51,742,2,9350,55,55,22
e5989cd466f0714e1439b95bf6a279da,moveis_decoracao,31,471,1,1200,20,20,20
b813c88d024da60c2cbdf7a531e4fa77,perfumaria,60,441,1,500,23,8,15
df10a782c44fcfb00afa5bba65777d74,brinquedos,52,962,3,6150,60,17,34
a337a861d9d1f1156c9d5d020618b2cb,fashion_bolsas_e_acessorios,27,458,4,150,16,12,16
685919d3ededc26c0ec078b32241025a,bebes,48,1369,2,6850,48,25,34
cdeefdce9704b2a961a01e89b1f19e7b,informatica_acessorios,52,2518,2,400,28,6,20
be837f2e0152a208d4386f4126d5bd7c,eletrodomesticos,60,940,2,950,25,11,15
1716ea399ed8ee62ba811e6f55180f45,automotivo,25,712,1,200,21,17,17
bb09e8007aff97a9452967b19430cf53,utilidades_domesticas,57,571,1,2350,25,30,25
2343570575e2990224008969445d7402,relogios_presentes,60,515,2,100,16,3,11
6fc28511c465f5eb21a83573c9f3d29c,relogios_presentes,54,650,1,325,25,12,23
875354d714cb706c1429cbaab1c358a4,ferramentas_jardim,52,317,1,10100,53,30,38
a5647c44af977b148e0a3a4751a09e2e,moveis_escritorio,48,1066,1,12160,56,51,28
8c5876b1c7768217964f353bc7e64393,telefonia,61,440,1,250,18,3,28
7b10697c2c3686763958e2c55e8fe2b9,instrumentos_musicais,52,648,1,2750,103,12,17
c2a1ff8408a1c857c8730e4d12da714e,utilidades_domesticas,56,1221,3,1450,21,17,22
1d116eece9b8bf17edaea2f3bc0f7324,fashion_bolsas_e_acessorios,29,107,1,800,16,10,15
63dee6756e0e8bbf04e52803409d4673,pet_shop,49,352,2,4900,50,20,50
f51bda33ab6008cea43d2be021b866c4,moveis_decoracao,55,285,1,600,50,15,40
ea4202e8bb909ce3b62009e02da04a54,beleza_saude,36,401,1,286,16,18,15
2635c3e7db0ac6cb3e733cac61ce0ba5,utilidades_domesticas,45,466,1,628,21,31,18
9b9005cfa3747d9fa0d544fc9f994c14,ferramentas_jardim,43,1067,2,700,33,10,18
76914818a87f9b6b320e136e17e6ae06,moveis_sala,33,317,1,13800,59,17,58
4a300735bc293723103db0d0c1bc1585,telefonia,42,661,4,250,16,4,20
5567c10de36ebd118569fc875d064e1b,moveis_decoracao,56,472,2,500,80,10,60
ff55834c0b3272853dfe62340f2bb91b,relogios_presentes,52,150,4,250,16,2,11
e338f548cda0b52650b9acfd317a74db,fashion_bolsas_e_acessorios,40,444,4,150,16,5,20
da9e08537d4ddc6682410370bbbb04f1,automotivo,56,1723,6,250,25,10,15
dd68bcbc459a7f8b1e8d41efd8e076b3,papelaria,43,785,3,1825,38,21,38
37cf51a1aaaf1d36fa54d980867b6fbc,telefonia,58,818,6,300,17,4,12
9c5c6989f78912e5eca376eb0eda483f,beleza_saude,57,2453,1,1150,22,5,16
34dabb8af33b3756cf72df05fb327011,tablets_impressao_imagem,56,512,1,300,26,10,26
4c1e109ecdf58453de365d217cefa64c,pet_shop,37,1219,2,974,26,30,28
4180a49d4b879e727ad2c8e82a9f4d87,esporte_lazer,54,1598,1,250,16,15,16
df73a8f4ff200bb4571bbb961c6f6987,telefonia,59,601,1,200,19,4,11
6bbe55cf8f85c87b6eebb775a53402f4,tablets_impressao_imagem,54,512,1,283,22,12,21
8ed094bfe076c568f6bb10feada3f75d,moveis_escritorio,43,1128,1,16133,63,59,25
61e2cc02b96d5d61c27e21754260dccd,papelaria,48,182,1,300,25,11,11
a45d376e2359c18076d5c16a042777e5,esporte_lazer,54,1814,1,1286,24,21,22
6b7b5d0adc9be5fa4c0e68c102dd51b4,relogios_presentes,57,440,2,600,18,18,16
057041a5c3e1080ad700db092badca71,cama_mesa_banho,59,395,1,8950,40,25,48
e01bc2ad5c6f46c0f53f73379fcd602e,esporte_lazer,28,1182,4,900,50,6,20
4f33e0de0408eb2d6238a9f41f55acb4,beleza_saude,59,1064,1,200,16,8,11
939ca4eeb18f951c099e1178bc50772c,pet_shop,60,396,5,1500,22,19,22
96ef18649cc53717e0028b36c7c69774,moveis_decoracao,52,485,2,500,35,8,35
36f60d45225e60c7da4558b070ce4b60,informatica_acessorios,33,300,1,207,19,11,14
5ddf71f0c832e1af820031a5a62beb01,eletrodomesticos,50,719,1,100,16,3,13
6ae38d49db7fc65ad1779828542aecba,ferramentas_jardim,42,317,1,2300,23,22,19
a5341e3f8155dbb3e62323d3ea289729,moveis_decoracao,50,422,7,2850,40,5,44
775917a2882dceb1d02aaa6b1abc1b24,moveis_decoracao,58,408,2,8050,52,18,35
f26157889d4e8ee5b3cbcce8e51c7d2f,esporte_lazer,32,534,4,2350,30,25,15
fa7be99321f2dbb1e518d2139ccb1d39,esporte_lazer,63,1908,5,500,27,15,20
557d850972a7d6f792fd18ae1400d9b6,ferramentas_jardim,39,1310,3,13805,35,75,45
610c673331ac3c4fa0f393ce5af9aa2e,eletronicos,43,381,1,150,22,11,16
2814b5e91ca5da1c238fc3ddf9616832,beleza_saude,58,1058,6,350,16,7,20
dc52f0f5d3ec37a93eaf956cde4e5d2c,relogios_presentes,60,539,7,400,16,2,20
d2f5484cbffe4ca766301b21ab9246dd,informatica_acessorios,51,448,1,180,16,9,16
eb58d9eb4488178a84d9df65e7a42ad4,utilidades_domesticas,58,743,2,920,50,10,40
7a2f315c0441e5d437270cdfcb089c43,moveis_decoracao,25,271,2,13700,50,55,50
a4fa3b8fa5953b0bd18bf4e0b4de499d,cama_mesa_banho,58,189,1,1350,46,2,36
f80214fd7d681d1dcf12b3acaf4f0da7,moveis_escritorio,45,1156,1,12250,63,58,24
e1b8f6708fbd98896278e000251dd8c5,automotivo,30,530,3,650,24,13,21
c8dc26795ea2ee96f3fa57453cd7667e,pet_shop,59,888,1,300,30,30,30
c4fa0206ee58c2694c9642e6483b576a,perfumaria,51,784,2,525,16,15,16
57d79905de06d8897872c551bfd09358,telefonia,59,540,4,300,17,4,12
bf04528618b481f107b7ea5747432102,eletrodomesticos_2,46,1147,2,300,16,11,16
3a190a87d4cb405372538cabe41788a6,informatica_acessorios,51,1066,2,375,16,13,14
51250f90d798d377a1928e8a4e2e9ae1,perfumaria,54,937,1,50,16,5,11
b86342c63a6cf10c0bd92517b1a592bc,automotivo,60,1657,3,550,16,21,18
0364c36f8e845e4d309c0a3accc04b1c,moveis_escritorio,47,1158,1,16800,63,58,24
43423cdffde7fda63d0414ed38c11a73,relogios_presentes,41,1159,4,350,16,14,11
a0baf68f73515bb20254e024f0cae124,instrumentos_musicais,63,995,8,10000,50,26,46
7192b9106c527efa0a6201bfe26ad753,bebes,29,989,2,2800,51,35,26
d8a3b568800dd60242c366e5e02184e4,esporte_lazer,56,627,4,550,16,10,12
fe1ee1f8bfbb79fe10856189a0c35229,utilidades_domesticas,49,413,1,1400,33,26,28
f32415d23c358ef1e387a7d329d9ce9f,papelaria,59,276,2,550,66,12,12
cd7f7f00061ea28ae06afc6dc5786cf0,moveis_decoracao,33,1183,5,350,68,8,13
1427b126f61597524866770b05d4eed2,informatica_acessorios,51,378,1,200,17,13,13
3ab181ea2f9cc4be74bad27ef8a03492,cama_mesa_banho,57,293,1,3650,40,10,30
35e30f098f0bdf1af247ff22a9b14fd8,bebes,56,718,3,5050,30,5,30
03fed41c5e9067007d852ff83d602753,brinquedos,46,1107,1,19650,75,76,22
ca5c923962558430573f83661dbe36d6,pet_shop,59,747,2,1250,40,20,30
3a362c0e7f9a69276e2d95869a3e143b,beleza_saude,60,919,1,150,22,3,15
2ffdf10e724b958c0f7ea69e97d32f64,relogios_presentes,59,582,1,263,17,12,13
a8cb589d0aa5e6308a8fcf133ecca711,,,,,990,18,27,17
3a4c258c71b027dfe480fdb608e2d9a1,fashion_calcados,53,408,5,1400,22,12,33
811f973313e8219988a69cc140c447f0,cama_mesa_banho,50,465,1,13350,20,20,20
0bcc3eeca39e1064258aa1e932269894,ferramentas_jardim,57,339,2,1800,37,22,40
ee99026a2d04ff2294f42f8cf337029b,ferramentas_jardim,54,1736,2,1300,25,14,24
ecf23a6c1689e2bed38171ececac6138,utilidades_domesticas,56,1688,4,1700,16,17,17
b988dcec4901f325d06b162e02b3c5d6,utilidades_domesticas,29,637,4,500,16,12,12
81e057ba50dab8e85df716fabefa2adb,esporte_lazer,36,697,2,270,19,8,10
1264d5ede085c34d455f62cceca87791,moveis_decoracao,61,3781,1,2050,33,8,26
253e743996e4439451bbb1137c3e7b6c,beleza_saude,50,915,1,850,23,15,21
7c4a8bec217df1de0df2b5aaf8175b65,audio,58,675,2,167,16,4,11
8f7ba3a21866ed0cf0233dd71fa0da72,informatica_acessorios,50,703,1,223,19,12,12
dff20ba2dd059040c0940992753c0a58,informatica_acessorios,49,563,1,100,18,24,16
f2169c25db6a579fde210bf8ce7ce9d7,ferramentas_jardim,33,1942,1,7750,54,28,28
1a405418406359cc2b8815f93bf359c2,esporte_lazer,56,1007,2,4550,20,20,20
e969c0b5b997b22894446bc30f5e0b45,casa_conforto,60,214,2,1350,40,20,30
44e5dd2a8bc1c55eeeffac2f3df1e8cc,beleza_saude,50,622,1,800,28,29,28
4c2394abfbac7ff59ec7a420918562fa,beleza_saude,49,1495,3,600,33,19,13
740adb81f19fb346d1ce72237211ba51,pet_shop,37,1243,2,682,25,35,27
e4c7ed7a832858c17d60ad5e38b00aba,cama_mesa_banho,35,155,1,750,40,4,30
88596b69f04745db1f8ba135da5c708d,papelaria,59,296,1,310,21,7,15
11875b30b49585209e608f40e8082e65,esporte_lazer,26,1465,1,1032,17,15,16
66484d3ad6c8fcd55265bfdb060fc8cc,eletroportateis,37,3469,5,1500,22,29,13
cf78006a2a6b0429b9663edd99bb38f9,moveis_decoracao,49,399,1,1900,28,19,21
439d0c278b77ddc4b1488de210c8df35,cama_mesa_banho,44,641,2,1950,50,10,40
e3425df9bd51be69917273c9dd92ed5e,relogios_presentes,53,346,2,733,17,10,18
ca815d1a82897d9d4503e2e367931d03,cama_mesa_banho,54,204,1,2100,45,20,25
625522e2041f5759bc483af612e22718,cama_mesa_banho,41,582,1,1450,35,19,45
9da6fbcdb4cc9d08de3c70331ea19a5f,cama_mesa_banho,49,459,1,1700,48,8,39
43b54d1fc56ff394092a3dff6be2d39f,beleza_saude,60,919,1,150,22,3,15
716854aa9d670cabfec04c7eeddd85b8,fashion_roupa_masculina,46,1765,2,600,35,35,15
832755a0ea738bb04907c1558ef43e40,ferramentas_jardim,57,579,7,1000,22,21,16
62d41a80c366aa2d8644e3270adf8440,informatica_acessorios,50,512,1,1225,43,15,21
f9cce3e19235fa7d11942f69caaa22c7,telefonia,49,1715,4,300,20,38,30
0a6cf067b01351046739940c8cb7f60f,brinquedos,49,893,1,600,26,13,41
9234cd3c6bd121932ef77a39d6d87893,cool_stuff,60,1702,4,200,17,7,17
052413504e5295cd66ec4ced0b310062,relogios_presentes,55,570,1,165,16,10,12
a996589ecdf800089835934a0360ccc3,eletronicos,49,238,1,150,18,9,13
a7c6305655921ed7f446b060ca89e2e7,pet_shop,33,478,4,800,20,25,16
96537ba8cc2b7b2d74ef574b5e78d458,moveis_decoracao,63,632,2,2350,38,7,28
fcf41b0fb1a95c8f66330d698d55a532,relogios_presentes,24,993,3,250,20,16,12
274669a78ffdf9398adbd9502e6c4915,papelaria,29,194,1,450,16,42,32
d79c712e7afe8f0fd59b749ee1e4fc97,relogios_presentes,58,891,8,250,16,2,11
b0c89945c034268074f5f80b362bda34,cama_mesa_banho,60,612,1,550,16,10,16
3b3c3503539e7f917eb57a8d4bfa69f0,cool_stuff,47,738,5,9350,50,28,40
9b89ab91efbb4750c39864ed0262711f,utilidades_domesticas,57,80,2,1850,25,10,25
310b40ec41fbfc061e5309006482e68a,livros_interesse_geral,59,179,1,500,18,16,16
b7d94dc0640c7025dc8e3b46b52d8239,informatica_acessorios,59,636,1,800,35,12,15
531875d56f35380c3a6c52d9c3b005f6,beleza_saude,38,207,1,350,16,7,16
98b22c1129886cbd7fcae69d1c93e442,cama_mesa_banho,57,188,1,1350,44,2,35
5c61329e1b7e18310bbc294c17cd47bb,brinquedos,31,936,9,250,18,16,16
cbdb9bf611328898bd4b32a384506b3a,moveis_escritorio,26,945,1,12700,55,70,18
7ac0d3f8ac5b60c13d74b02b8cbb4623,pet_shop,40,1110,6,1050,20,17,25
d57afe143925aa9890073159f1e99ad2,relogios_presentes,54,438,1,250,16,2,11
c230b471b7e21ff9060e68ee154afd70,,,,,200,16,5,11
b5e13c9a353102f79c6206ff5cb61a50,brinquedos,59,249,2,1500,40,25,20
a0fe1efb855f3e786f0650268cd77f44,agro_industria_e_comercio,35,380,1,125,20,4,13
ea10285afcafd4d505a539481c9c576b,utilidades_domesticas,58,422,2,2150,45,41,14
e2e426d1332240070b0a836a854d057b,cama_mesa_banho,57,701,2,1100,50,12,12
ef06c0458c76196646fe25444b793139,beleza_saude,29,298,4,100,22,3,14
9ea3e671b22bfe796818b4fac0d6b974,consoles_games,31,688,1,305,20,12,19
d1c427060a0f73f6b889a5c7c61f2ac4,informatica_acessorios,59,1893,1,6550,20,20,20
5e26cbd45b83e411e82e3a8cafa8d951,bebes,37,1556,1,700,20,20,30
b47f7c9903cbd0bed2968a1b4cd21ed6,ferramentas_jardim,33,222,2,2900,17,26,27
30d1842be9c62546d3fb853119602ac2,eletrodomesticos_2,50,914,3,11900,65,35,35
746c966d44ff02686cb380876c74a079,automotivo,57,679,5,4300,78,4,47
45448d98662daee2e5ee969475a90826,livros_interesse_geral,29,627,1,1200,15,15,19
0bbb557651f08b3c732d9836de4d0bc3,market_place,41,626,1,5600,60,15,40
9759a740aa84f55b71c0c8c306a80737,beleza_saude,43,507,1,1875,23,23,23
41cd333a4af5e36df81fc0b83ccf8e2d,bebes,59,867,3,10750,38,47,44
de12bf624c66b90ad178ac441cbfbad6,telefonia,50,1311,3,50,18,6,11
b92a7304ebad1ca5b393b53b2de5c70a,moveis_escritorio,55,1292,1,9725,53,52,17
831b1757a9744c37ddd574b5eaa3cc9b,telefonia,60,792,4,100,17,4,12
1d1fc8a85e598b6b83a558fbd354443d,instrumentos_musicais,55,197,1,6575,39,24,34
fe7976532777922f0d60261e75f7ad36,telefonia,55,364,4,150,16,4,13
e503a0c255ccb611962015bac936f938,moveis_decoracao,52,1089,7,30000,60,64,60
5b95b27af12b245754e70df7e16d53e1,bebes,36,126,1,900,50,8,40
df297ceffd7a315a71586ace7d041ff2,fashion_bolsas_e_acessorios,36,401,4,100,16,9,11
5f8c74f4a3d2b616857fcb7d4dd1f61a,livros_interesse_geral,41,1009,1,1500,25,6,19
d8243785d7ff92726cf5c74caf11a6e4,eletrodomesticos,40,72,1,150,20,13,15
810cb3c5af006624fa32d362077af85f,esporte_lazer,24,1071,1,1252,20,16,15
2b0ee2d07306f7c9ac55a43166e9bb4b,cama_mesa_banho,57,504,1,1450,30,15,30
a2fddd6229ab528218029f919af4c1ed,esporte_lazer,47,126,2,600,18,22,18
3b09eb8e2d6bb856f77327ebf539e959,utilidades_domesticas,56,1223,1,10050,30,30,30
94bedc3b89ef3b2dd091735569780a0d,fashion_underwear_e_moda_praia,52,624,1,200,42,4,14
58c975d8b74f2c5a520b580f46456cf5,fashion_bolsas_e_acessorios,40,562,1,100,17,3,12
afeeea6271148ee1bb15173b8187c431,telefonia,52,1885,1,450,17,3,11
ce28e83906c41f4170cf100324d80811,moveis_decoracao,57,2135,2,350,69,11,11
fb783e3e545937820b57fe539b2c5a6c,cama_mesa_banho,57,189,1,1100,41,9,31
9d32095f76b97762307e86cfc18dd7a0,cama_mesa_banho,38,213,2,400,25,9,19
6c578f7117cc4f3ebc5bfd8a674e7ff4,telefonia,57,523,1,400,23,6,15
98ad26989524a790f1d29686025b6fcc,utilidades_domesticas,45,721,1,750,35,20,35
f683f3a5d367251ac1a86404f15615b5,relogios_presentes,60,514,7,700,16,2,11
1900bad8eae4042922f8487abb59e3c5,alimentos,58,3719,6,600,28,15,15
38907b29879ddc50f67e714102146e61,cama_mesa_banho,59,123,2,500,70,8,45
854dea7019a248cec54711ded4744e30,relogios_presentes,54,506,2,375,16,8,11
1b335291af6aa51e69afcce777570b9d,cool_stuff,59,237,1,1250,30,15,30
c31aeb5af287a26d96b971c4cca17ece,beleza_saude,60,920,1,200,22,3,15
a4bca9d23228eeaf4e0169cb1a45aa62,informatica_acessorios,57,1452,3,100,16,4,16
f40876e0ef3cd5f9132b1f16b04b1346,beleza_saude,42,250,1,427,15,17,14
de41a36499155c8c19a9eff9e8f7d52f,cama_mesa_banho,55,92,1,300,28,13,12
e5fe79a5ccd19d20b3b095bf73cf9b5d,perfumaria,37,742,1,258,23,15,18
b5b5a82ce5f1987b7e670f37629be51b,beleza_saude,56,960,1,1000,16,2,11
d2b42ba1cc7c04d6f6e4ea54392b95fa,eletronicos,60,318,1,150,25,7,16
1d1021f2e10ec199e91f5a80355fdaf5,eletrodomesticos,57,223,3,350,27,13,17
b6bdb28b376292b83135644ff8d4d6a2,cama_mesa_banho,60,265,1,2200,34,7,32
54234b8d25e66201fe043b2fdcfa8e6e,utilidades_domesticas,47,771,3,676,23,14,17
ab9cf155f8280c3739b09fe341a185e8,telefonia,59,409,1,225,18,4,12
f13db9a6ceefa4b25cc87b080769dca4,telefonia,59,752,6,350,17,4,12
312669e28dbea698f766c3daf44771c8,fashion_bolsas_e_acessorios,60,53,1,200,16,2,20
d433ccd6963b166039d9d943a9015edc,industria_comercio_e_negocios,57,1058,1,4100,35,20,35
027cdd14a677a5834bc67a9789db5021,perfumaria,42,544,1,341,20,18,16
ad7c531c2001111873dcfed9d8317439,cool_stuff,33,895,1,1000,42,25,15
81f3b58e2adf194df837b71d288dd315,alimentos,20,1143,1,1150,20,10,20
dfd57e4f6b146266a765a285fac364ed,esporte_lazer,26,192,1,300,25,20,20
ac8a3c0c9899b7c670f5adc5880d9a17,eletrodomesticos,51,437,1,100,18,8,13
f2d649f157cebee085ed738f23d5d6b7,bebes,42,596,1,350,32,9,16
9348cf658c9f20576186a9f3b82c58c3,beleza_saude,46,407,3,1175,53,18,18
8283442d1af5a158404e8f4cb53a2090,automotivo,39,344,1,700,21,9,12
ba34539b92ec1baa3a9c108b81cd8344,esporte_lazer,47,1634,1,650,16,10,11
5b99f79ba0d929b0f3270ab0f0f5911f,bebidas,24,30,1,1400,16,33,18
7180e36c30b2c9aaef70caabf4e8edea,malas_acessorios,46,1336,2,10250,45,19,36
96b98d97d2ecc26af3bc439935d9dc46,cama_mesa_banho,56,3823,6,7500,50,17,49
2ab31f78e069ddb51930c6ace3759e45,bebes,56,419,1,2300,38,10,34
f72c05c5dadc3a4e05bdc5a92520f66e,relogios_presentes,52,474,2,275,19,13,13
a3ceb95649a48c0c54ae4bd1dd66d035,telefonia,56,279,2,170,23,5,16
f196248e8b5d060cca414a664ea9a76f,automotivo,58,1167,1,1900,90,14,18
2bb67f2cd3ff60400e0bad33aee72d2a,brinquedos,49,872,1,550,40,10,30
b35e00b01694e1efa3577d14965f2205,artigos_de_natal,55,360,3,850,30,11,20
10335f29114548c89998eb43398f58e5,relogios_presentes,59,718,5,250,16,2,11
7be620cd314ce6460033ba9017be7a7f,brinquedos,55,428,3,1238,32,35,17
d7d5562fce331ad958ca6f57057b3526,cool_stuff,33,910,1,700,42,25,15
43e09fcb6175856e87a4d9b91321addb,brinquedos,43,1505,1,6038,49,19,44
e0cf79767c5b016251fe139915c59a26,beleza_saude,55,388,1,250,16,5,15
e5f3a09149ee7db697907f61e7366267,livros_interesse_geral,60,606,1,300,30,2,25
964dd0fcba2ca4eff8e31ec74a77d41d,cama_mesa_banho,36,495,3,1250,40,10,30
652698dafbccac29d78c7ba70dceef10,cool_stuff,44,2413,1,300,16,19,15
9abef3ac1829af69f004c3dcbba958d9,esporte_lazer,46,1283,1,2200,20,20,20
a14aea6067b93158e956612c50b74cfa,,,,,12900,50,30,30
84777fa5b1c62e5e495240dfd0b2f24a,moveis_decoracao,45,1151,1,10667,58,58,19
6a2909ac21d16b721e4795e7e8ff3e68,esporte_lazer,53,618,1,283,24,23,20
c82e581a3ec7e992cd06723b0caae96f,pet_shop,32,935,1,500,30,30,30
77cc62dc80ebe12a0452d1ce0565acdc,esporte_lazer,45,2950,1,1625,29,21,21
42ec84ace63b58b8c5a7ba7be01d5fb8,cool_stuff,52,1732,10,2550,24,23,27
bf7e253a79f85c001ccefc2827a0fc25,livros_importados,43,258,1,950,29,3,21
096b00d9037146606b19d614cd67ab65,beleza_saude,56,406,4,100,16,5,11
5abfadaca53239a9193e09288bcd7db6,utilidades_domesticas,60,430,4,2200,32,24,32
57e089e3103f5cda6a4ce23b77399bdb,bebes,18,1194,4,650,20,8,14
df892547f0d5bb0c35cf26abc8e93d8d,fashion_bolsas_e_acessorios,41,805,1,100,17,3,12
d537e54e990d95194a5733e79f1af1aa,esporte_lazer,51,2047,1,50,20,20,20
ea058d00059bd1470770129498200d05,bebidas,43,820,2,175,20,15,15
c2a9f8aeb7a51580fccc2d1c4f8bceaf,bebes,59,864,1,3350,36,30,19
57e985ca3ae3b6da2382de45f827017e,beleza_saude,55,1611,1,2425,28,17,17
f30f863c9a7488715d627cab44ffbd4e,esporte_lazer,48,1597,1,225,17,17,17
88a3f73bd7326cded0153029c775d145,esporte_lazer,47,614,1,5900,35,28,32
7deb3aeb864ba8e77c6db5baac8dae5f,climatizacao,44,389,3,275,18,14,18
a8075470f960215ffb67624782f80fec,ferramentas_jardim,60,361,4,2900,67,3,31
03078714f1e3f3758555f67ff35b4b01,utilidades_domesticas,54,153,1,600,16,16,16
79f408dbd4af006086912a6e3570133a,esporte_lazer,34,991,1,150,16,2,11
2ff17002562478fb03cd44f09e7ca51a,relogios_presentes,52,529,1,283,18,14,14
46ecee6884bec6bffc7e5cea0ef7aecb,casa_construcao,58,465,2,650,16,11,16
f3dadec221142e379d7113915c1d0fa8,informatica_acessorios,57,206,4,250,16,6,14
90e72f6ceee757db03bba3a4eaef5dc4,automotivo,60,1063,6,7450,53,43,11
d548fb64c4bf0a142c3f314398be477a,ferramentas_jardim,36,776,1,3650,25,7,25
7814c273ab16783d73a9863ebfa8b141,moveis_decoracao,51,756,1,12250,45,35,45
a323784ac31c377c5ecaa26b8cb155db,informatica_acessorios,51,1211,2,200,16,16,11
18f968379c4898b794fcf83f317ba60e,malas_acessorios,56,2126,6,4300,30,55,40
7f6a27bc434791d71f6e52b25bfc1e9e,papelaria,42,236,1,100,16,10,15
d0fe4295267f15ccaceac4fb233d8c9a,informatica_acessorios,52,398,1,350,20,2,26
99a4788cb24856965c36a24e339b6058,cama_mesa_banho,54,245,1,1383,50,10,40
ac85747ff00cf2a5cb1ef0901c7b21af,eletronicos,30,449,1,150,25,7,16
85fcf0af8941e2a6d93bb2df970c1650,esporte_lazer,54,3708,1,4200,31,33,32
af9c4277d06aa18aabbfebbe94ee9c79,esporte_lazer,39,369,2,2700,20,15,15
4ab7490d3e55de79cae5fc88e1657276,cama_mesa_banho,57,750,1,1200,36,8,26
5b75bff143600c85dd1fe69b7055982b,beleza_saude,48,1674,2,350,30,5,12
e0bb3159111d86828b5caef8725ff055,utilidades_domesticas,63,103,1,2500,30,6,30
478cf0d317ccab62d1483a637de8df14,utilidades_domesticas,39,141,1,530,17,15,19
5a0c21ad6b82a1b61856e48ec959764d,perfumaria,57,1424,1,100,18,10,13
c3ce49d20cc5d56f0419f256c480e235,fashion_bolsas_e_acessorios,41,412,5,100,16,5,20
3f37f32e535d54ae9b3c1cf62aa76c43,cama_mesa_banho,55,624,2,450,45,5,37
730f1927f42fda4370209c28203eb0ab,cama_mesa_banho,56,505,2,200,16,10,16
58f82cc5bebd588e5cde0b3a89059da6,informatica_acessorios,51,559,3,250,16,4,19
d9d4c1378e3c6564f55c02bec84e8f2f,moveis_decoracao,59,2262,4,500,65,8,13
664e36c9f1780f33973e063ae2cdcc66,pet_shop,49,410,2,7300,45,28,45
83b00325c13c44245b2c3a2befa62a0e,bebes,56,621,1,10700,40,40,40
23227b07fc69250d2fa4be6602011aea,cama_mesa_banho,46,171,2,1250,45,10,15
8f71fe1e1b5bbb6773e7276b5c37ef65,papelaria,57,921,5,6250,25,50,25
a406f14e110f4ccb46059586e9440400,telefonia,48,1440,2,100,18,6,11
72d0cc6588b5d4f4e26007c2e709315c,cama_mesa_banho,53,1016,1,3250,31,51,16
8901581464c0fcdb80194ba0fad7e559,esporte_lazer,31,914,1,500,18,14,18
c62bc42d383a40b285eee3f95240c817,cama_mesa_banho,56,2536,2,1800,43,8,33
5b6263339240fc2b980849790e450c70,telefonia,54,1006,1,150,18,6,12
4a36fade797dd8d05c7c1398dc0837d3,telefonia,43,416,3,100,19,3,11
592ff96534d1910c18025cee34d5c8de,eletronicos,60,517,4,200,16,6,14
7721582bb750762d81850267d19881c1,cama_mesa_banho,63,837,1,1400,43,5,30
2ae5ed1d99afbb14a8b24041a81df16b,cama_mesa_banho,43,324,1,1450,37,9,30
1528d0673079ce2d79d29753b800d76e,beleza_saude,58,790,4,800,20,7,20
f6fa93875f4a7dac03e0a22143f4d815,cama_mesa_banho,37,212,2,450,25,9,19
7cfc7d7ac63cfc985e69de48664bc07e,relogios_presentes,43,569,1,450,16,16,16
17636e3c15333148e25253db631a2d7d,fashion_esporte,54,487,1,450,20,20,20
4bc35700c98f8213fe67fa61ebf4c811,fashion_bolsas_e_acessorios,50,554,3,600,16,5,11
9fe172fa8e662ca8572cf12abf8bce23,fashion_bolsas_e_acessorios,36,412,5,150,16,5,20
c63ea4621680c1b0fca8864c0564bd78,informatica_acessorios,57,918,1,625,25,8,23
8d117b157de0b1a41b75de2833fd4f6e,consoles_games,55,1683,1,625,21,13,13
72d3bf1d3a790f8874096fcf860e3eff,brinquedos,57,341,2,583,20,21,20
e9ceb9123d3103b7ad293c168dd3a547,cama_mesa_banho,46,333,1,6410,50,26,44
a7216be504e1ff211b67479ab193a552,utilidades_domesticas,42,886,3,5200,50,23,27
75a320dd19d196149ee1514926d97bff,instrumentos_musicais,33,394,4,400,16,8,12
582c166bb305eb330d28695a084720c1,moveis_decoracao,51,520,6,11750,53,42,38
9bfc55df037ce3ac01bfd84781adf7e5,audio,45,1654,3,530,19,14,15
5ccdfc35d9cff8db4fa46b83d5712899,pet_shop,30,764,1,15700,81,19,60
9a98180ffbd0765e89f11cc8dd2385f4,moveis_decoracao,63,639,2,1500,38,7,28
3cb39171fd36c50097f2dedbbe0dfe6e,automotivo,60,3136,4,100,17,10,15
c2613aec0520c43e665ff0d037adbfa7,telefonia,37,416,3,100,19,3,11
f05901e010ebaa3924276751a35e6004,moveis_decoracao,63,686,1,500,45,15,35
daa5000b84b8bd4a9e8e622f154ac0c5,beleza_saude,48,583,1,150,16,7,15
76d1a1a9d21ab677a61c3ae34b1b352f,,,,,550,16,7,11
d00f6c52d2730de05fb409f09ab6e732,utilidades_domesticas,53,167,1,2150,30,19,25
72dd2e7b7e10b8a4083e53c7867c1564,bebes,48,835,5,83,19,8,12
0dee0be4ceb243fbbb1d185e5f08012d,informatica_acessorios,38,179,1,600,60,16,11
08c63555bbee955cad9c6a9feab9e9d4,utilidades_domesticas,38,193,1,11350,43,35,34
35819a9e5342bae7ad7a0016460dee25,eletronicos,48,476,1,150,24,8,12
1aec9dac073154a4d6350ad0e773a191,market_place,40,770,4,200,22,6,14
b4183f86c9a0c7a13138ff4575114f76,brinquedos,56,545,4,900,17,40,14
937c825572d26b9e5a723527c6d625c6,cama_mesa_banho,39,169,2,300,25,8,19
d5b703c271f43f9c588a6f512a00f77e,brinquedos,27,531,4,150,16,7,20
31ddb1ee64afc01b90d5025db261a737,automotivo,57,1298,3,475,17,18,16
2dcbb450bd8303344a342b60610f3d22,cama_mesa_banho,47,684,1,1500,40,15,32
7fe486a60125c1541517e30944f95066,eletrodomesticos_2,34,876,9,6350,55,10,67
fe01b643060a6446e59f58e3021e66b3,perfumaria,40,659,2,1250,26,21,20
db9e2ea2789762e3b0ecb627eb70696d,moveis_decoracao,40,240,4,5350,52,6,52
f109f04ad95889f2f041a91afe3d894e,beleza_saude,47,189,1,2033,22,12,17
5328338cfaa16ba10561cd970c73ca11,cool_stuff,51,330,1,1950,33,44,19
157d8cabb7a3a318aed5ce596f4be96e,artigos_de_festas,43,216,1,200,28,16,26
1567eb3a02b49c99d7d07045e9ce94f5,automotivo,54,1081,6,1900,25,15,20
0e8d9a894d190db0d5c32075ab02ea38,cama_mesa_banho,54,229,1,1150,40,5,29
d339b523c298009f15d242a3a99392c7,ferramentas_jardim,51,2559,3,850,24,9,26
f919da4f716dc149cef4551a322001fd,moveis_decoracao,50,635,1,1200,30,23,30
34dcc2f0a890f961ee6252a1cd6ae3f2,utilidades_domesticas,59,1364,7,30000,60,65,60
acdf83e7694c8eec22e6b19bc59f4e60,cool_stuff,34,268,1,200,14,13,12
3b0f7951038b105522c2d566b54421f7,telefonia,56,341,1,175,17,6,13
473795a355d29305c3ea6b156833adf5,perfumaria,36,605,2,100,20,20,20
78b1ff38b417d7d3c58c33f386512040,instrumentos_musicais,45,256,1,300,18,7,11
2669a9fe1aaf6cb29071f8f866014afc,audio,60,619,4,450,17,8,12
81d1cd44929d9c3a1f3bfd0a0c164baf,moveis_decoracao,60,827,1,600,17,17,17
612333e41128203342c1dc089808f3ad,construcao_ferramentas_construcao,60,996,1,3550,16,30,15
a35a9f46dcee0a67c8c7ad8493eb4135,informatica_acessorios,33,1084,2,200,41,2,29
64d0feb1bcf9c7fe7b5dad3271c10910,moveis_decoracao,58,696,7,750,25,15,35
f516645f81debe9cff9416a20662dc43,cool_stuff,59,2120,1,125,16,17,16
a77453f011b20e66aec0d64f59106fbf,informatica_acessorios,21,663,2,100,16,16,11
14a174908a08ad7cfb56d3814d8e0ea5,cama_mesa_banho,52,1027,1,1150,28,26,23
0f91b6a95a57a43203a9b17de98960d9,beleza_saude,23,274,1,390,19,12,17
c12e49e47562c48e7c81b75e59f91cbf,brinquedos,47,782,2,1400,40,41,42
9798f14fd2be3c482aaff824a05ac605,utilidades_domesticas,59,284,3,3000,50,35,15
44f90f085c7a825863cbf867990e1513,beleza_saude,39,1200,1,517,25,13,16
60432892a0fbbe1ce188be6248a9b5fd,automotivo,59,143,2,50,16,10,11
0c6fc9b9317a68d1cda098c063914b72,instrumentos_musicais,46,692,3,3100,38,99,14
5f42d57952b7815098979a5c4fa6f82a,beleza_saude,60,919,1,150,22,3,15
b7b7c5293e270682d3f343c31355c52a,moveis_decoracao,53,586,1,2000,35,9,25
ac480ada5f06d9024eae2c6dd9de4c74,perfumaria,26,138,1,200,20,7,20
fa126ff62aae83e37857ad495641c878,informatica_acessorios,29,1386,1,600,23,17,15
87b73d2916d30401b87dff20844af6db,perfumaria,49,1235,2,250,16,16,16
e07fbd0969dcddca941b8c4adec498b1,cool_stuff,63,2263,1,200,16,3,13
ead9ade61e81ab9e26d83640c3164e76,fashion_underwear_e_moda_praia,55,487,3,550,17,9,27
739d233784c9f8e12635a19084e90cf5,informatica_acessorios,60,983,1,927,22,13,28
dbb4ce89c8ed5fb6fd901e2e51093179,utilidades_domesticas,34,545,3,2200,48,25,25
8dff5399c7a5552ee041c8bb465e5288,audio,48,351,2,100,19,4,11
82e4ad16521ca131d95e198d507db370,eletronicos,56,343,1,150,19,12,16
c18399e510fd09e3186d34f4206109d7,relogios_presentes,55,807,2,350,16,2,20
f0606ca7e8022a81e0fa25ea3e334717,brinquedos,46,125,1,350,25,25,25
08574b074924071f4e201e151b152b4e,ferramentas_jardim,36,450,1,9000,42,12,39
6cf95bd30a9628ca0c9911e43d7956a3,pet_shop,57,721,1,1500,50,30,33
4413a608a42bd21bbf9d5abbd58c249a,cool_stuff,57,1620,1,2350,16,40,16
e8de73291c6283e59972a8c25edf40be,utilidades_domesticas,37,159,5,400,18,4,12
dfb97c88e066dc22165f31648efe1312,automotivo,53,597,1,5417,47,44,44
cae2167feedb9388aa9baffbff44e5f4,telefonia,58,591,1,150,19,4,11
99444782c6bb7269243567c2d6988f94,moveis_decoracao,54,826,4,500,20,10,15
3eebb0207da828bf5376257ceca70959,relogios_presentes,58,438,8,250,16,2,11
3745086e428495d12317f5864306279f,brinquedos,40,327,1,800,31,8,31
7bd043584ab4b147b9b19d9e97b299a9,moveis_decoracao,53,1750,3,2800,105,3,70
74ae869eb82594d9cbe6e934cf143e0c,telefonia,60,751,3,150,17,4,12
f9ebdbca177cfdb1be1ea462e9dacb82,utilidades_domesticas,28,854,4,800,23,10,23
f3a2a401af00f8a3fa7e234ac66bea84,eletronicos,47,740,1,327,18,8,10
b9a90f1fc4d536d191445c068ef514c4,construcao_ferramentas_seguranca,58,1254,5,9450,105,17,14
15fdd6032f35d4add5066fb90be28630,relogios_presentes,60,718,5,950,16,2,20
20d99367bb5820e9d15aef657b83b5a2,automotivo,44,187,1,250,40,4,30
501c8cd285f4f2ed96efffbb3c697d0b,construcao_ferramentas_construcao,44,339,1,450,19,5,13
99a4ae1a9ff32f696460a9295533d2e2,esporte_lazer,60,765,2,550,90,15,15
b56d02094e37315ad2f6fdf09991cac4,moveis_decoracao,54,478,5,9500,50,42,32
4fe644d766c7566dbc46fb851363cb3b,artes,48,1232,1,1700,65,6,50
d8a77723111124b921fd73b3914e8cbb,moveis_decoracao,56,258,1,900,40,3,30
f56e93f8bec270456dd5ec3272bd42f3,moveis_decoracao,63,1700,1,700,60,11,20
4874eb71b65dc197fb705bc999eb41bb,pet_shop,57,966,4,2000,28,20,20
41b821274ec513636f9144375c9f9031,brinquedos,44,429,6,400,20,10,20
8d98dedc3c19de17f1a090195e85d6b6,brinquedos,40,617,4,300,16,7,20
9275e1f75faf1d3d1f54e4cb63d12a36,automotivo,51,375,2,166,22,7,14
4025ee582ef6b8c478af3b44cf89054b,cama_mesa_banho,60,58,1,200,20,2,15
5de871daae99423d3fcb04edcb6dd1aa,perfumaria,60,591,2,600,19,17,19
fb01a5fc09b9b9563c2ee41a22f07d54,consoles_games,33,912,2,1500,33,25,11
f727305c90ca9b9c36d4e84a817bc01d,fashion_bolsas_e_acessorios,46,622,6,200,16,9,11
30469bb5ea377eae7121981e2f0778e4,esporte_lazer,57,574,4,5950,20,30,80
914c9e9af640dd56f48764a225b00f89,moveis_escritorio,47,1047,1,7463,56,64,35
05928363cd16fb2d20ccad40992105aa,fashion_bolsas_e_acessorios,53,612,3,250,16,16,13
816f6efbb3598f798900557f628e8a56,relogios_presentes,48,1940,3,354,19,13,15
e0d64dcfaa3b6db5c54ca298ae101d05,relogios_presentes,35,514,2,4338,17,12,14
4583e308182e4e78d5b71b5af1804def,bebes,41,565,1,450,16,12,13
2691bad4b1d8eb94ea5f2ccbbd582fca,cool_stuff,59,589,1,550,16,2,11
961d02e19e9ade3ba8aa028c87b0d8f7,informatica_acessorios,57,1086,4,350,16,4,11
e9a69340883a438c3f91739d14d3a56d,utilidades_domesticas,60,1912,5,3000,33,12,34
7e6c4a0bf900e259f50ba63331fd2785,relogios_presentes,59,755,2,250,16,2,11
137463a11feed96cfc9fbdd97d4e2403,utilidades_domesticas,19,592,1,250,16,2,11
3468c85c5c4de55707fd08e4f5b665dd,brinquedos,18,629,1,350,29,18,20
24c9d329963373e2fccaa3f3204db19e,consoles_games,58,601,2,100,21,24,23
41b43381a92451746dc1374dbbd4c43e,moveis_escritorio,56,1287,1,10025,57,55,22
839321c2db7b3b3eaff4944c3b052ecd,utilidades_domesticas,37,570,1,1291,23,23,20
530989bc6eff4420c49a84214ab1eb51,telefonia,58,423,2,600,23,7,15
40a13d0a09a3d1334e8537ce3194f0ec,esporte_lazer,45,1771,1,550,20,20,20
b781cf30a200b5eff2787c2074d67045,moveis_escritorio,49,1290,1,9650,57,55,22
68ad45d48d69404aeb71ce87e1b2c948,livros_importados,37,452,1,850,33,2,23
008b51e6be49ee039854b5e35c331b02,relogios_presentes,57,676,2,633,19,12,17
da8faea5f69f03fce4dfc01ceee4f1dd,fashion_esporte,47,562,6,300,29,7,16
26abb7e42cded69ba9b3736643ebeb39,relogios_presentes,43,378,2,867,20,7,14
2b87ded5c8c2c971d4d5a2e4bd7b85bc,brinquedos,55,699,6,233,17,10,19
badc98cb4b92b5452a49c1a9e7406b51,cama_mesa_banho,46,362,1,250,25,15,25
33f6041c8435ede933165b29f240531c,automotivo,37,45,2,1000,102,38,27
419cb1b441eda9b92ebd1a1b96090c26,telefonia,60,777,6,350,17,4,12
afd22faefd9584467a374bf7a50f0996,esporte_lazer,59,681,3,150,24,5,16
e45ba6ba3c6ee4fa2c62e6a6a587717e,brinquedos,45,780,2,2733,37,61,29
da686d15de3ee88de081bd159b031e47,informatica_acessorios,59,229,1,300,50,5,20
33fca9d59532dd4c191217a979346ab9,perfumaria,51,750,1,431,20,11,13
d48c8d7a322bda722704d0ba7506e9a1,automotivo,48,1290,1,2950,42,19,25
9b37a918bcf2c8e1064e867cf1df4637,eletronicos,57,1710,6,1207,20,10,20
b8ca27a8b7658a95a8040f0a9489c952,cama_mesa_banho,59,577,2,10300,51,21,51
f4f67ccaece962d013a4e1d7dc3a61f7,automotivo,52,603,1,7625,61,14,61
b853b073ca63585ef3afd79a4ab97ef1,fashion_calcados,49,375,6,400,29,7,16
5f21301936c11698db6aee5444190da0,perfumaria,57,397,1,367,23,12,16
8f983b383c2d3e409d71cfd12dbc7a42,bebes,50,1217,3,4300,21,41,57
6d83b30a8dcfb49e62c0a31eb22521fe,moveis_decoracao,42,497,3,1500,36,18,17
a4c7e73a8ce075149b5f6592fdd29367,informatica_acessorios,56,195,1,200,20,20,20
999f8a403c25d68c828a6915e13e89d9,telefonia,40,393,3,100,19,3,11
904df51afc994cd2a7bce1ec3ff5d9fe,papelaria,43,216,2,150,24,7,14
24f5af2b789d02450459312d48fc840f,alimentos,56,863,1,575,17,7,14
b74d57e3377dd78aace6d070fc48cc88,cama_mesa_banho,55,556,1,675,40,18,35
47a3fbd41bb53db64dacc4562ba3aa52,cama_mesa_banho,40,702,1,1000,50,12,12
044f05bc9de36e8a693a83e4bc79dd0d,telefonia,59,734,4,300,17,4,12
bfbce14d1a7118b0c233a35617ec2830,fashion_roupa_feminina,30,590,6,400,29,7,16
173581ced381362760c476bec9de53ff,moveis_decoracao,63,254,2,2200,49,13,41
9e2d5ef1b9d71f1d1d7168dd7a042878,telefonia,37,605,1,413,18,10,14
f75eb66dc82bccecabd706bd441cfd3a,malas_acessorios,49,767,1,800,20,51,34
671ac7a60d975bd4ca2d7f7c77070210,fashion_calcados,57,404,4,1500,22,12,33
38c56c5c5b16958d95bf8254498ad555,relogios_presentes,58,786,2,500,16,11,11
c9dbe2eec19a8093cb5ac57486531c18,cama_mesa_banho,55,124,1,1375,30,6,22
f90781e8e990b7e051be89afa85ee625,construcao_ferramentas_construcao,57,224,6,11100,44,35,33
5605e265607c01c1242a18219d7e396e,,,,,2900,70,15,50
cdbda59a8f5cbd6a8020e6e2289b9960,utilidades_domesticas,41,1020,1,300,25,15,20
1d3ecbda18167c766a3381fd16108e4a,esporte_lazer,42,636,1,1700,41,10,35
9aed412277ca4485a7bf6e0c53e65786,informatica_acessorios,63,292,3,100,25,2,16
722dc14e0848efdb771dca6de2929c41,beleza_saude,32,397,2,250,16,16,11
06edb72f1e0c64b14c5b79353f7abea3,cama_mesa_banho,39,161,2,350,25,8,19
86f024d3bdcdb9b54c9fffd92be39f54,moveis_decoracao,56,618,2,450,47,4,35
759c85bda80286f647f1f71b847c6457,utilidades_domesticas,59,790,2,450,24,7,12
774e21c631ca26cba7b5606bdca7460f,esporte_lazer,57,898,1,300,20,4,21
6c50c87e36d8641d67fbcceed5cfec5e,relogios_presentes,57,266,3,200,16,2,20
9d5cb049d3a927647b8c105a67bce2ef,perfumaria,44,404,3,50,20,20,20
73c4efa86252b055fd99142e4c718043,utilidades_domesticas,37,93,1,2813,19,28,24
3591b4602bb8316dd178c98a97c29454,utilidades_domesticas,28,308,2,1650,35,30,15
9e24c718d40f018498c6b5db74bf9dc9,informatica_acessorios,59,2382,3,50,16,8,16
ff7824d83aca56224fa3e3b524748ec5,esporte_lazer,27,383,3,600,28,25,25
3258acb04d37e2f91f76c9250f3b80a0,beleza_saude,60,919,1,200,22,3,15
ea3be87c5c6c69043c9eb7836199c200,cama_mesa_banho,59,367,2,600,60,9,50
c7c4e24200f7071aecf4a052fadb9473,utilidades_domesticas,42,927,1,1100,21,34,34
b393557cfddb0818ae60d6aba7a82822,papelaria,59,543,6,500,21,7,13
5e24c1972fa0093e3ea96de1107ac733,relogios_presentes,59,705,1,400,20,13,13
48e169d7e70bdfd06b008415e0f072e3,construcao_ferramentas_construcao,59,1112,1,250,25,15,23
8366b2d52a690d2d4665824069db5d9e,papelaria,50,219,10,450,30,42,20
332842d24e84234cd91299a225de76ab,relogios_presentes,58,1209,1,1750,50,6,19
3c8a9bd8e4b9ba22a468ffc658c71786,brinquedos,46,228,1,600,45,15,35
afb52012e0c69e1b6af6c48d2a62f760,beleza_saude,60,851,1,2000,30,12,16
3b94e26edc496743bbce82c42f0a9903,moveis_decoracao,53,1013,4,400,50,3,25
457cd0a99cfa977993e4eb6d98d95abb,telefonia,59,777,6,350,17,4,12
aced2206d8778eefdbef4de3c38ae916,cool_stuff,53,289,1,1550,30,30,16
d373a9b9079c251371e94cacf40c1fe7,moveis_quarto,42,507,4,10850,60,10,40
6f66ef344e1db8560c3d036ee214f355,utilidades_domesticas,27,374,4,2100,50,4,35
0bc4d2de176747bbc8b5e680bfdb66b6,esporte_lazer,55,1007,2,4750,20,20,20
5a6e53c3b4e8684b13388d6aa4afdf12,utilidades_domesticas,45,176,2,200,19,9,12
363218ba55c610b750224f90bdd34be1,cama_mesa_banho,46,279,1,1813,67,12,47
ed01ede241c5149867b22ad7f03cba44,casa_construcao,60,899,4,400,29,35,23
51d646c5c93e0f1de543528d0e24eadc,beleza_saude,46,1305,1,1400,27,10,17
81d879a43537a2803762ce12282ccbc9,eletroportateis,56,113,1,200,16,35,25
8268f227748ea57889478c74ca12d151,cama_mesa_banho,59,323,2,14550,50,14,70
13f1ff85fb63cd1bcbf6ef78959328e9,pet_shop,56,720,1,1700,50,30,33
9a2e821cfc513051382e27606ab3325c,papelaria,58,205,2,6000,60,20,29
8aa87bc5f3053b4df2b05a2d3059790b,cama_mesa_banho,42,599,9,1400,16,15,15
005030ef108f58b46b78116f754d8d38,perfumaria,54,942,1,50,16,5,11
65c5f70a0cc1d74c36cb5e8de51582e7,brinquedos,44,227,1,650,45,15,35
c5e9693041e519fd6e2ebde0d76cc1ad,eletroportateis,39,535,2,14800,60,40,40
50fcba527cde578e212f114ba5cfdfef,cool_stuff,54,874,1,1000,42,25,15
63ee501f72520d5ec54cef5fd3a21a20,esporte_lazer,60,437,3,1093,20,14,18
a96d7b91547c9d381eef6793af2c639e,ferramentas_jardim,52,768,2,2900,30,20,16
d5ad2be418dec48e9d0c4745e431c384,informatica_acessorios,43,893,1,150,21,11,12
a5e537da8376b8623758e0186bfa400f,eletroportateis,44,860,3,895,24,14,15
4c9073fdec69bd1812b35ff1a3472aa8,beleza_saude,56,940,2,1717,34,6,34
c505337344cd0e2eac331aaf4d348743,moveis_decoracao,26,577,1,4950,36,41,36
928e52a9ad53a294fdcc91bcf59d1751,utilidades_domesticas,34,1031,6,1600,20,60,20
db135cb6b62b43f71eda83dc6daff2fc,papelaria,32,241,2,700,20,46,35
0030e635639c898b323826589761cf23,ferramentas_jardim,40,437,1,1550,26,6,20
7686fe49c98ae1c537b5cc51992f5d20,bebes,38,798,1,600,22,18,19
c2f3c9eafccd7ee6ea11f24d3e3b7366,automotivo,53,575,5,1100,33,27,26
17455fdde89549b744a53cffa8eb67f9,construcao_ferramentas_construcao,49,2202,1,50,75,11,11
e5ea77a1575b40961598bca64f081976,cama_mesa_banho,54,187,3,1500,45,15,35
679d1a26cc192f14e7e30ae397f8b089,beleza_saude,27,1310,2,350,20,10,15
861f715fc920b62d0bbd75b605a9827d,brinquedos,56,958,2,583,36,7,35
49366a8fab2e191239a143647474e7fc,esporte_lazer,52,2238,2,374,22,14,14
f59ff3f667dc8dc2b42117736585c1ba,automotivo,44,424,5,100,16,9,11
9ac1378f05cd222b3fb34a3cccc626c7,beleza_saude,31,1406,1,1075,21,19,19
242e1933d9cb1c789d3c6a3f2d083ba0,brinquedos,51,606,1,8975,60,48,17
c33af1c0bec994ff07664ab6dcae7a86,moveis_decoracao,52,212,1,800,23,3,23
0cc13a424dc207f8c4d3b26ea1cd384c,moveis_decoracao,43,862,1,5300,27,47,27
5bfc7506459ae2a7b4b573fe557a58e1,cama_mesa_banho,57,535,1,800,45,15,35
c075b8e131353552218860f1c421e4ef,moveis_cozinha_area_de_servico_jantar_e_jardim,30,1565,4,1750,20,16,30
0aabfb375647d9738ad0f7b4ea3653b1,consoles_games,49,100,4,150,16,12,12
4e3f399366b0047a572b6682f9bb166e,livros_tecnicos,28,1313,1,300,23,2,16
f67ad6b3366ae186b8d29087e6d5ebd0,automotivo,55,998,2,100,17,4,17
ccb28ec14bd00f54ea07dcfdeb39e78e,esporte_lazer,41,580,1,3600,31,37,31
822935b19e0d2a75de435a84fb302d58,esporte_lazer,60,974,5,250,30,8,20
e6b314a2236c162ede1a879f1075430f,informatica_acessorios,47,284,1,167,24,14,11
89d49f6d10ff422902b2c2cb05da7f1c,informatica_acessorios,50,528,1,850,18,16,18
6a29caa68d4bc5536b4447c25de4c937,automotivo,59,1018,2,100,16,8,11
edd087ed331c3ce178ec3489b9ecf117,livros_tecnicos,55,2138,1,2450,20,30,22
56c221c4c1a4a98293895c4563cdc6bf,construcao_ferramentas_seguranca,43,188,2,673,18,13,15
fd40f3ef9c7fb9c550619a88af47a5de,sinalizacao_e_seguranca,52,513,2,22550,85,85,26
733162823b9a1dbc958b0988d32229da,artigos_de_festas,46,459,1,1350,23,17,18
f5bef3f1d42ac5eaaa1b7050d911732e,beleza_saude,53,631,2,200,20,10,15
c9ea06f7fd4bd778e96031f46f60dfb9,brinquedos,56,670,1,840,33,13,26
185c58d7437197ced6450e5cada41d35,automotivo,60,821,1,2850,28,5,30
21fecd254a3103704126b28478ea7980,ferramentas_jardim,38,499,1,7400,43,14,33
aca2eb7d00ea1a7b8ebd4e68314663af,moveis_decoracao,44,903,6,2600,50,10,30
6987398dff454a3138231540e2a6ec61,informatica_acessorios,38,209,1,1033,31,17,22
d272d0921188b0bd91542d704b21404e,eletronicos,36,420,1,150,25,7,16
a82a1fcaf427ceabe9df656409d7acdb,fashion_bolsas_e_acessorios,52,819,1,100,16,5,16
6e6bc9eb53618579e6184f84ae04dba9,beleza_saude,60,918,1,150,22,3,15
ee97db3ef647a016f3bb7376f8a3ffcd,utilidades_domesticas,58,832,4,200,18,8,14
f30a908aadfed5d9edd5619eef796819,cama_mesa_banho,51,215,1,1650,40,6,29
e282624d8c82e04983f125e167eb4521,telefonia,45,343,2,117,18,4,11
fcdb929c70287379ce31deed3f733d72,cama_mesa_banho,53,231,1,1625,41,30,33
8be128ce3f51211048f4b891e9303381,,,,,3300,28,20,40
c68252426f70e1434cf6e465d7cae869,malas_acessorios,53,1289,2,450,16,40,25
706a5e521711344bfd262cb3f2a77a78,bebes,49,223,3,283,37,20,40
ea5708a5c7124ed181b770fe811ec775,papelaria,60,501,6,550,22,7,15
cc5004d18b1b9d795cb5043c2d75f66c,esporte_lazer,39,362,1,1400,105,10,20
52b4432d5f2efc197d3e792329b38cec,informatica_acessorios,60,658,1,241,14,15,17
39aa98469aa7460a9764311b3f8efb12,cama_mesa_banho,47,161,2,350,25,8,19
420921e97463577fd5cc62c687d90bca,telefonia,47,1258,4,450,23,7,16
091af6c2d579fe0926b4fcb8db07f78e,esporte_lazer,58,920,2,2350,20,20,20
566a4f2c4385f36d15c00dfcaae132d1,eletronicos,43,391,1,150,25,7,16
385c861f274a680e93e8391c65bf8269,automotivo,57,703,1,6100,47,19,23
d4548e7ab697993ec51d864766a8ea4f,relogios_presentes,43,632,2,532,19,13,15
f0af7ec9760e53f21277444f32ee3308,moveis_decoracao,59,205,1,1300,40,10,34
c706d50b57c9e83293c2586d01f32445,papelaria,60,310,3,600,25,7,24
7ab3f33e0baeb7d996e1f95d25acc003,cama_mesa_banho,55,317,1,850,25,15,15
06f2166336faca73c644b11eaca22d06,informatica_acessorios,60,635,1,600,16,13,13
aaa31e14a24ce654af7f6f2061d1b7ed,fashion_bolsas_e_acessorios,49,248,1,200,16,8,11
dd61e943598eec72351633dd6a72d5dc,perfumaria,47,1816,2,350,36,6,22
d6f3bd7b1fc04fb1a2effb51ae44ab17,consoles_games,47,348,4,400,19,7,17
01849445c151d94a1f0cfff03c9ed154,cama_mesa_banho,60,146,2,1200,34,6,41
51065e36eb621dc8c9be3e291b1d41de,esporte_lazer,53,1541,1,450,33,20,20
f5eafd694f3a7959e352920537496c7c,industria_comercio_e_negocios,45,706,1,8400,36,25,44
00250175f79f584c14ab5cecd80553cd,utilidades_domesticas,53,631,2,750,30,5,35
165f86fe8b799a708a20ee4ba125c289,cool_stuff,40,1456,1,2425,29,30,19
cf1817039c1c86d9f7a5991817794083,eletrodomesticos,40,45,1,200,16,35,25
83fcbcb7aee7d8032262103f5e441ffd,relogios_presentes,59,414,2,700,30,10,30
c7b3cf9de7be95b3e09e7a63315685eb,malas_acessorios,49,489,2,16250,18,53,39
aab15a1fbfab4f54efd93c8d3d47c0a1,beleza_saude,44,465,1,567,19,11,15
4ae634441e444ca4bc85903cafe98d73,telefonia,54,285,2,275,18,4,12
ca152649b43c4c6081853d9421c59869,informatica_acessorios,35,1101,2,250,42,2,30
15859e3a8aaa3c192c10a91d8722abd5,beleza_saude,51,2795,5,5650,36,26,36
3fbc0ef745950c7932d5f2a446189725,beleza_saude,50,1257,1,350,19,12,13
6c037f9ff2d13c4236a23910ca598f42,utilidades_domesticas,58,700,2,1350,40,25,22
f538ab9eecaa662135da8cb772bc8236,,,,,1100,60,8,20
b4ba27d5fad6d6cde99f855d72b5afcf,eletrodomesticos,60,222,1,5700,55,19,46
39fb1b20d35ef11b96ddb1180d89c25d,beleza_saude,24,666,1,700,35,35,11
422879e10f46682990de24d770e7f83d,ferramentas_jardim,56,348,2,1550,30,22,30
5b2b72f58d212a6e4733884ef0ece564,cama_mesa_banho,54,273,1,3000,45,19,35
2b939dc9b176d7fa21594d588815d4a4,malas_acessorios,45,702,1,1300,33,10,49
e1901d5d99ca951543717ea5d1940a36,cool_stuff,55,506,1,500,31,7,27
ea9c7e08863cdaf1e40261c8b6c005a4,cama_mesa_banho,56,145,1,1700,31,8,24
9d717f96236e39a3dbe6326b9d51d681,cama_mesa_banho,59,332,3,450,27,6,22
6ba4d9e6b21481dcc4646250fa189ac1,eletronicos,41,790,5,477,18,16,14
96d6c71675adc35bcf32f970cdffe2d6,telefonia,32,366,3,167,18,4,11
12a146749cb72ebfde01a89105df1897,esporte_lazer,49,2009,4,233,22,16,14
b00a32a0b42fd65efb58a5822009f629,bebes,58,398,3,238,20,10,15
c708ba7c6269161f89ce0683cdd7c432,relogios_presentes,60,379,3,300,16,2,20
2c71438371b35f7ce3c2511d6b0927e7,relogios_presentes,60,167,2,250,16,2,11
20abd285d5491b50603aaea6b4c85e93,automotivo,44,890,1,250,20,15,15
d4fe034cde911805af12724d73fde7e0,cama_mesa_banho,53,867,1,1100,20,16,20
6131240aedf34224270cd6f07e8229e4,moveis_decoracao,31,290,1,250,28,6,31
f7e0fa615b386bc9a8b9eb52bc1fff76,informatica_acessorios,59,2574,1,325,21,21,21
835d8502d265ddeb4bdd39591d55fa2b,beleza_saude,50,3902,7,500,26,19,33
05019bc35fc2ed878c0c0f55346b91c6,beleza_saude,40,344,1,2550,18,16,17
617186c3d97ea56c9c683a8a3974e8c1,perfumaria,59,1071,1,550,21,12,20
a5f6ba3fe91a2e73f10b612131cb2404,eletronicos,45,1057,3,138,19,17,16
f18333439cbbfd0ae30acf09ae09c0f0,,,,,23300,56,48,40
1c8c191152d78378de9b31fa8231bcd6,esporte_lazer,46,844,1,975,43,23,23
11f5b5f05fa5e1a6084d240310fac08c,beleza_saude,50,914,2,5675,20,18,17
adf24c4c9e90e7054d07309a04c419d0,moveis_decoracao,56,1110,1,1500,105,4,15
e070a61270050c4b1b704300f331cca6,pet_shop,57,558,1,850,30,20,30
d63c1011f49d98b976c352955b1c4bea,beleza_saude,57,614,1,950,35,25,20
5fe490e61e7a37f2f0d1ad1771ac027d,beleza_saude,48,469,2,750,22,8,12
d03a2a3433372ac8f9f6649d1dacadae,beleza_saude,60,919,1,150,22,3,15
f74979233a273e0afadf48e39d0c45a4,utilidades_domesticas,52,374,1,1450,65,5,35
d04e48982547095af81c231c3d581cb6,relogios_presentes,56,528,2,292,18,10,15
7a10781637204d8d10485c71a6108a2e,relogios_presentes,42,236,1,342,18,13,15
20c69858ff6c402d1713747d81b5c23f,cama_mesa_banho,48,324,1,1550,37,9,30
87cc2aef12eddf0b170234138b0946e0,informatica_acessorios,58,2455,2,350,28,6,20
db10315b99cdff7ca831c2a44ed5b601,casa_conforto,55,215,1,350,45,15,35
f1d52f5898b4fa4f26ffd82aa0147044,automotivo,58,3255,1,100,17,10,15
095cb863f2b04911455ad33f5177062e,livros_interesse_geral,48,1140,1,1000,16,24,16
550dc4417c636abc04c71404342de695,informatica_acessorios,43,518,1,1238,34,19,24
fe6a9515d655fa7936b8a7c841039f34,cool_stuff,29,266,3,5650,73,73,20
d357444d58bb7efb2756bee0420a0430,esporte_lazer,53,532,2,850,20,10,20
d0825229639d1afa9bd533314e27d7c8,moveis_decoracao,63,1952,2,21700,42,42,42
08401f48b67a852d06105725c3013eff,brinquedos,58,739,5,350,28,10,12
655110abedc57d73d3b2150d8ba2092a,cama_mesa_banho,60,314,2,1250,30,10,30
73bcea88583002fe12b7399af4ae60da,relogios_presentes,42,631,2,459,18,13,14
ac4de777c210c46c3aea5fd5703d2a16,cama_mesa_banho,48,594,1,375,28,5,19
77c2aff3c37f549284828851709cedee,beleza_saude,30,1418,1,208,31,7,20
b0075cdedc8e455d734e6b1875336ca1,pet_shop,28,641,4,150,16,9,11
631cc372948b89f0211271f2546d9f44,,,,,700,20,10,20
44afebe5ba695261a126f43a4b29d814,utilidades_domesticas,49,465,1,2963,45,33,32
964093075b6885bfcc6520dd216e4d8f,utilidades_domesticas,46,157,4,250,24,5,11
5aed97dc60ce5882eff4a75e0d502b58,perfumaria,53,462,1,100,16,3,11
a7643323762a75398fdfe3ba23a04cf2,ferramentas_jardim,39,1570,1,1625,28,16,25
00c744ca2f3b0e76ce227b146095d3f9,brinquedos,41,569,1,350,17,15,17
44a34214a57dc373dcd80f54c919d006,esporte_lazer,21,207,2,350,67,15,15
1823142d83a24b619bebd0088d7f95d9,automotivo,54,1266,1,500,31,16,20
6e835aea84ae8eb68b8c14878dd43b30,esporte_lazer,48,831,1,2350,20,20,20
717ce88f14ebb225f2c395c8c41cde09,beleza_saude,40,188,5,200,19,11,23
fcb0e3bd6245e82cb0203dca6c126e43,informatica_acessorios,37,100,1,200,60,11,11
1a300f482e35d7eac74b229be067aefd,informatica_acessorios,54,333,4,125,18,7,15
fe077ec80df6b4ee60bb4498d5ab1962,informatica_acessorios,56,195,1,200,16,15,15
2150745318bfb3f51bb7b99fb9b38ca7,cama_mesa_banho,28,168,2,1695,36,9,35
8ab5b652aa203b172a243df4c604ef97,utilidades_domesticas,57,235,1,200,22,22,22
c638e232871cb1e760eaa7e724bc3eb2,,,,,300,20,17,13
c40b4d64d9a3328382ec1fc2948c4af0,telefonia,30,797,1,100,17,5,12
04bd5aedb2f07b8078ef7dcbfb79db00,brinquedos,60,1258,3,1600,28,13,21
a9b3c1c9a790da6695b60d0b0070578f,informatica_acessorios,48,1966,2,1000,26,23,23
001795ec6f1b187d37335e1c4704762e,consoles_games,53,274,1,600,30,20,20
ac8d637154b9a2717786c0f933d4c7da,esporte_lazer,54,1375,3,650,18,8,15
9b2a0b97c2471793b067f77f2252defa,esporte_lazer,60,236,2,1250,60,15,15
9c21e4a14d74098b5d4e1126e706dc3a,automotivo,63,817,4,350,16,40,11
474bb6b54fc608ca71059a6c4f7ecda3,eletronicos,43,538,1,150,30,10,20
f6eda47c88d786adf6f3e3f016833927,pet_shop,55,1496,2,748,26,19,23
c23bb9673ec1f70f31171d5a7dff1260,cama_mesa_banho,53,396,1,550,16,10,16
b6475dae3a2796ed87cabc7b8e8debcf,utilidades_domesticas,46,558,1,250,35,13,19
d09bfa2eabe21270b5c8e164e39e5aef,utilidades_domesticas,46,310,5,800,30,25,20
3a7c9b0413d7b9cc7f4a18318fc5afb3,cool_stuff,52,797,2,1500,50,40,30
c7f00fc7c45096568acd0e79ade90e64,esporte_lazer,28,395,1,6192,38,37,38
b3b0bce74668bf355cbd94db1e4d17b9,informatica_acessorios,44,1133,2,200,36,15,21
e5ae72c62ebfa708624f5029d609b160,informatica_acessorios,60,367,1,156,18,12,15
42f25a7251d847a86c1849731bf166ff,eletronicos,59,1413,2,450,16,16,11
bc055ae94989497c0d66bfa4263ccf61,informatica_acessorios,49,544,1,150,24,12,13
98aaaedf37ab737ac27a285b011f42cb,construcao_ferramentas_construcao,60,339,1,7125,27,7,27
9cbe4a1fd4db99c14512e9b2ff033ec4,cama_mesa_banho,46,113,1,500,40,4,30
ba4bfbf74dbe7ab37e263b9326da0523,esporte_lazer,60,521,1,650,24,10,20
d04857e7b4b708ee8b8b9921163edba3,informatica_acessorios,33,1127,2,450,16,4,20
69b45497bec8e36af6fd1a31b2cd8f9f,eletrodomesticos,51,3134,8,950,45,14,35
98712b7f46e0fe4f4da2f7df1b9231a7,eletroportateis,41,450,1,350,16,16,28
c72d57da8ba2412527531d97106eb8ef,telefonia,53,1311,2,50,18,6,11
b532349fe46b38fbc7bb3914c1bdae07,moveis_decoracao,49,829,1,850,20,25,20
e6a516eb66cb5fa9e8854ed738bea934,sinalizacao_e_seguranca,37,515,1,400,25,20,15
9dfb2984ab775b6175202b9e9e678641,utilidades_domesticas,41,859,3,750,16,16,16
62f5caa3d09aa499e778927db65547eb,informatica_acessorios,47,1112,6,1150,45,11,11
96717b4e4fba4d6fa1c3d179482afbe7,eletronicos,40,399,1,300,25,7,16
41315ed74df21b8ba3b9e4a8738b43f8,esporte_lazer,58,1156,1,3354,25,25,19
cf1709a941039d6e24f0dde0978570de,automotivo,48,861,3,550,20,6,13
103cc8c441a717d9a54fca312ae8ec3c,relogios_presentes,59,602,2,225,16,14,14
fc1d8637c0268af3db482c14b7ef8e75,cama_mesa_banho,60,269,1,1700,34,7,32
fd60771c56d987cda1dc0169f4452e65,automotivo,59,1066,5,100,24,2,17
8ef18e8943b9f07649b045b72df449cb,brinquedos,57,892,3,5200,48,27,18
71e239fbeffa264767d6a1210b933e02,fashion_bolsas_e_acessorios,48,357,5,150,16,9,11
ebad2408485504e930678ed1af88790f,dvds_blu_ray,42,672,1,200,20,2,14
a2da86fa759178e9e58e54aa1a144e59,telefonia,57,777,5,350,17,4,12
145978af3e89b318be0b717a0953649a,informatica_acessorios,56,295,3,150,31,3,28
90b58782fdd04cb829667fcc41fb65f5,moveis_escritorio,34,794,1,7417,102,46,11
a02d0123079f4ae96001ba2010d1a2df,construcao_ferramentas_iluminacao,57,771,1,12000,45,35,45
d9a5a0aa013c348c28ff4626ed6dba71,esporte_lazer,60,2636,1,350,17,10,17
be531a288d95e2b9ad1b314c7366fe81,esporte_lazer,41,478,1,300,18,15,13
6dc1e760dde478aea03467d92737a0a6,fashion_underwear_e_moda_praia,61,359,3,300,17,9,27
d189fbf8b5d79a670cebcaaad68d77b2,papelaria,49,453,1,3000,30,10,30
5dee2c14e1989141e15d341d4c62d72a,esporte_lazer,56,859,1,353,23,15,16
0609678aec06f28cd8e177550d26e73b,cama_mesa_banho,51,394,1,1400,20,30,26
1166bc797ddf5fb009c376d133f61204,utilidades_domesticas,55,65,3,1100,36,20,20
03a20f79e4c056b48ce29b3e30beb0fb,moveis_decoracao,63,1700,1,700,60,11,20
c777b9591e90c49e0745efb1051789ca,esporte_lazer,50,256,1,200,20,20,20
b00a5c58d3c4139cf67ccae61feb43f8,automotivo,53,1145,6,3500,53,43,11
ba6c0daba35afe2ee11400da4ec7b3a4,beleza_saude,48,1247,2,1050,20,10,20
7650dd3b2dc10798a8cbccc78d9e6e3b,bebes,56,799,2,2300,31,34,21
b365e38a72a4fa2b2cd83e14c0b51754,esporte_lazer,55,439,4,400,24,17,20
0cf573090c66bb30ac5e53c82bdb0403,telefonia,26,108,1,128,15,8,13
9ddc4249779322828f89d2a9c04f7ee1,automotivo,54,699,1,1277,30,25,27
f646af315b0f3a597f69213537ca2199,moveis_decoracao,55,928,1,600,17,17,17
5411e9269501a870cabf632f05655131,papelaria,57,396,3,6550,38,30,28
db4e12399028c661997d99981af68642,brinquedos,35,114,2,300,50,5,35
779471f3320ebf3c8695d3774cd90d98,eletrodomesticos,60,124,1,350,27,13,17
ca210a9b56b93ad0b8f27c41e04da8b2,cama_mesa_banho,47,729,1,2350,20,30,30
f07ef9dd6e2d9a366ff30a25e210be70,telefonia_fixa,53,1021,2,900,20,20,20
b8faf829f47ba1f35f169da4acbdb88d,agro_industria_e_comercio,50,936,6,6950,36,30,33
caa1675deee5711b3aff1e4f5946266f,eletronicos,55,1040,4,200,16,5,11
f8328e9125f089a968fc6b36116c4bb9,esporte_lazer,45,1418,1,575,20,16,16
15562257608ee6ca7974526ef79eacda,livros_tecnicos,24,896,1,400,16,2,23
2bb7ee4eb5d38207b650bd2ff6f4586c,esporte_lazer,58,808,2,7000,50,30,30
777d2e438a1b645f3aec9bd57e92672c,cama_mesa_banho,58,689,1,950,45,15,35
93ebf843a46dd3ba8085784ff4c604fc,fashion_roupa_masculina,32,713,2,800,20,7,20
f811e4e8228504bcdd34f2fe9f502c92,bebes,52,708,1,200,18,8,24
7dd64fcc372f5d6ea016d697d6db75f7,cool_stuff,53,1238,1,800,16,23,15
1837cb3869c5eca2fd665cffd1ec1854,consoles_games,38,1276,2,400,20,30,20
a09fb9f597a4b8a13ab0c72d70c77081,relogios_presentes,56,610,6,250,16,2,11
171b509779ad4fe0cbed2a3d95d10c68,pet_shop,44,283,1,400,16,16,16
7ca842c587021040e7e0135fac921602,perfumaria,59,670,2,500,16,16,22
af0a917aec9cea3b353ece61a8825326,cama_mesa_banho,58,188,1,1200,44,2,35
a5e28e21acf7c99188ad33f688f18837,informatica_acessorios,58,174,3,1550,20,4,20
b348cae99d8bef36e269b016bc19419b,fashion_bolsas_e_acessorios,35,232,2,200,19,11,15
57aae7271c7c24614b0d663c6df83f35,esporte_lazer,32,1042,1,200,18,11,13
9a63d4ef456702710823c21b8cca0332,automotivo,58,567,1,200,16,6,11
62c89abe1afe3a23c17765d462718a4c,perfumaria,51,805,1,540,23,13,19
9da950e8c8c482441f1b93955b21c827,cool_stuff,51,516,1,5200,37,20,34
8301e489165ea0f91dd987fafebbe58c,fashion_bolsas_e_acessorios,51,220,2,150,24,4,34
aded994da51233ec2f2b7eaa78ef6c92,relogios_presentes,39,516,2,850,48,16,35
66d8fb4ea4391a1f36cf50152c26b4ca,cama_mesa_banho,50,558,1,2300,25,25,25
6ef7db41787d5f0c65b2f9487d4336b7,automotivo,47,2031,1,4725,40,25,30
e0f33a3329af6716a0bb47fd7a664439,,,,,200,16,13,14
9bb8ca338e5588c361e34eae02e8fad6,beleza_saude,37,314,1,431,19,17,15
bee2e070c39f3dd2f6883a17a5f0da45,informatica_acessorios,53,871,4,175,20,20,20
e11b7abd9eb82a586a144e97594bc05f,moveis_decoracao,16,83,1,1300,24,39,22
5bec1db1c3f053e422f33b7d8f23adfe,informatica_acessorios,59,1186,2,1600,40,15,25
2de20adf2a0b53d046bdc80ab9f8cf89,telefonia,41,100,2,100,16,14,15
aef8207c2e91f4fcdbc0824737abf358,beleza_saude,41,915,2,1075,26,14,17
1923fbec9d29cfb2cb50a8e69db95cab,moveis_decoracao,48,383,1,650,35,2,26
17c9711cb08dc4757841afc6d4a239d4,consoles_games,43,606,2,530,18,8,14
d34ec3c23c142291062f958688a1b41c,malas_acessorios,54,114,1,1050,40,10,35
808190a48d18d09af357796e2b30d932,brinquedos,58,409,5,1400,25,40,45
daf84c8f6a77308759733b317cf20666,moveis_sala,48,1084,1,7760,54,52,34
1b947042ada4bafeaeb8714e1584d5b1,moveis_decoracao,63,149,3,5950,64,8,64
341687b53eae81d74a13127e8e23bd0a,esporte_lazer,51,914,2,4400,20,20,20
00fefaf41156bb4b0d850fb27da97897,esporte_lazer,12,3231,3,100,20,18,18
9988abe0755ff16f74152f3e6b83626a,brinquedos,55,670,3,800,50,6,29
1dd85d42702d499bdccd33e6e3227a61,cama_mesa_banho,44,122,1,1200,45,10,15
68a058d125ba1544e726898f0b8c0523,moveis_escritorio,54,1283,1,10475,52,51,17
8a68c060dbab4ae66aa885e13e1ef7b3,informatica_acessorios,41,451,1,617,17,18,23
c3099dfa5bca8734d228152d9c7d894c,brinquedos,41,1223,1,275,20,13,14
076e36bd0e2aebb35184d08c8e0f032b,utilidades_domesticas,44,154,1,1950,30,20,20
41817d1d44000e3105f24470a5224bcb,esporte_lazer,48,687,1,1225,25,22,22
79366d6a24de9351b7ca6e3cf75a68ec,eletroportateis,44,2558,1,1100,34,11,25
bb50f2e236e5eea0100680137654686c,beleza_saude,60,2644,6,400,34,4,22
8983a3b149303c013fceabef902e835a,informatica_acessorios,39,1193,3,450,16,3,15
e7ce29342574abe2fbf171df97fdb092,utilidades_domesticas,53,1524,1,1100,30,10,30
60bf0da113cefe56a54ccc46f7758563,esporte_lazer,59,270,1,3050,43,12,22
67f1245615b59bf0d4a61a83d7a7a6b5,automotivo,29,831,2,10400,61,61,19
dbfac885ce74c770040e1c99389553e1,casa_construcao,55,523,2,19800,45,45,45
462ca84097e3116f8dc7642fb057b4b2,informatica_acessorios,32,1078,2,200,39,2,30
557d306a56fe0848efbea81dafc78006,automotivo,40,906,3,16200,56,15,15
fd85f34d70edf41fbea6a3269d183e00,,,,,163,24,18,21
c5ac6d71e1684e3e768495f047b33379,utilidades_domesticas,42,844,1,7500,30,30,30
dabc8335b58a49ec2f5fcb06255cd733,cama_mesa_banho,60,643,2,1800,38,7,28
fe9dfbe7f974621789683b7b78be2a16,beleza_saude,54,1131,3,5300,30,24,38
ffa0824a2b01e5ce24d6883413b72f14,eletroportateis,57,109,1,500,26,25,35
6d83ca45d94919027131b87caf3b2a6c,cama_mesa_banho,54,492,1,250,16,10,16
23365beed316535b4105bd800c46670e,telefonia,56,351,1,350,19,4,11
80c2ccc80085da41e8c055401fef8e3d,esporte_lazer,57,927,2,10800,70,39,21
3ecdc0c6f18cf5c74f2b2e11c23ef462,beleza_saude,48,728,1,450,20,7,17
e6d3e381889aa6e9d222ad50cb30ac43,relogios_presentes,36,617,2,480,18,11,14
ac0bb4405e9661957160dd5ee9d5585c,brinquedos,54,407,5,1250,45,8,26
faf58757ca84cfb8c154b772683e76e3,papelaria,53,559,2,150,16,10,27
e40c39c560a2473e52cebd2ccb0d7969,brinquedos,40,970,2,900,41,13,26
d0744123a3448128f572ff0a95c13d87,moveis_decoracao,59,603,1,8200,40,35,35
bddc1407637849d18d139b4012e4406a,casa_construcao,38,883,1,2483,18,14,16
a069fc741ff92fd8af8270a66f35fcbd,moveis_sala,31,325,3,4025,51,14,52
569ffd16f8032478cbeb9800f2e94ba0,moveis_decoracao,49,544,1,410,39,3,28
ff80f0538290775336ee74b4997a855c,relogios_presentes,44,1484,1,333,28,13,15
50fd2b788dc166edd20512370dac54df,eletronicos,46,2285,1,150,30,10,20
0874407d58fad5ce1eecc2f372fc8dbd,cama_mesa_banho,51,204,1,2950,40,13,43
a25a9e3433043fb8a0808f310d8d8203,fashion_bolsas_e_acessorios,46,846,13,1000,45,16,45
0b2c18d8e73e17348a011241525cb089,relogios_presentes,60,1008,8,400,16,2,20
d9235fea02ba3f9fafcd78d898ac4355,construcao_ferramentas_iluminacao,54,929,5,1300,22,15,18
3b10cf7d1e08c598428ad6eb7c59d09c,cama_mesa_banho,59,775,1,1550,32,10,28
fb14dbd8b5d4195d70df81f35b593889,eletronicos,53,279,2,365,20,10,20
5391609b73c1bd3aa36c88f5d954cb1c,brinquedos,55,496,2,350,36,13,16
5d92abea542c2022dfee91dd630f2697,cama_mesa_banho,57,261,2,1580,66,13,45
909b87db6cb3a7ab26bd03cc59860136,informatica_acessorios,28,1111,1,169,16,10,12
7703b8cb5b77fbb36518ea91e2ca734f,relogios_presentes,54,192,5,250,16,2,11
e558ed9db130cd52586bb4fcb1090132,malas_acessorios,43,784,1,900,19,51,36
fb5192388e7614dee676e3fcafbd12ee,fashion_bolsas_e_acessorios,55,219,1,100,21,9,14
f688535e8e2f269c27dfb305d8e6ffbd,utilidades_domesticas,59,786,5,1383,25,12,20
aa765c0a9daeb0541a98ff48ea3ac651,bebes,56,1143,3,1433,39,13,32
054515fd15bc1a2029f10de97ffa9120,esporte_lazer,50,799,1,150,18,18,18
6d44b2c01b6843eb2e68beddf853dd82,beleza_saude,25,1236,1,1450,20,20,11
c3602326cc2e91dc18ad2ae9a575b5e7,pet_shop,39,527,1,317,19,15,17
03d10117bf5dbd1e4f194566be73de5a,cama_mesa_banho,53,255,1,2350,45,15,35
6ed0ed10d62b45f3de46933b0b2989a6,bebes,32,1531,1,700,30,40,50
b76e88f2da688761c6f9ad9bb4f9513f,moveis_sala,56,676,2,5700,62,5,45
234d0c9586a851ff11033aedd13c1837,perfumaria,57,512,1,744,19,14,13
0a9bdadab17a9b0f258f64d11a0adf7b,moveis_decoracao,37,1090,1,7480,53,48,26
21b1c2f67a9aafb5af0eb06c13b9dbda,esporte_lazer,35,1132,8,9800,105,15,28
87c9f9f88ecd5b9de26a0a61e06e1d67,esporte_lazer,35,783,1,214,18,15,15
d265065154be9a455d6a5b2a4727fe38,fashion_bolsas_e_acessorios,44,160,1,100,16,10,15
2ff995aead9c63a1f37a07b3664ead37,moveis_sala,45,353,1,7500,61,11,46
57f2de7e1c6028c7d38a50cff155c794,esporte_lazer,44,221,1,400,40,6,25
f6f1acecb8770430b76a87fae1c522dc,eletronicos,47,568,2,83,13,9,11
84d0e98e468edffdfe4f1f5b178d4ecc,esporte_lazer,47,740,1,1150,26,31,26
7935ddc510afb7d08989660b382b7f26,papelaria,59,246,3,7700,60,20,29
e2efd37edf851a99f9707f165ef0fb13,utilidades_domesticas,26,182,2,13750,36,63,42
08a69b44d48364041d3bc2c74c8600aa,moveis_decoracao,39,42,1,900,25,15,15
2d4729e4bd9debaf6fcc53c26c0f37d1,informatica_acessorios,56,741,1,100,16,2,11
4b24b35ca762a17e416dfcd4f647c28b,utilidades_domesticas,55,483,1,1400,25,35,25
dbd55362ec13c706503b1c71a5068a1a,beleza_saude,53,526,3,473,21,16,13
80a28a92c0530e6838d3f35cae419d34,pet_shop,52,503,1,21750,74,39,40
a16a8eed860c19b57d6326c7f6936d3e,eletronicos,51,507,2,167,20,5,13
3ea9fe739cd6a9bd2be0ba05c290498a,telefonia,48,590,1,200,19,4,11
61937887eb6ee0b405a5759756426486,beleza_saude,45,1083,4,825,31,15,25
ac715f2fe6957acf9bff43ab3cedde0b,esporte_lazer,58,508,1,900,24,20,23
7358faf3ccce6ed3a2913667ffc1a395,cama_mesa_banho,32,1060,1,1900,26,26,23
8d9d31dc8d8c05062987d883cefa98be,cama_mesa_banho,40,327,3,1200,37,23,35
671d1f1a67e731435bc7a91569004038,esporte_lazer,49,479,1,550,38,28,20
450a44fbb7995e0ace31991a2bb05470,moveis_decoracao,50,446,2,1400,45,5,45
62d8daeee0db3a60c234c2d1bfd10651,cama_mesa_banho,46,113,1,350,40,4,30
abe236a52dbc43e90bad00fe6d794582,cama_mesa_banho,22,332,1,800,34,17,22
c73c029653f68c6a83cb371dd148adbd,cama_mesa_banho,57,419,1,2550,40,6,30
e85cdca8790ea0026ddf7316f469608a,moveis_sala,32,607,2,4600,30,16,30
681a43d9f960e80dd7756c749e60a2be,telefonia,56,1392,2,100,18,5,12
aa8fce5e65ab73ab73101ea58d710905,esporte_lazer,46,259,1,329,18,18,15
2423252b2432f1803e4f29e0974c6cf7,brinquedos,60,919,5,1167,36,20,28
d35825dd1741eee134506022d73f4e71,perfumaria,54,431,1,313,17,7,13
12bc892d6fff0dc42c8177f3665ef00e,beleza_saude,56,3847,10,100,28,13,12
e47eff9f97c9536c9f768f86e13252f6,,,,,10250,40,32,32
3a361fad1e42318dd4a6fe415363067f,sinalizacao_e_seguranca,50,348,1,1850,21,35,21
82bbea2a39c7d1745ad49a2479460e75,cool_stuff,44,732,2,3050,62,30,26
196c1cb4773764eca858159261a90f35,perfumaria,33,849,1,400,20,20,30
2136c70bbe723d338fab53da3c03e6dc,relogios_presentes,55,167,3,200,16,2,11
01da7f08d8327e0b4fab7edaa0c417a4,telefonia,49,1019,3,350,16,3,11
1b770da1c339c216e545d69ee2965da1,beleza_saude,47,1123,1,750,20,18,23
31edc407aaeb20e9126f4f8553bdfd39,cama_mesa_banho,45,462,1,1400,37,23,35
0521fe3eb04940304b489d0fb49a37dd,ferramentas_jardim,58,686,1,1450,90,6,18
d9545b3e8df3155bca5b302d0f7c3c1c,informatica_acessorios,58,1672,2,4350,30,20,20
8aaeae26573fd33a2512d3fb0d8bea6f,pet_shop,59,779,1,3900,40,35,40
9b1c33398191d2026558e5d3940a0d8b,fashion_calcados,54,404,4,1500,22,12,33
d0f55c5c2132eb126eb5f97f9cf04259,bebes,39,546,1,11850,65,23,50
b11802a8f8d0f813ec6d3fa8967aab21,esporte_lazer,44,521,2,1550,42,6,40
d9bdf643d95cb89844c0da1a0df1d16e,perfumaria,39,572,1,475,20,9,14
2aef77073a11c1bb21ae9eabbc7a97e7,moveis_escritorio,50,563,2,16200,63,58,26
07bcd890d449e493b4ec23d05a9e40ee,esporte_lazer,34,237,3,800,30,15,20
65400edfb5c91587f723f62138cbc40a,papelaria,57,83,2,1000,20,30,20
952670bc019a73f0933157ec82ff6e4f,cama_mesa_banho,46,162,5,3300,60,18,50
522e80f11e2431474e70300f12a6e45f,esporte_lazer,49,1841,7,3050,50,39,12
4b96786612ebe7463132fce2c4dca136,utilidades_domesticas,42,540,3,10750,31,61,31
ed08c988bf45ddaed9d83ed92f015ec6,informatica_acessorios,53,998,1,400,20,15,15
8f2c823e12d58a9eec1a9191e3c34718,cama_mesa_banho,51,650,2,900,16,10,16
6630485063578b527549697547ed3ed5,moveis_decoracao,46,713,2,1050,34,6,28
725cbfcaff95a4d43742fdf13cf43c75,cool_stuff,58,537,2,1850,34,5,34
7178ddaf7e590ece0dd74143bfc6fd28,brinquedos,44,724,1,20800,80,36,36
f07dfd51b27ae763526ca43745920b7d,cama_mesa_banho,36,578,2,175,23,6,13
ef8856db4e302ad33dc4d91e40f7593c,esporte_lazer,29,531,2,1350,41,10,35
b931645cdc2d9868f01544e8db63f5ab,ferramentas_jardim,59,398,6,4200,50,28,28
5e2ba75ad255ff60b1c76c5bf526ae9b,beleza_saude,47,1346,2,500,20,8,20
44291e25afe160dfe5f844da1b0f8b15,perfumaria,54,964,1,50,16,5,11
e95703a89b7e347a78ac894708191b36,moveis_decoracao,52,575,1,3100,30,30,30
e1da6ab77f4859eb17950e5df1c0f815,pet_shop,56,724,2,7050,50,21,21
27da9ff5303d900602623ce3b731e0bf,utilidades_domesticas,29,415,1,4100,63,25,23
97722a15d9ccbf90ef47621baa79b87f,esporte_lazer,57,688,2,150,16,16,16
ed2067a9c1f79553088a3c67b99a9f97,alimentos,52,919,1,750,16,12,15
9e4a852f41aff52bafff133d9deb5eee,papelaria,55,382,5,5700,38,30,28
7094fadc9773845c7d453e51b04289a8,cama_mesa_banho,32,253,1,1150,33,9,38
507f37649c32210c0f297c6755cc8305,brinquedos,47,551,2,633,36,6,26
0ec7b6a863e219792bc4d50d3a62a839,cama_mesa_banho,60,2596,4,7474,54,29,40
060109450b2f49e4d5c4fdfd3d8ebc34,utilidades_domesticas,56,497,3,450,18,8,13
0e9083f06ff39f2cfe1ba2c8f589f591,utilidades_domesticas,57,246,5,7900,45,20,45
b66270a5d5b3a8585f8314b2f14420fb,beleza_saude,41,1541,1,235,19,14,17
ca0019454bd5ddca0f4022fe89f6557a,casa_conforto,57,217,3,5700,40,20,40
a1f7dace2a9af48dd48428c12001dc09,eletrodomesticos,59,190,1,300,21,12,12
f236d6f238239abfba8268f427d07c33,beleza_saude,29,538,1,3000,30,12,16
94475071013412139f862c0bd7e3bb37,papelaria,46,708,3,317,22,14,22
7efd7d1a1a985eae9fecdb134fd657d3,cama_mesa_banho,55,2373,6,2750,30,20,26
fc7138a8f96aee8302e42916bbbbb818,eletronicos,54,1460,2,161,19,8,17
1a46dafd2935eadb540039ce3e8a3d29,consoles_games,35,771,2,350,17,16,20
120fa011365fc39efe382cba4e50999e,cama_mesa_banho,60,234,1,2050,34,8,32
47f7586890e8c177d7ec5ba18ecf5587,brinquedos,16,580,1,700,23,16,20
8458f51c49c1af4c4b388dab8810215f,esporte_lazer,54,1214,3,1050,43,19,13
1dceebcc5f23c02ea23e16d5bedca000,cds_dvds_musicais,47,117,2,550,35,15,25
5bd46344df36a730cedb3c85d2d1b573,informatica_acessorios,31,589,2,600,20,6,18
68fd321167f27536e8c0b182d358f854,cama_mesa_banho,52,381,1,1800,47,21,41
72cb4380c5a90c64048cafdf60d31f88,instrumentos_musicais,59,1522,1,500,19,16,16
69b7c4bad8ca0c2cddad020c139f7e95,moveis_decoracao,63,635,10,3600,38,15,23
af34cea61340203305a39885c8331b01,moveis_decoracao,55,1892,5,1550,69,11,11
5f622da714951c5ae86acf68c0a03d30,informatica_acessorios,49,1238,6,150,18,16,13
66aa3b4b7c65efa2b0fb0aa8ebea9629,esporte_lazer,34,455,1,300,16,16,11
b5b7b02332726bc71ed7ad7899bc3b58,cama_mesa_banho,58,119,1,3800,35,15,25
163e6400e6dadd0fe04775c5e9331fda,bebes,29,462,1,500,47,10,36
3a58b2c6aa002adafb77ac772f768975,cool_stuff,51,489,1,1200,32,15,15
91846781ef75057e134949400768e272,esporte_lazer,59,1732,5,1550,40,20,20
98030fe87f5a7493a33f427054966596,eletroportateis,54,1369,4,2300,25,7,60
24e3e6b37adf838150e7bd4dda394c31,cama_mesa_banho,51,352,2,600,50,10,60
bebd360fe73dc670fd6439e9b943ceb7,relogios_presentes,31,948,2,250,19,14,19
fa66c43e63966d8b1770f6df326e05fb,esporte_lazer,28,1290,2,260,18,11,14
073f139ce5bceceb73c9f287e2540eb3,moveis_decoracao,49,505,4,1050,30,20,30
edc388b2ba34de112c918ddcd465f5e9,telefonia,47,723,1,100,19,3,11
a8b5e02c7f69ca5ccdfa99417079d135,livros_tecnicos,41,1002,1,2050,28,5,21
1d2b1480b69b37d1d9ea481a4ab88fe3,bebes,53,436,2,343,21,14,15
0a9a9c25c5a06532d1766e00db833a7f,beleza_saude,36,365,1,100,16,3,15
f1b067568bb39768f754b0d1ab1abcf6,papelaria,54,241,4,3750,60,2,15
cadb69af336c16aba5c5223599821245,eletronicos,41,386,1,200,25,7,16
53b7965906cf23c063da1ff89f50a257,cama_mesa_banho,55,562,1,600,16,10,16
69f07c49379a0c4bd660dd794a72f02a,cool_stuff,47,1793,10,925,20,41,15
186fe07c8b8005ec6a498587ffbc1352,relogios_presentes,60,193,3,200,16,2,11
957192c198a5b58aa452ca6b1d04d837,moveis_sala,58,450,2,2800,83,5,23
9847d08b81ab75c5bdaf6823c7fe00b2,cama_mesa_banho,59,465,1,900,39,19,18
1fc6e1729d564ec77eeeb9df95fca74f,fashion_bolsas_e_acessorios,38,827,1,100,16,5,16
b8073c83c3cd7f305f4c9c52a5cc9b96,telefonia,60,524,4,200,20,5,25
5d66715cc928aadd0074f61332698593,eletronicos,52,390,1,150,20,13,18
eb1549e153933dfee0b9589cb1ae1b64,industria_comercio_e_negocios,41,111,2,4550,40,20,40
59614aca5e5ddb29fd461f83c8f32b1d,moveis_decoracao,54,942,4,550,34,6,23
42b3cf00e662d57725bd2425b106563f,eletroportateis,56,146,1,1300,33,24,24
eb2e510c7e0f62651d0156e769928970,automotivo,51,817,2,150,20,6,17
404c6e8590cbb06f8c5e911d8a90b1e5,esporte_lazer,43,231,2,2700,60,15,15
7b717060aa783eb7f23a747a3a733dd7,cool_stuff,46,595,2,500,16,12,22
f7f59e6186e10983a061ac7bdb3494d6,utilidades_domesticas,59,459,1,3700,32,22,46
b2717842efa4cfa2f813f3c59f187869,brinquedos,43,631,2,517,21,23,21
734a3078bba2d8bf0113b808a86dc7bc,utilidades_domesticas,40,372,2,350,16,16,16
c20a3f598c16d77249da67e81caa8317,utilidades_domesticas,57,529,4,575,16,18,12
e573d90224029758a6430e5c3e9beeb2,informatica_acessorios,51,163,2,703,31,19,14
f4a38926843e01497a3f63a5d5740c72,eletronicos,38,375,1,150,22,13,17
6a94da4070a7f1dcbc3872b181ce55ff,moveis_decoracao,58,1472,5,1600,53,8,11
6733b00d25e0fc17a8e8d97ce792c078,pet_shop,56,720,1,1900,50,30,33
7cee15aa6f33557c7056ba1fee542b79,brinquedos,54,675,2,1125,46,37,23
9ecadb84c81da840dbf3564378b586e9,moveis_decoracao,41,789,1,950,20,35,20
6767719f80aabbbf16ab2491899c32d9,telefonia,56,2569,2,375,16,8,14
cedc314dea647b3337f14e20c6fe1234,cool_stuff,35,1212,2,600,25,8,22
1d94d1e0c7fb2dcf2811e093d2ca303b,,,,,17150,62,36,46
af6099f8d0d98a9eb5c0a67be73cb9b0,relogios_presentes,36,442,1,750,18,10,13
226be9996759442f90f73b7d24c6baff,utilidades_domesticas,50,246,3,1950,16,105,14
3516632e8f52b679ff83d1665ecc990e,informatica_acessorios,45,267,1,167,16,12,13
cb61a9727a2f74ec0c80652f4d62e812,moveis_decoracao,47,1094,1,6833,52,52,17
a6621d4ee609f3f917d04c11ca8f0161,brinquedos,55,889,3,2800,48,27,18
525947dbe3304ac32bf51602f9557c12,cama_mesa_banho,60,236,1,2600,34,7,32
d97cfa719a6198d4a66453e0c6ed596c,fashion_bolsas_e_acessorios,57,66,1,250,16,2,20
f429bcbed72851b21f20d2daf4330bce,brinquedos,47,946,1,753,26,14,17
11fd9d7ba552e1d28872e008acf1e050,cool_stuff,31,1194,3,10225,19,11,11
3bbacbe586e957acbf26c63b3ed532a3,pet_shop,53,1687,2,8750,50,8,45
b88182b83c726595532324fd84ac7db4,automotivo,60,324,1,100,16,3,11
bf4ff42133c7bced3bda24a521a5e12f,utilidades_domesticas,60,446,5,11550,45,28,45
100260bf9206d859dc8db128c8c5afc9,utilidades_domesticas,46,79,3,300,21,10,18
4715eb4e21b1833327567e8c62ce5790,alimentos,33,2787,1,150,16,9,11
30e2b9deadd5211496426065065c71a7,bebes,51,1158,1,1500,42,7,31
8db97c571a61d830930cf029a34c33ef,papelaria,51,222,1,5550,30,45,30
33bd1a075f35400643129b5f3d936845,relogios_presentes,58,3145,3,1900,49,10,28
bb7181410b4e02f93f3697f765db53c7,bebes,36,1058,1,14950,77,20,53
d4a3a15f99c94c6741d16d3375b928e6,relogios_presentes,60,179,3,250,16,2,11
6cdd53843498f92890544667809f1595,beleza_saude,51,625,1,900,25,12,38
ffa7e0cbe11656d11a117b534bb1db27,beleza_saude,35,752,1,100,18,18,18
bfde0959ec5f62871403b693d2fe68d2,cama_mesa_banho,59,403,1,850,16,10,16
87e583842cc9122ded9f8eafbf42894c,eletronicos,55,359,3,850,17,5,14
8f9eb414b31a9433e8c89178813a2072,pet_shop,41,1009,1,400,20,20,20
2ddf9184f8aad1f832fdf5ecd1e53a17,perfumaria,58,560,1,650,20,8,20
77ccda894b672fe1214b0101d108d7f7,beleza_saude,51,882,4,875,28,21,25
948bd3e9180acc7aa263ae14a2075717,bebes,60,302,1,300,20,5,11
642a40d4d73b4b2604968937de13634a,cama_mesa_banho,43,93,1,250,40,4,30
28a652ff04e43c1bc57937a9f8770f9b,papelaria,55,264,4,7700,28,55,37
bc3d15dd90a6794ea7710f1642aae319,,,,,4050,31,24,26
a04f52ded97b5530e8783e3c002b90f0,cama_mesa_banho,54,192,1,900,44,2,36
f9e5efb845b51d764b06f149eb99fc7f,moveis_decoracao,63,715,4,1350,35,10,35
df306b9d83f3a792369ff3360475936a,esporte_lazer,59,1259,7,22800,60,35,65
ffedbd68fa6f44e788ff6c2db8094715,livros_tecnicos,36,739,1,450,23,2,16
a2a91fe6d8762e0371abd964cef88ec6,utilidades_domesticas,27,49,3,300,25,10,23
fa3a067994b6fd52b6ce674ee19a5bdf,utilidades_domesticas,52,1063,2,2200,89,5,20
acde6bd0b5f91190e2a123df389b0b47,automotivo,52,545,4,358,16,6,17
77b433708de78b6f08c64d3cb465ad8c,telefonia,37,166,4,200,16,4,13
2b0943c63387bbdc046d9a7692602388,esporte_lazer,54,586,2,1050,30,15,20
c0315bd17c58be3dec2bd04dd4233b7e,perfumaria,59,827,2,500,20,13,20
29427de7f8a9ee983d9dbc51cec569b4,cool_stuff,54,995,1,4475,44,24,31
d9880e15196711e7f9fe7dabc5f74117,esporte_lazer,35,188,1,385,25,20,20
3bebad3cf2c8d1a8d3ce97174643e054,agro_industria_e_comercio,49,903,8,500,17,11,11
7fb04722aba7a2b632bac8f9819796f3,beleza_saude,48,594,1,1850,24,36,23
484619f908431240f47e8c9e96ca00d1,informatica_acessorios,48,1549,3,400,30,11,20
64fb265487de2238627ce43fe8a67efc,cama_mesa_banho,55,329,1,1825,44,14,34
e7d7558873ff13253317bd0aac27f072,telefonia,19,382,10,100,19,3,11
c3097e07a0a5de0d4b4c836d90c5a284,eletronicos,43,425,1,200,22,11,16
3ba2b0de14984ce8f072c58be8d701dd,brinquedos,59,1164,4,6133,44,35,48
461f43be3bdf8844e65b62d9ac2c7a5a,relogios_presentes,35,591,3,444,20,14,16
c72edc98e7d77f0c4c04ec80730c05f5,esporte_lazer,18,370,1,700,26,14,24
b7733895fca54f6ce4af8c29a3056680,informatica_acessorios,56,176,2,50,16,8,11
e1e932dfb67414e80b87ad97688cf2a3,brinquedos,45,404,5,3850,52,7,55
2dc2efef0bbccb4ea53e2a21cdd52dc7,bebes,55,704,4,5650,60,20,50
0b2b7a2dbcdf63ca0044d9e9ef8aa4fa,construcao_ferramentas_seguranca,54,1684,3,200,17,7,17
349dcde76e42ad7a08253c7e825af897,pet_shop,28,2161,1,700,30,10,20
6dab56beb5263f0d554cae5c55809208,beleza_saude,56,966,5,175,16,10,18
387e781bdd254dd8821e6194af0fa8d7,utilidades_domesticas,63,497,1,9950,47,20,60
ee75970e2871fe4204cf7bcdda61d08a,informatica_acessorios,58,577,2,1400,22,9,16
bf128711128b70eaa9e07df69e9a75e2,telefonia,61,992,1,600,23,6,15
9fc0c73ce4d0eaaead44e81eeefebeb0,esporte_lazer,57,1949,1,350,21,26,21
02ee0862685e90b57cc241b7c9885f95,perfumaria,55,784,1,555,24,8,15
4fe43f61e04cd41cadc3bebf606fe77b,construcao_ferramentas_seguranca,58,787,5,1500,20,20,20
cd8ae7bcd06f2f7a49f20424afa80f60,esporte_lazer,28,519,1,350,22,15,22
63de2743d05ab59d85caa49e49459ac1,beleza_saude,51,951,1,178,18,11,17
8b39be5bbb8a4585ed19cacbf4162c27,esporte_lazer,25,1418,4,100,16,6,11
246aa84ea966f137a2d87ef0041fa6ef,moveis_decoracao,37,734,4,1600,38,18,21
9e1e3b58ffd16b2135f9508e21c75afe,moveis_decoracao,34,259,1,5950,40,30,40
5dc01f0525d00d0b349bf2ff92f7d1a2,perfumaria,25,507,1,250,16,16,16
d0168e734683113fd73658071715084a,fashion_roupa_masculina,28,572,2,800,45,10,35
3abb0e27cb9374f334c59074d868bcbe,esporte_lazer,48,1936,2,200,17,11,15
394022f6655a84ccaf2e13389a8ec779,bebes,60,1299,1,10745,47,58,43
876a957a8b27aa25e5d201128eccf205,construcao_ferramentas_construcao,59,671,1,100,20,3,20
bd0d616460e11aa700ff20780d8240e2,automotivo,60,703,6,7700,56,11,32
f582884ed8bb76a4b6317b8c9e966d98,utilidades_domesticas,41,325,1,1950,43,10,33
9c7ce59c96e74dfdfc51f13a4a6c3869,relogios_presentes,59,261,2,250,16,2,20
d73a7e3009d1b8f498a0ffd3e8ae6565,cama_mesa_banho,56,207,1,700,50,11,40
19421075ae0b585f2dc13ff149e2119d,esporte_lazer,32,1797,1,150,16,16,11
bb48c8fda6bcf73c9a0178fd1a1a366d,cama_mesa_banho,59,58,1,400,20,2,15
ee0c1cf2fbeae95205b4aa506f1469f0,perfumaria,44,334,1,200,16,16,13
5b8423dc7f23089c9c59c5d140eb5a1c,brinquedos,59,1629,3,5250,51,15,52
11bbef4e2a44601d9dd471aa1fb433e6,beleza_saude,52,1222,2,838,28,14,21
87de61f4132195b028aa9453616116cc,automotivo,60,713,6,4075,53,5,56
542b3d80712d51eefe3a3cd1c5f4e8fe,cool_stuff,49,223,1,400,30,30,40
1e1a186a03f0d98268516827690d4fd2,bebes,60,1078,4,575,16,18,17
03e4e6709b7d6415746769c0bc3e9131,brinquedos,42,762,2,3890,36,28,36
0a311a14cbefde1a7b83f0b7ed99c422,utilidades_domesticas,56,1645,4,375,18,9,12
6c3effec7c8ddba466d4f03f982c7aa3,consoles_games,56,237,3,100,16,12,12
51f876eb62be778c757503cf7f8a3b74,beleza_saude,33,198,1,67,17,15,14
25a2985f8f3f93ddf1c1d26847658dad,informatica_acessorios,57,334,1,300,16,10,11
a1c4fe3ca474066396d42c07b0194fb0,cama_mesa_banho,40,276,1,1350,45,15,35
7d490fb7ec6eac63302590beef157c10,construcao_ferramentas_seguranca,59,1622,4,2300,30,30,30
e94df75b2e9a8b056be0c144a731f55c,pet_shop,56,1538,2,625,23,17,19
98d61056e0568ba048e5d78038790e77,automotivo,49,546,1,6400,63,11,63
10717ff440b2320081989126e858b220,cama_mesa_banho,52,263,1,4867,70,16,50
ff285e6c96040323d3763dd184924018,informatica_acessorios,52,268,3,150,16,8,11
e9def91e99c8ecb7c5cef5e31506a056,brinquedos,34,867,2,500,19,11,20
27e16487e531314a52b2c29f94ce1231,moveis_decoracao,47,766,4,400,22,6,15
d678178aa4291cd25a755a90188375c8,moveis_decoracao,43,789,1,950,20,35,20
c5db51af7d9a58228bcea932010cf080,brinquedos,56,859,4,6000,58,27,33
2a74acb77e71d1cb27a9dd28cf95e561,papelaria,59,303,3,5050,38,30,28
bca5c45c40f5c10e76d44d5104ecb9b5,ferramentas_jardim,39,90,1,250,16,10,11
25d33550509ed49bbaa58492c99b1bcc,moveis_decoracao,31,218,1,700,25,25,11
a027d4d9a0ffc6b3c2cf45636b044078,utilidades_domesticas,59,297,1,200,25,10,12
31945c8811d04df20bf86224210b4084,cool_stuff,48,919,5,900,40,17,18
adb7c806d2677f27a3316188d57564f2,automotivo,62,1218,6,100,16,3,11
25e2023ed83352bde98dc1490d14c3d8,brinquedos,30,1024,1,887,30,22,20
f177b434709ecb652dbee4f4b19aef2f,fashion_bolsas_e_acessorios,56,197,5,200,16,16,16
ae8b1d2c414a22d06ba197876eff92f2,beleza_saude,54,939,1,250,17,19,15
dbfa741e0e5dfae13c9f023d8b8cbd96,bebes,58,784,2,5400,25,45,45
450c25d98ed6923154a934554475bf13,beleza_saude,60,1946,4,19150,87,76,16
a6b7073cf928329df156bb534b95b2cc,relogios_presentes,45,482,2,450,23,16,21
eebcc3eb19bc7e1f39fbc982e864f919,esporte_lazer,57,419,1,2500,27,12,22
97df097e327bdfd11f7a1061fda6b89d,papelaria,59,255,3,1600,18,2,20
014a8a503291921f7b004a5215bb3c36,bebes,37,497,4,150,16,7,11
5eda929e3621fe903d57208a6939acf5,ferramentas_jardim,44,358,1,900,16,7,21
be0dbdc3d67d55727a65d4cd696ca73c,informatica_acessorios,47,493,1,245,19,14,14
d73378cc66536ea4da8b4026e23ec2cf,moveis_cozinha_area_de_servico_jantar_e_jardim,56,652,2,9200,31,31,31
e3e8e08714c40e0101bd225f06bf4fef,utilidades_domesticas,52,514,3,600,17,7,12
4534bceddbf90ce5876ec482cc5c74d2,eletrodomesticos,60,215,1,200,18,8,13
2a1e3c9dcf961bc044d917e9358041e4,telefonia,50,609,3,250,18,4,12
f3456a2585f6774a74e39abccf24a9b0,beleza_saude,36,121,1,100,20,15,15
190d9562bfbe9d3ed876c2ac6f2f5894,beleza_saude,51,405,2,150,20,20,20
a5c9c1711f61d2b63cf996b4928092ed,brinquedos,24,669,1,1050,24,29,23
7a3bc1b5f3ad201ecd5d03d51d34bedd,beleza_saude,58,2881,1,250,17,11,15
e67307ff0f15ade43fcb6e670be7a74c,beleza_saude,47,1474,3,150,43,13,14
fbce4c4cb307679d89a3bf3d3bb353b9,cama_mesa_banho,53,597,1,6550,30,30,30
3aa87ff048f23ae9ac589dd73c21d98c,,,,,950,30,30,20
fe1341006261b53f5f8415fb27772e66,,,,,250,18,8,14
dbb67791e405873b259e4656bf971246,informatica_acessorios,32,321,1,207,17,12,13
d3d10495159bcc41173e3d26a273529a,artes,60,218,6,1200,39,12,12
f355d2acaeb178b14ae4d780ec41e1b1,perfumaria,42,577,2,125,17,12,14
edf219cab1d0e435e3e499287dca9a03,pet_shop,47,852,1,200,16,16,16
e44f675b60b3a3a2453ec36421e06f0f,esporte_lazer,35,1058,1,350,17,17,17
71f2ce4ae5dfdd3b55a51c7a2d3c4da8,construcao_ferramentas_construcao,52,1384,3,3750,40,16,25
595fac2a385ac33a80bd5114aec74eb8,perfumaria,29,178,1,400,19,13,19
652cee66eaed09b444b43463eee56cc7,fashion_calcados,55,344,3,1850,36,37,16
a92930c327948861c015c919a0bcb4a8,relogios_presentes,59,319,4,250,16,2,20
54405df05005a5933a1a2851d1c69c86,sinalizacao_e_seguranca,44,705,2,750,27,8,22
7b07e5afce1bb1e6fa3ffcdc718d7e69,informatica_acessorios,34,1006,2,175,17,9,15
562cc921a8887a6be5832fc2db1c3dc8,esporte_lazer,33,993,5,700,24,28,28
d54c5b81fc2b38707588dd4eddc7c594,moveis_decoracao,59,455,1,7850,52,18,35
66a0a6e02b7f543e5b021ce361f267d4,cool_stuff,45,798,1,1500,50,40,30
1f39e56ddd4944595b9a7d9d7e4e16f3,papelaria,53,576,1,2400,30,5,21
86c43103446290e7efacad3701cd654d,relogios_presentes,58,644,6,250,16,2,20
c2ece64199af7a53793ed9612a89a8cd,moveis_decoracao,59,955,7,2500,60,12,20
146eb6d2e5e311d926d672b5b25d3f4a,beleza_saude,43,1983,1,2300,30,10,20
46b769809b6fb1728843192da1732171,esporte_lazer,53,142,3,450,16,10,16
0e20a07ca1714df21f9b07ca3bf7c682,eletroportateis,41,675,2,20800,75,40,40
38ef617a023fc4398829dd8c2b9e8be6,cama_mesa_banho,54,559,1,650,16,10,16
5e205629195bef6194e3ea62cc7778c5,livros_interesse_geral,50,1297,1,400,26,9,17
7b3baec97c107a6869809313ee7262ac,construcao_ferramentas_construcao,54,155,6,11400,50,15,40
00aa70fd749f3b9ce8ca4bc914a9e7b1,moveis_decoracao,26,345,1,700,16,16,16
a869ec6209c361ca46dad85a5530e119,esporte_lazer,49,1313,1,2438,28,31,24
2fea0f2cec6b6324a277d4a61c2ed2c6,beleza_saude,57,2026,3,100,11,11,11
c08deb7ccd1916f614546a816fb951f2,moveis_decoracao,43,598,1,800,30,35,30
e7f85e7f0203b7b95cc1b4c21b4b070c,cool_stuff,42,582,1,5575,60,22,47
562502b79845deae9bcd86384921a2c5,moveis_decoracao,51,1010,5,200,25,40,25
50e1b118f266b655f613f753914c42db,cama_mesa_banho,44,630,1,800,16,20,28
2555fdb6a9df9fa378f024937c86d07a,cama_mesa_banho,48,462,1,995,48,8,39
ebd57a2515930960ba32c9a88fa45423,beleza_saude,57,635,4,600,34,23,12
72b4b2eaeeba10703a63a5f639315366,automotivo,59,893,3,1800,30,30,30
f71973c922ccaab05514a36a8bc741b8,malas_acessorios,47,482,2,16100,35,65,44
9f9a54558f0c3453b36512b59a4be85b,esporte_lazer,19,551,1,1400,16,2,11
6cbbcefd974f08f72023c05064d96f27,esporte_lazer,53,517,2,50,16,3,11
ae7fbf136a49b58f2d38fafb2f3205b8,cama_mesa_banho,55,614,1,500,16,10,16
fbc4b7ed41d3f3152bbe55826d9fec73,relogios_presentes,49,323,2,530,20,13,16
990ddab43ee46a1a76436796f92470d4,informatica_acessorios,42,226,1,573,35,13,11
b8e35c1ace7b632cf4b643d6d30e4e08,moveis_decoracao,36,425,2,1200,32,6,28
c896aa5b12fcfbb05d648eab1240f407,automotivo,47,157,1,450,48,8,14
c35498fbb4358837ae16850f50c3fd22,telefonia,59,973,1,325,19,8,22
9fab8bd1f9c69cf2301b8ad3bec47480,automotivo,59,759,6,250,30,11,20
83039266ceedb3640c6dce70f01bf2d0,fashion_bolsas_e_acessorios,58,84,2,200,20,20,20
5a0783457f0264ade6beeac64ba145f4,eletroportateis,37,194,1,400,20,11,12
39377e2d331b8af5a19bc565215e3a8c,bebidas,57,313,1,2500,28,15,15
d7fca8718416c61d99e75a1d0129e822,eletronicos,27,839,3,300,16,2,11
dad78ca3a5464684968e4242039b647f,beleza_saude,60,1157,1,1900,16,16,16
3de4498dcdded5abe7349bd43c401c1f,relogios_presentes,60,418,9,300,16,2,11
82a61259a621866c4ba63743da29a342,esporte_lazer,57,1307,1,4350,20,20,20
29428180f6710d477f3c85fb06adb593,cama_mesa_banho,54,549,2,5500,45,25,40
8c501fb8530d486fda52b3aa2fd2dca8,moveis_decoracao,50,401,1,700,42,2,32
1358be13996236fe81c97f6bc997fbb3,eletronicos,34,441,1,200,38,24,17
0cf41187284d7f099adc8415a743ebbd,bebes,60,644,1,300,16,16,16
e189bc4d676ede235d3380dd1cae2a31,utilidades_domesticas,45,546,1,600,16,25,12
cb43c6e1c451902b51f4f4ff512302df,eletronicos,21,286,3,293,16,7,11
c9c6fde711572c1ad99ca12728c6af00,telefonia,51,678,2,150,17,8,14
88a1223b29fac4c3abef8d1369dbbaea,cine_foto,63,677,7,5500,25,32,47
e53e557d5a159f5aa2c5e995dfdf244b,informatica_acessorios,33,256,1,180,17,10,13
581de99ffa609d5f7b841f0d81df3f2f,bebes,49,509,1,13800,60,32,42
89f055104adb9365d7f7b5c475f77742,beleza_saude,38,395,1,114,19,16,17
480be8d20c4b6a7df1eae0f2c17f2db2,livros_interesse_geral,58,1556,1,300,30,2,22
4c3867e5fe6e42a0c2a5d37efa2a0608,esporte_lazer,28,325,1,790,31,28,26
23df926bdc8477e1ec36c182136411a3,,,,,555,20,9,16
0d5340e7cf010ca42cdf4305101ed005,moveis_decoracao,40,468,5,2000,34,8,28
cd48f265a63e13b762601f5f794c5fca,bebidas,48,859,3,175,23,21,21
cbbc2be2dd13b09f354a19a987e05924,moveis_escritorio,60,1252,1,7850,52,51,17
fc40fe8ca610260f036ecf18dd8d3b24,brinquedos,29,1132,2,5543,39,34,37
31b8c37adb9572ed34757d9368d987ac,relogios_presentes,49,577,5,250,16,2,20
cd373a878995ba438485406bc10d9c69,brinquedos,57,1619,1,400,20,20,20
8fd009f43c970fdd7db487475a59cc7a,ferramentas_jardim,64,692,4,3400,30,20,20
982565327a800a467fffeac070672ea6,eletronicos,58,945,1,1167,18,17,23
d3ab527ab0d134eb8a034cab8e52a589,cama_mesa_banho,56,405,1,700,35,8,30
118300f12ed121839fd8035986a012aa,ferramentas_jardim,59,179,1,6000,30,22,14
84f456958365164420cfc80fbe4c7fab,cama_mesa_banho,55,312,1,1550,44,14,34
d9ba932a269adb3893a1d7e53161c7d2,beleza_saude,37,647,5,2400,35,42,14
f0a7113644fce6d200240a1d0dba2b9b,esporte_lazer,60,464,2,1500,55,5,16
c403e106353e1aa40efe783ecb39ed7a,cama_mesa_banho,30,169,1,550,40,5,30
b0961721fd839e9982420e807758a2a6,ferramentas_jardim,59,341,2,1850,37,22,40
cf857bce01d442bb8631a548a4432def,bebes,56,1123,4,1533,39,13,32
e03102efbc2229024c89be731f0aedcb,papelaria,57,366,4,750,101,15,15
f7593a67d835f31ec38049706456b6f5,telefonia,47,1702,4,300,18,17,17
dd8c2302e75b8c69bfde7a67d2500a3a,moveis_decoracao,37,267,8,2000,30,20,30
f0e1372ab5cfef5ea974b45e419851cb,ferramentas_jardim,55,866,3,1400,30,19,11
de1eee6c50298db6028af08bd88a702a,utilidades_domesticas,48,313,1,1100,25,12,35
02b750ee6f6f12a23c311b775ee4427a,bebes,60,858,3,700,50,5,40
7ce94ab189134e2d3c05f496d635419c,eletronicos,39,400,1,200,25,7,16
d6fad98893f5848590aee04c63832cd0,cama_mesa_banho,52,461,1,350,16,40,30
7743cda964f0400e51c2a904c3f1af36,moveis_decoracao,57,603,2,6100,70,45,45
cd0c6e2f80f5a0ea7e366b01bcb66154,telefonia,57,598,1,200,19,4,11
a91c1a94d83d36316c44e00e738607b1,automotivo,57,2063,1,1500,30,25,30
d25d19ee224b456067a715cc5903740e,bebes,56,663,3,1150,27,6,26
2647221a6a477afe2d0268b378f1fdcd,cama_mesa_banho,37,119,1,750,40,4,30
87a71ae93900ab55fcf685c8040769b3,eletronicos,36,401,1,175,22,13,17
6fd3ed85c5487d221849813b3552aae5,,,,,1300,40,8,40
7583d9a579408cb84bbc7b0e4548ec18,cama_mesa_banho,59,279,1,5650,40,15,23
6eb6c5cb7df0f863538b61a47fcce962,perfumaria,55,226,1,500,23,8,15
b31bf123505c6df8ab973f7c40caf4e8,esporte_lazer,46,2018,1,1400,16,2,11
e7db7c40ea6647c808d48581f1308d88,bebes,59,235,2,9400,75,15,50
72aa1e49a803b462fd0a83071c894e7b,beleza_saude,31,474,1,1000,40,16,30
8ea8e3150c4a9d5e683bf5f8d0561609,papelaria,56,155,3,400,24,7,14
58efb9b638561ce132216a9a612513e2,moveis_sala,30,606,2,9700,27,15,92
3a07f82957867a5eb477dc7f2f60c2aa,relogios_presentes,53,179,4,250,16,2,11
fc8595227785863846b7daa2ae3f2c9b,beleza_saude,60,886,1,400,20,12,12
c10d7c70907ad6d09ada0581ef6bf839,relogios_presentes,58,502,3,2050,50,5,20
872db866d615db59612ac933f43d6b22,moveis_sala,31,609,2,9700,27,15,92
16dd49ee10e688f75c41e83b4863f85b,cama_mesa_banho,55,249,1,1500,40,9,30
3bf95cf337a8c87435a2949c48350fc7,beleza_saude,59,1538,1,2017,28,30,27
0b6a32b32a7dc68b12e8a0e0805c44d5,relogios_presentes,50,542,1,190,16,11,12
d40414fc3936fb5397809610f19ccbad,automotivo,48,373,1,1200,20,15,20
a0cb23ea9b98f51407ac7bd1fcd29c2e,telefonia,31,1440,1,100,18,6,11
c6e513054b982283c1cbbb2a45d02d83,cool_stuff,56,777,5,300,18,7,12
bb46f6475fe5c9e1d9a869d904b8b4e1,beleza_saude,35,654,1,1400,31,24,31
c329abd2a10fad4a2f83377956328c67,ferramentas_jardim,52,695,2,817,21,23,19
5fda5f5969ed8a446022953a89e1c81a,moveis_decoracao,56,1031,2,800,20,40,20
3354a4e684f5e7199f9407db70ccd92b,cool_stuff,52,847,3,1200,42,25,15
fdf648fe44c2e24e9857c8d4ad5a7028,ferramentas_jardim,19,141,1,700,19,24,12
d918b3f4aa5272c2c3cd088d087ca069,esporte_lazer,58,3703,1,2083,28,23,21
3c078c878d44c18bb8c02acc54ae25e5,utilidades_domesticas,19,740,6,300,17,28,11
666696771a5dd7a28816eab47b70d966,construcao_ferramentas_jardim,51,1834,1,1517,23,18,13
bc23e7ab33428b722eb04acc660423ad,papelaria,58,88,4,8450,35,60,40
aef3e3251c02ee19b8f193f158a49a53,alimentos_bebidas,60,672,7,800,17,17,17
921d31a1daa51460b7a95ea5f3ab64d5,beleza_saude,40,702,1,210,17,9,12
c5d8b84a90f73bd09c30e71e76caaa11,market_place,49,415,6,1150,35,25,25
1de74e63d630007567726953a4eb2b36,fashion_underwear_e_moda_praia,25,396,2,150,35,10,25
fb1f078a066428f00c1d71d6b9df3ff8,telefonia,55,432,2,600,23,7,15
79c0ace2ccf0da036e787875a49151a4,moveis_cozinha_area_de_servico_jantar_e_jardim,55,1211,5,14150,100,15,15
b7639dcdb2ca827e7bd4c0ab0a7ed477,telefonia,39,311,1,200,19,3,11
e89672a9d3b43c622e5301b36eb87cda,cama_mesa_banho,56,454,2,5700,50,20,40
8562e2c780a345b609e1b802d7e3e4ae,cama_mesa_banho,51,1208,1,1100,45,8,35
7340a3839a1de1e99d149b8cf052a2ec,cama_mesa_banho,56,536,1,800,45,15,35
8883cd5c3e8ce5ce6ef730ff1d2f249e,eletronicos,34,595,1,230,19,10,15
86f2416d4670e4ea3ca5494d043d9f24,moveis_escritorio,33,1205,1,11700,36,54,35
c234a60a994181f45605566bef8fe3b4,moveis_decoracao,59,1104,3,2500,90,14,27
130482add9fd75ccb6c57ba007694a2d,informatica_acessorios,55,60,1,2800,40,15,40
279c4f688c1562c5f221f139179389c9,utilidades_domesticas,38,298,1,350,40,10,14
68a00c2c89cc59b345242ac379ee4b26,esporte_lazer,56,3859,1,1350,31,32,31
97afd188bb555122d11925deb0052174,esporte_lazer,42,578,1,350,16,6,11
13c1b4c5f9f4eb68afa4132342e73777,beleza_saude,36,862,1,460,24,14,18
b560b8ea76437c088ea9a83c49316fb5,perfumaria,49,373,1,433,24,12,15
4eff4dd8918d15c9a308a9645d353807,bebes,55,1627,1,600,20,13,13
91aa52c1ac115bf6dad8750700e06d2d,ferramentas_jardim,45,463,2,550,20,20,30
21191f1db2fabc46b8ae34857a3b130a,esporte_lazer,40,806,1,450,19,22,19
24270aa37ba68dcc6be98dfde14da3be,malas_acessorios,57,425,8,900,35,10,22
1c42a107473d6b20db8ac7772b870e33,cama_mesa_banho,50,164,2,1900,25,10,25
e988092a8afe5d9393a5c3a7ca17691c,cine_foto,36,337,1,400,23,3,23
952a2fb95f913c10c33c1e509c7b8d9a,utilidades_domesticas,44,209,1,133,35,11,32
b57469faf40b556e16b9a49308953700,cama_mesa_banho,55,601,2,6700,50,20,40
50504a602afeb7a2822ea65f1bed8f36,ferramentas_jardim,38,206,1,300,16,4,21
0705b33fb285827a578fce4899f1b921,esporte_lazer,35,650,1,400,95,6,47
9077a120c5f0a94bf904d737b07e116f,cama_mesa_banho,54,289,1,4600,43,15,39
bb42b10bcaba6e4a309df375d6fb38df,livros_interesse_geral,27,325,1,500,23,23,23
f79d8b06296298b788c13ecf27b9a9c1,brinquedos,43,787,8,2500,16,19,16
fecf6223a3494f35362f670e571d2a04,esporte_lazer,49,403,2,800,42,36,25
5bd3ba44eb990450377a2cd863821cca,utilidades_domesticas,33,1047,5,4755,43,40,31
e9194103b1566094214eafb456b976c8,beleza_saude,33,955,2,300,19,7,12
2c28b6fda526be32ed276b4dfc421acb,fashion_bolsas_e_acessorios,52,1431,1,200,16,2,11
7a154a9688cf00bcf5b4e0bde3c9b193,moveis_decoracao,58,603,1,8200,40,35,35
8100d323ffa1909cfcf9fdf05f20b678,brinquedos,58,818,3,4017,38,35,42
32459442f3b850918e20febc47c9edfb,esporte_lazer,56,344,3,300,25,12,20
1d0b9497ac4f258fbd822c52ff61b5f4,cama_mesa_banho,56,510,1,400,16,10,16
54d9ac713e253fa1fae9c8003b011c2a,cool_stuff,57,787,8,1867,36,6,36
6180d1972499e39b4313fce108e75a8d,cama_mesa_banho,60,171,2,1100,45,10,15
f734cc43e615be8b85d014e3c5b52a3b,beleza_saude,46,400,1,10067,73,30,27
e0ad25bc5c1a836e8ce38526c92491a7,telefonia,59,818,6,350,17,4,12
39b86f4e3aedf22731990099a660a6f5,fashion_bolsas_e_acessorios,59,150,7,200,16,2,20
3c0c5eee30aef7a844410f1d1397b620,moveis_sala,30,606,2,9700,27,15,92
6de8bea41c968204fa93e4c2016d1bbb,eletronicos,38,1104,1,4000,36,7,27
13c20e4b6e3e7d4f0f336fedcf4198da,papelaria,50,277,1,300,27,26,27
ab9aa96e13784729bde0fddf698eb1e1,perfumaria,42,578,1,225,16,8,18
dc0fe1906bacc99199eb46fce442e1de,esporte_lazer,16,347,1,2200,100,7,11
dc6012b12115251bd0f6ffd93a99c070,moveis_decoracao,60,955,7,5250,60,12,40
0e173417855ce91518a2e79d760f93a9,beleza_saude,57,1276,1,1200,16,30,16
44b36c8a125b604c4597100ef4b16538,fashion_bolsas_e_acessorios,49,378,5,200,16,9,11
ddea12cd17c60cff8865c207cf696cf7,relogios_presentes,42,689,1,425,18,8,12
42697582a754e573f9e3e9e78752252c,informatica_acessorios,45,264,1,1644,16,19,16
f1ca789b4694dd683c4cb0c2ed74768e,consoles_games,47,1259,3,500,17,25,17
f5bb0eef3914b07a9dea355a6a3069da,telefonia,57,1044,4,150,19,4,11
306dcbc0bb646b50b3d86c6803558347,utilidades_domesticas,58,469,5,2000,45,12,45
54c31c4585d30843421c7ea07d80f84e,informatica_acessorios,41,717,1,200,36,9,20
78a52f7c3f1fc50373949f57052397ad,esporte_lazer,59,2554,1,350,17,10,17
4f094d03e0acd9b1259fc846321e85b7,relogios_presentes,45,589,5,900,48,16,25
87d780fa7d2cf3710aa02dc4ca8db985,cama_mesa_banho,57,189,1,1350,46,2,36
d76c049f36a5b4975aa3cf095a6fa499,informatica_acessorios,56,246,1,194,21,15,15
f75b94ae22e65bec6b67d9652ef8387c,informatica_acessorios,50,872,1,650,16,29,22
6d6fb3617bb1e64626e29d95ff678d1e,brinquedos,51,834,3,4700,16,40,40
a54f350cdb1f303fe39221171d003852,moveis_decoracao,24,249,2,5850,25,25,25
247fa5b4e2f524a22b21ef256ffc23e4,informatica_acessorios,56,954,3,950,31,4,23
56c7e8adc8769d3dbc4dd74145c0e83c,informatica_acessorios,32,1074,2,200,39,2,30
756eab67d3c0edae186c4617412c056b,beleza_saude,49,1948,1,640,31,16,15
10714d6a49c0af9ccdab2d806887c5f5,esporte_lazer,59,254,1,700,40,45,25
6af89b97a841482f79c52765bfe0d699,esporte_lazer,38,2378,1,1743,29,26,24
22c5ddc22ea8cae84fc9917def682dc6,perfumaria,24,435,3,350,25,15,15
7e857e35018e4a05b7d124d1628dc1f0,esporte_lazer,14,1346,1,329,20,16,18
3cebb9158a3aa0b3f78ee0f934c9f032,esporte_lazer,41,423,4,1700,28,14,22
4178e16324fd0c9a8e18463caf390cc6,cool_stuff,51,582,1,11600,65,19,47
f3c62fde9d2e2acf6c7c46648571c070,consoles_games,19,642,1,150,18,20,11
252641aa4855aef622089db60c4ad90a,cool_stuff,58,3217,2,100,16,16,16
c519f4684e315ead8f279de375f4aa61,informatica_acessorios,46,311,2,300,24,9,17
ae9d8ccddc081b66d656332ddf9b2373,,,,,200,16,2,11
476f613bc92f3a20cf80a586fa45a232,cama_mesa_banho,56,207,1,500,50,11,40
259df46ee92a13043ed24ebabb9534fe,moveis_decoracao,34,733,1,550,16,13,11
2ea92fab7565c4fe9f91a5e4e1756258,papelaria,55,178,3,10600,60,20,29
39849897ee574a067adeb72b6c8e84fa,ferramentas_jardim,38,693,1,320,16,13,18
63f7a4366da7b3a3cb5bd2336ca15f7e,telefonia,58,1220,1,600,23,7,15
143bc7fcaf6929ef5979e58abf39d4ed,moveis_escritorio,40,1189,1,18225,38,54,38
e87ddc08b32806b6d8f28986f012e6a8,utilidades_domesticas,59,593,4,500,16,16,12
f0e62aeebadb31681187c9548d8aae40,utilidades_domesticas,36,436,1,400,39,11,11
3360da0bdc5e96e78beaade20beeefa4,automotivo,55,1113,6,100,16,6,11
e5431fe7b289028ba2b453fafd45f0f8,moveis_sala,57,692,3,1350,50,11,40
c033f1d184d2a7206c602c1bbfa670ee,telefonia,58,278,1,50,16,3,14
5b226d7c52f86ac72457617f78cff95d,cama_mesa_banho,50,381,1,875,25,18,40
33a11954c13e439a0a632a2cb996b534,esporte_lazer,30,157,2,250,27,4,11
06dce482ace017e78349b6f1fa83a022,cama_mesa_banho,44,452,1,550,30,3,19
aca221fdd447718a25717709baf4af51,bebes,55,1630,1,550,20,13,13
955129b53464486f9f93074c64b2bd88,informatica_acessorios,56,388,3,150,16,4,12
21e288a2a0d211749ff4b8f475b48557,bebes,44,1059,2,2600,56,11,41
bdb4be6ce2f7f2b5be0a16088028c7fc,utilidades_domesticas,54,851,1,3100,45,28,26
59af9f8790e7a3f82851c321f0e825bf,cama_mesa_banho,51,454,2,22525,45,55,65
d66243feb576d7d617693bec8d80d124,moveis_decoracao,36,729,4,250,20,3,20
65d081bf2ebe1e9b8dd59a72a55a2a6d,cama_mesa_banho,47,496,1,2150,49,10,39
13a7ea24fee9ef57c3b7b5b69d3b4cda,papelaria,60,688,3,250,16,6,11
dd0be1eeb74ea648c62f9ec86921ae08,automotivo,60,651,5,5600,78,4,47
02d5d374678728b3af7bd59ee012abb4,eletrodomesticos,54,174,1,100,18,8,13
54e91dfb43a03717aeede4a714f301a2,pet_shop,52,1069,2,6700,50,20,40
70c9d38055bb316285aa937715c2e82d,utilidades_domesticas,58,2907,1,1285,46,10,30
acc78c9d340dbe682491c9d31ea7e187,bebes,57,2188,1,450,20,15,25
8370300e444c4394d3c3f878606a9601,relogios_presentes,45,344,2,250,16,9,12
ad4b943ef0b5cd9e4211c9cf6c27ff13,telefonia,53,403,2,150,19,4,11
58f63077f5153309a576fda4e0851982,perfumaria,56,624,2,363,20,12,17
e57eb018e37376580079825eb29a3419,relogios_presentes,43,878,1,300,16,14,11
cf6514025ef5d3a93d69d2a7bfa4036b,cama_mesa_banho,43,126,1,250,40,4,30
22052cf3cf96687b8469406f71bafb62,instrumentos_musicais,51,573,3,4700,40,24,29
66e94c5c07d64d44c16cd6903a79a453,agro_industria_e_comercio,55,688,1,12700,56,32,32
4949bc7693f27596ca18cfe03c5a83b2,moveis_decoracao,52,535,4,7950,40,40,40
ffd4bf4306745865e5692f69bd237893,fashion_bolsas_e_acessorios,54,193,5,150,16,16,16
5aad359a63cbb4fc35ead44346a3eeb4,moveis_decoracao,24,457,4,100,80,10,60
f0c1c1d5ec61ce4c4846abd4283631df,alimentos,16,3139,1,125,16,8,11
1f88e86c9d7f76b2ab388a07cc8b535b,esporte_lazer,56,416,1,200,34,5,26
1a428b685ede76217c9efb550c4aaa59,cama_mesa_banho,49,117,1,400,40,4,30
3efe696e322f9139e3d2b894cb1f7a09,moveis_decoracao,40,537,3,1300,31,6,33
3e96989101b99f1189a9f03bdd29464e,telefonia,30,464,1,600,17,22,17
99e022fa8fd0641f13dea6d16ef46afc,moveis_quarto,36,762,1,16900,57,16,43
f20a14d45e85b05ef554d10d7283f7da,telefonia,51,380,1,125,19,5,11
fbc1488c1a1e72ba175f53ab29a248e8,perfumaria,27,311,1,560,19,13,17
44e64a128c258ce579cca498e05b614a,esporte_lazer,42,1345,1,2500,26,19,26
58498763fb69f0f0bd09bad43b2ee3f4,cool_stuff,46,560,4,2800,16,34,48
0ee57e62251a7e435b7a3142c1f6aaf4,cool_stuff,54,302,3,200,27,8,22
c720882f86c24eb747a91aeff4b891c2,automotivo,40,1122,1,3300,57,57,13
3e03619d360cd44f29e094aae3c4a76b,esporte_lazer,57,609,1,6950,24,7,11
149ab38a09937b9195cbcaa295cf4a44,casa_conforto,55,215,1,4350,45,15,35
26320e4682c6a0f297d07f3c74155666,moveis_escritorio,55,1029,3,16400,57,55,22
b9976e9c22fb1540bd71d1bcd2989475,artes_e_artesanato,60,1611,7,2550,46,16,25
4487261e208ce5d3a8d1a997ccd99dcf,cama_mesa_banho,29,552,4,2050,40,10,32
16078eb07519685083510f372565ddc7,automotivo,49,2304,4,300,16,6,15
27608e96f596b295c68b1d7ed7e639ce,alimentos_bebidas,52,747,1,550,28,15,20
f03859e4cc21018569f5ae7a03897ff4,consoles_games,47,458,2,150,18,2,16
8d7b1f65c55c4c92979d7a0c36200c29,esporte_lazer,51,790,2,500,35,10,11
8f3e65950fbb9e484ff846ce111ca5b2,construcao_ferramentas_jardim,35,2247,1,3275,23,24,21
fe7f10e5c9d36a294333b0c35ccc24ad,utilidades_domesticas,41,786,4,1150,30,25,20
4254fb9a475231dc0442038cd846a387,brinquedos,46,308,1,167,19,15,15
c6ea63369936552872ae890c82175b4b,cama_mesa_banho,58,162,4,2900,35,12,30
cb26d15d1b6eabaac7c0803774245884,esporte_lazer,54,1247,7,30000,86,67,35
edfad7f99606f1d6beb6de0cf0ce60fa,informatica_acessorios,35,1101,1,250,42,2,30
dab2413ead0edda9967edbc9bda2a64e,telefonia,57,680,2,250,17,7,13
ad354f777df2a1eee8211950fca142a4,moveis_decoracao,59,196,7,2000,36,11,26
75d6b6963340c6063f7f4cfcccfe6a30,perfumaria,51,999,2,400,18,11,20
9545d45c37449ccbc376de3a04c66e71,beleza_saude,39,1749,1,1350,27,9,18
fa1016994ec2803636ffb1018e33cf5b,fashion_underwear_e_moda_praia,39,471,1,200,36,4,20
d5140e1d258c83a340419c6522c7da22,moveis_decoracao,51,439,1,1500,42,10,32
11dcc970f7a5581e1bf777b6da3f7096,utilidades_domesticas,42,659,2,1038,41,22,28
431d674f9a4fbd0957ecf6ba3fcb6899,telefonia,56,1892,4,450,17,3,11
7ca5f56188492e30c50ba64de188aae7,cama_mesa_banho,39,116,1,200,30,4,40
b441e652e4d7e9905e1d2734a908e021,fashion_bolsas_e_acessorios,36,343,2,100,16,2,11
d285360f29ac7fd97640bf0baef03de0,relogios_presentes,46,501,4,363,18,13,13
ac305a1e7e7b958e961fd896ef1395c4,automotivo,44,799,1,350,20,15,15
1ec486885049bbb9b79351d150ed18c4,fashion_bolsas_e_acessorios,36,412,5,100,16,5,20
38956cecc0bc8d8837371d0aeeefeb59,cama_mesa_banho,43,113,1,350,40,4,30
fafa8d1635b1fa204785386f79112a58,cama_mesa_banho,51,1075,1,1000,30,8,26
cb9ed03b8602d8180e9de666d5cacb17,perfumaria,51,532,1,500,17,6,15
cdc4af478fef19f03f1d0353c00271cd,relogios_presentes,52,364,1,250,40,10,25
28fd7231afb14b368127513ae6ffe144,cama_mesa_banho,47,632,1,300,16,10,16
eb8c629f70275fd1c4f809116cce1efc,moveis_decoracao,51,831,1,1400,20,30,20
7a9cf133da2a6494259ffeeab11b6276,telefonia,54,599,1,150,19,4,11
c2f66da7257100a87b2d61fe2adf0535,beleza_saude,57,1009,1,583,31,16,16
4025cbfac798d74f87c30ee87e6e9f70,cama_mesa_banho,51,754,1,9450,38,7,26
87e0a0706a9ccbdd1784f76e01b40176,bebes,59,556,3,3967,45,39,32
b22fd976711109004375eea45d21fe23,cama_mesa_banho,54,517,1,5200,45,10,37
880be32f4db1d9f6e2bec38fb6ac23ab,brinquedos,45,589,4,200,16,7,11
b7a812ed1b86b3b00e566dc29ba7ec7c,cama_mesa_banho,32,501,1,550,35,2,50
150c699262a053229e89213dc9c358d2,sinalizacao_e_seguranca,60,480,1,300,16,14,15
2b6d84a08eed9e50e3d8389b56cd3327,esporte_lazer,33,537,3,500,30,10,20
ad47aff134f11264c92d7ff1299163b1,construcao_ferramentas_construcao,60,455,5,4400,19,23,19
372645c7439f9661fbbacfd129aa92ec,cama_mesa_banho,60,236,1,1500,34,7,32
88edbcd7253153fe0b9b64c8e643ec00,pet_shop,60,505,5,300,27,9,27
b993dfaf418915ff7d0aa74016f030f7,fashion_calcados,40,303,12,500,29,7,16
6bd4c564d1f96b0db5d02d376b4daed6,utilidades_domesticas,59,435,5,5350,36,22,36
202bd859659a841de892b00c341300ff,relogios_presentes,57,573,8,200,16,2,11
31b8e7c2a22f3dba5183cc110bdd72f7,eletronicos,52,602,1,281,17,9,13
f93213a23c50edc16c27b96333f734dc,esporte_lazer,52,482,1,7550,28,40,40
0adf970bf07772b0f8c88f664e146221,ferramentas_jardim,60,2253,5,3500,32,31,11
db8d62bf1bf1d2dd880c99b88ebff3fb,automotivo,60,705,2,350,17,21,11
4310db2c2f39a8a5fe403463e39ca5da,informatica_acessorios,42,306,2,18100,45,65,40
0eb2c19991a9a90d3536addc877e36a6,utilidades_domesticas,56,381,5,1900,30,15,15
bd6e6fce9ada76ea2db0f1912e8e478f,cama_mesa_banho,49,381,1,850,25,18,40
af51d485dc5255ba2e18b21b550156e6,malas_acessorios,57,674,1,22350,32,74,53
0980718a7bdcf89f5848b202b6394965,beleza_saude,56,627,1,2000,37,30,24
131701f2c91073ddf0ca954ced4f55ea,moveis_decoracao,59,372,1,400,37,15,27
98b60cfeeb9f910672c471ffc94541c2,utilidades_domesticas,55,205,1,2100,42,22,28
e34c56a36fdb6854b10410b776c39442,eletroportateis,30,1792,2,3525,39,36,24
52c80cedd4e90108bf4fa6a206ef6b03,ferramentas_jardim,33,2188,2,7650,20,20,20
e840aad8112818661548fda5d12653f2,cama_mesa_banho,59,140,3,1400,36,8,29
ffcfaba393e8ef71937c6e8421bc2868,casa_construcao,55,523,2,19800,45,45,45
5b3242867b3c1f86ebe790699c88b901,malas_acessorios,55,197,2,450,16,2,11
c37e775cc9f2dd910db751444447fa3d,eletronicos,57,810,1,150,19,14,19
575617410387f4e614f39628fe8e81bd,esporte_lazer,31,242,2,500,16,11,11
3303c5bebf8d9dd9394a38501c4033f6,moveis_decoracao,62,222,9,1100,31,11,26
85d4c1a46f08f730de651ea6f6645313,papelaria,50,113,3,500,20,30,20
c0eeedfd383f32ae9524a15a8898b129,relogios_presentes,40,632,1,425,16,12,13
5739177f0e1a8c060da43932f5a447a8,alimentos,38,379,4,525,27,13,35
73fbb5c7d95425e37d003af6ee943997,cama_mesa_banho,57,404,1,800,16,10,16
d692d19cee022f7acab76373f297ad6a,cama_mesa_banho,56,286,1,1850,70,17,50
c6bf4cdc2fc9ca1189d18f026d95af07,utilidades_domesticas,58,1237,5,5250,81,13,31
a4aa7c1427c31344e5f7cc3d839fe562,pet_shop,52,625,8,2200,50,20,40
3cb0ece3f5f0b8121a53635c9f783aa5,utilidades_domesticas,9,380,2,500,30,11,20
fcf6ad274391aea29f5d6e5ef9da5050,pet_shop,51,1592,2,513,19,15,18
1a57051039dca27521c83e2212042176,fashion_calcados,40,303,12,500,29,7,16
31c79131e883e5fd8c4c85fe9f7d2bb2,telefonia,58,734,3,250,17,4,12
2e0ce433616916840a405d0853407af8,informatica_acessorios,48,407,1,100,24,14,11
2b0233a7e7ded4751e8e3812f9a4553e,informatica_acessorios,46,391,1,1925,37,11,27
b3a1e177812466b5c1c71b314ee2ee31,eletrodomesticos,43,430,1,850,30,19,17
d37abf50cce5bcd682830a357783622e,papelaria,56,342,1,2500,17,44,34
7172a7870fee91850dcbcb1f4de40cfc,cama_mesa_banho,53,244,1,1850,45,15,35
c9c64ed470b1fd9239c456fd6fe99738,cama_mesa_banho,51,807,2,6125,35,25,30
f353779abb6114db5f8f79fbad12e375,utilidades_domesticas,63,3771,2,4000,46,9,32
58249dbd9270974a6a9d8f0222410165,moveis_decoracao,55,414,1,7950,52,18,35
cd2c03056720c7de4d6a59c1167bdee0,fashion_bolsas_e_acessorios,50,554,3,100,16,5,11
9d7e2c8835276b06ea5facb880789f4b,livros_tecnicos,53,1235,1,1350,29,3,21
44fded21627553d1886d459384bbce06,eletronicos,56,280,1,150,25,7,16
a9f480bfc49f0b85e8394e1cdf685b4e,brinquedos,33,69,4,5700,39,30,29
8a6bebed424788f0e8e407bf8789102b,automotivo,54,733,1,650,16,10,11
f0b543161e745b6c80a79c368db167a5,telefonia,60,540,2,300,17,4,12
1aafc94a341ff202817c81cd5e66e522,pet_shop,60,436,4,500,27,9,26
a268f9f5cf863852b5b091ebc8cc0171,,,,,500,18,8,12
7762d533895097b6e2f2b64ef66b2ec9,utilidades_domesticas,50,1062,1,7300,50,25,50
543fd1c1fba9cfa6e424473dd4d830f0,beleza_saude,59,1278,1,550,27,10,22
b9a4c42463488180d477e980b5bca0d7,cama_mesa_banho,57,475,1,1850,48,8,39
00ba6d766f0b1d7b78a5ce3e1e033263,utilidades_domesticas,52,418,1,7850,28,62,28
36c2fb4fa746273709c373f6d6ec6796,cama_mesa_banho,55,1714,1,6038,68,17,47
23ed7a10a36c6f88a757a9c83df9ea20,perfumaria,31,329,1,471,18,12,15
620ea491128bf83c51950ac006de001d,esporte_lazer,63,759,5,900,65,13,25
f9be994ca0d51259ddb5de1035bbd5b3,brinquedos,30,816,1,17163,75,16,64
0fb9aa9a6103872d8f580d721e099f89,construcao_ferramentas_jardim,32,1908,1,3863,19,20,19
cbff1df298f7bfd7b65557cfc4133d62,beleza_saude,44,1168,1,450,16,21,20
6f3b5b605d91b7439c5e3f5a8dffeea7,relogios_presentes,35,640,1,335,17,11,16
111d0b1e69f349615615113cf6b275fa,esporte_lazer,48,350,3,750,50,15,15
ffe9468f4d890db80b7231e86931ff37,brinquedos,63,598,3,17000,47,52,32
5373e18844eec682770d139ba29cd32c,fashion_bolsas_e_acessorios,37,558,1,100,17,3,12
259bd66612b61aa4e82ce3cde9272bbc,utilidades_domesticas,57,970,5,250,16,4,11
ebe145f96a8e34a7b947389a2d87192c,dvds_blu_ray,63,889,6,200,16,4,11
31cddbc370031fbb839a21441df28015,beleza_saude,45,400,2,433,19,14,15
81521040c9500ac8e175c2839d193a46,telefonia,50,722,2,100,20,16,12
349ce46a0e2e20054aa9d80c48af8816,construcao_ferramentas_iluminacao,41,971,1,1300,16,19,16
ec90895370885d025efeb8e72e7fa699,artes_e_artesanato,57,283,1,1200,20,20,16
ee406bf28024d97771c4b1e8b7e8e219,cool_stuff,54,629,1,1050,36,24,22
09a9117d69aeb6275e4f3187bd2eb45c,fashion_bolsas_e_acessorios,57,284,3,100,16,6,11
d0006d7461b9b762e1ac658ca1fc55fe,moveis_decoracao,58,1372,2,250,17,37,17
82b73150f90f4fef92913e35b9984bb7,utilidades_domesticas,40,545,3,2200,48,25,25
629e019a6f298a83aeecc7877964f935,automotivo,57,1166,5,1750,30,30,30
4b04a764c875af7101955fbcd3989b7e,bebes,44,657,10,8150,39,20,46
4c1bbc12438daec98a77243c2bf7a3ba,moveis_escritorio,24,985,1,15475,81,7,83
555b27dfb2ed94d001c28e5624dd6961,cama_mesa_banho,46,372,1,1450,34,12,40
9b8bc17a236d09185c2101d0a02f8487,cool_stuff,63,1406,6,1250,31,16,23
a514c9314e6d8af09721786a8ab34c7e,papelaria,57,502,2,150,18,2,11
dca8cbb1c9d8a2db0fbc0c36b8d1a7bc,audio,42,671,5,200,16,2,11
7e07898c0f30ec34cc5d255bcc4b3747,cama_mesa_banho,50,325,2,1500,37,23,35
b8762d562d810c2f8d7ad7e9c12957be,utilidades_domesticas,38,130,1,350,20,45,20
4244733e06e7ecb4970a6e2683c13e61,cool_stuff,58,598,4,650,28,9,14
60a3aec19dc1a866e9cf6a6b4430916d,cama_mesa_banho,58,208,1,1450,45,15,35
b4b41230d7134dd767bc903a9c773f18,moveis_decoracao,24,292,7,10700,100,55,16
e4ca5b20cfe1a020e15e36fe14e880ee,eletronicos,46,331,1,125,20,13,18
11b87559bbd51bf8e14c5937b9646344,moveis_decoracao,52,421,2,24100,47,11,25
e4ad97ce352e46bebac92018f6ed976d,papelaria,51,205,2,7750,28,55,37
e95fb3a80ca294f39de925b6428f3a32,cama_mesa_banho,29,263,1,1300,33,9,38
b59b5899ecf4bcc294a72fdd48adaa94,telefonia,55,419,3,225,17,6,13
81825b8f118d301ef4933de64545b307,utilidades_domesticas,60,402,2,10100,31,61,31
f9259c9e7c0f12c70f7a81409680a5ff,esporte_lazer,45,407,2,925,52,21,33
b0ee5b44e0d84e8112aba1492bab0a60,pet_shop,20,870,1,520,16,11,11
b60856ce32d90658dbf99b9485327c25,eletronicos,40,429,1,150,25,7,16
81de659bfde3389fc8614bfba92e585a,moveis_decoracao,52,757,1,11450,45,35,45
8392bd9333d10e51a2c2fc4596ee12a5,fashion_bolsas_e_acessorios,38,160,1,200,16,7,11
89321f94e35fc6d7903d36f74e351d40,alimentos,59,982,1,150,17,13,13
75c06ee06b201f9b6301d2b5e72993f8,perfumaria,54,939,1,50,16,5,11
5e485a77230bcac5c7506a77a9f71267,cool_stuff,55,831,1,1400,45,30,20
25f86162fee18735fffdb762dcb10d7c,cama_mesa_banho,58,2400,2,10800,54,27,36
ad2037645597db38527fe3afbe226af2,bebidas,48,886,2,850,22,17,17
943c812216923e4244e83099e0c62a08,beleza_saude,59,1912,4,1000,16,27,25
8cd9fd2917c6e1b0f29acae309d564fe,malas_acessorios,45,223,1,800,47,10,32
89b121bee266dcd25688a1ba72eefb61,informatica_acessorios,54,1169,1,150,16,16,16
308e4e21ae228a10f6370a243ae59995,moveis_escritorio,41,1083,1,8250,53,74,18
abc3432ff825d8e524db1d4eac6d2099,telefonia,54,713,4,150,17,10,13
5b8a5a9417210b1b84b67b9a7aefb935,informatica_acessorios,58,509,1,117,21,12,13
c710abcf9c3ea4959107590f2c5bf6e6,esporte_lazer,41,194,1,200,25,20,20
6b8ad86f112aca07559fb0a4b03835e4,relogios_presentes,50,1289,3,450,16,12,12
4a25d757ff72fad7534f478c90be77e6,telefonia,59,751,6,275,18,4,12
2233b59e8cf2817f9659e52cce3093de,casa_construcao,58,1624,3,9350,20,20,20
d1a7965ac8d6ae62c9c1984434227cb6,informatica_acessorios,45,663,2,1100,30,30,20
3f14d740544f37ece8a9e7bc8349797e,informatica_acessorios,44,655,1,321,19,14,13
c4e5ffa25998bab21ddca0d28448435f,informatica_acessorios,49,638,1,1075,25,10,25
0bdd9a52d192d64770e33ae559512478,relogios_presentes,55,324,5,250,16,2,20
c50ca07e9e4db9ea5011f06802c0aea0,beleza_saude,59,1782,1,125,25,14,18
a7e3c4e94e2cdb8acd51459762d4c263,perfumaria,45,3869,1,500,16,2,11
b7545fcb6846edbe119f90a80889b31d,cama_mesa_banho,55,284,1,5550,45,15,35
6463e442310f2f4f321c83a32d8c662b,beleza_saude,42,920,1,350,19,10,15
9934888916de3bff6437a425052717a0,automotivo,47,561,1,300,20,20,20
b10eba910a974df70b8a12d0665cdb9e,cama_mesa_banho,46,246,1,550,51,4,41
246d85d18978e56d249ebaf657bb44bc,cool_stuff,33,677,1,1650,42,25,15
1720f85e4a07f5701170d6c4e0acdb02,utilidades_domesticas,21,328,4,600,16,14,14
eed5cbd74fac3bd79b7c7ec95fa7507d,,,,,5900,40,40,40
ecbe1ef7e2903ff8b1d704ba78fa264d,esporte_lazer,47,920,1,902,19,21,16
90f39a309a8c05fa7aa4ef02178059cb,papelaria,48,605,5,1000,40,35,28
a351c3c754b40be18374a299ca68882b,telefonia,43,867,5,450,16,16,16
ad4b5def91ac7c575dbdf65b5be311f4,informatica_acessorios,55,665,1,250,39,9,11
79fb349afbae7595d2bc47368a7e4558,relogios_presentes,49,1107,2,299,19,15,17
ed5122a6a757a4fea8f32a6fb95a5135,cama_mesa_banho,25,250,1,1938,48,11,41
9ad75bd7267e5c724cb42c71ac56ca72,cama_mesa_banho,60,259,1,1225,35,15,38
3f9051ef3d646215621400c6a9b50e01,beleza_saude,56,1148,1,2000,30,12,16
11250b0d4b709fee92441c5f34122aed,agro_industria_e_comercio,28,388,2,3000,30,30,20
b6467b14d837634f4e04f6f0698e7bd3,esporte_lazer,31,1537,1,900,20,20,20
f7fdb1768aa2ba6a019449b74810d43f,cama_mesa_banho,63,826,1,1500,43,5,30
1a1607ff3b9bced214efc0a8cdfb2510,esporte_lazer,52,342,4,300,25,12,20
bec1568108b711661a6705a5033d2a30,automotivo,54,150,2,100,16,10,16
abd847676cb6a8b707b4f22b9fae9d39,cama_mesa_banho,59,253,1,4025,46,12,43
e2bb00220a167d9e60b6776ac33717bc,relogios_presentes,60,504,1,300,16,2,20
a7c46993a48edc4cf7e785417f1dcb48,esporte_lazer,29,896,1,1100,26,26,26
e5841e5f87a255ec40d170b4177d03ce,relogios_presentes,49,534,1,3711,17,12,15
f908d3bf313a1308bfb2a46ea2685347,brinquedos,21,587,2,100,20,20,20
6c3f9c870ff6e96ad4f4511602078fb0,malas_acessorios,59,318,3,5750,17,48,42
cc971e0365873137b8bef2ebad633e6f,cool_stuff,54,1001,1,2400,42,25,15
2d2600c283c0c1af0528fd84c14a2c28,bebes,32,467,2,4117,60,15,49
2948658cb6abc82847412be7201bfc4c,beleza_saude,59,1030,5,3500,36,25,21
28209b7aed95f7c0c9b9806f974a104e,,,,,500,30,4,15
ce9b5e2f3503d1142f9c9866db452633,utilidades_domesticas,53,335,5,1800,30,50,30
30715b45872148dd5322eb2989228a43,cama_mesa_banho,51,290,1,6050,40,32,40
b5b528db19a9a5c011aa6f444f510327,telefonia,58,777,6,350,17,4,12
a4fdd00347db855f614a18bf51606df5,esporte_lazer,43,772,1,1300,30,30,35
1743a97176a0bff38a65331fae2306af,eletrodomesticos_2,35,96,1,11375,55,19,33
2e690251b259bda3d61476c67d7b70a3,casa_conforto,60,216,3,2300,40,20,30
96ff741d2c7879406ec3054d6b2a11c8,relogios_presentes,49,578,6,200,16,2,11
1a26d40bdbef9cbc3e56226cb622f65e,eletroportateis,47,534,3,4683,30,40,31
e940125d0a3c309f58f41cd21e39af06,eletronicos,55,287,3,10550,30,105,20
a93cfe142d94a5cd5a24cd5eed21d7eb,beleza_saude,40,789,1,253,34,4,15
990d135e28e075648cb7d83198fdccf4,bebes,29,764,1,340,19,22,17
ca0439ecf23442fd24fcaf4c62b85ed5,moveis_decoracao,63,3546,5,5200,45,13,28
719b8a11c153b5a391bd4cd11f0dc273,automotivo,33,542,1,750,16,21,16
17061c6ca6aaab457074d9f12c1882e6,automotivo,60,651,5,3400,78,4,47
36fc6e3cc37a14037506dde26d4e8655,eletronicos,32,460,1,100,25,7,16
40e8b425d1a26e2d9cb77363523e05ce,artigos_de_natal,38,1324,1,4500,50,8,45
f7fce9a4e86a0d19818cc145ef87f8ca,fashion_bolsas_e_acessorios,54,719,2,200,16,2,11
91b08d34d0ba4db44da2dc382867ba49,telefonia,47,137,2,100,16,4,11
fb2f2ec90b4ee90ad257bbf89d01247e,cama_mesa_banho,44,629,1,850,16,10,16
b30d7b0adcdc4a117f455472548155ec,eletrodomesticos,60,1014,4,150,30,10,15
7f1a77bec0639e473392e91a504272a5,cool_stuff,57,605,4,575,30,11,17
373449943bcfafb2d3ff7423408a1c9d,,,,,350,20,5,11
e5bd04e8e3cb77f1a49404d588d3e528,cama_mesa_banho,46,348,1,600,26,2,20
cce679660c66e6fbd5c8091dfd29e9cd,cama_mesa_banho,43,125,1,250,40,4,30
16c7b8541faaca79fa6cf9e5bc9c1622,moveis_decoracao,58,2071,1,1830,69,11,11
16241e79b047426033194065d8b321b2,moveis_decoracao,57,526,2,400,18,19,14
c0f22b22473bc776163846b49d650556,moveis_decoracao,60,2281,1,300,70,11,11
b273b6db0baa191909f11d3bc4d44144,relogios_presentes,39,622,1,340,18,9,13
0a57f7d2c983bcf8188589a5fea4a8da,relogios_presentes,33,932,1,396,18,11,14
6cbe4bd19efc4606eb2a9448a47e232e,consoles_games,53,273,8,300,30,20,20
fb29f48bfea41db52e349454f433340e,informatica_acessorios,59,690,1,300,39,9,20
7d854ab97c64ef9df2bbfaf332765786,cool_stuff,44,598,4,4100,89,4,42
4b6b3a7072d549354c3743dedbf4170a,relogios_presentes,60,160,3,350,16,2,20
ecbe401f10ecd3b822d940d63cc3311e,eletronicos,60,915,4,700,16,7,12
4bc3ab2ff016887e619e587a993af3bf,relogios_presentes,44,516,1,500,20,11,15
0cd6e5162c88ac37f5d1aee2922c51cb,cama_mesa_banho,54,1076,1,400,33,3,23
d58020f0dc3b18e41728f846f5072a6c,telefonia,58,678,3,150,17,8,14
1e792313d6d23699b3ed772e7042b089,papelaria,57,192,1,1575,31,31,34
9a7c0784b8058269d176b3089c946ed0,cama_mesa_banho,54,629,2,900,16,10,16
1f411e9a31196b71ed8438c8254b858e,pcs,54,1053,2,11850,50,50,25
ead72457c58dcea14f94c2223c684716,esporte_lazer,51,2050,1,50,20,16,12
2078312a2dcf1fcd8a38eabcf5dd033a,moveis_decoracao,54,1045,3,400,50,3,25
9f1c3e71d56894398a42b050b07f1baa,cool_stuff,25,176,1,163,17,11,13
72a7abb58f57aa1680a07562ade95368,automotivo,59,725,1,9000,65,42,40
d952c09021388fd5b1e5f914f559fb10,telefonia,32,366,3,75,18,3,12
c96dae58447b1aade5e8a7e28a87a31a,cama_mesa_banho,52,595,1,1323,37,10,31
0fce35c0b7338bda3e52e2389f0c0762,moveis_decoracao,61,157,9,3450,41,15,25
e764a0e054d222ca26ec572007ef1951,automotivo,34,349,1,2000,50,30,30
5d7c23067ed3fc8c6e699b9373d5890b,fashion_bolsas_e_acessorios,54,151,3,250,16,2,20
c92b08d0ac42564075b8103bb99cb424,moveis_decoracao,58,1068,1,650,33,4,33
167b4b8c4bd0c401bea62f5e050d70a4,informatica_acessorios,55,209,1,517,39,11,13
ac8e7cf3a658f63dc68dd7f3b8b5f97b,esporte_lazer,54,3481,1,3100,30,24,24
d839020632ed3855518bd5e9a36fc1ec,fashion_bolsas_e_acessorios,37,132,3,50,17,4,13
8b1c8d92f0eece60d9b05532d2b88184,ferramentas_jardim,53,267,3,14250,32,90,26
24c0de23191c9450049b2b3d8749ad35,cama_mesa_banho,39,375,1,300,38,14,38
e5f20b4eb944eaae0a13bed3187201d3,construcao_ferramentas_ferramentas,42,336,2,893,18,14,13
11fb16e86df4d50cd2c289ede0b70f42,beleza_saude,48,1240,1,250,26,18,20
e67f32f0a3e66440cba31dc13d5cfb0b,telefonia,57,564,5,400,17,5,12
af4e4eefc358246062956d3d2930e6f8,bebes,34,988,2,985,28,30,27
2856b9cb722cb91f23867a5345b6e0d5,instrumentos_musicais,52,468,1,10400,28,48,48
17ad136b7421ea8690fded631b651158,relogios_presentes,60,112,2,250,16,2,20
179363fe9f0eee05ad34df83c160dbcf,livros_interesse_geral,42,1032,2,600,16,25,11
0be701e03657109a8a4d5168122777fb,esporte_lazer,32,282,2,4450,60,15,15
78f29023586e374cdc3773ce0af6bd2c,construcao_ferramentas_construcao,46,1148,1,2100,16,29,36
16679d68bdbed3fb97af806424d7f2b7,beleza_saude,60,2936,1,83,19,15,18
73a79a46f21913c65ebb8071f480ee11,brinquedos,51,730,1,500,17,16,14
06c6e01186af8b98ee1fc9e01f9471e9,informatica_acessorios,53,144,2,200,25,5,15
ba9f160a6ae1c23f25d690fd06fe4fd8,brinquedos,56,707,5,7050,20,62,35
6a31191d5ac5852b0478f6e245ac5b02,utilidades_domesticas,51,948,2,1250,28,21,29
da6f9d8ce4950ad572b7b4fe7d7e6c90,beleza_saude,46,2184,3,275,21,3,15
4bb4fb9c85785b75ab4f6559900c7ca1,telefonia,49,394,2,150,19,4,20
c78fe06bf8820aaf7ccbe38f2a7f5a76,automotivo,56,1665,3,550,16,21,18
4601231c3480315049971ea0a61d3839,fashion_bolsas_e_acessorios,58,410,4,150,16,2,11
9348fe8a0886b99d1c5d33c28fb0aa48,utilidades_domesticas,55,659,1,1150,30,30,30
1f833cc7a418205cf50f5e834c6a2134,construcao_ferramentas_construcao,60,296,2,300,20,5,20
b45755e01d70d935e074cdde682bed74,cama_mesa_banho,48,472,1,1420,47,9,38
d017a2151d543a9885604dc62a3d9dcc,fashion_bolsas_e_acessorios,59,93,7,250,16,2,11
a703f5ade6e4fae527357132230ea778,beleza_saude,57,1271,5,225,45,10,14
5d6bea33648f018dbb563f3a2fab09f3,moveis_decoracao,53,616,1,4000,30,35,30
e4a91e319865c0ed703b608671ec48b4,esporte_lazer,55,314,3,150,20,6,13
6a7410f88fe57e3fd4e353cfc04e7b31,brinquedos,47,389,2,1350,35,26,25
437c05a395e9e47f9762e677a7068ce7,beleza_saude,40,409,1,1110,19,11,18
a126cf2ba6e20ffef685352e40945a68,cama_mesa_banho,57,241,1,700,24,15,18
777d44411c685bf4d03294fc52d263b5,esporte_lazer,35,390,3,300,23,17,13
05fb84a7689847058e6b9e9dbd7a6c06,automotivo,58,454,1,2775,29,27,18
9da0bebb7f9168679e748abbfad05edd,cama_mesa_banho,50,147,1,450,40,4,30
c211ff3068fcd2f8898192976d8b3a32,cama_mesa_banho,58,58,1,200,20,2,15
da051bd767b7457572d55aba23fd846a,esporte_lazer,49,473,1,1075,22,23,22
ce98361ef1341e15087ae4b1b2c53fdd,moveis_decoracao,59,618,2,767,52,6,42
33d26f298db59a201858e0248d9cee6c,brinquedos,42,684,2,600,16,34,26
32284a34d19761adc56333216faff3da,alimentos,58,886,1,1550,20,52,19
83687a882cce476f1370f11f7c758b80,utilidades_domesticas,52,1773,1,600,16,25,12
0fc9a9ac471336734e8617de0b3c9ae1,esporte_lazer,58,461,5,1250,28,12,20
817e1c2d22418c36386406ccacfa53e8,moveis_decoracao,37,267,1,2750,50,50,16
7b5d9a68d3738077e0100d0528dd707d,moveis_decoracao,52,832,1,1000,20,35,20
8b41f2becf919f6177cca1ff15dfd311,livros_tecnicos,41,1362,1,1550,29,5,21
f0228b7d0afd1deb81112d8e39023bdf,esporte_lazer,31,236,2,1050,60,15,15
43ff57afb3419cc422d1daccbbb877b7,instrumentos_musicais,60,1203,2,17550,45,20,100
0d85c435fd60b277ffb9e9b0f88f927a,informatica_acessorios,60,919,1,150,16,13,14
a3394de35879ea62967d01d3d93b2cc1,moveis_decoracao,57,184,11,2300,36,21,36
b761e337aed465b70aa4bf86f1b12f2d,papelaria,51,366,4,400,30,20,25
cfebc59cb2b67aa6a8c005c53c875616,moveis_decoracao,53,223,1,13200,56,48,38
4e27772a66624ce9308a0eb8b989ebe7,beleza_saude,48,325,1,500,98,3,12
944a8fa6055b8213f9e715720d4e2d5c,cama_mesa_banho,55,273,1,1100,38,10,38
a42d9c825894f96fc6ed02610891454d,esporte_lazer,57,1176,1,2200,16,11,11
ad88641611c35ebd59ecda07a9f17099,,,,,450,16,7,11
a884ac1fcc9d95f1d0d3a731610a9a4c,perfumaria,49,1606,1,400,18,5,11
3ae116a20336cc3eb1b3d0b9b0a94d3d,esporte_lazer,59,308,4,100,16,16,11
a203dd46978039dcbd6329a71112f09a,eletroportateis,54,361,1,17200,37,70,37
cf54cbfe4e33bc8f7b34a65da576497c,cama_mesa_banho,41,140,1,650,40,5,30
1fe8e6e01596885617fa1c90d29c2f81,beleza_saude,41,1049,1,750,30,10,17
cd360a9f341f57c25699dbac377f5efd,construcao_ferramentas_construcao,60,906,1,550,30,30,30
fad534edb8f35664713c4b766fa473d4,cama_mesa_banho,58,81,1,400,20,2,15
c511bbd742df73d5b2ba4594d4901f2b,ferramentas_jardim,58,2078,2,1750,43,14,39
2a4cea102e8cd86bbff7d6c4f17a459a,telefonia_fixa,55,2933,5,1600,16,16,16
68bf2e76db1d8e846042e54da87399ca,cama_mesa_banho,55,743,2,6850,59,22,37
b27ff4b438c93e0dbc08bf543dbe31ed,pet_shop,56,1541,2,850,24,20,24
008cff0e5792219fae03e570f980b330,esporte_lazer,59,1735,5,1550,40,20,20
425db55cb3b0f5b18a2d9964da31c3c0,papelaria,58,850,2,450,25,15,25
4535b0e1091c278dfd193e5a1d63b39f,livros_tecnicos,52,1192,1,850,29,3,21
a5ae8400fc9fcacd4af585a57bbf264a,pet_shop,57,747,2,1150,40,20,30
4ce9ab528124f89e091b17d11aa2e97c,informatica_acessorios,54,222,3,500,36,5,15
938f95c14baec1a1fd57ce55ab5a8af5,moveis_decoracao,58,1141,4,1400,28,21,23
39ec33e08b0f9ffb9767b819f8588361,esporte_lazer,51,830,1,1600,26,26,26
81e7937893af4703d4d14ca3e3765b59,bebes,50,1223,1,500,30,6,23
466d263ce8b7bd275003ee2104428127,telefonia,59,266,2,150,18,4,16
ccadfeab525a9eb1569983b66e5075c4,fashion_bolsas_e_acessorios,35,920,7,100,20,2,25
e320966c24d4de5668a3de9f455ec156,livros_interesse_geral,38,712,1,200,16,22,27
f32ccb00285b3be848ab904c4c0d1980,utilidades_domesticas,58,1377,3,10250,27,57,36
9a0620ddaf3055b7e588e936e036a529,cama_mesa_banho,60,271,1,1600,34,7,32
52b1c0366d4346d02fe4ca6e7c88e32e,esporte_lazer,50,1132,1,1000,21,26,21
20531b0644a0719b8d506c4db3c56609,utilidades_domesticas,55,375,3,10050,31,61,31
35bc6c77029697004675d3a2ce505916,informatica_acessorios,36,327,1,610,27,12,20
0152f69b6cf919bcdaf117aa8c43e5a2,cama_mesa_banho,40,116,1,250,40,4,30
5a47c5b5c3866f29177d497727f22f38,esporte_lazer,59,3723,1,1350,16,16,16
fcaab5d7f656094e49fbe4ee3a506658,papelaria,60,234,4,7650,28,55,37
8317b177579dd27ff068b83205e2169b,cool_stuff,43,465,1,400,18,12,14
cac9e5692471a0700418aa3400b9b2b1,bebes,57,2440,1,375,29,14,20
44ae8d3edf5612ff7a39d629d5bbb8ae,,,,,4850,45,10,45
4508bced363e65d5a3e0339f625b8df5,moveis_decoracao,63,527,11,5550,41,26,31
b8fefc9c1f951969968e904d08bfa8cd,cama_mesa_banho,55,192,1,800,44,2,36
db3976dc7cb7fe1be02a47a873ece9a9,casa_construcao,42,1324,1,4350,80,15,30
1c8864370650c542bc1e409e4e42dc36,esporte_lazer,54,890,2,87,16,5,11
84f5c4f480ad6c9998d6a6860f1a2e41,alimentos_bebidas,56,963,1,1100,16,15,15
703d742887bb9267f89b675608ba7aa0,cama_mesa_banho,35,509,2,950,35,6,45
8695c431b31927efef5343e675f279e7,perfumaria,57,287,1,450,23,8,15
89e4362d74afa10ac57f8d67210132a6,fashion_bolsas_e_acessorios,30,219,1,1870,27,20,29
98fdc6ec1dba6a058adc43e511493898,eletrodomesticos,56,130,1,300,27,13,17
fd0c762860528d119344e1377b574fc5,alimentos,45,723,1,317,16,10,11
bd5110ad5f718f7c3dded1c18b4b135e,cama_mesa_banho,58,402,1,950,16,10,16
62b40d45d531e2cb8b06d7188b627f3d,moveis_decoracao,56,493,3,100,16,3,23
2229e1a49998dfdfb513683e0e378ae8,utilidades_domesticas,50,1190,3,1000,26,20,24
a8856d651600289b162f857e26838480,esporte_lazer,50,255,1,600,20,10,15
199a837d1162e5158f5ad3f96e35c01d,instrumentos_musicais,51,1972,2,575,20,10,13
9a78fb9862b10749a117f7fc3c31f051,moveis_escritorio,45,527,1,9750,42,41,42
dd841bf589f05e0948ddb0c8d2c749ab,moveis_decoracao,58,2084,2,1350,69,11,11
1ee1a3e374020805c935a1a99975e414,telefonia,57,540,3,250,17,4,12
f86b655d8f6be5feaaff2da2190e8c4b,construcao_ferramentas_construcao,60,996,1,2450,16,20,15
5da831182fe9ba6ab33ab17bbc5d16c7,esporte_lazer,59,1423,2,6500,20,20,20
f788dd44fc883f0664693a6dea50437f,brinquedos,42,53,3,600,40,10,25
96a9e0cf1f04a80aadd9f31b2245807f,construcao_ferramentas_seguranca,57,365,1,2100,16,27,11
f61f6e53f9c6d150e5e48919a25272d1,moveis_decoracao,59,2063,3,2800,69,11,11
3c261802e239d1f2dcda5ed49aa14220,brinquedos,47,473,5,250,16,7,11
86cc483076c38095bbfd41ca7b4e8bff,fashion_bolsas_e_acessorios,45,429,2,300,16,8,11
8db99620b0b21f34ff4199bc6450bdd6,livros_tecnicos,29,3041,1,400,23,2,16
953439fbf9090e2362532905d89b991f,utilidades_domesticas,47,539,2,8750,35,15,35
c0704b7b41d23540e8576c5e84484dcb,beleza_saude,38,2113,1,250,17,11,13
e17e3bca5027b6a1ecb3455d503f4517,bebes,55,332,2,200,30,4,20
952547036d7de7ce635a81704cd290cd,utilidades_domesticas,37,1036,3,3300,60,50,60
a1ef6deeb394537b4da00d88e6c5313a,papelaria,55,359,5,600,35,5,50
a7d2c99f1d0e7ddfbce06d48f12b61a2,utilidades_domesticas,36,405,1,10100,40,20,30
8afee64dc809d5e833ae113a81774ddc,informatica_acessorios,58,899,1,250,16,2,11
177d3d5bb9d4d29222a222e3b3554f41,papelaria,59,241,6,7550,60,20,29
51b67230668746c1fe164ca744db9624,cool_stuff,53,270,1,1000,33,44,19
fa23bf270fb9880690b07d09b9f9ff20,esporte_lazer,60,475,4,800,50,15,25
573722511f4fc28539f3d8810a50ea1c,moveis_decoracao,58,1969,2,350,69,11,11
fdf37ff6a4ff39ac973343a01c1f91ef,beleza_saude,38,362,2,300,27,5,16
ffadc6f8aa93aadfea73b1348a058358,moveis_decoracao,63,382,5,1000,35,10,35
7d50930301709838d8e90dcac5cfaa84,esporte_lazer,59,254,1,1650,40,45,25
f78c2e2b9562f4eb436a275b2a230531,beleza_saude,35,1619,1,1167,19,16,16
ed6aa9dd6a70f0af477c150b0f5f47f2,construcao_ferramentas_seguranca,60,1686,1,200,17,7,17
59b47581b7ba51a62bf9c3dd4fef36fd,moveis_decoracao,38,474,4,1650,40,20,20
db0e75ba1fc6537d68f2676f3b67d07f,cool_stuff,52,989,1,1900,42,25,15
c44343d9d6d3551e161f3c72bfcbfc3b,utilidades_domesticas,44,670,3,1050,20,15,20
b4b817e5f2c4efc8253b4b679c653847,cama_mesa_banho,37,1049,1,2150,26,26,23
e899d44e1fbd1131a4c94b9f7bb1ff2a,brinquedos,29,1049,1,700,43,7,30
79a564cca1924553af76d396bf7c0662,malas_acessorios,32,431,2,483,24,25,29
5aaa1448f415af8897b81e7a1d959284,automotivo,57,840,1,5450,45,20,45
3dd2a17168ec895c781a9191c1e95ad7,informatica_acessorios,48,894,1,533,22,11,20
25a1c5b2e0ccbf703cb7b69ffebfaf38,ferramentas_jardim,39,1507,2,1100,20,20,20
d61cb9070ed7de8a2478eca9c8fc3d93,bebidas,60,3748,1,5900,55,28,28
30916403a2996c146b5598774d657c55,fashion_bolsas_e_acessorios,31,235,2,400,16,11,11
23384f296aa1bf6461d22912093a9847,cama_mesa_banho,63,434,8,100,16,10,16
54a3b009ede4097eff76990e0fa8553c,esporte_lazer,51,3823,1,1300,31,33,31
10070e29929f7c7d609ee3201f236b8e,casa_construcao,44,421,5,1250,23,30,15
101c51628f18e013a1b2900a8f275fd2,moveis_escritorio,50,1745,1,11000,58,28,58
b83ba81552d0748b45288e7e57c62888,beleza_saude,41,874,2,460,36,10,16
95ec3f7e237a87df9935a570ab6ef266,cama_mesa_banho,45,257,1,5326,71,16,50
e494f26669f3b5feca72555de4733bed,cool_stuff,29,1642,1,275,18,9,18
f1c7f353075ce59d8a6f3cf58f419c9c,cama_mesa_banho,56,162,5,9750,35,12,30
33f17ed3c6906f7a7ae17a0843536db4,telefonia,59,818,6,300,17,4,12
bfc275f6de912665e4dcd8da32f43c10,utilidades_domesticas,27,107,4,900,35,15,24
dfb92838905ead933a01256a80edc894,esporte_lazer,49,1094,1,7400,100,10,16
69d3ff4f45d52d69e4b06760e0e154e2,instrumentos_musicais,63,3893,1,1250,26,6,26
10adb53d8faa890ca7c2f0cbcb68d777,cama_mesa_banho,52,155,1,200,16,10,16
071d40163502c7a04c4b49983787485c,moveis_decoracao,47,503,2,1500,42,8,32
f7bb503725fb4d7bb55301d5bceba728,esporte_lazer,48,1781,1,400,22,18,12
e59dd207c69d86e890febadc796d1078,cool_stuff,54,850,1,125,16,12,12
a62e25e09e05e6faf31d90c6ec1aa3d1,relogios_presentes,58,3006,2,1000,53,8,18
a5a03610d00573bdfe50a7a09e125efb,esporte_lazer,53,965,1,900,62,7,36
a783f0d718c28a1375f64c1dfff1818a,informatica_acessorios,59,1737,3,200,39,2,30
1347d4320dcd0acd750e37bb3d94a918,eletrodomesticos,54,780,5,7600,30,50,40
4d286bf930373143280093da8747f6c9,esporte_lazer,60,797,3,200,16,5,11
3c794d260ad4b5f507a5d90df23523bf,market_place,63,2200,1,500,33,6,22
db25a58a5da5dfe2fd19f2604491bd27,eletroportateis,52,1074,1,900,16,10,16
45f59788a3a09e09ab433234d03afd2a,brinquedos,47,783,1,1050,26,30,19
7fd769d8502843f5c3f074785f9cfd61,utilidades_domesticas,52,152,3,800,16,12,11
4a8c87facc0a20b726d5e1112ff3069f,bebes,54,305,4,1000,40,30,30
2a788bf848c3357ea72c31e344822aa9,perfumaria,46,183,1,597,21,16,16
8c7fe240bfde64b6a20eec6fdb986b1b,cama_mesa_banho,25,209,1,950,30,4,40
a1e903cd2d23763ef8b85ec12eb79d9c,esporte_lazer,55,369,2,200,16,13,12
8c292ca193d326152e335d77176746f0,beleza_saude,60,2894,1,200,17,11,15
76b8dd5ed5596a060e722e0032d2d9da,cama_mesa_banho,50,691,1,800,35,8,30
0e34187d4312b97b5e698836d28ed040,climatizacao,50,474,2,525,16,17,12
ddceb6eef6af67e9fbbd4c148dbe5fd9,cool_stuff,52,516,1,4650,37,20,34
2befa4541c8bf3f4c76ebbed873f628f,eletroportateis,20,1839,1,8100,39,31,33
5a848e4ab52fd5445cdc07aab1c40e48,,,,,400,20,12,15
ece3f9ce600905d426c4a029517f0635,perfumaria,56,1954,5,400,20,5,12
98d472f20cae77b0c09f282210da5082,esporte_lazer,31,1444,1,200,30,8,11
f7fa667a6b61aa22c87162434b71587b,cool_stuff,39,783,2,600,60,16,20
a50acd33ba7a8da8e9db65094fa990a4,automotivo,53,555,1,4105,67,10,67
8776ca0117daf03227870f2095f9b511,beleza_saude,32,411,1,650,19,17,15
64cc3c7698b70c71f7f1ce671c112ad0,beleza_saude,45,700,2,150,20,20,20
1cc61b32763a4d816212b3507b6b6c59,livros_interesse_geral,55,556,1,1050,27,30,16
717e96fd0fc2d06fe158982bce5e6a8f,cool_stuff,57,933,1,1700,43,24,31
3c949889a3c11ae9d33a721d9efa6e7d,alimentos_bebidas,38,380,1,1450,16,37,11
d2b0f9cd5e31ed47dbf92b157c0cda96,esporte_lazer,46,1271,5,2350,62,10,22
7d3297b1d734f63d40632fcf8e1a2cec,telefonia,59,777,6,300,17,4,12
0ab80f38a21093b448518f68efe82c24,utilidades_domesticas,63,245,3,200,16,4,11
f39a8b27ce90ac582103bf36f09690dd,consoles_games,59,1914,5,300,16,16,16
0f4a3e29a1c122f94fe4c48c49d9cfa9,esporte_lazer,56,661,3,6850,93,6,93
d99526b1e4fa5f57b8bde34a7337b5ee,bebidas,45,887,1,250,18,18,18
64fb13596caf118c438edc5c6ed2d50a,informatica_acessorios,48,252,1,167,16,11,15
99444c1e11fc38755dae86f5c67d3d1a,cama_mesa_banho,40,162,1,900,33,9,38
4ff38de0673d41a0da1499e300720ef6,beleza_saude,57,525,2,125,20,16,19
9b0ad21bbd4384f9ebc28a688e1e81cd,eletronicos,58,116,1,150,20,12,16
abcfceb4d3a690bb6b3887235e2854bd,pet_shop,52,514,2,4800,82,8,39
00989337a1916a0055eedd1fdb35eb53,moveis_decoracao,55,373,1,800,40,5,11
42629edd68bffc7993ce24e1a86ebc96,esporte_lazer,51,463,2,1000,50,20,20
f8b624d4e475bb8d1bddf1b65c6a64f6,utilidades_domesticas,46,323,1,2841,40,23,26
6f33a4a09ae1180a0ee1ff4682b2d21f,brinquedos,49,426,7,700,44,12,22
d6160fb7873f184099d9bc95e30376af,pcs,55,3632,4,2600,16,31,39
be3b8f91ced393f1ce60aacfb6a04c1d,esporte_lazer,52,479,1,5350,20,42,38
ab8b1558bc47d266f0ae41ea420aaa27,utilidades_domesticas,26,169,1,800,30,30,30
010a3a47c14f1295796c08419f32cef6,telefonia,41,285,1,200,19,5,11
14e40526732f35d38620a487e0776b27,livros_interesse_geral,52,783,1,500,40,4,30
a81e6e4ca394f33cd5a0c89188baecb8,automotivo,58,908,1,3800,35,20,20
c744b9538213403285c97c9f7a53776f,beleza_saude,40,779,3,1000,31,5,15
9b9d1c4bd979b93c138044e032f99780,cool_stuff,56,1024,1,900,44,24,31
dbedc5c46934d0708dd37cccef1c2184,moveis_decoracao,60,87,1,1500,40,7,34
f71f42e2381752836563b70beb542f80,informatica_acessorios,34,1078,2,250,41,2,29
bc74f63361c15c1a5baa5b97ac432e62,beleza_saude,42,500,1,4050,17,11,13
ea3d1fd6192d8c4443e67d2360461a70,moveis_decoracao,59,926,3,1050,40,10,40
4440eee33cc4fe9710fb8b024a128bcd,eletronicos,42,947,2,200,16,4,20
189c49b159a847050e52afe5ec8d42c5,cama_mesa_banho,52,350,2,2069,65,19,44
06484143f7046fc1c2ec000aba13e28a,esporte_lazer,38,912,1,900,16,20,20
f89d2b130b571d24532514dca6fee2a8,eletronicos,41,383,1,150,25,7,16
cf321a247972430ae872ea605fb4628a,moveis_decoracao,50,593,4,400,30,5,48
84d2057bc1f88332d0892eea0e997d28,telefonia,60,734,4,300,17,4,12
814db92f0cda8c71fa27f4b022cea56f,fashion_calcados,34,240,12,200,29,7,16
fb20d37a2c78452667f7a347e756727c,ferramentas_jardim,59,1251,2,800,30,12,30
a30ea5a9dbd95db5a674c4beadb4fb0d,perfumaria,53,369,2,450,21,27,15
0aa889132d2e6b79778488c79d025d99,informatica_acessorios,57,126,2,300,30,15,20
b04876fe71f0ad771fcdf73ceff3bae2,cool_stuff,60,156,2,200,16,5,11
6adab229374835b551f6402e0dc53267,pet_shop,56,499,4,1250,35,7,48
4ebab6a2135a2477b657bda38646b64b,brinquedos,38,853,3,442,20,16,14
1b979ed0acbd0350ce3aaee840601644,eletrodomesticos,55,276,3,300,34,13,17
1095f63b46911593e051ed9a0d31fe87,fashion_bolsas_e_acessorios,45,887,6,50,18,18,12
e806247d6aa5e86da4bbbd4a933e0b36,industria_comercio_e_negocios,58,1430,5,11950,16,103,25
4fa33915031a8cde03dd0d3e8fb27f01,perfumaria,43,116,1,468,23,18,19
e2ea268601d73de5126e2616e00be1cc,automotivo,58,92,2,100,16,8,16
389d119b48cf3043d311335e499d9c6b,ferramentas_jardim,59,341,2,1750,37,22,40
67bd616e1ba0d3d3e8545f3113b0140d,beleza_saude,57,3153,1,300,18,18,18
4f5cad4934c20d6fb8dab728ffdea29e,perfumaria,43,1164,1,500,16,16,22
853ee0759242b6c1e8e1de5052df3fc4,utilidades_domesticas,58,524,8,150,30,10,20
34d6306314a47fe15c1efdbc23302020,informatica_acessorios,38,301,1,107,7,7,10
bf2ce842e3094204d338854ad96ba5ae,construcao_ferramentas_seguranca,38,808,2,1050,20,20,20
36bd3e4daa4604d112f17dccd24ee59e,telefonia,48,419,2,150,17,8,14
49eaaa38ac3df51ca790372b47b99604,beleza_saude,36,1467,1,175,19,18,14
eb0db7338f21fb5467875d41aaebe7b3,cool_stuff,39,414,3,8100,24,58,15
090ab1523d3fe5832c09a55b7195e32b,telefonia,41,391,2,117,18,6,12
51ce083cd2b9078656a94655ab45b8a4,cama_mesa_banho,60,264,1,2450,41,8,36
81288df52439985f610be64465e53f57,esporte_lazer,53,3189,7,3775,35,30,30
73e11faf1b0eecfd43a0e0fa4dcd7954,cama_mesa_banho,53,411,1,3150,42,16,34
54e5939fcd9ae70ad0f59f612d6d29bd,cool_stuff,51,471,4,550,27,10,15
a237de12bdf0bfe4fe220bae65a89731,moveis_decoracao,57,954,7,1250,60,12,12
61ea03fa426c7d0c074eb8a7c8e03a99,utilidades_domesticas,22,729,1,300,42,5,29
262e7c8eaed86e7aca83dcdaadc5a115,industria_comercio_e_negocios,35,790,1,6100,28,8,28
cca44f5c2c4c50a416b7ee155a58b2ba,relogios_presentes,37,536,3,550,21,13,16
a1ba3cfb1b59331aeefe47e5fdfe65e9,construcao_ferramentas_construcao,50,672,1,6250,33,7,33
992d4afe3fb8536bd1d71e3f1087b004,relogios_presentes,45,300,1,425,18,12,14
46957faa8ca08af2cb0e35f42fac6141,perfumaria,55,1018,2,450,22,16,16
aa1ae6a4dce8c9a91c5c562d4b84ab3f,beleza_saude,35,210,1,653,19,12,16
408dc0e1523c3915352e552a1a23c663,telefonia_fixa,59,1382,2,666,19,17,16
830345ab5d2e365c7c6b91459119ea2d,beleza_saude,50,3352,5,1400,22,29,13
e50d5ff1ca7c56933a6f35de967fd2e1,bebes,63,1375,2,200,16,22,17
42eb5329dd0ee3d76d135ce04c84451b,alimentos_bebidas,54,920,1,1150,16,17,11
83885297566d48fbff4b91d999240f04,esporte_lazer,43,479,4,3250,66,10,51
9219ce85918a5d26bca1a6fddf3a1402,papelaria,48,275,1,500,19,44,34
530a4d5b0359677df7cb03484804509e,brinquedos,56,286,2,300,23,6,23
fb10e89a4e9198e408db587983f3eb9e,relogios_presentes,53,810,1,350,17,14,15
8c591ab0ca519558779df02023177f44,ferramentas_jardim,47,1893,1,6050,20,20,20
30ab498424a05754d445336acbcf05d5,relogios_presentes,55,807,4,350,16,2,11
c4334dbbe9c97c0eb165debf7132c689,malas_acessorios,48,1012,1,850,17,37,28
8b4d1b3f6edcc74d027e598a572ddcae,informatica_acessorios,36,779,1,250,16,2,11
f81a1edab43cbf08299503316612bacf,automotivo,59,555,1,8400,61,13,61
adcaeaf58f2759f55ac5da69ae4b4fc3,moveis_decoracao,37,777,2,250,16,32,16
04913106077ff97c89fa5e6b289fa25c,cama_mesa_banho,59,140,3,2100,36,8,27
c69ee3d090e5c25f7e8633b164fc001b,automotivo,59,549,1,3566,63,9,63
6f6c5da6ce68f0b7150daee08677ca79,cama_mesa_banho,58,630,2,2100,69,20,53
e5c50ee10712a01bfed9854a00502f8e,portateis_casa_forno_e_cafe,50,310,1,14100,40,60,40
4914f8796af2ecd359fd8f44b9b92339,,,,,100,16,11,12
6416e0ecd625ef4adf18658a9aca2e10,beleza_saude,36,1971,1,644,20,15,19
ddfaa1c2e19f82a47043c5f5ee1376d1,utilidades_domesticas,59,263,5,5700,54,18,35
9a29b754b7fc0aa8eeb990103fcea4fc,moveis_decoracao,36,687,3,2800,103,8,20
3e5201fe0d1ba474d9b90152c83c706c,cama_mesa_banho,56,255,1,1800,30,5,30
c7fd13b5e515bffdab855d0812842edb,moveis_decoracao,46,490,2,1350,30,20,20
946344697156947d846d27fe0d503033,cama_mesa_banho,55,619,1,500,16,17,17
2c190df9aeb8a3b7cfb2e07277fcdbd6,beleza_saude,44,2289,1,2300,30,12,16
414c53fa9c5cc4a0390682aeb2e25ec1,moveis_decoracao,56,646,1,300,16,30,20
77f70ac9f5426624db4fb65c4f1195b8,relogios_presentes,47,702,2,300,16,13,13
243bb58796ed2164b831fb75e1241888,automotivo,43,246,7,300,16,7,11
b796b4b960421bb50cfeb4fef8c793f7,esporte_lazer,59,140,1,900,25,35,30
409ec48108c4dad2130633a912fe877e,cama_mesa_banho,52,652,2,650,16,10,16
727a46f0b58a9ef165af9f7ebcfebfa9,esporte_lazer,33,1440,3,200,19,19,19
f731f8587d4088c174397e010cf892a9,perfumaria,47,963,1,375,21,11,17
da0bb22eb8eb2bce31a3784570528efb,papelaria,50,354,3,6350,38,30,28
dc6217e7f9d8c15039ca95b702ce7e02,bebes,38,488,1,400,55,12,40
b86dc01954a679a35c813184d15c4e8e,papelaria,48,332,2,350,16,8,12
af893b2efa430418d774a852e7870601,utilidades_domesticas,59,566,3,1550,29,17,23
78108fe8e4d5ccfe8ed10f92f7d73c2a,moveis_decoracao,59,2043,5,2750,69,11,11
f3dd572f31692bb5b6ab21d2af0673b1,cool_stuff,56,730,1,2550,35,28,22
0e83e17abf02965da217273abc39518f,eletrodomesticos,55,357,1,1200,50,2,37
39295d6c2311ab7091b5fc95bb51bbe7,utilidades_domesticas,55,764,7,1150,36,13,14
55945cf4a4e6def88dcc8996a581608a,beleza_saude,58,3930,9,275,28,12,22
4e0afd86a9a0dc22b20d920808613b19,brinquedos,52,572,2,1904,38,9,35
12087840651e83b48206b82c213b76fd,esporte_lazer,27,521,1,1813,30,13,28
4052517cac9e78357d895976124f6972,eletronicos,31,736,3,800,35,30,40
428f4b96ba9f630e761b333673039ae6,moveis_quarto,37,559,2,10750,93,63,11
bdf752aa5ccd0dfb9e9ed401b672f133,relogios_presentes,58,558,1,150,20,5,15
55624051e913597daf59dee5c582b6b9,fashion_calcados,54,404,4,850,22,12,33
97170c28efde1b426f1c52348fe1c086,relogios_presentes,59,471,5,200,16,2,20
783a97ea28395836f81271904a858b3c,telefonia,36,184,1,200,18,18,18
060c17562f97e5bb60bc0dfa4dd5b3f2,informatica_acessorios,40,675,1,150,18,6,14
242edc6b84c00f0d48c664a020a92c52,malas_acessorios,39,131,1,500,23,45,32
557281eded333607ebffd2e626f96101,esporte_lazer,54,833,1,517,19,15,14
5ad2b7b30050dd8aa51c2fed1db13e22,papelaria,59,303,3,6100,38,30,28
49b624365d1b55a1747aedf255a15e62,automotivo,53,773,3,1775,32,28,28
90aa2ab699cd0e459be93124aa91c82f,cama_mesa_banho,56,2507,2,2300,43,8,33
8a443635fdf9759915c9be5be2e3b862,cama_mesa_banho,58,189,1,1400,46,2,36
7868a64aa111bbb4f41f8e1146c0becb,moveis_decoracao,59,438,1,1200,30,5,20
a4fbb3775a887454ad56b9b912b526fb,cama_mesa_banho,58,293,1,1800,40,10,30
c4baedd846ed09b85f78a781b522f126,ferramentas_jardim,58,1893,1,5950,20,20,20
87351480a75abfcf15ec67af64f28ee6,moveis_decoracao,53,669,3,550,34,6,23
cda8b19a05af621d957a97a979b6fa9a,bebes,50,1220,6,16333,56,48,38
ace8fb267a4f76c58dad79d0171f6812,,,,,26950,65,79,29
4c55077cfe05007e8051304d1b721343,beleza_saude,63,751,1,300,16,16,15
2c0c951471371afa81e47d7bf8d20522,telefonia,56,931,6,183,18,9,13
ef4f75a1e1266944f1733179e963d4be,casa_construcao,51,921,7,800,16,20,16
7fab1a1472fdd934397068931f63f3ca,brinquedos,53,200,10,600,30,25,20
d5f4f441812a9a67cf8fa6d6019192c8,beleza_saude,51,1540,1,1700,20,15,15
6f3ec6fc14615aaed51a2e900868a3cf,,,,,600,20,10,20
8844bd4b8ca8f93603694ca2bceb77e9,beleza_saude,49,1513,3,900,33,17,12
c10cda5d50f5edd0c8c8dc35f5ea7a84,moveis_decoracao,57,1969,2,400,69,11,11
d493f5a208254fe85b3ab55d898461a1,alimentos,60,3725,6,675,28,15,15
84a415b540127f35a8c3be2a73428cfb,utilidades_domesticas,18,142,2,1100,76,18,13
82caf2c378df511bd246f66917199274,relogios_presentes,53,728,1,225,25,12,16
fdcd405125af2d9b2b7b6fa42950fd92,eletrodomesticos_2,34,264,1,450,60,20,20
f06509f3f9aada4fec2a21a3f2e0bb39,esporte_lazer,59,489,1,120,20,7,14
ec02a5d380128f7a188e9ce8f3ddd832,cool_stuff,59,599,2,2275,45,25,18
5389fd6d9241465b2100e105b1519ac3,fashion_bolsas_e_acessorios,58,499,4,300,43,16,27
db7f3f42ccab32fa6328b3063b278bcc,consoles_games,28,919,3,300,25,5,24
7b4d5bca6951e2d3f89fa2bdfa6791aa,eletronicos,31,363,1,200,25,7,16
fc5bf9e50dbfb45e7634bd8c045411c5,cool_stuff,24,181,1,200,40,4,30
14814051ee1f5b23865b40f70a259d59,cama_mesa_banho,43,1162,5,5300,23,50,23
665aa1d687284a4d2d2b74c0c6724625,cama_mesa_banho,60,259,1,1550,30,5,30
cf28a2b7bc92809a0574cf07772c88c4,cama_mesa_banho,57,58,1,250,20,2,15
73326828aa5efe1ba096223de496f596,alimentos,32,1392,1,330,20,15,16
6bb1532261d0a1b244b21ed4aab982bd,beleza_saude,46,1140,1,150,16,12,20
4c4a28727e951ccf6f37590a7028e182,beleza_saude,38,270,1,240,23,16,14
a855248349fb73a158bae22b79ae955f,moveis_decoracao,53,752,1,550,20,15,15
95c40b993a22463c83beb5c51a03d46c,informatica_acessorios,33,1084,2,200,41,2,29
22656f41604127818c5984157e52bda8,fashion_roupa_masculina,25,191,1,500,20,10,17
f9c972fb058194f8e948a46e6c611ee1,beleza_saude,31,3751,1,1225,26,20,23
61d52f4882421048afd530db53d6f230,perfumaria,59,149,1,500,36,18,27
926a505f318353d8634f3c5102756352,cama_mesa_banho,55,284,1,850,35,10,20
344f1e18ffb703f6f105b705fc63a2d9,cama_mesa_banho,54,204,1,2500,55,25,35
7e45ec6dc0a748b0a621654d23bfa768,utilidades_domesticas,43,704,1,3175,62,20,42
c16677499cab7aea614e17c9fb8be1ed,papelaria,57,82,1,550,24,13,20
bf8df11db5850b8590e3cb397f18a916,cama_mesa_banho,42,451,1,1200,70,16,50
f3d7339839e02f580fe8fca5755e0e25,bebes,21,358,1,400,35,5,25
3c79a7c125a368407bd03f3d8b0c4d25,cama_mesa_banho,58,287,3,1550,37,23,35
7c74ba4802d0f3253c363e9ba4f56ba5,ferramentas_jardim,56,1452,4,350,23,7,14
a896b01f0fb94712f1e92bf9b0ebbe0e,brinquedos,60,1067,4,300,17,5,12
dfac3332b44b66ff743d656e76231b95,artigos_de_natal,47,375,3,1100,42,9,42
bb90206fa281c20f0b4c42a2393b54dd,informatica_acessorios,39,72,1,875,35,14,14
ac4a3657d893bc4a404bed0131b265a5,fashion_roupa_masculina,30,183,1,150,19,27,27
b68a2323ae78c8400b78aeb0e9b33ccc,perfumaria,20,152,1,200,17,9,20
35afc973633aaeb6b877ff57b2793310,casa_conforto,56,176,1,1825,53,10,40
417c36fe8603e10f20aba1359eb8e2f4,eletroportateis,51,2273,1,500,30,19,17
f8fd8cb547c24b155448d09bfc478059,moveis_sala,46,848,2,6950,61,11,46
49eeae59754cbcf1abeeffb8f51184ee,cama_mesa_banho,49,1077,1,1575,26,21,23
d1859a58e608b68f4066e0c77e526ef1,cama_mesa_banho,54,634,1,800,20,16,20
225f4fe326aa42f164181adc215bcd09,telefonia,58,348,3,150,22,7,14
860f7a159db32408ea4bad60965e9a3a,pet_shop,46,84,7,900,20,25,16
4c82c8d31845d751d797debc3d03697f,informatica_acessorios,51,872,6,145,16,9,13
bdabd28372ee8e7e7b3a825efd22a8fe,telefonia,59,678,3,150,17,8,14
53759a2ecddad2bb87a079a1f1519f73,ferramentas_jardim,58,340,2,1500,30,22,30
002ec297b1b00fb9dde7ee6ac24b6771,utilidades_domesticas,36,707,3,150,20,10,15
08713ad044290890b1373e1bedc8464c,beleza_saude,54,221,1,200,18,13,16
7f72a8900b3d2fc8fa2635b7836d6e6e,brinquedos,38,571,1,147,14,10,12
42a2c92a0979a949ca4ea89ec5c7b934,utilidades_domesticas,41,799,1,7000,26,47,27
fb55982be901439613a95940feefd9ee,papelaria,52,211,2,7000,60,20,30
fad4e554c85c77f187ef2c6744495d31,ferramentas_jardim,59,455,1,400,18,12,15
638882546765f357dc667b5987ceb69d,ferramentas_jardim,41,523,1,1950,24,24,16
0412ec72192f1d85e92047c0773434ec,instrumentos_musicais,58,1202,2,15400,45,20,100
21fb5057dd6a737df6851a7ab7a130da,moveis_decoracao,52,709,2,7550,35,35,35
d7f8b7443f6ae5796dabe493521a1e79,industria_comercio_e_negocios,56,2029,2,30000,105,43,46
83bfae859f4a37b048a3abcecb17c506,utilidades_domesticas,60,446,5,9400,40,28,40
a9516a079e37a9c9c36b9b78b10169e8,moveis_escritorio,41,1141,1,8683,54,64,31
e7be44ed7d763eb6ca1fa75279ddcee9,moveis_decoracao,50,612,1,300,25,2,17
acdff5faea9652b2230cbcf4d475a220,perfumaria,45,179,2,313,21,12,15
3a3f0628722b2f548673a2f7f5fa5605,fashion_underwear_e_moda_praia,62,594,3,250,19,9,27
30e6ca43e35febc39b93e1445a98670d,utilidades_domesticas,51,444,1,300,28,10,18
27e9b49fde45d10aeb0ec54968eff703,fashion_bolsas_e_acessorios,59,167,3,200,16,2,11
be0598171ca7dc5b5904079159633ca0,cama_mesa_banho,51,195,3,900,37,6,35
3fedaec688964ccf38949f271a51c888,papelaria,38,197,3,1200,40,15,30
dd6a505f83dd3c6326aa9856519e0978,brinquedos,43,623,5,200,16,7,11
3e7ca2ff3d372303c5773c8018746fc2,bebes,36,428,1,183,17,14,13
906b11f3bc3c98f883afa0eb67b0fac7,esporte_lazer,46,3362,5,1200,80,8,15
d87ee5661dc46c5bc7bc19780f6f8360,instrumentos_musicais,45,331,1,100,20,20,20
f35927953ed82e19d06ad3aac2f06353,livros_interesse_geral,39,724,1,450,20,20,20
57c806e92eec9168ff2065cc65375576,informatica_acessorios,52,741,3,500,20,38,30
a5eb994011cc41631b483ed58190bc61,moveis_sala,27,104,2,2700,47,6,47
386eebb43722ab502f04f7900bd2451b,beleza_saude,45,2231,3,117,15,4,12
2291d090b69f60fc0ffd95ae394daa77,cool_stuff,43,743,5,500,18,12,15
625d78433e8cc9aadb5a88b4e45e4a30,livros_tecnicos,42,2115,1,450,16,2,23
aa6a696816c69cb3bffdf42d62642a80,informatica_acessorios,42,670,2,150,36,9,11
905b384ac5667170689505bbf30f1d07,cama_mesa_banho,53,504,1,1600,45,15,30
567cf9fdc947fa7c887cae15b96eab1b,automotivo,39,745,1,10350,40,30,40
2002fc3ec2d8a30a7588628fe7aff958,eletronicos,57,432,1,200,16,6,14
49e15e6133b2f4e4fccb783a8e716707,telefonia,45,365,2,100,19,4,11
5ec665da4518623a3a2d7731d56bfd68,informatica_acessorios,60,543,2,1600,31,14,12
5a9f5760be273f3c7994beec0dbee655,utilidades_domesticas,48,693,1,850,36,20,20
8fc803c7d0a99a53798c7896a7c1e93c,utilidades_domesticas,41,786,3,2600,40,21,25
f9d774a1820f792952eea079a40a7c6b,beleza_saude,46,339,4,500,28,3,19
2445809bff82fdb8780c5f4e5c0d7686,fashion_bolsas_e_acessorios,60,601,4,100,16,5,11
2d0756de18a80990e11ec355070dd85a,esporte_lazer,48,1217,1,9600,51,28,28
802d4aa654f6b24ca4d5bd2c61c0b079,eletronicos,57,911,3,1350,33,25,30
ee147042ac9bc25ab2ad108442bbecde,livros_tecnicos,39,963,1,8900,30,11,23
fb7a100ec8c7b34f60cec22b1a9a10e0,brinquedos,58,321,2,150,16,16,16
092be1e8336fc404c57bd5970d056886,alimentos,53,869,1,750,16,12,15
a370599bb36b6aa53a8a4f428440f860,brinquedos,52,66,3,1500,39,30,29
675eadffd43ac06d1bead694fb553d35,moveis_decoracao,47,738,2,2000,37,25,36
02293621a345f7cddda16c5d9c7990e4,telefonia,57,447,4,217,17,4,12
f9bb291280bceedf7840b89e1e75b89c,moveis_decoracao,57,113,11,2400,40,8,35
9ce4603565c839785b24a7e95e28f4eb,cool_stuff,40,1516,2,800,22,15,27
0bf1dea484fbb8cdfa09e2767ce30574,alimentos,53,225,1,1920,37,6,32
a0b7d5a992ccda646f2d34e418fff5a0,moveis_decoracao,45,67,2,12300,40,40,40
