customer_id,customer_unique_id,customer_zip_code_prefix,customer_city,customer_state
de62761e79f4ae4169cab45ed5f36026,6f19cd82c9d4d5b80bd8fbd24e600576,78135,varzea grande,MT
194bfa6e3a7191e554f24e92d2651ce4,fd6903dff2b9940dc1626ad81049a6a9,18081,sorocaba,SP
4b11226427fb245d9d0cb91d0a339e81,4acc5c94cdac604d8034f5d5ad50b323,67110,ananindeua,PA
27c98b58cd9c685c41301f06ecc8cf7f,d7863a2b6a0ef60e48cdee8437c4c197,04302,sao paulo,SP
f4dc86377b4afaceaed1e4c19ecee415,98f089baf25ca5c195c8d56223432627,11730,mongagua,SP
d1c60f60819bef9ec9b29e681b84ded4,156b627048609063d0a85774fce17b3d,76450,minacu,GO
1c9b6c0b6dd182d22114cebfb353d8a0,48e450ed67c07fac7ec5201d42f81fa1,26167,belford roxo,RJ
4d4bde88cd76a51d67a333a252746c6e,ef238db8c33ce868edce2ae8efb4e64e,13283,vinhedo,SP
7a0587a22e604b216a8ef5c8ce07d7fe,3857428967edc9647b8af374c0d78dfb,86020,londrina,PR
a979b3cbd898fd8be91a290a667fd0d4,741996aa586218efdc5169365507510d,12247,sao jose dos campos,SP
ee3c35dc65342f759c109af645da0163,3ae2dc07ed3ebb93b0f6c47bfdea45bf,83206,paranagua,PR
502b5f99cc5ae83a33d23ec900e76a3d,4bfdc85625e24bc269329cd2ca2bb30c,13471,americana,SP
ab7d67572040ac842951475610557d96,edbdd3649ed92048f7585873507282be,41830,salvador,BA
d0b19458cf51e7e8db284742e3f1d96d,40480b822a64c501298bcd915a4d141c,36010,juiz de fora,MG
58e9cc6f523e29753c2a494f136953ab,1c4bd502214353877e577ecfac7bd79a,02209,sao paulo,SP
7bcba019e4d8bf4e23f5b6e15bc50d3d,bf12dd43e2ae8a45b393a042fe552231,18570,conchas,SP
a181bd684a472be2dd926e551a50677a,bf987f9a2a87fe933fcc5302fbfc6032,31255,belo horizonte,MG
a487a105dc1bd823498c831bc39e3d8f,37ffcea49284cc659d475ed1ae0de11f,23068,rio de janeiro,RJ
f1b39a3f57ab0e618b294bd1a9698ff6,088d39d3b4e2242bcc593956f4578957,19041,presidente prudente,SP
b0bf96141ea3ab6bf35713f1c06c6a22,b41a0f7907bd4e60116e97f5a40701a6,41345,salvador,BA
459edfef30398de90952c216dae7e3cf,eff4bfe61fd7528ff872ea9e2f430b94,22610,rio de janeiro,RJ
a75f323cd574822489845798a046a6ce,19f79a2e7708ffa5d3cc9ca72b416533,11065,santos,SP
d9fbc5310983b8d38e97846ce8dc46a5,3e2c9af03b09916e5237cbccf60babc4,18670,areiopolis,SP
746df46c283df87d8ffc0ac45309b6cf,42f222e3df147ae8e80fe87add2d9c6c,13150,cosmopolis,SP
953017cf1d2407656c709e62f0de7d8a,16b67aca6a1ccfa30cb2bd5faafebf66,22230,rio de janeiro,RJ
320820724a43fe701ae97500b3760a81,ec47d45e77a677962e787aeb85e648b5,60844,fortaleza,CE
9691726baec5a32ce2780c8a4f40e0ad,1633464fec5a0704d0d5a6de2cbf8d17,88400,ituporanga,SC
64cb0117a687a23b3d4a4982c7dedad3,e7a252c629a472f5bba6489cb1779c2f,66045,belem,PA
56613e79bf08946fd9e57594aaa83951,fac2e123c769027fc8bf325fbf41eb04,89135,apiuna,SC
ff02f44d3f50bba74d4e8679fb6f8a13,bc51b5104f06419ccb7b4dd78db40909,09820,sao bernardo do campo,SP
5f5147e3ab165c9bd8caa7c7beb0231c,b10016d13ffb39d79375b4646abb2aa8,17519,marilia,SP
29a1b419d1654af3dbf4618bc7609c2a,573a90fadf3627d854406c9b6f25501f,92500,guaiba,RS
44f7cdbdaa2f209f0bbedbc33f49d1d3,0437cfec74524dfc1fc5a78c8d085a9d,07193,guarulhos,SP
3298a35f24f353765e2570b3648550f4,d7f374aa64da050d8e7bb9332128a1e8,69930,xapuri,AC
15bf77d08db3e89f1ef88b843a5da8be,65b6d4a4dec23e603d1c31d3ff027d0f,13820,jaguariuna,SP
607bf1e28bda8abb586b37e68ba5dc7b,d6612e3f1f61a49833a2a0e600a110cc,03277,sao paulo,SP
6c2f01dd689a62bd11bad852d758ae0b,9992211e42adf7b7ecbd27a4509c0243,12425,pindamonhangaba,SP
9a46b6d481ab33d2f3f90472f526f210,23caccaf9e1b269680d808b1c45c2654,06020,osasco,SP
1ab9a596215dd981d4af34b1f89eadca,b19097869ce8fc97a3555a8748e74c26,84268,telemaco borba,PR
7c914fa77c2a8f1179c445cf9f539d0f,ac6ea4396bbae820ad9faa61f1247a9b,09130,santo andre,SP
8cad5ea5d951df9c2745a79c027b239b,5b881f1b0bea55f5933b61c9a99c9ecc,99470,nao-me-toque,RS
81bf8b2387b9d3716a34a33be63c45ea,6da1f239b54ae1312f44837503ff6d1a,11085,santos,SP
531848f78249503b665b3dfa71732bed,a91fd4761ed507625be2c9c2e1835069,02010,sao paulo,SP
b37ad61561a4c8c53e4105a3ae90fa34,f9bcaecbe43a5f89702b40314436b0e5,58038,joao pessoa,PB
80fe00c958babb51185da03abe8adc1e,52c68003c255391fe1409b1fb084fe54,49160,nossa senhora do socorro,SE
c09962ce82ae80e545818b93530aab09,47b38e3ca4ce43247fdfc425e3dae292,07190,guarulhos,SP
31d05071d825012bb7bc43970263e98f,b903cf485dbbbca3620a415d018565f6,13478,americana,SP
c61712069fee480dc1e288d0b9019dbb,44394af0fdf8805feb5a03e86274efd5,88960,sombrio,SC
e57a1ac4317d4acd397f88cdb8b086aa,f981f711c80dcdb9d13a23a2391aa088,76410,campinorte,GO
df2660497087c34c3d0125f7c252a62c,23514d2198beeaa0c6cae93f7bcece4f,37460,passa quatro,MG
5abbebd3409e7e53552e7611993dd9c0,b6543b5cb284227bd002adf42c839260,29107,vila velha,ES
f66bc8a80bca632c4321956543632964,67beb1ee92a4cdb0ad7721a6ad8d5fcd,03947,sao paulo,SP
065d53860347d845788e041c0dae53e7,2010e127a34623e7e0b0728f43264e89,78043,cuiaba,MT
13f6a00a74008c004462cf5c90e11f03,d7574918c0807e7a06b00a5b98cbc717,13973,itapira,SP
604c21ef70f5df8a002db0fd1cb1ab6b,1fab45044607781492b36762739233af,01317,sao paulo,SP
e3ba5dc186f78dc33ea7d927d8005119,0e1aa2e5d9087f8f34d2e6913d6891dd,04561,sao paulo,SP
0cbc00da55924e1b714a2884440e8026,fe8d4a61937a1fae6bf734851f6b4c32,38610,unai,MG
13a4684a5a46fcbafb42d8e30af15219,cdf80822e68184b438a469f3dc2121a4,12081,taubate,SP
86911781ab615c91b809029803289020,21d79f33f0f89549bfa6ca9cb4e9a200,06852,itapecerica da serra,SP
56dfafb543cfa4c2edcc08b9b2c5f0c6,e4bd579c28cb9ce017feb990171bc957,04113,sao paulo,SP
041c262f0425215f79dbd9ff70e9347f,1162fa9e5416325aa71b3537ebf2da3d,18200,itapetininga,SP
7508e91cedf03110acea338833c0e133,d719851a08feea85fce47b922333ba0d,30535,belo horizonte,MG
264cff0b093508acd289c3f780b1d66b,3b0dbe4a609266add687a14510b8e74d,29193,aracruz,ES
531eafaf2305e3496674cded18b84cf0,42d375c653e53f11d9555ece299a0ac8,22250,rio de janeiro,RJ
be52d3846e7c0522f6cf8e4374905d10,7c61df63da03abb1153e68b3bf758f0e,05661,sao paulo,SP
5462583276f0a69a8769f0ba888fba97,367caed85b49c3951c0a64fccf65395d,36400,conselheiro lafaiete,MG
e9e093a7e4b653393bf9baa6ba895fe6,a593f38eeb94e24a57e74f756b88a426,29090,vitoria,ES
380dc573dc0a5307da8e92e6f1edd891,565b893de0c415f080aa45f57325454d,27211,volta redonda,RJ
f90c0b67909aef5401de1537c2ccac12,a83e6fd03af88166652ef55ec13cbe85,48330,rio real,BA
81774f458697acd21ab7e2ecc86720a9,56e80e4b4a777631c5399e3fd0d6ee85,21321,rio de janeiro,RJ
0813bcd454657bb8511c54f0c95ca36a,4b92d79a2c7ff2692db35ae984ceff1f,07500,santa isabel,SP
ed52ab328378a443237a02204d369a87,07625e5c7bcace9cf2684fe99719ec77,13084,campinas,SP
640e13440de2036276d0a4b915a08710,4fac04a63b4eccc77d5b89efedddc4a2,96010,pelotas,RS
2110656d0356c5d1d3c7f1c7bce0e319,1545f2408959aa8478cb267d8429e642,41830,salvador,BA
339e21440501b64f3b1efa0904eb54fa,7d0b1773dc928e29e86a230ca9557d08,06093,osasco,SP
64e3c3576b1c76841c56d4fec94c5264,289410555e77b17958f6c008359eb524,30150,belo horizonte,MG
2f6920cb4ff5b75f35052670c3ef6760,345803bf110fab68d6606a97a2a519c6,29175,serra,ES
c3ed98d5b448548f7d7cbd4571641183,ef485db541e9430d3020a6177649a465,36570,vicosa,MG
87f3a79f04a2f950a55ce228642e0377,d2d0c9c4469cce296ba4be9db4e4055d,68180,itaituba,PA
dc7cdb748679fb6f280f66d7582c5e59,eeb1b66fee35b3f1e3dfc27ff80fc0a2,04024,sao paulo,SP
e6d5abbb55cac8e7366b9ac8e3ed09e3,b5e603dc4464947709b991f22fea8849,04243,sao paulo,SP
5f05de07772c3e69f3a019b70a0c97e9,b73f9b2eb9963a26663976fff2cece8e,88840,urussanga,SC
50fc555de6aad7ded46154a31fa91d89,6d272b0161e3cf04dced1f3e34c77348,74370,goiania,GO
033be315f82e41697260be39939d3662,acfca8c3549ceceba9e125afc0349610,81530,curitiba,PR
5891a669860ff528415efe6678c95f53,f7d86e04c9c498efc7b73a6a1bd44629,02256,sao paulo,SP
77678cf0733734587184d89b548c3517,4c0a0414fa9d6d8b696368dacdb50a5b,11432,guaruja,SP
48af95a46c13d4d160cecc586b460fe1,df79caee0df36969ca30ac1668596a80,42850,dias d'avila,BA
8d10ccfe7c979ef982e4964bbff62637,8d43f7b8f33f60fb6ae5ec21072135b5,82970,curitiba,PR
2de94399dc30a8820e583410b32a9552,d13888c9f9abaf080922c873924b46b4,99010,passo fundo,RS
6b3b47e89d4f0d5784fa3225a598f331,a033a443d4d40bc67fa846d8cf5a5f73,90570,porto alegre,RS
b46f11e377a570f09af36515191b1c1e,6d417685c0ddaca4f3926f98d0601768,09170,santo andre,SP
8dcd97f29f39cd61f731b3272b169ba9,8dc9e0c901556a0fd2fddacf8bf22897,89150,presidente getulio,SC
4596b32d78313ebf60d4b14a6a95ff87,c985b79a82c9ab8bae718d8b721eb6a5,18120,mairinque,SP
021633f35ba9c0e00fce2f9a31281c71,8ec18e34153ffe06d30dc77f0f5e06fb,21810,rio de janeiro,RJ
c54724802874343ade44ba9e89f5d6d6,ecb12d670b10e511edd56ecda04c7314,07700,caieiras,SP
d8cd2bbaa62274c5cd6a6c9900e82957,4820f42c8203dcad5d2c17cf363048b0,01315,sao paulo,SP
dbfcf7c2a286c626b8ab695e310045d0,9b393421f23d98c486ea4f9de6427fd2,85863,foz do iguacu,PR
80b980f78e474fd033f298daeb5663f2,8bc15aa0b64b65bffbca7673950ee72b,28633,nova friburgo,RJ
7582fcfebd9e610e9a7d765a1599679e,b6f549a75631cc92442bb2ad696d8d9d,03288,sao paulo,SP
f1f51e74435d2a80493b83c3d90598ac,89d6eadf848c5a7a841cac7886cba3f3,74650,goiania,GO
6f87e0dbbc2f842ebfe72a589cef6e9e,666181047fa23359ca19d03abc679e18,08599,itaquaquecetuba,SP
942be1042b4ac4e4ef3780b25188fe99,4b5f998cce2788f75444c20bd6a3d065,75200,pires do rio,GO
a351443c0558c6661ad5bf0ced4e848d,5b0be88ba5c3b82ce49eee8705c2b188,02245,sao paulo,SP
b6d6fadbee4df0e3c0aab81a046124a6,69b09832dc41358029209b44f47854ff,58286,pitanga de estrada,PB
e4412072d401a4c3bc29c976497e0186,6cf5a61d865d979d060812cdb48ce484,86049,londrina,PR
140840d08a638fb3c2427dd91d929fe2,1de85d557ce67dac394c9cfa0d203509,13348,indaiatuba,SP
d9920d85853e1d9d0b661b1f71bc7ac3,f9d2057b5d0bf24a8dd0215aea188ab0,85909,toledo,PR
65be8a984e4ddd88a63a984b4430de9b,857677a047f092d4a41a9b80dcc627f1,25045,duque de caxias,RJ
15fbd33f76e4ccb6d4a8cf129f863e76,d11a1a2267a704b739a4273bd6260df3,09121,santo andre,SP
92af427e290117f39d9ff908566072e0,e61f0f032bc92cadf0ec55f9c1c8b5ec,13848,mogi-guacu,SP
e02b0a31345a94677bcc33aa9bc0909a,a00d5d4dd6ab21a6574716d73ed42e2d,89580,fraiburgo,SC
a15995cdfba8c4758aeec7fc37f1df17,602e339dbd10f74605b5da37c4c9d5ca,45928,posto da mata,BA
957eb9ed2b71b5439f68a865a736de0d,a78e22cba17a2973cf70d283b4119b5a,88904,ararangua,SC
cffb78db58e0c8f599ae18ae859f9a31,662b811d5be0ba95c55e6c89bfeb9cf1,04676,sao paulo,SP
44e09b2bffa224531befe9482a608f58,5ff735d120cf4ec4adefd9766f703bf5,28960,iguaba grande,RJ
e7f296f08aa3d473884610e0b275c9a0,0532d96f4f22a1fd1fb643c84f834fc0,95780,montenegro,RS
9d797a1a7d8ddb192708608d25197161,53f34954c078f5034197993c0e109b95,57303,arapiraca,AL
5673c1a8ea753d43497e49fb1be74b2d,2d6b7f961407874c0cfc9ac967cacd96,07180,guarulhos,SP
b837fbe55a9289fedd7301de6731f643,4fd108f5f7abef94264971be7542bcf6,31741,belo horizonte,MG
bd3791922950cba5ed71594c5634c030,8e6ab5e2e1df45abe35e2f0eb16ce764,07052,guarulhos,SP
58408b38aaa39dae7ed36422ae1662bf,dfe74e9cfd52b24a87b2803f3c00b4e1,41260,salvador,BA
8f7c043d717386cdc50669c78a43f85a,dddcc50cec9aabfe44b26c136236db0a,08090,sao paulo,SP
813196414bd13deb67a676510c2cee36,2c9f611db729dddec5042603cf603074,04912,sao paulo,SP
9d419198e08fe789f309e3a8e58fef7d,cfc5a054f35df6ce92631773f31ad179,65031,sao luis,MA
bdb76be5d5a9873dfb4f392ccf7aa962,8b711b2d774983d4649618d8c84656b7,59030,natal,RN
36cc031ab99b639ada133b4cb346f826,c6df3869c263531ebd51f0454a353605,96020,pelotas,RS
13eecc109755d75fffcf60091efa0661,2e240821e6a4ec76c51e350c00aa3d1a,35162,ipatinga,MG
acebd967d532546739f68217c058b29b,d0af5dec42f3bf160195f5bcb704fd01,11090,santos,SP
c8728a6ecadbec957fde55e78ca8d03d,7a719658eed0828e426754ed3aa9eb2d,19200,pirapozinho,SP
25b659cdb72b96f7848aba71af036fe6,7358165408fc76ed51e69ade142ab155,60125,fortaleza,CE
e1e157f3dbfc5df809751ed8f7fbfd5a,9b8180cd4fe75a8acd576d0408ff8bf4,06720,cotia,SP
1777f8820f1331cc996abb92c3fa03d0,c3d7eec78d52a03d9524c49064b55a33,15820,pirangi,SP
39daea6250bbdfeccb17472c1592ff9d,15072151aa98cf4ee2cccddf6b87f080,25850,paraiba do sul,RJ
2afda983fb05aca314929a1352960eaf,e565b42507b50ecf88a9c6c1272940c4,01516,sao paulo,SP
79c79e48306a6e400f3095ef216acf8c,628b9d1771f6b4fcc22daf2559baa7b5,12443,pindamonhangaba,SP
d9ca2fa81c552b948ce9fc0bf552d307,c312a92c61e1adbb8ed940c671d9256f,75940,edeia,GO
0b66eb99b1af5a704c8bb97390d2ea76,fb76fb542caab10b86ecf698a3c49cfd,80610,curitiba,PR
bb9dfced8ffe5e06c524a73848938b5e,ee98d4b3a205e378836fb15f564ae13c,87580,alto piquiri,PR
48c594f3ccd405bda0218861a37eefc0,fad83ca4540898f0d76d9bffa0e2c047,13091,campinas,SP
f4e93290ffb2b56c8820d4fcc4cfd00b,9454d2cbe5e471d051a3e90f7342e637,02935,sao paulo,SP
0519861eea334b9c63211d1a02c1a484,ed92f716afaed80ff2cb54705754c912,21071,rio de janeiro,RJ
4acd2f01ec378db9eca84598a4f4ab0c,b3d860b82d81105b87ac6614e00edc7d,14050,ribeirao preto,SP
9f26cf541e3e5cc2e1dafa5555cc78ba,4ce0576b07cb50460ec8226b4efae247,22031,rio de janeiro,RJ
c6d27a74743430e10b396edcb26d7e38,722a0971b48c4517b65ad01a1252e96c,72115,brasilia,DF
bf1642bd31cb9d9bf2c1902832a53bd2,b82d000dd5f724fa97d8f5c89c1aedf6,03679,sao paulo,SP
c3764161b7278ea2efdea0137dd37abc,217b6c21aca891bb3e5577f2d928a02f,03129,sao paulo,SP
35c4894c0ac3f346ebe6bb4eafe572b7,85518e1fb0911ff3caee0ae2b93e8c89,11443,guaruja,SP
15ece46f6d57c5e2a87774451f9f73f8,94774e4cc3e0d1e721e1487eb544f61a,29166,serra,ES
96d6b58803716cf4a2d006f34c6eb590,63e00255a2ecd18585be8142b920727a,08210,sao paulo,SP
5a2e937ebdd78eaa8cac5dc67b8b3a42,3c804874d3b953065aa6ce41afece80e,60761,fortaleza,CE
678c7714cdd189c7aca5cd7e6c70fb94,ab08b7f9d42ac261c3f6b7c201bb3c99,04306,sao paulo,SP
7da01fba9e505fb5caf8b5bf296eb37c,85bf772aa9ac8ddf667a3d7218f17a23,13240,jarinu,SP
f65235e8410545c21b41ecc9194cee27,f3e7030f8a429669d0204c88b313f763,06150,osasco,SP
e3974693d9b53a66adef4344fd921dd1,487ddca2a6d9494a4f91494832d4fcb7,09240,santo andre,SP
c0e6a15a6ebe6629df053fd185f729d4,b372034ccedb71dcfea0ab8ef114f35f,09655,sao bernardo do campo,SP
3e15efae32c4b38d85ae97b8bbd101af,883b752c6555b7fcc2760c45f2aa8b6d,29113,vila velha,ES
d0d33cd9e51cbf33e9f855370e6805fe,9bf032ef1c7d2b93eed4916983d7eb71,13820,jaguariuna,SP
dad721ade2b490dbcc54e62212129467,401da002e87b8f5700cb44af044ca0bc,76804,porto velho,RO
da97d12c6f90c983ae3d35f42d1bf2ce,3125d26ceb79dae09c47a8459bf87474,11703,praia grande,SP
762714720007f6df80b89a121d5101e0,7695482601acadd569547509094a915f,48967,nucleo residencial pilar,BA
aeb07999154eeee6ed241aa2b3137c99,4f7e36fff7d93d09425516882b3ac774,11443,guaruja,SP
2dfc298c9c63e33b5dd41f0d7fc8cb44,4dbda35a9a203dd0b148a5b4cea29129,06416,barueri,SP
b079e41d8e7a4fcb68b16b1334e1f878,071fa47fec45a93dd9f185e89e330484,14802,araraquara,SP
da4c7ec81a98e76b5064c3971a1bfdb9,9b91a58b62d8b7b6c98e20dd91c086a7,13178,sumare,SP
dcb15692eb3de5de08f5c4f51e1ca6bb,e7a8ffe068441eeb724a204cd4b3b3ea,18800,piraju,SP
966be50d83ff1fea6ae8877708b48caf,2409aee088a36b4a0173463e85d37941,18307,capao bonito,SP
4bd68cbab903de02b182d59b5ddedcff,97105788859fa6c28dc251030970e14a,20090,rio de janeiro,RJ
2c6882de19e82ab91b7cd3dd2c49873e,0109643e8c9bc5d8d7791439f3fa4259,41315,salvador,BA
aa19299c3284aa496d206a5460bde6e5,27690888a79eb5f2a5b8d0cd1ae0e596,18170,piedade,SP
f795c720615c514b5a76aba21942dfce,91b84cfa375abace0f176e51d9ae8d40,88815,criciuma,SC
053bccd4465d25600d95df22e1eaa46d,bdbfc5769626d260e788990d3c36f114,08081,sao paulo,SP
a11b36966cf39cc44a686c7c6a085375,eba231172aaf34a3cd4094bd11dcad08,85803,cascavel,PR
b3e20bc2f01a785db7cf2ca23a0929fd,9882ddc80cf0ed9be3b9a7dada8e86f0,32423,ibirite,MG
5d46c6f789e97a55abccf09df0f3c597,dc0e76b29aa87a9ab0c8b835954b9078,22230,rio de janeiro,RJ
f3db44b13ff035a25a500e7081e200d1,f852ebc052dcdc5641db11c9ca5e3ac6,39390,bocaiuva,MG
54a061e849f9c537b53eedcdac2d407e,72ba05263486b6f3bdc32092f2f43d97,24342,niteroi,RJ
85191fae8e27da08a50395638532e838,5266b70050919a41e3e263746facd2a2,08460,sao paulo,SP
c0c28584291e1c711bb2028a4c85b7d7,beebc1be0ed751dd085655f8864fae65,14020,ribeirao preto,SP
eec09eca4fd01d649cdc17286fb5099b,b75a691fc54375af8f7476d2008a5201,36930,simonesia,MG
91567d33ff85c9c6b6b6d244870bcb01,96f0bd7c0b8f3a45218e8cfda077aa46,04136,sao paulo,SP
5e47108744501cc098879b44a9252a03,4c59cf3b8144893e300fd7c3526ec377,13232,campo limpo paulista,SP
d122afa2eb34aa5560b4d786381110ee,1dd9296d401744dad9284d37b82d6247,23073,rio de janeiro,RJ
82f7ade78fed2e75bbdbbb5c9bfb5be2,d41c136aac45f5b7aa28714fd05b0813,93890,nova hartz,RS
b78fe4e3522d5ce3859f83ed1746eaf5,a718dd97c36f2c03487f88e6cb13ea53,95059,caxias do sul,RS
d08075d02a6c66fbf4b1117c31862443,fa90078d56f7b9878deb29d9ed8c8b27,74460,goiania,GO
85e150f36bbcdbcee982caee4b0238c9,95c7c379bb2224cdb12012298b192923,74450,goiania,GO
e40ecd3ecabf7e589cb4974ff0d36979,2bab6bd5b16791a80f2bbf34af56a2e8,31515,belo horizonte,MG
643ae37af3bdfee8f50a9dbba9d2d70a,04d43094c2fbb612be21d8ebde9a7907,77006,palmas,TO
7eb5037ceb9433e68a7ce301b64f1f5e,a3bf0f43c0ea85d44f5e124640942db6,76380,goianesia,GO
56193005c66b353063ef884af203336e,782191ca0d8839c892e01e1623297908,24315,niteroi,RJ
7cdb10c80796456cb0750c312ef21844,0ec7b76cae390a31a86ce54413f284db,49020,aracaju,SE
64a7f1076e9d17d6f5208d3ce76a7eb8,3b866d8dc4c1f4a90a96c57ef538e271,04918,sao paulo,SP
f19622365d4c40c686c8ca3bec559e48,bc7fad0e4189527e86792ba981941140,21330,rio de janeiro,RJ
fdbc7516376d14a129da25bdfc80b3a5,9c9150053c344f992694c053e0f892ee,71810,brasilia,DF
3f19da611727884c02f38af96ac4c622,d408609e128b1b3b45068861ea6ea937,13481,limeira,SP
ebc886e9e3226e7da3ccb10bba7c5c4e,49ec3b730bc59d1053305e7d20c5828e,30220,belo horizonte,MG
cca89c1caa9494d6a314e6ac71d1b159,f73d2c886388115bc41ee9cf86e651d1,13920,pedreira,SP
56d4e564c90c03ec7bdc5958321f3874,62531ad6dda5572eb4d184fc19325d4d,02021,sao paulo,SP
cc39c95f4a46addd1f64da1ea88f95fb,fa6fa94a6c6ff5a21b9364e66a3b3266,05584,sao paulo,SP
3404fbd3964c5abd6fe76ae239b0bd29,5373d3bd71b05d85cc1b76a125943527,89760,ita,SC
8e56b369b27a5321224f09113c0ef99c,9626fb4f4a15d890b9cbecd5357dfd74,71680,brasilia,DF
45d0f33f9a4e1688ceefd7a8fc7d54d9,e124b9e1d9b7e2da7851792e2cfd7e90,15910,monte alto,SP
4e4ab12631767d0b1b3e6d3e8830326b,2833606277939d24ef033ba7a4051906,51030,recife,PE
3f4b4c9983562e52391fcf43be759d3a,5835494e5add24ed02f3e2339be0d60e,13484,limeira,SP
1837c6c28707afbd624c47502b6cd99b,71168dfb69f1d949ca08ba4f5474597e,83508,almirante tamandare,PR
dc2675504e71fdab6b084e961865ea9b,503280ca1284835c30e375d33f252107,71015,brasilia,DF
704fb26a9d85d9ad8fd8b167eee000fd,aff615cb1dd35d6595b30bf00097e2eb,19400,presidente venceslau,SP
99194ab42c89146967b2403939935312,67a0ed029e6d46ca403fb2896297397a,19024,presidente prudente,SP
a1a93deddcf69a6a55df0275e2be062e,cfa0f7234243fb3dc77d1392c7b28579,03413,sao paulo,SP
74bee0619fc86a63d3b020f457efb338,8bf46923c2aac6f76fca2c7e19432778,04634,sao paulo,SP
9bbf7c5d49d559d76ebd1d3a5ad8b5ed,d320e5d03bad7c1a6ef7f90499c98e66,05752,sao paulo,SP
2ad4d7bf0d9891d02025ef4c28bc0cfd,df2dffd8fcad76ada93db0d7bd22c212,12940,atibaia,SP
eba5d9240fe1c10851a9653595f90674,4a055e75b893bfa3d72f550bc325cf76,27175,pirai,RJ
5c6dceb0afab23a9d5db737499265462,f5f0a44fa78dfe218749a60aef972d1c,11680,ubatuba,SP
0b50844de62819a161d73310474dcef9,537fe5315288be6b20dc092311029070,37270,campo belo,MG
bf95f6cb7e9395f311cf318041fd0bd2,418c833512ed171dff6ef9a7f5e30f3a,05595,sao paulo,SP
874ec9d1ec3f15deb44f83b20b55aa71,dfbfbe79debfab1266fc7ae4abfd98ae,08525,ferraz de vasconcelos,SP
3f699c9cf773be1c838c6011ac5ec571,c1d4212048a7a0a863a46e37ada2b32f,78579,itanhanga,MT
574991f8027e5776efdeab8cf4c67c92,ff39923a9c95c65545aacade99b7732d,13770,caconde,SP
cd846b862c51bbaf9ef41facd522906a,70dcaa39a6563099de9b9eec667c4f75,03589,sao paulo,SP
58b3208913cae35dadfac41929721901,c4d9ec8c227594222eedd980cb28a6f4,28380,natividade,RJ
07f96b6867d9a170014744b286362436,0fb8f35586a814c879899f53c98b442a,22451,rio de janeiro,RJ
edc1c832f561d0817c454538fb98e89d,0464159afca7dc384819dc5f0b3570e6,24120,niteroi,RJ
b72f4ad269dc62bd9bb35ceacf22103e,230b4f507363554472ce5dc51568c948,13212,jundiai,SP
1c60caa82a933780279e85c4b7846bc0,7505dc7276ce28ad936c63599917ea4d,39625,itaobim,MG
528fef52545ccd3a24969948244873f2,3a51663803fd832d4dc71eda8143d88a,29480,muqui,ES
8c215a516a5d40f140276e5ae77e02ff,7e0dac37008b4fb0accd202502fc3b8f,11790,pedro de toledo,SP
39c4a14e8828e782b82be2823738ecb3,299d3cdc601bb36ff810e557bea00b90,07241,guarulhos,SP
5242064c3dba5715dffe970d03bc7f70,c91d1ea64ca62057a632d10146e1901d,23080,rio de janeiro,RJ
fe2f0691a0934f97140ea0b83b7178b1,b92221f3dccba2fdb8873d2a83ef582f,24360,niteroi,RJ
bace683427e40bae08e7af13660e1436,e9737523e569c19a06d8afe7f030ccc9,22790,rio de janeiro,RJ
4255814e8b080bbf487d6e0f837092e4,02682c9a04df6a3e140e2e7eb78fa693,63700,crateus,CE
51bb4e7ac0c888104aecba5a46ec01b1,7c3db55121184d445bec70d421c62135,83075,sao jose dos pinhais,PR
9a9059f7c8537c6ffb5610f5202ccfb7,189a05aa2dde9d531cb955584df08c1f,04421,sao paulo,SP
31dfa81667218110f94f93dbd22273dc,a68fe6e56f82c6c8a3dfaff569685f6f,83203,paranagua,PR
5fc34cc05aae2598fc6100012d44056c,f962acaaf9b23a9b3948e34431f842c1,30320,belo horizonte,MG
616466bd090f63f7898fc58b61970ee1,82a51ec91130ecf68613638196ebe904,05545,sao paulo,SP
beefbb3f515fb4ae5c3b4822f9e880ea,3517852bd010ead9a40e95130ba29835,11070,santos,SP
b0a556928aa7ebcea400790bfc3565b6,87a50a42cb02eb14e66bbe671af9c279,05025,sao paulo,SP
e7d9c6487ba15bee967f0f1305c75c8b,47cc91f82fea1258782b1ebb791e1024,45203,jequie,BA
04fe7d4311ae1d93d159f77fd513a91f,fcf07074dc089a40acd7c7d5e7e8cf6c,05888,sao paulo,SP
2cccb8ea24cb1aaeb3aaa7710517705b,df7544650aa445b6aab7b6f1e05d89f0,93700,campo bom,RS
1099d033c74a027a78c1d26e1de9c8ad,95cc7f48ae7cfa0afebd560092cdc92e,12237,sao jose dos campos,SP
1f67b347641be0ada243c88ea88cda6a,82f899571674ff6479053e8e24b17e5f,12307,jacarei,SP
c7f4608accff4425b32a4586032cd58b,e7b135b2f9ae921f40a96f2aa0293cd3,93530,novo hamburgo,RS
54bbff656de1454e0926dfe57185ab92,e43791904cdd435a8b255093becdada0,05613,sao paulo,SP
f7eab7d0e27f9ebe87e9db3c3c01eee3,c4c643340c5d988d370b984a13ebea16,72120,brasilia,DF
3c5be3902e3ee65ac45caf629dba3d41,168de8fed35ccd79fade5fbb39a1ab1e,49026,aracaju,SE
8f1ef83e4c4114368bfa4e4cd446ad51,970942ba437aa919201fe7c050e9bf71,05789,sao paulo,SP
369ccab6e4d6df1c10a32d98cce08d61,d9e1b1a2be1099683792849d51b2edc6,75870,cachoeira alta,GO
a5d0358e802c2b80011410b0adbcf151,04485a4fd9d7e6d4360d6eed4096e7cd,12511,guaratingueta,SP
e19a899f07d511c22b9f865432a6316b,5df1ac0435f455a487ee63a856552e1b,09090,santo andre,SP
007ff1d42a6a44f0e16e18d2d7d5f72e,d7dca5075c207d22e930c7ab977c80e5,37750,machado,MG
ae4c7a6bb591543c410facd14b571ea8,f83861c239f467ac3e6b5c737443c98c,02060,sao paulo,SP
0d878c03ad06e377222d2130fba9dde1,181aaefc598fc400210dd5148f5d0fa7,36021,juiz de fora,MG
e5894d67ab3b433aa6219918e970baa0,d47dc11826004cf90f12cd7e7bc1d6ba,14090,ribeirao preto,SP
3e6b478fcfd7aa346af38ec71ec159ae,6d56236c41a5e54b1352bc552024d627,08223,sao paulo,SP
7a096b2118d6b610b1a4efb484f76750,a27633404af1d7136e86d973f05580e9,17021,bauru,SP
1bcef4aba3c60510ee22250ef9a6f2a2,111dbd14eb558b7b898a07478e5537cc,17523,marilia,SP
a95d7818d3600d96f3c26a24b83a6584,c0b1ceeb9fa9ebfff861450b16713d38,09580,sao caetano do sul,SP
ffb6bb7dbfa226abbb5f1c27bb3b7a6f,198c7ee684a271d34ff5d5f5f33f99d7,12211,sao jose dos campos,SP
bc46822a62f07f6f519876caf542661f,72b5bce23a612783406d77cbbf0586fe,97032,santa maria,RS
36122b844a5f69861decff38a343c58c,ef943285ffe0624c8d1be5a0ccbe7ac1,11025,santos,SP
17ebde2c7188073ca37d90c062e25aed,fa5575f71720ffde45dfe4d4b35f4211,48840,cansancao,BA
28c6bfe9a3f5185dd1edba41d9e6a975,5ee5cb0b1d6aaaaefc8fbc38a10b1a18,26600,paracambi,RJ
249993996f32a34654f8429baed4a7c8,4c57f8a882185cf9f4fca5714dc60808,20775,rio de janeiro,RJ
2d99f1ab585a5ca8c2d77dd6fa57eae4,dd1e9538fb98728cae371bf3a0ca541e,13185,hortolandia,SP
7107f5eb80d0da02dc1383fe41ddc474,911d12598ae980d81210451e536c8e58,11443,guaruja,SP
1084f56c3406a924197d7ce12c410cec,44f0ee6c3bf46e4ea20aeccfef9b5e6d,22775,rio de janeiro,RJ
d359f83ac017550fefc8ef86e4a03911,23780c7f5a15fcb349868006a13d7d8a,32341,contagem,MG
c570938ab62978b5cab459060bbb01f1,4edb835a94d0af8b1788957166732951,03894,sao paulo,SP
6ab5adc744d5c894470ce74466a78a27,40163091ee73ffaa57448cb8e21a2615,15041,sao jose do rio preto,SP
3756b6c32606779d7afef1ab970fcae2,e576829be95d0ddf213787a353f14bff,22245,rio de janeiro,RJ
e957fae9179d52c789d261da76ceb907,a157cc6139f181eeedb78e3973b9665c,20211,rio de janeiro,RJ
321e587bfd564d724fa0883998543eac,280f5ea9dbaf92b0f6deb78d8551952f,15054,sao jose do rio preto,SP
79844317129f35eb854adc7b9ef9ce39,d3e4f70d38154442d9e43739d4f9fa65,08690,suzano,SP
c27703a50050afbb4661ad22ea030c7c,f35271305526691e8269aa4a915e56a2,88811,criciuma,SC
6c8dc19e9aa79a2c4fe646270a690ee1,322c98d05796e724d38e35a11c5e0b5b,88301,itajai,SC
4f1499a33d2d5ae89e66928df783e7ae,dfd8a29cc303236ba280dda15e9077f9,01508,sao paulo,SP
3956d1e55818b7dc872d5a1de09e4ddc,f80c7e4cf2fa8ff3532323f19bf603ba,01422,sao paulo,SP
825f58ca9af74f7fed6d0e24f5e12fe2,0c926ffb5cf7eeec88d58fc8cc6b4379,26453,japeri,RJ
a46e766acc377978584e2e7ffc863e3e,b840d2f735d4ececd4aa5ef3f9e3e3d3,08790,mogi das cruzes,SP
4a5c983ae0de5e491993c8038e2f369d,2a33cf3a3b8b9554ce4b8fb18def4b92,22743,rio de janeiro,RJ
7d05062f79bacb93b8f83d6da8d1a373,3dc70ff7a5b9e83700bcd962bc53513f,98590,santo augusto,RS
9e04bd3d7097e259b856e101b34316c1,a6303dd3323275ac03b5c38a55a16659,74645,goiania,GO
cc708205c142818e4e7d22634553b8c8,5ded91f1483cba8f756c6557a5922231,59995,agua nova,RN
6b4bc7a9072f4af4f62ecd1b4a4786fe,2ac2436a15221f99b4b9bc0dafdec3f9,07135,guarulhos,SP
9de9dcccd336d99f63eb24c980e60c78,b471d1920063d9c698e82e737e6c9c51,17890,junqueiropolis,SP
32551508d9cab8b1b550dcc1c16ae792,15c47bc8e10642155f3b8d0a13f248f3,90650,porto alegre,RS
ac0c70558ae1452173d95bc72556d99d,a3c2b12d32867ff84518faaae83b3739,46820,bonito,BA
d742132fa21774454b21f5a511f05769,a16f65d65c3ef42c39ca5f2c36e0d0f3,22270,rio de janeiro,RJ
d59d343c11fe1e3a6ef3fe56f1729f52,d7f45be33d4ae663602cf350af7dca0b,13224,varzea paulista,SP
fcdb673d0f8d2b84d3862193f17a08f9,3443aa1df045d475ffb79648c36494e7,02469,sao paulo,SP
6dc23a614e67f5198beb035996e34db0,6c00d2b9180327258ff03b6acd57ded1,08743,mogi das cruzes,SP
43c9df3440bc8c9934f5aabc6a51f0eb,ae4715147897077d29135c4b99cfd5ba,65048,sao luis,MA
38c065dd14cbafda79cfd115e4170b05,fe32b263712f983b0e1604d04b9960a5,90010,porto alegre,RS
a900fa42453c67e0168cebea8f69ff33,047da479ca305928b6c463036ddbbb63,31260,belo horizonte,MG
6dd52a73b6f4356624e6622b1a1e1b5f,649fbe95aeab656f55e55444dd3f1453,80740,curitiba,PR
0da313f310f44b43f20e65ef3665222a,9219f82efa5fff7ab0687b36fd038d3f,97700,santiago,RS
39aa3bc114b6574df1c7fee96f24199e,e6870dbb2ee0d2e688259549533bd1aa,57304,arapiraca,AL
b61c656c330cd99a4d2cd8e90a498c84,92e6b1a7f2ce6a0d8cc6ceb129d1bc34,55642,gravata,PE
8a52b433e49050cd4ec16ab27b93de9b,e51394168cff8655be98c5fc47d9ebf0,13972,itapira,SP
5987f18d2c3ead18c053284bbc7d7ce7,45a717e33d8ef0786a2ae18b26e63b8a,06871,itapecerica da serra,SP
cd24dfdff8d99033e3794d9b104c95d0,a4d4a76b47ccec27db5ea63da11debf5,41386,salvador,BA
0bcb83f11459548493b5bb7a3df7c996,10aedefb974a292765b5daeeb4177526,17212,jau,SP
5e02b87345f6fe10a41606943f568ded,606895478a52866c50804a43c243383f,12950,atibaia,SP
ca54aaa4768b5a9c668f503810b15aca,aa1d80b858e7938cda51f9fe4335c34a,26220,nova iguacu,RJ
9193133f3eb8df6f70cc93b069b56f09,8f1794300ad248a55eae07168219ca15,35930,joao monlevade,MG
a73fa1e059154a6fa8c7e419b5bd0936,c40b4a21d854ab194280dadc8998061f,71939,taguatinga,DF
8fe1a699c51916b203ee684f642d234a,c0dca8f5338d0b4c4e9aebe9de1fd03e,13454,santa barbara d'oeste,SP
86aa5fc8f65c55027ad99b9ed5d272b1,128e8489c7d968745e18ab40076ae698,08032,sao paulo,SP
d50cd744c2d765c48a532e083ee77746,78e3d4cd1f3d3d98ed1e2a82359243fa,30662,belo horizonte,MG
bc8910a25e3275b36bef3f8ee1578b14,957409de18d2d2dc5212f624e7d10ba0,09921,diadema,SP
26da56b4fbd69a10435bd728443fd107,6bff15aac94a3849d47883072b231b86,11045,santos,SP
250140565b02546b115981ac3442ed86,549038e2c41350e6ac5a9d601a93ceed,14406,franca,SP
428d17477be86381ead9c16e52c0528c,3a992f49b846364998d3d24dcf6096c0,87112,sarandi,PR
47d0c23e290eef04ba210fc4ef687691,ba66e5bc2e087243b725c956f1765196,36500,uba,MG
0b3d49ee61dd14be80fe19091b5b4b6b,907034015bf516ec49fad31887e42a40,06414,barueri,SP
4bf7fc5e4c8864c7c02ad8db81d2e804,2c9f251615f1fd1fc813a222fed9cc10,23042,rio de janeiro,RJ
67b9fe15483a807b6a35c1a934631655,15fbd44ecdc6b3d60f1839c8a85df7ee,17208,jau,SP
2451db6c90e7c206d648b5136b715433,3d9a62d9ff035daaccfa893766a92de3,11523,cubatao,SP
d5e32f4d48eefeadfbcb1b8e068369fe,64208944003497c4736cf507b46268dd,93056,sao leopoldo,RS
2ed1b5c01561bcf39cc2f1566a8ac9f1,ed05a1bbf9f8816af23fcc68084bb87d,06806,embu,SP
b0790158897607011071ef91f76d2002,13c1818938b618d8ed50b46bfb3efddb,13181,sumare,SP
b0fdd38d459d6c7fc8118dd3ed73d096,6b8f49efa9b867eb0643ce5cf91aea61,36180,rio pomba,MG
82750cc54b85f69aa3d33e87bcbfd55c,8bd394096fe3c0b6536a35812de0f403,15150,monte aprazivel,SP
495a15eb160b6c85259f568b9042ef5d,1a6518cb5f8ac63190d03072e48efcdd,40296,salvador,BA
20899a98f69e29ac34d852719a64f431,52832e2d43e2afc66377c52f26dacfc4,98400,frederico westphalen,RS
a7f39661552152d1c00359ad2fb5fb48,1b6d1a3328b7a0a981e184cfa7f79fcd,95702,bento goncalves,RS
3d86355baeb91ee332daa6a7299b4280,f60fe3cb5de099b3055c4cefada6c1c7,04542,sao paulo,SP
bf9a4770691ff9b2ddb07f4beb77d4ad,95a3dcd03d8086e8510d9fe16f875ec7,76105,firminopolis,GO
c735eb0078030fe24d1ab1390468c19d,127f0ff2f4e52925f03388b3937c09b6,06414,barueri,SP
5a2e36e29494ce0f03e22c7f28df6617,620ad450a89bab5e7ec65b56a4e43404,97070,santa maria,RS
b5dbaddb7666f875d9a348cb0584823e,0f9f321be72b164e312f125825e9aa44,13295,itupeva,SP
361fdb99ba935f962692efed864a6c72,e4606029a8223c9d47ba6779e2dc602a,04904,sao paulo,SP
b1373bd6563737bf205587f4d78859cd,f5fefa59acbb79c5502aea78f8d4e07c,97418,toropi,RS
143714b5db067ae9c9e2bb399b49e4ad,bca0b12ed584317fe29ff38a29ca03a0,35680,itauna,MG
5bb2d3412b01523e83672803d7a1811e,596f46e4d4b172098ad46d4d7880bcc2,30850,belo horizonte,MG
0750bb350b6dc48f9a8739754b75bf63,50f9bd1bfab2329598ad440c806abf29,79840,dourados,MS
c0c87e50917bad186dc13135c1820d25,dc09df53d23ae01d6b42b547913aa2ba,89899,ipora do oeste,SC
cbd56f1f7c2f1d3c0adcdddce4a4bd42,c29d9bec0bfc16f539cdec270615f31c,06722,cotia,SP
1e9ad002812017f0a6cc88057e7cca9c,ebdb8144ac33f6c6b94813eef593af7e,39480,januaria,MG
b662ef3d673205d965e8c72e78932de3,c3aa79a6d02e6cca0b56efd30bc10002,71010,brasilia,DF
7b46de2ef0b70225f5ead1ebcb2954ac,53d1cdbad1f545453eb373aa2d834609,27460,rio claro,RJ
aff0c0e7798a7fef6652d453c0121eb0,509de51c702ef70edc8d69cad60ecf11,99700,erechim,RS
fd58e83220f721f32907fe4d3ff345d3,43324275365c882796fc511ce01684c2,86077,londrina,PR
3e3ccfeb474d77e0c85a7c2cd541dc1e,36150719926e7a6629d0a4adcbb037fb,03122,sao paulo,SP
484f08ad298fef0f4ea0edc43ba31e20,1dbc5f3eb27b11b2b77a49c808c8bbc0,13641,pirassununga,SP
14fcb7be0e0a5868f190e1cda895d6fa,68d8be0d89636fb2e46c9cabae4360e1,12316,jacarei,SP
4a9a0fbfec7f28adc3a7ab9ef3bdef08,1c065f2b3e2e84ae918fa40f18b6c77d,04185,sao paulo,SP
6b362121207fe289ac370990e1df46aa,d8dbc26b88adf5cc6516cbc6ca89cca8,15155,jaci,SP
8531003935cdca531082191dd5f53eca,86594ed8ada5ff5a9f8090aaa3bd5ede,88351,brusque,SC
a69d0bacb0c135ea37032600687cd693,1ac43a7bd76f50561133aee17e22b497,67133,ananindeua,PA
577dfb2d557d5251a6cf3290575dd51a,e097c4114ede8b9d67f6e02d39f1319b,04364,sao paulo,SP
e8f957324bc3abb0d6af1642f06d3476,3195d6c23c9f61b0bcfae41d3fe8a3db,13067,campinas,SP
e1fdfa0695ef19dbfa1018d021dec182,5beb14f603ed51da383102bce45011a5,74075,goiania,GO
6ea342594088a8d78a51e55e38053887,d0a0097c18d20ea11880b9f8af8232d8,76801,porto velho,RO
4335747056d15e3adee5aea2c8c411ac,b20b1236b1f304c2774f514808731d0b,35400,ouro preto,MG
6585b54dd5ac7f69a3ea0b4c6d6ed130,6e90e6c9f3c5677e9d9ce080b95eb0ca,04001,sao paulo,SP
fde06130cde1fec674a5470155f9dcaa,93703e703e163c46a2382d695551a962,36280,carandai,MG
49e9ce9506327183790c2ef50cb92f0b,ae9020d0cb721be3d5ce58bc144816de,04043,sao paulo,SP
64e5b5b5abea3d62bf84acc78478f8d9,66fef063fe437a2e4f53df12ad8634bb,13575,sao carlos,SP
b36a66381596ca6824c2ed8059e2a63c,54ff310c4932ed14b0ce31080dd5f4c3,39935,santo antonio do jacinto,MG
65f09de0b77ca07963fde8601c6be1fb,a56a69b5c5e0e105c671353ee9caa01a,96600,cangucu,RS
05514af0c7b72bac8a4515ff7d4cd9e2,4e8707b3589332f82f5af44ac27fb8b8,94770,capao da porteira,RS
85f0f9defc06d13591f7a594d0e71ece,494e887fef923d79982b3c0e1ab49cdd,05021,sao paulo,SP
ed678437e137359ba38a1f1b55dea52c,5c188cabcf0eadc19f9f539af74c9aa2,22230,rio de janeiro,RJ
d8871d08dca6ac10858514ecfdce4602,51a8d97086fc27642fff96169f700dca,37410,tres coracoes,MG
f231bfa6a643f23fa187394cf9a8c98d,38cfe0709a4c787caaf63fcce697b8e3,20521,rio de janeiro,RJ
10e925f935d8bfe0a9edf39378996fd7,a58b1fe8146940d706e5f07d73bc7d51,22775,rio de janeiro,RJ
a64528d4c047cd670cfe7fd2dcda67fd,fcecce72bd0d8b335a86ab93b1fc72da,11515,cubatao,SP
c9eb8a8ef99b47cda776effb97e13b63,cbb3bc292e844bceb4517a3212f6e370,02067,sao paulo,SP
ed29bcc5a5d83815eee31ebe14b54d37,e284f3f7b415f669d71b7aee29252d73,24342,niteroi,RJ
60a0d861a188676b4415c2b9b0c60c94,2d7c6bd64b139f0f40968dd19c629532,28941,sao pedro da aldeia,RJ
9dca8837b7f9fc25ae379a58bb66094d,c207b575c7935606edefd74a43419a21,06317,carapicuiba,SP
f3ad475cc60e554f7113f18ab06810ca,f6758ad13b1e5029cd71b03ff7e598ab,30310,belo horizonte,MG
68b43c6c592465e9a13ed4c282d81e7e,ad784a66b3127b43bfa19b489367ba6b,75350,guapo,GO
b04337a5939fac7b5a29dc741c51e8de,069257bdd5fbd8d850bea16dc7b15b37,78635,agua boa,MT
1c0e9c6e7bde47b5745198ab7e521c1e,4255dc78553d2edc85b76fea8642684c,09941,diadema,SP
1be4dacc77876796a16fe15cb714f4ab,d2f3349e7c047fe8c4fe06a251027d21,93900,ivoti,RS
51fc971a2dc09640199c605fafef9b90,52a2a794178dade85e81bb1f4a145238,05577,sao paulo,SP
67824b5c176352144ad6b11ee6cb4376,8f710f0d7e8dab5c8c1135e63b44de7a,13250,itatiba,SP
e963d9adbf9ceb6f1dab520661946e3e,d099b9eeeb547b0bba4dd84e0658b2c4,04537,sao paulo,SP
94bcf8baf19461186b00908eaaab6057,d862d7974ad395a79599a22e7964f38a,73850,cristalina,GO
4c13421bd28e889484201164059e6df7,1019ed18792a025e05472c55766c34a0,01321,sao paulo,SP
7d179d8a629f588eaff7cae81098b947,0145bfdfe85402b2249c7437bd297a07,04880,sao paulo,SP
0f04f03513dd14f705add51e885ecfb7,cfa1bef479ad90b38147e9d0f0cda56f,23811,itaguai,RJ
083d0767ee04f4a01cc28835dc32d6b4,e6b176f00ad708dab08998ac633b71bb,08490,sao paulo,SP
1d636a8416fe1f6f377e6a5aef5ea6da,b93f84b2e90bad6588cc4c819ed2e368,06755,taboao da serra,SP
f1e670dc0f4e42fa6931d6f01d7b479d,0e8e39f29af13332fc090aa842216645,11035,santos,SP
c2ea573bebd1490d873bcac3d94aadbe,5dfaaf7ad5bc37905e9415519ad2f872,13335,indaiatuba,SP
bfd3bcc53296e057e04bbe0f9d97323f,525e9dbf2f675f893b9f695d5ecefb31,14890,jaboticabal,SP
aa1c88ef1c54651170df45bffe3c2a87,2fe7af86d0ce52d2653e6936d57d266c,78195,chapada dos guimaraes,MT
dcacd076b56aad562162f9093d7698fa,e7647b89106d66c778cc87ff7632fbfb,22070,rio de janeiro,RJ
8dc2fd6452f3e7e9a88fcc99525d4294,fd838ab0cac53252ee4a86701c6cb86d,23560,rio de janeiro,RJ
0b451ba5ecdeaf9cb93c0a67c92c29c8,fadc694fb572f20bbf62f2edf3c8a2bf,94035,gravatai,RS
7006f2f909391185c9e7f7a504042d4e,6b97ccd3953e4d28f91641bf60e279bb,17027,bauru,SP
911f537925bba457f30e1d49322c649b,8a851617296124a4857303e40406411b,14500,ituverava,SP
1dcaf101733dc31789ce23f25d3d2f51,3a1ca631d83d014f6e5f8243b0b0f6b1,17513,marilia,SP
d4803d4990450b07bb8241bbe150cd31,79c561518691c6ad8ebc2b382a7c575c,14871,jaboticabal,SP
15649dc883a22d86b0e9dd1466d39057,8d3acb53746f1c8dd196754af01a6f90,22743,rio de janeiro,RJ
b9ef1863b949550a997d6e6af47a270c,d92b08bde554b678f78dff8ff2c21816,14010,ribeirao preto,SP
eaca42ceea47b823f2265aa4dd3b2a57,0470b939e53cb37a6c925afb999d9cf3,78520,guaranta do norte,MT
1ea6e83f3f7e635b07ff88693fb6e2b1,a10b49b8e43355b8804f79c3a01a5277,85817,cascavel,PR
2f1d78af6de0800385a0cc5cf4b7a794,6d107617e509701446292309521f1c22,14810,araraquara,SP
bd13582471af02ce718568d9cf8bbd93,ecf3b5c0c40d0fe49084ec3a467b952d,11706,praia grande,SP
ed3cfc1db77dc98f707d942af216e4fb,c5814c960caafb75215aadba74e38ff5,88310,itajai,SC
8b9e671a305b19a4f7a11ce24badf10e,96aba7659e376a8796bd19b79a1f3c46,32223,contagem,MG
99b72b76d26475c4412b8d88c363b066,7b5c1689e5fd48554085de27aedf8285,29960,conceicao da barra,ES
172a8d88b70c30286a8d76ac735b779c,ecce47b0efca8ef66e9321e7eb431478,04362,sao paulo,SP
0c3e6bbb4d61582f912d3acb1adb8981,29e75e47742d649bc32e8f00133314d9,21635,rio de janeiro,RJ
fb5984b299eb1ae66a2f6725317a495c,3b41d1486c7683be1119e9e6a21832c6,24358,niteroi,RJ
c1bce0aa640fafe73edf9900e0084566,7c4a668e8b4919db9a4bd8d1f125dd55,80060,curitiba,PR
63c27e2aa9bf68a1c484ef91d4c1f247,9565b6eb599caea334238cf517c2408b,13218,jundiai,SP
33e121698cc308d56daa525cf4d590fe,968605addea83ba0ae067377fa1e25dc,06730,vargem grande paulista,SP
bfaa59943933939eb6bfb564519e794e,6e9a6867883241de50a7ec48ea84e946,12919,braganca paulista,SP
69102d5701c84308921872f27b7f77c0,c4ff0cebe7c2c7225d99c8a01d7b2668,36530,sao geraldo,MG
f01d004f168186b4d834b318d9309d5d,20c48918dcea7cd156fce33f9a357fd8,03579,sao paulo,SP
c9c7fe860d602373a9e93f8bfe9d877a,fd0c94860d35a337f8954558e9e0181c,24210,niteroi,RJ
d445b9c894d13feec15913b63b8f802f,622584559fe8aa050314bc38693a419e,35501,divinopolis,MG
ef95061d7fabce59a19b991b10e9bfc5,6926bce378918c0796934a2403ed36b2,31140,belo horizonte,MG
18a7334e84d18a1258eb22367af3498d,b01595778cee75ac9ae774075ef11904,89694,faxinal dos guedes,SC
a9979110f5ae50a3ba4742be43c123db,7900a56ab4c87791be283411b519a9a0,33200,vespasiano,MG
13b91579bcc8c9cf1bc5d2f1894b2392,cacf3ac8f16ede12c3aa96c0b0e01c03,32671,betim,MG
421c2ebe259018dbc12a45e720840b6b,ad96c893319ca7c9235194c71c936464,12306,jacarei,SP
752b76f403f16b021896686a71396435,c957b57bcaff0ed3a494d95c865de4a1,85460,quedas do iguacu,PR
13a7b529c08942d1e86e9918dc4ae053,d2e80e3af989dadfdae7bd1fa9b60459,12702,cruzeiro,SP
52fd614bcf2cb390624779fd05110d84,601bf929b8d0a8feecab068a2110ae1f,74911,aparecida de goiania,GO
7582ce1690e126ec9b177e0770efc74e,a8f33ec1604be25d407c4239cab35fe4,11470,guaruja,SP
405caa28d9c6401723a5a6a42af30545,9f78539e463a477b0a4855fce8ddb10f,60767,fortaleza,CE
412aabf43b3d45f1f6052e834c04df34,2c0bd1182d5910f962a178a49457ec9b,26553,mesquita,RJ
d7e97bb9c2ea415d1b1d1178198048a5,9f6d078b7cb7a93a1bad6a1f0e9b1298,09732,sao bernardo do campo,SP
504dd8e916e67a34a5a7308488ed88d6,6dcf48fcc0c4d96dd7af8a0897ae9de8,88070,florianopolis,SC
ad02ea72fea6c2bd4706e9a36ea06517,5ca414a73a401e4e49782d12dd8fc2f8,18048,sorocaba,SP
d9c31907f4ea9af9dbc3183716f5a200,58873af0acb437b5f75d787f661f0fad,72151,brasilia,DF
c25e0f563bb2655bc1328ec49a60b540,86e3c3174eef20d07f23b182db38ab80,90870,porto alegre,RS
68648ee2755091f79fe88e87b8cd8622,86e4a80a0c744eb7d574fde3af8b83e0,67013,ananindeua,PA
5425c3c66307418719d9c76eacae0d58,0e896d98862a9762fd92a8d7cae2f4a6,56355,dormentes,PE
e25c30386baad502153f382e3f8fd9de,3d97b4dff4109c1a1398e97b0f4e2248,35180,timoteo,MG
14d6fbd0e24a806c339738b8f3801e0a,63b13fc15bc8996323ba9375d95547ad,14020,ribeirao preto,SP
6d7dae0835c48b8cf7ad6a03b9105132,b5c49f9e03226e50e460245cbc35898f,45000,vitoria da conquista,BA
7c5f8c2e42af586aa1b1cc8d6bc40732,147324a07e96b3cfb515d94137b4a327,12245,sao jose dos campos,SP
aaac580394d307641eaa83279b83fbdd,6f8dc3bb04b763418b59f953bce6fd14,21330,rio de janeiro,RJ
884d810803084b58c977aa975b1f3c33,27e64469eab0c82082629a43b0d75af7,37600,cambui,MG
b419379d557fd4ee484ba77e2603d523,7f36635c84fec36fa263349a7829163e,88080,florianopolis,SC
63fb4d60175b0adc731e5a481eae9491,00c3624c55261d9ce593f30e3815a880,97573,santana do livramento,RS
89ee21657f18986bd7717fdbd961b001,c0c29e87d30c3ee58d202b1d8776f227,23826,itaguai,RJ
57f5750cba88748f13624f2e51dafd21,f2460db02a4d0705d636c5eecc8587f7,78550,sinop,MT
6920a12554f2b5a6763c56fe38b84510,812b567d67cbfcfa8f31bdfd5a5ef424,78280,mirassol d'oeste,MT
1674ec99b39d56ec2aa2329be6a79864,0829b9a7bb7f0ac382c994b6e43aacd3,09693,sao bernardo do campo,SP
399d1e628c48b7c3b6389098be566cfd,0ee84527dd65b0a7fadd79df2fc273fe,02377,sao paulo,SP
bc530a094537f0c6a7645e89b29bc650,02dd4969c23207b44ef9252dd7ef59f8,13841,mogi-guacu,SP
9ece655f10c367e6839d25c4a46ad673,b9683d6a646f9b6f7b0a1889d00e3154,13341,indaiatuba,SP
66803c74df107dfbfc7492cd887c7401,a571a2a1134b8ec2b756a6907dbdb8dc,21330,rio de janeiro,RJ
28a1088aae1930e4e87d05707d06e4fd,12a2d9fc0fe6aa18d677aa19af240d33,25850,paraiba do sul,RJ
90349bba553ae62bed5e5d3220deb5db,3f575e5c851e1ffe04a36b263cdda4c5,58059,joao pessoa,PB
d71307c0c7df552b660c6d58721f8df6,e87e24fcb31aeb4a0e579142ee2ce3d6,13085,campinas,SP
9ef0a3bfdd0307c3f1e11e12316732d3,5d9991c52424c1edbb3a43df5fc4329e,65075,sao luis,MA
85d00c84cc236fdb8d5a58a0aed680ac,c8cfa46e5d1f306b819532624342debb,74805,goiania,GO
de3488839c20b6109821b6a1af9818df,f98ba45b711901694978daec941423c3,09371,maua,SP
97664c4def96cf5c56c4cfc28c5062cf,8d2bd90836fecb71f7746d84bb1c54bb,04833,sao paulo,SP
a5e8f1d1cdf5e548e6048ae76949857e,5241e55cb5cbb15f845ac606049c29e8,22250,rio de janeiro,RJ
28b19e4aa3b8984663064c407ca727ff,e6615a6b892c0ae58f8d1e1bd8f1c609,02402,sao paulo,SP
6063d231ad10ccc79c81b5799fc90a99,e40595cc328629356cfd85ec08511953,72960,corumba de goias,GO
e873ee667c51b3236ae273a6877461a5,2d8a81721a9fffc913004d564182f537,38360,capinopolis,MG
456a071d45cbb3cc872071729ec31dd3,09bc7afc3e8d8dccaffd0b16944a91fe,04040,sao paulo,SP
36ec48f81f70117eee115da4b60a50a6,e83a792a0d5847ad8bcb2d9fd206fa87,08542,ferraz de vasconcelos,SP
42f7e5300e022aa6ccea1815732b1134,c113697c013a07aaa9e1e2ad17104f1a,07600,mairipora,SP
5bf3c6c1f06144a4ae5b815782732da7,ce9f8a25ebc64ce2a45296847d309da7,06803,embu das artes,SP
18a4c896676ed4abae6395f7b521ab38,df54a349b0edb7f8420cd864c0561770,95181,farroupilha,RS
af3b67a686e5dd9109a40e92ab58b7ab,31499e721c936ac2d180f41d65208dea,59010,natal,RN
660a5acfb2835dd4b993ab8850da4a1a,6f68b458736739a2740b3bfc9a3a2d39,80330,curitiba,PR
a9c030c61db29a75dfd4a45d8907837b,28ecc0917d61cacc4ca1eb61fd9effb8,36570,vicosa,MG
aab6159a949e85ac6cc9ed3d75bf36ee,21b14794a4c45fea4daf625962a9ff99,72547,brasilia,DF
b3a5381d8bb30cdeb5d9fed3b624359e,a4083e34a02b8dd6f3a859a95f0fcc4a,08021,sao paulo,SP
c2acec2708dbf859e39cfe5ab75b76fd,2823c9f4b36374d54c42641d2caead07,21675,rio de janeiro,RJ
59ba651277a43bd5a948a7613b731907,a14b178930d5095e2beda5ffa0641e7a,24240,niteroi,RJ
65bdac23aebd44af1c85c71c4acb5c6b,c89d91308d60d2f2076d20296962f2c3,82530,curitiba,PR
3547196c69672a750204ffcbc71f186d,58029ce0f39879b3f38a41ffea3c1720,13250,itatiba,SP
1d38a317a5e9df61d2bfbebf4cc20068,9c3520c602a22850ff2ccb44ab7da84a,28035,campos dos goytacazes,RJ
38f1fb4bd44289ca591479b76905cdbf,628bdd93abd27fbdd50f4e2e91ec64b3,04616,sao paulo,SP
f3639d5ac79b87a62d0e0829e46928c4,a62e2e770d7cbb665e0620b17dea2d5f,08130,sao paulo,SP
c3ff12f28cbe59029c7100a1f9d5ae44,197c87c406ba8debb39112609412f394,13280,vinhedo,SP
98cf5a598b51e6d8e0e169bb54bc807e,12d5abe8e60cbc8c330cd36fcda842c6,63112,crato,CE
bbd0d7058c24fb7d36bf6885d5b15866,c4ae63b474a0d6214f3cc88e746250c1,86081,londrina,PR
244e706e4ff8000e2d8a329b770d338e,9ca7ce6445e5e9beadca410875d2bd17,78563,tabapora,MT
c30a6a79a913a05c611e56edc0b4fd37,5c891bd40803144d07db69bfb69e91b8,96545,novo cabrais,RS
b1737c34c3a1db8806af041483301a7c,5a85f706b2059c3cd55287e105d8d5ea,37580,monte siao,MG
b1ac696f4c189722e28f5fde229eacc5,780344d838da47df96160e0d99bfccdd,13252,itatiba,SP
67eb6db86fe08a741a5b671247b01d45,56e80e4b4a777631c5399e3fd0d6ee85,21321,rio de janeiro,RJ
92aea0fdf748979ef3e99a3a328abf59,3a3ab7d805010ef6a94e89de7adbfe1a,88160,biguacu,SC
bc0dea402af6cd7df719ce27f6783303,ef836ad13be593518a94bf148e32c713,20270,rio de janeiro,RJ
0e708437e125673358d0d0143b692131,b893bc8aa2ad7f9b249f77eaf590d9a3,60813,fortaleza,CE
1bf87f7da7bffcc76319558c3f1a2105,7ce7c20ac269f4642f1c7058ab375102,86730,astorga,PR
5debccf4a73e7443ca65bdc18b606e86,7f6f8ddf2b64ab5ace690797e89875eb,12403,pindamonhangaba,SP
76bdb58cf8cc2210c81ad6d464e99178,694b16af41d146dc2b70c668a80dc16a,03655,sao paulo,SP
e13a5ed086aacc9b2b7466c78645b468,6e4df650faf2c070fc5cbc95efd6c01a,09360,maua,SP
474b0c4f14f206fa257fefdcb4110013,8f472f1f1d8803147881dc45be3263a6,21331,rio de janeiro,RJ
d1699859c5766fd262eae5bc34be213c,c7f3737fc165ab16cab0b562190cfa19,89896,itapiranga,SC
1ced4937382c20943b262c23a2348dc9,c5fadbf2139a45a404f1ecbf1e61dca6,20520,rio de janeiro,RJ
a3d57d4306ed734110dfd814aec1e5e6,fd863672a78a7a70b8bae63ccbf0a6b3,24230,niteroi,RJ
36dcd1ca06a31b26bf8f9f56576412cb,8cf72caf3118c0df0739023fa27f50c2,38071,uberaba,MG
a9f2b77340d17022d89356ef597b2f3a,11f2b98ce9ffae7d52c8dc672427f819,35790,curvelo,MG
3b0841e521dffa992a8ef9e4e00b2c9e,caca4ee1e654062eeef97972b8e24807,95590,tramandai,RS
ac9e6e9eb60ce06ba93a4c311618f7f5,27c850d0f82040e3d590dbaa6c8fe2a8,88802,criciuma,SC
96005b4abb11afe06d571867a50c9816,4f1e3e1a45fcea5f9aca5f8d6428b144,72215,brasilia,DF
5b568ab7c02d7f4a30b1441d020feac3,9e344c9aa3405d4ff2e04cafb9d104aa,06414,barueri,SP
8f1b2512b7fa877db77f4bb3fcbc5c1d,c35101ebb38317f41ffd9936ceaf8e09,09853,sao bernardo do campo,SP
b1f3cd39358d18f19a2893ad3c3bcf1f,aeacbc4d74a9cea3ea00c3615c105385,36506,uba,MG
866d24c7e22324caf53cc6b90d5789ef,74b0fa7a092279312fa71b1d587e48d6,18300,capao bonito,SP
a611f7383e36129c6c7126899126d0a5,7b402e1967fdd86d72fce36f53f6be7f,32600,betim,MG
0977e0b93fd518fc88b277900af29e65,5457ae2c352c18e3bf5cba68301d96a8,14820,americo brasiliense,SP
70a6c2f433d5e8ea6e042c06e0589a5c,d7c529d4135803d474f7704f9b93a5f8,82900,curitiba,PR
a0227ec32ff282dc027d2afd5982ba5a,952c5cea601c077ed3c16fd51c7ab7e6,35500,divinopolis,MG
a3d1f8a6e8d708098fe416a1d62789e8,b147e4f46166c93d165cca67341072ed,13504,rio claro,SP
3f443551fca1f7c1820002a3a06496ec,e04770f94f452d1cdd8d84c048af4860,04148,sao paulo,SP
5bac308542721d5c4ebe0b35b6e3690e,449cc3016e1ca9323f603b9347f381af,83005,sao jose dos pinhais,PR
0ce39cdccf4001adee4ffacaeab5a0b7,75d884bcca2e43a850f7abff664a9ebf,21530,rio de janeiro,RJ
7870ab8f62d9d80cc37ff5482d6cb2b4,9427a0c3c82e8ba5ab2f027d5ed85282,35162,ipatinga,MG
f9796700c0a1d4455471776293bbbc09,86746b3b1b8b21f33b2e67c362e37cb5,44720,miguel calmon,BA
e43a8c4a2cacc15e45d6a73beb2ee7e8,3e2662d873c55f390786c29319aaaeac,12952,atibaia,SP
732fd821e30b8a31ff30c0650239eb99,1d41d4877b1d13802db2a5cc6a7f4e64,21630,rio de janeiro,RJ
bb2fe4792c031d30447e25a2f70bbdd8,d0ca0850700932098a90d5f7c87ededb,13054,campinas,SP
f844205b357197a0a7a2f6937527d33b,3c5cc98c5d66e9df468a1149cea5db2f,13870,sao joao da boa vista,SP
20604bcc9703b6f0c4101a04e249ebd5,561d12b11588768ed517a0357a98c42e,08010,sao paulo,SP
97966ccb9ebeb90699f50c21714848e0,d1a64294000082843a91270d5a5d571a,13087,campinas,SP
579ed4a95300987c002fd54c1c543311,14ed310b039fc75cdcb619123d06d5bb,30530,belo horizonte,MG
1f31410fe9060920ac77faf5ad2e3632,cf9125de408c0b29f2bea0d39a9d1c77,02845,sao paulo,SP
ddf1bb1abaa86fab121917640f8c04e1,de0da602258d4d3b1441f62ec4e7dfc3,05409,sao paulo,SP
7bc4316012cadd7bd72e39fa69b5cc07,3ef69967280e6029940e7f353d3eec6b,45263,bom jesus da serra,BA
7cc4123da344ba5ca2fa23c0f7903fce,a6b38dcfe711532c6f588ca185770b2d,05417,sao paulo,SP
21558b7b6743818a6667a0bae27ad407,7f84cd18af38cea35e6427fd044e0931,02022,sao paulo,SP
2e96fa6d55b9732013caed9866e2552d,22757c044f096bef19c36c5d6ffc51d5,01308,sao paulo,SP
401b951379e445bd4add4e01812038c2,5af852e24871220c7697287373000c81,04717,sao paulo,SP
8c55c34b514bc8c604b3552a140b5f13,d2b0c9581af07a440250e8343cc95409,57500,santana do ipanema,AL
47072cf880ed71431fb220f937f63d5b,4bb176788486ddcb78b776113c086b36,27935,macae,RJ
c56940eec5b36f84fda82f05aa520e7f,100ace3aadd7c742b20e501ce93e5c84,06542,santana de parnaiba,SP
d7d395c0faef4d563b081f146512a0b2,0b046317996aebdb7c05c8748a56c97c,41720,salvador,BA
412ccfcbac9738eaa7df3fe0210d9e3b,2fc31f83b2f82832ba213e1d67e7f271,02223,sao paulo,SP
0cba5ae69e1d511fdf214aa4ab92740b,90dc9cb47f1e585ff87ba74dbbc82e8f,32671,betim,MG
e8d796c25778bdcfe7e82a408b7d50da,9328041b31be172969af6b4ad2289bd7,13024,campinas,SP
c322bb3d55b2c6c71f93c9c93c07e8e0,c175970ef51f49df0fac8782ffccc2fc,06634,jandira,SP
9b7f1cfafd9c7e59d94be3f1a9b02814,1df15fd7f97823fb37e2f04913d91343,18271,tatui,SP
53225ce513466acef19da0494fa7a7c6,a34a264de3621c224347b4ade9155c5d,35502,divinopolis,MG
e350009a3f9ed178e32bbc36e989b431,b487cbba285da81fdf182c562bf8c1b4,41321,salvador,BA
4ea820653bf7274276f572b286e50726,7917d21aa2aea63b89c7d6f23f29f382,20720,rio de janeiro,RJ
84d873e3af10030dbdf741e8dac59fd5,91e659a7a68e60e21ecd112af276e2fc,05706,sao paulo,SP
32ebbfb86919756caf044b0ccca5e316,d8045e16f9b65af3d9051d4c84a69ed4,12225,sao jose dos campos,SP
e69ebee136e7b65b641c6839b5f5e743,5f660d28c5f9ec920baf48bbed955b2d,13178,sumare,SP
5117c4b5e5b786a6f513005ee3bd9f18,b96336694477939c9d102438f0c7c9d7,72135,brasilia,DF
2c951b08affead243b4c87bf6a273d79,a66ed4dcf8e91dfead11ddd7f7bf517a,13142,paulinia,SP
d206278798571fd6765608ead0dcd8db,699ffe78ec96a60f0fa84dfe14e9880b,05372,sao paulo,SP
f11a8d3613ace1bbf5de8d7e4da13a65,e82809954bfdcdf2316f73dd9ffdcbac,26900,miguel pereira,RJ
fd8c1c13c5a8e810e542362ffe896cb0,4177106411d91f66e786890b5e745511,05056,sao paulo,SP
59e134fe4b52bcaac2a9c6458d37ab1c,b7fa5efbcbc99a15031f7c3b20e3a246,45600,itabuna,BA
d91269dd81b9bce4f785fb94e5189872,a2694c5df9183031534e4dbdd7411377,07942,francisco morato,SP
14b614cf1dd2da6594c658a69fbbeb54,7f1a50bd72da35adfd13f3c367cc2eca,60532,fortaleza,CE
1ea8e45ffebf367b2f046c8b3c8ff230,bc5b38c4913692426b92b0d40a6ddc1f,01030,sao paulo,SP
9849e664a01a9e99e07fb42f32a2fccf,b79dd50053e999b7f483671a3dee4a4d,05728,sao paulo,SP
b75d72658f51cfc274b14adf1446590a,8cd892a381c7d2f5532e23b83e509399,08693,suzano,SP
c9cfc1234b16803061a24d2ed1bbcade,5ab0302ed9544817776a78a8fffb46bb,04154,sao paulo,SP
f52778cec7c76551b704ecfd145d8ac5,233c7ee09b2ec22bdbed97d1fa7652c2,21361,rio de janeiro,RJ
571a23f3549e26b246809b4938612eab,c0acc4f05de3b446d590a939161db5f2,09890,sao bernardo do campo,SP
26c5ed84816686663128adfb3472a340,b1cf093d4733621933034b69fb155947,13056,campinas,SP
0b0290e3b438fc7f16a9b256a7409bfa,26e940a41ad1fde3d911641c02cbe07f,28360,bom jesus do itabapoana,RJ
4a0f043ab94c7e6b5abda776c02ee946,9633dc1f4531b2c9a9308b5e1083d649,90420,porto alegre,RS
451ac26d4d2da6b319318c13aac25937,3deefd795808c47f79519d9461a5cbe4,18700,avare,SP
006d300ffcb82917c9866dd5a507dbe6,2ed2d94955614ec3262ce7575ef997f9,01552,sao paulo,SP
9264159ca3b86f4cddd5a06929727ca1,3404d049e9727fc40360b909c0a2da1b,24230,niteroi,RJ
4529772b580b0249d5cdd57099d9d000,a6408b4025cdea6e80ebbc09aeb59dde,75130,anapolis,GO
447e1d91885790660c82309c87fd2422,2cd86dbe4ab909dc6c4525da850e4ccc,88117,sao jose,SC
03de10b74e57b7aa7c13361497c5c51a,0a4d6a36550c3e446052d9e974c47af9,37410,tres coracoes,MG
fc9338669f6991ca326f7b892001d021,5bb5edf01046c63819d4152671dbbe41,35198,ipaba,MG
84c391f6583d7b5bd71ead8b85f36d31,564b4b783f120f23b3a67f4004524b45,96010,pelotas,RS
e2f8991948307e6172c3c55e7d986d9c,6b53299bab38efddcd8c561e277c6778,58028,joao pessoa,PB
207ea2278fc568e2ca9d6e384797a514,e495f8ba537e581982cae6441dc26871,23520,rio de janeiro,RJ
50ca20518ce814665c93ce9b39832c3b,02eae69eeced34b78dfe3850b62e692a,87205,cianorte,PR
1f09c5f1dca56a5017be0bf4642d6c5a,cc2fdb384d6a6e40a1de9427aa4a3a6f,86460,abatia,PR
a4fb7ce5087d905e34e3b4bc216b6148,46984e983f6a40f939ebd0ee1ddca314,52061,recife,PE
288544a7acdc67a0118c3bce401c1494,378e91b66e2b6772c44b18b507013bda,14784,barretos,SP
7b63a8b875b1f72f1a796fca5dc7be1b,e5737b1b77380ba421a8af3f6288dce4,13054,campinas,SP
4f8260c7e20264779c7be6a507d28a87,f9af91ee87f5716f8d3dbc21fcfc33b1,98910,tres de maio,RS
90a0c453124d8012f583f1bdbd77576f,68215d6b5740453cc6029d69bd017f68,12515,guaratingueta,SP
fa2ecb119951fe7045f5608dc046ee0f,ece2d1f9123aa4fc92447860d1955ff6,37600,cambui,MG
ec26ff9b46af83d9c60691c89bf24895,60e6fe581610db699ac03fec61f4d53f,30130,belo horizonte,MG
e04d54b5ba132b01e15cf50ccde581a6,60fa2abe7171194126ecb847281cb81e,85010,guarapuava,PR
f7d7a109457a1d2a80a681cf379a015c,e9e3c9df3c49f7f22acf7dcad829e13e,28540,cordeiro,RJ
b3f11282669b6cbde664be531d06a46f,6c8dc01cb0a463acab7cb860c167c78a,11431,guaruja,SP
5569bcb7a89df3b049ddcbdd4d4b8542,08564688c8bc59a88d97ad3bdce2e250,23970,parati,RJ
2ae858711010fa5c644f51532b9d4fb4,7742974ce924a067fcc58c59fc94e58c,09110,santo andre,SP
91f82b10ee276b5877b6bed27525b58d,e3afe4f1c43ac818682f1d6ede6b7776,62600,itapaje,CE
511565b2987c19e165331306886f10f8,da76149820a35f0ef7ab70037d9dc9c9,03922,sao paulo,SP
2b60fa486873939bde1170b15b8ac6ac,5192c897072033288df55bd01b0e5737,36026,juiz de fora,MG
1cb3b337875d7beaec095a3d988fd216,4a338466140e0d0a7bd02da80d904f0f,24141,niteroi,RJ
f1ae790334c90d9bbec5fa1861e1f9d5,bb8e3ce30f15dd4cc886c0a1952090ff,66017,belem,PA
c75e4def2f3ec80fc03a535c4f9b37a2,07d3ac0b8a40ad4382c576f69f81fc75,13272,valinhos,SP
dcc0ef7e6533ad77e9f1e7b9f5e7de5c,27e7aac454dc2486aa6041521f285a8a,95185,carlos barbosa,RS
a165af70cc13470e311ddcd4fd33c070,b0cb607b772765ed88f608408705833e,89980,campo ere,SC
25135fbe738fe3ce62142b08c20a5208,5c83e79c9e8b5231870982784e40a41b,23570,rio de janeiro,RJ
6130b51fcec3b20306df2145393397a2,2fdc18a80ec13de305a40c8f59b1d791,75064,anapolis,GO
8059726e1bee32796e83bf37aa97ee5d,17a75be2576209fee49b587f9cc8c626,13506,rio claro,SP
345243f3e37e32114d9cf17eb7a11c29,8f7036a46f0fba0b1caea70c6ca36203,03254,sao paulo,SP
c7f38a25ab50a30f2fe0e9859b92d474,568eaa9cb9e6f86c86437263c0d5ed4a,09853,sao bernardo do campo,SP
00e6cc9509687bc594c4cbe302bd2115,af575381e1a9712ced599c185ac3efb7,90470,porto alegre,RS
971c855da055149bf4a129ed983de936,b436145f8417067b8a9c8803f92589e6,09792,sao bernardo do campo,SP
46802b380d9091dddd4deb291bfc66e0,b9ebf48de73507069861a04b7bb61cfd,03325,sao paulo,SP
f8acc8de4fad06eb697f8f46bde183aa,f21b165d1f860abc928672b05cd46c91,26535,nilopolis,RJ
ed9906094c482db4ff0708204f6165bd,b286ef114fcc3e79e16ef53e6e33f7d2,68537,canaa dos carajas,PA
2fed9017cfbf84c0b29f857db50bbf99,a24fb66af0f413a2f8a0040cd1d14ef0,03759,sao paulo,SP
79cfb6b5779aa070da07c2e5cafb7bee,ddab48f8db8e904bfdf150aad88ab731,55299,garanhuns,PE
f98590a2e2162bea2b5b9e79de67c289,e527289858f4b248b6800ea378028a03,22763,rio de janeiro,RJ
604a2de1a28b64bbe0a9ebcc44681213,7df74e3e408f487202dc06813dde83f1,45700,itapetinga,BA
3c932993d41c2ba7c0d1027658a2fc6b,b27bf89f74c911c805548615889c28f3,98125,fortaleza dos valos,RS
4654d165d5c3a8e7c52566a5ec9f8994,5867d607f21d034a52fc575882dcaa2e,55606,vitoria de santo antao,PE
4e8cad1ddf8145e68b56b4fc79b61637,524efd82e1a2d4a85f0c87e3c5afe56a,13145,paulinia,SP
6398f0e8f4fbd829075e82fab0b58345,052341d8ac30e9cc98f1742b177639b0,04118,sao paulo,SP
28d38e114a66a3cd24072409fae3e9c1,ed26a7280fc9e5bb8c7619d9147ec6f0,01224,sao paulo,SP
4943c6655224636d4a8c5de030ce6aa5,8d1ee5ccc5cf848f54400ddfd217285c,36680,sao joao nepomuceno,MG
b2091c657df9c1f4566e2e1c2656a13a,952bdd2866ddfc528203799b6b7a24e1,20735,rio de janeiro,RJ
80f2d28c54c8a5611e5109bcbbd63490,f13008d4763602576f19982d96aaf0b1,08080,sao paulo,SP
e105da24b204e15cbba1a45b382ec131,6895f5f49004b16f399f28742aa26d80,07020,guarulhos,SP
d0e9af3f0e38afd1371f0066fb9857f9,278c74f960feeb2f4743d48a70f9bdf8,23036,rio de janeiro,RJ
f2620c7f70e8cf8c8c53de4ad4a80ff1,49fda5633989ae0e429cc3078998ac51,13240,jarinu,SP
f8796d13691eedf993154321a5798732,0ca871bfcec4f2ec8211b5550a4ac892,41760,salvador,BA
d6677eb4e4b2fcd67cdd5bd3d69934ba,a5f7e1d613e4dbf7ee1c99d4a0982c41,35700,sete lagoas,MG
17ace424038c433ea0cbcb88de1eaeb9,ecb7c122cb9faf3c3441d9ce1b5dd2eb,88301,itajai,SC
79a44abc3163fc1830f6afd0dc9acfc7,da6431c5b14f192799af5fc3fde36257,07074,guarulhos,SP
eb20fef7768b67afc7386c89b07fc19b,45a6800ade995b76321b59e7b6bb290b,08247,sao paulo,SP
e1979cea70a08572ee93f5a366d9efb9,b862db0fb7519413453f5e657a3376ec,89012,blumenau,SC
fe543dcaf0106197870ae1c21d36076e,ebd29227edeb5b2661cc8dbeeaeacf60,13214,jundiai,SP
c4057ab5b47878bfc57f04346a8f2dae,be74f6ac514261775c3c6dd51b0a1e1a,65130,paco do lumiar,MA
8a86b00cbfc4091cc8b0b1fd597b9a53,fcee584a163c5f5db84b01f93d27c038,35700,sete lagoas,MG
f6db95631c0bad789edde606121bca76,92c50a9a268f9f35ac5e97abf0de997c,40710,salvador,BA
a7a2f43c562c74d555c0bf1e19fcca4b,6902d5f3571a15034658e3b84fd15b0a,90810,porto alegre,RS
dc6cee232e64102de1ae63fff7c38871,31c2518bb0a8ce514321a9279deeca39,13561,sao carlos,SP
572791c601e0c0a2331c6a900425d3f1,446480ca430fd34b345ae78cb641b30b,07132,guarulhos,SP
6680ee2ede756c3fa20357158525bc98,e238fba997eec80e48bf8d8689877d89,09750,sao bernardo do campo,SP
70f95a47532d0a1ffd3b15302f61a1bf,34b6869483f9c2ebecee59d3be7f6416,38401,uberlandia,MG
610f269aad3886c64ef236594d6155b3,ead41c944830a7027216fcf8e95043a8,39885,crisolita,MG
b6f05b99667a02c3722610a7bb6b4062,d3940a0df7ce0786ee2c5a68f8149f91,18570,conchas,SP
020bc050aac2baa5e0d1b4ad091ef35a,95320623262e139f44350f1610a7b77c,98804,santo angelo,RS
f0cf419b35306c7d6ba2fd5109fcfe50,80d3d756a43ce080fba1c42f17f20430,09070,santo andre,SP
5869082f723b837ea4c7b64542d4c287,a8621346428ee8c7650461c5c5beaad6,36500,uba,MG
ee2df44c9c465039e4d893c20edc1151,0c04ee5a93bccd434671ba9df34fcbc3,11030,santos,SP
7859881299efaa8a5fe772a7c1d7b215,d948e8bdd06e8774ed77c2114de68e6f,20941,rio de janeiro,RJ
9ed5e522dd9dd85b4af4a077526d8117,fda4476abb6307ab3c415b7e6d026526,11702,praia grande,SP
09d2b0f3a7f77a37f535a89bcb22bd31,eb054fffbd558229641ca64537ad1f7d,48608,paulo afonso,BA
85691bd7ec5c294433df4e88b54bc4f9,4b31185c558421e53cd21a8ac10cefb5,89500,cacador,SC
f99bd4afbf8edf456e0c9c6a59cd9dfc,4afd3fe608c035a0539c2974567e3bf6,41745,salvador,BA
52efe753f546446eb1a37bb701656442,346d36ab9457852dc5a4ca06a38130ee,33172,santa luzia,MG
8b7ab6f3bd953bf7839099fffdbfb086,ffecceca389973ef16660d58696f281e,15385,ilha solteira,SP
67293e4e7a70200b4c6cea94ca955442,76d6c7ba0dd378d0481c5d066fc86d23,01310,sao paulo,SP
618174cd887c0ff38799803a8a885f04,389ea06cf3143f5644bce1a2492d9de8,81820,curitiba,PR
9d9e0a32046baab34af9079307a57062,9f209af49a8a6e3383f55c0eda2e705b,18072,sorocaba,SP
9a862d529004b7051c686f79baba08fd,099d8e01dfb37c541cd65b12ee03ff10,04265,sao paulo,SP
1c2042fcc1e820e5b082360eb63e50a5,34232a766d15551c5965e631f29e30cc,17047,bauru,SP
f861df6a9d89749b16e001dcc96f3011,0c543525744d6929abf36c89a8fded26,13023,campinas,SP
1f33d0198032f3cb27bfe03e09064bdf,8a08977c898feecd2e101c2a27890ae9,27933,macae,RJ
86efd204a817f3ed802849995f2f7b26,5385a3027dbd52112b5dd319329684b7,09341,maua,SP
2a55b31985ca766806f4be2033977429,1509ca895a67a6d4b614aa907785e02d,39400,montes claros,MG
63acf2ff67f7e843a45a2201eb7bd925,ef5b6bd043a757cd031b4f43d499a353,29182,serra,ES
c65121f92dcf3a7d5a7b612ea1756bdc,ab451b486278ea9f8e30f3eff137ebd4,13052,campinas,SP
f1b2c0104dbd388db6988523bfc1187c,55886b0da0e1a4c9e753f3250419c0fa,41770,salvador,BA
7681b6f030e2fd99e790f9778da57c12,645c064b2cf41286c90e403b61eba047,13207,jundiai,SP
6d3df1ec250077e1044d6aa6ce83abe2,3fee181a16778a8dec8eaf2470c6cd3f,13170,sumare,SP
c0cfd65a6d4bd318ef871d81a9f387e2,e939c7f5cc79fbbf0212a485c6ae0fd0,04783,sao paulo,SP
b21abdbd6175139c4e9b66ee64f9c87a,2ef4b953c1f651288a3373f143d478a7,18540,porto feliz,SP
df0cfe25bfb9db0e491a9791fafe70ec,316e64f500c9c546f11bdb5d22bfc7b8,25267,duque de caxias,RJ
9a667cf2c1f4d414eb5f05d55c22318f,421e215a5b132d4d1ea0372741aeca73,90450,porto alegre,RS
59f1d52390a00b2dd217bc83dea3aac0,3b66db0062b53e0d86ba958b88cf5432,08720,mogi das cruzes,SP
6ca87302fa8a0163488bce8e49f9996c,ab744045d2445f5bae53b57a4b99bfbf,09240,santo andre,SP
0036875772a8eeb391b8cd7226283fdd,a73c5464692d3bc09d64e3edefae9015,09270,santo andre,SP
9dd11f3718d972116eec267c2c2e317f,8f2fa110f45a5b5592f1593842b7e87d,05334,sao paulo,SP
a6d1f7d3fee8f81223a0baf690ce7557,5788039949fe58b4028aa9b4fb850deb,06341,carapicuiba,SP
01a353696002ba824955de7bfac767b3,35203809e988e444407e13fcc4789970,14820,americo brasiliense,SP
25cccd60b48558d02884cfe4ca56cc70,481060b29de0e9b3d7f4b2991cfb0767,14600,sao joaquim da barra,SP
faf87906fb8802a80785bb04380c7608,46c39f459f31460d361db4ccc6d6fa52,83706,araucaria,PR
59803495009fd20d25c7a207b6a6fb81,e7448e1e1479af466988b0b5a3f7f565,08265,sao paulo,SP
92cec1d7f2e6c75ec8f274aa1f8757cc,8cc9a3c4003f895f23a0d60b729b1dda,38400,uberlandia,MG
20c55ae838d61c4c013d1a10c50e7d80,55b6b7748226fd730c7ac5dacdcc4c17,90245,porto alegre,RS
a2df3f2abba350e6bbe53f43eafb781b,8df90f3c2baf58eb80e804c7567e467f,09750,sao bernardo do campo,SP
4de9ad1196d093560d7f48d6b0a43b38,c46fa8c9c75c044631a113f4d5a10528,13480,limeira,SP
6da05f4c39571b239acb72979c20bd71,22d59fb14a6f83c307282e983523cbb4,36212,barroso,MG
e00d37f1223d181e8f32f6f4f6f96c56,be9598af30d41b2cf3cf9a24733bbc21,41920,salvador,BA
795c7957e005b7c433e0406269b6aa59,95c4e4225c9477513b08afb77801543e,38010,uberaba,MG
bb0c8fe6fc83eae94e358e1b9d9e6caa,ba31ea04a575dfe13ef189d5dc797a5f,14870,jaboticabal,SP
53ccb31f1af2d83726c2943b32357f17,52e6877c9c3053d30e44ae424ee6fd6d,76906,ji-parana,RO
3887ca56ecb04770a526eeb6898db6b9,0d30dfd90fc97a48ab2cd0b21b413950,23092,rio de janeiro,RJ
efb3830adb68fb8a89c948774388ec28,577edb526f98771b20d6db4a51d79423,22775,rio de janeiro,RJ
bc225b031d110d0b09ed6f25762f2e83,63b7f76bcd7937a717b189222c61160f,84150,sao joao do triunfo,PR
7bffb6d111f174bd77cb1a8e8d737812,39f9680fb5fdcb1c5a806b9a2acb8171,78035,cuiaba,MT
1f22b24610582cb3c91d898e137f9ee3,4ab8a5648f2476603ab06f5b42f457de,05757,sao paulo,SP
5515717c0683f26b2346f1695676c2c4,3f445b94fd2f670e67dfbc30370340ad,75843,portelandia,GO
85a9defbcbb5d1fd61c959e35d48fe5c,7c8743466f3c68bfd4420683f411b100,11940,jacupiranga,SP
714e373b4d8a9a18a7f5fdb022bafae6,296318aec364cb8bf2427a7e54d9f5c3,07072,guarulhos,SP
d5c4b58a55c169788888d911886912ac,bc644a9f7c63f64ed38dd63229571e8c,22775,rio de janeiro,RJ
7f67b155a0f106bbc33e66c52f71db79,e346de22de3a3a81901af50d6a4d0677,25850,paraiba do sul,RJ
9b2edc09b7b984bc7166ca79d4b7b864,873f9e009227a7ee6deec94a05e82553,03821,sao paulo,SP
7c1cc4e0ecca23fe35bd3d79a02f8abe,83048e04387482dd32e70974b6f656b5,09790,sao bernardo do campo,SP
b157c66d52ff134b00bdc84727922d69,b7855cf80639e10495a65b5ecae8a14d,09310,maua,SP
968b4bf6385fe1f935ec48185a1f6a22,bc1f556775d3a257626c8c7203e26366,05414,sao paulo,SP
afa1967d760c4b6249baf048e3874532,9af2c271654a36a48beefe342ba6208a,94945,cachoeirinha,RS
a676968396ccfe1318e256c946c7b38f,6747f33f8d299d4c360c6ead53bc3e71,09130,santo andre,SP
6c83be548d91172d26144f4b00363c47,b0656bc27385ee7583fb87bbfbf9416d,04583,sao paulo,SP
ab6de5519f65c4dd2757858039d7748d,317f563ca3576550955f39a346b15be5,13063,campinas,SP
15e4fb3182251c06c80f9cdc5014df1e,329f6934cef4a1578be2244e9e7a32f8,13567,sao carlos,SP
2de12f428569afe73e5e6b1b4e2f8179,6189b291a65a3209d34b330f8f0e8373,65760,presidente dutra,MA
415aaffb1107d25fa9ef86ae696613df,4237e178b99a74f1dce89bd80ff9543b,31840,belo horizonte,MG
b633be7f9ec1d5e7c5dbcbf2c5f15354,a0b099f128666af7277ed32b3c4e5ba5,65765,dom pedro,MA
1d2b981cedb5a187a9eb0c2ecbf0df2a,e6765cc5f48f2c03a00dff340ea1dd93,20950,rio de janeiro,RJ
b76fff9cefb1ae3c0bd44fbffd31957e,febec0d5d190519a8ec0e4beaa9172bd,14025,ribeirao preto,SP
26f9fd598531fc99fba0352f45cbbda4,21c8aa0cb27943cbf33d75985e28da67,21321,rio de janeiro,RJ
4ab4db2f93c68d5914dc5eb566dc486c,5bc738a48bdb9ca1f798d56de2cce84c,13035,campinas,SP
80825fac1b288cd8a58c4ae40c66a821,71f26c982384a2828905080ed90b2993,25055,duque de caxias,RJ
87b0f958aaaec28178234d90c137cd53,8469403ecbfa46d864fbd42b7f5df17c,05528,sao paulo,SP
95d79a8ccca128b750566cb18e316ad1,9813d3c026474649f44a7c540d267070,88132,palhoca,SC
fa10097e0f3f7df15ee8238d696d157e,dcb9b14eb8c7d7de3c0a9041ed0717f8,22621,rio de janeiro,RJ
4acb0997ad21d8f66d203e0d3c566993,b9c32b88ab548fa864d5652262430475,05423,sao paulo,SP
cff157deadf46de66ac1eb7ead76deb0,56437a026e07b2b2271b8742aee81fb9,13340,indaiatuba,SP
93a299e3ecaf475ec2425edc903203df,c63865aca3d7bec634208927975a5301,70744,brasilia,DF
596ab046937142ab8dc0fb942538d9e4,023a5f2429a60d00c9c26887b95c6c80,09361,maua,SP
c2719bf8e555adcf1fa503708bea998c,e1708ec558c8c1d8bd5e24d022cd13ce,05705,sao paulo,SP
c4d5a7f1bfb1a15e89c93a2374e2a314,5b5ce79e2d8f0ab28fbcaa8046087b48,05665,sao paulo,SP
08345c45f60f7377380fceade8679400,ec4dd12f389b27bb8a3705e530700ceb,55125,toritama,PE
c450d2558dd77bc0cd8b290f5af4f5fa,60de4491ffb20042d1970c993b5b3726,12289,cacapava,SP
b01ef4421b00f84fed4e522f7774bc00,a73c5464692d3bc09d64e3edefae9015,09270,santo andre,SP
50202490acea34225b1af5cdd25f4326,3be6f224efc657da0b17bf5d287c20eb,12214,sao jose dos campos,SP
bd845f13db0ebdbb3dbd88dbbe69848a,e5a4f6d7cc11cfd5f32e6e5adde8d127,13419,piracicaba,SP
1ff5c5d5829ba8256f375f90998d2dd9,d021cc390cab07031c0750a0f1509c46,30668,belo horizonte,MG
b24e76ff960c3a5cf88ce8852d6e9fe8,875e9bc9dba22c41f1931a2d55201ec1,02420,sao paulo,SP
2d8748fb35d51c2fd273ee67fff78b7a,a3d335d8dd759126b58367c6053bb20a,80010,curitiba,PR
e75f17743ce11c2145ca3f188b8acf0a,e89cbac27107d19916fbcd7ce9c9ac25,04830,sao paulo,SP
bc0c0aa08ab385899161812b5afe630c,b1d9f81b023fd5b77dd2c7ba691ad2ef,05592,sao paulo,SP
6a92d9b18a6811e74eef28f1042fff82,976e9c3a12631871a0f102cfa256dd75,29175,serra,ES
426a159c2964c5676eb36f71d8310041,9a635da741ab41ee284b76ae8cde7a02,05815,sao paulo,SP
199ead1f7765436813bea595273e98f9,67c573c5421c4980f01fdc8bbcd59ed5,13174,sumare,SP
4d746d8722cb2f5a747240f9be720be3,3a9cf971c83269e00c1a5373561e14cc,87060,maringa,PR
23b40690dff585bfde5cb80fdc6b8161,af83054011fddb21b9f1d4de5d5c6d83,81750,curitiba,PR
ffbda9243760f2492df6e71c590e070a,ccbc9ad1e581dceecfb8638696ef5475,08250,sao paulo,SP
da435b6ace9cf6de3283647e2c33518e,0ffaf9815063de8cbfb670bb38c4c978,01316,sao paulo,SP
0d0e02f035f84b429d470d83437aad47,6b5dd2033f26d4c109f3ba9128b6f7c7,04622,sao paulo,SP
7df9914b5cd074d81dcb343a7107765b,eb51871bb18a99294b2130d3976cc706,14401,franca,SP
a5770b59e70395832ca615250e66bda8,28dd394066eaba29434fa1ed25d4a459,06543,santana de parnaiba,SP
2e9e329d24a9a089ba5b571826fccb12,f9aea5d6857f3b27745ae32b327e714d,59980,jose da penha,RN
ee44d2be8e1662dc62aeadc5cc6b0965,5a343a06c98ea19d963edfc4a0126e76,82840,curitiba,PR
49a68cbaafb9101d1b168de68aaeeeeb,b9236594bd1e7a7203767b53209b38b8,86010,londrina,PR
76827597c27d661660fd432bd51d9f2c,8524ee11b088629f32d03cddc64added,38740,patrocinio,MG
4037ca7516bc3ef58110885dc2cc0612,376efc6a322593d95c8801e51e72b44a,96065,pelotas,RS
788144ab1cae2ab28794815b0b101ee4,630184b616479279555cdd7dd83a3fe1,20080,rio de janeiro,RJ
afb5732a3293a4a7b3083314a9d1ac5b,24a67fa6d05d41fd74f03de873fc3ce1,54430,jaboatao dos guararapes,PE
ac7fdccf1cc317b11daa5bca630c91f4,926e3ac6b8dece3ece38d28f18d15bfd,05415,sao paulo,SP
e3a3fce886936b263838d1f984dad2d2,25c50886903a247565974ff09a49bfa1,20785,rio de janeiro,RJ
895ebf13f70811385a4922e54c182404,006c10bfead12ac8d90486fb4ce4e603,09710,sao bernardo do campo,SP
15c523e088107f017c3b74f5874a0f43,8177a205834047ab1d259c3e783b8402,29126,vila velha,ES
0d04d26561b023e838cb99c83a55bfbf,436a7fff6e4b7147399c1441a10496de,22220,rio de janeiro,RJ
2c2a91fc56f4732272b4e94f61fb250b,f473ec6900b2a625150a6849506cd3ed,95700,bento goncalves,RS
b93a09d7bed0875933bab5ae8f928e89,9e3b14f1565f39f2b963e041f3fef97a,13345,indaiatuba,SP
a23bb087dccfe3c78336749a1818a423,d34ae8a2849ec90990b577eca5444522,57052,maceio,AL
4ffff1067fc518fcf4d439bec4ebbae1,2cd86e8f1c726a848fa120e93b7d4b23,87306,campo mourao,PR
3df3fcf0aee44c306ffc6e98b8643e3f,c350801363d38ed9f5e24285c188d922,21330,rio de janeiro,RJ
a9815cf96d3f5d66843244290d03488a,ea92d6a7fb13cf8c2d2849639fa3df1c,24210,niteroi,RJ
b99610bbe48a03cb9cb9af9898a4cf56,2c54867b1802c706bd80dc8bd3717ed6,39840,frei gaspar,MG
9a1f5555eaee7cc9a44ee79edca16b5a,ff5e9c0b950437f2955508e9dab8e98c,70834,brasilia,DF
1a55eb1f27ee730a8fb638821c22a4c9,ca456b58534be99055e50781fe92b780,15085,sao jose do rio preto,SP
c453f2f11d99b58f83619407921ab6aa,7f66a06dd5860559981aac732dbf9066,11440,guaruja,SP
0454038eb49c9d4f0fbe5f2c7896980b,a17d31fc1cb76c6249430b960a117928,14790,guaira,SP
cc099984022170d3d95fbdaf568e7637,388d4116976d6a8a99dd31e6b027ec16,83260,matinhos,PR
4d45f5b1f311c511f6410974f00b7e23,3d4fff41b533bad211da66780ffc08c8,02918,sao paulo,SP
693b3b377e3e7a9475f585d765329230,c52b27dfe7bd1e471a3cd013ebc3aceb,65073,sao luis,MA
b10f39e5294484ce6a4982575ef56570,ebdcff38570e8f463f6d0d6d48f0c3ef,20051,rio de janeiro,RJ
663422ed729b1aa171b0b5d740827771,a6451fcb87011fcae2b76c429cb5dd6d,22231,rio de janeiro,RJ
56993e1faa560e969e0ba199573545f6,a01bba36c189d1da1a4ad875bf587a35,15400,olimpia,SP
15b13916422ccd2d823abb287bdfca49,84d0047c12ae38389481afbb9f4a5bf6,03159,sao paulo,SP
427be35f79110d97b5624f9791d8714d,75bbb6b481a1df1689bb769e63ec3acb,62685,paraipaba,CE
ba2ec26643e8bfc429f87c86613191fe,ad7ed1cc719d4af01a3a7e500d94c603,36025,juiz de fora,MG
e3866f2f23d3f1f9c3e11b31191be3aa,d08c19f878946583ed2a024fa8fc7a0c,55813,carpina,PE
d3b11e1b5c7ab076348544e22f666aee,37c3f89f8aba3397e77641ebff3e3689,86710,arapongas,PR
1201015f8e5105e1bfb7e9bd75be8523,d3fdfc1532290cf8e93bdad76e8ac1c8,29308,cachoeiro de itapemirim,ES
40291ba05fac951d2fe586191112b3c6,9fd4eb329cf497c6b7bd17421d205201,03028,sao paulo,SP
46b8d6f92df858df6185ee301ede80ef,7cc7d622f03de2065576bc49db8a72d0,74603,goiania,GO
bff87edaf15e6cfa480094a5717d9f0b,bc1d009bce2f69958b6039bb30c0df01,18086,sorocaba,SP
f1a52bcd15f1aac3fdbb7dadce516d8f,366701876d62a649e9c749452ad1ce2f,41330,salvador,BA
ef7853389475cd296ce1a01dda4babd8,f45ea548ca34da9db74d3bf96796a880,59340,sao vicente,RN
77052b5023b16260835d701c7040f9b0,47b1b0f1db28b23cde73336ea18f92da,72887,cidade ocidental,GO
870b6591df0299937f00101427284649,99634d5427a6f49e3522947ea09d54be,29690,itaguacu,ES
9a07fda0035700318ceb77ce80c7e42d,4626807d07906818ef7f102b1b250691,22250,rio de janeiro,RJ
e4810f3375c0f016838e715c1b7a0339,2a6199c92b3235e85ed80e9a7c6848d3,79290,bonito,MS
d5860794e75af105e5a325b4502e00b9,88096271a97e2192b1dbd67c4b06d394,58053,joao pessoa,PB
a56e946b1a51b5f351a804c5a3fb0a8e,bb68ab36f08cea9dece50c4d5f63e1ca,78320,juina,MT
fcf34db4bf62be566ac41f0e19c1ae48,6b752c08681548197c1639cbf872d65b,12960,nazare paulista,SP
23d54747fa4cdd07545f1612a7fa6927,4c8621c93f7dca27431b6037c9e6c172,97590,rosario do sul,RS
7d77fe37de9a0a12e451fc568a3462bf,2b1637ba32faabc3da45b220578d6b7a,09911,diadema,SP
081ea0387c6abab704e37f4c9bc965bc,d7bf7cfe09c3d0f40e1cabde2dc17fd4,18044,sorocaba,SP
5f235effbfef1537095b1024ab902244,5230161ef1611d935cce981477eece1b,01244,sao paulo,SP
be5b277d10b30185c23cf7a5b8a03d27,a5a49fe1cf2e41c91453fc0f95ea43e4,87043,maringa,PR
899b712f06e7b29eecd343b85cfe9136,e0f8228aaaf56d5c2c07234fc825d37c,88025,florianopolis,SC
3e4442cd2958fbd08dc760884b222ae2,15010a153e79bb2f1fe810486783f5dd,95400,sao francisco de paula,RS
f0fabede5d24a0b694cf9d8ba4627ec0,18ff3263bfaf7269395e0e51e5026bbf,93425,novo hamburgo,RS
7ee04c773f064561c7f50cba4cda809d,ac76983f510db2b3b56267fa6d399773,13485,limeira,SP
a21172cfe057efde8adc6efc12a66ae3,176b7a029663eb80240d5d63684cf51a,06694,itapevi,SP
241510e91b641dc4a5646cb954e58cd3,c926c68941389205342644381632f8fb,05089,sao paulo,SP
ad587a1071e2eb39139bdf6c7e49d90b,83d0c398734ab60891d351269aca2aa0,06806,embu das artes,SP
497999c9db4e7fc8bd760a33a73415ae,4ecf0a7c1b4cbcee52821215d1b031d9,11075,santos,SP
6dbe848c6681efae10ede81c3f0c9ae5,de0158ffb56b0a5102cb9bd196ad6648,11013,santos,SP
7b8ca743b2b04c1df44904c65563d578,df0d8456bb4285a538225e2d75a7c345,12225,sao jose dos campos,SP
ed92d1913b9c8d523d1564eda756d622,2174266e52ebdd52f931b2b3396129f3,85890,missal,PR
4ad47cf6d7f04b49d4816debe22e9275,cd393db74ff09a241907d76dcc809ff8,76380,goianesia,GO
9df082314a3267c298bfc605619007f9,341056b65403009c5bc8c4b1f16c7230,93224,sapucaia do sul,RS
0c2350ac90a7c2d4a6f04bf7fa330125,c11b245955c65400b8302d44954906ed,23098,rio de janeiro,RJ
614f4db4fc76b38bf6691690a5c87dcf,3b0bb03a1592b488c3a77d5f6ddc06ac,88310,itajai,SC
7613fffbcc653b261d2689ad77741789,ff4a9da5b2775792e99246237d0c741b,18570,conchas,SP
5bea1d085169c4665aa6490708882fbd,0754be9928ac67162aba36894a7c5f22,11680,ubatuba,SP
1d03153fa9957f06d124c663a388e49b,234622c5e62e91a42a8ed2868e12e84b,05451,sao paulo,SP
1a1e2f5f736b406930c33aba1d9dface,cc9f0f8383fd49b0c13ab95c2b45ced8,88034,florianopolis,SC
6285f604fa70a13975a094497da3bf6b,b38732950105417b181136c00f9fff9d,69908,rio branco,AC
57a1a4f67efcf3baebea12caa5ae3ecb,d4c870146bade2f103127f621593ff11,05074,sao paulo,SP
a5569eafa093045938b448b5f802032d,5bdff994fa115621df0b714401ec5db4,17207,jau,SP
e6c8c89d3ddde215c157724927e7c5f1,5fb14c674c1fbfdd44d19e43087fb6df,34012,nova lima,MG
397860a986b2ba52addbf1178aa4e378,0932d84be1bb7b48cc56d8029b817271,05890,sao paulo,SP
ede05252ae49fbbe385bbe41aba396ce,969e70114da622b7dbf67164497a279a,17054,bauru,SP
c0d01003d19b83d49072648e2a7c030d,dc6ea62ccecc42e56a61bafe0587d9a9,14770,colina,SP
1acd80f827bb4f30d15edf43b2e05dc1,e24a4e0422f1b22febb175defaab7932,88130,palhoca,SC
723409d11424a9f6ea00c73150a9ee1c,b6d926fdda95c5c475fe48cfd35435d9,59162,sao jose de mipibu,RN
b107800c872a68d1703ddfe3c2dc961d,aa182eba73352398bfc06f920f427e9a,07085,guarulhos,SP
a87fd16f6038d768abc2e463f80071e0,c2d0cbabc35d6c353a9b333d4c5dc7f6,50860,recife,PE
a68d9bfdc7bad336fab0e1643f01a6d1,8676c0cd5b7c5ffaa5ba1bba22eb6946,03572,sao paulo,SP
c69e9b9095b1491d57aed0483eb1b9e6,5d4860175560b328f70a058bf6fa2278,05185,sao paulo,SP
0722cac4e97a1d3381723e1770a60391,a945202d20c443e03291b27f269e27ab,07170,guarulhos,SP
f564999c9ed6db59430410f9472c8bba,aac46148455c5cec5aa879c45135bf7d,14170,sertaozinho,SP
ee07f61d1dc8259e953fdc1c6237dcd6,8cfe6024dd76e6ea4945ef1ea39aa5e4,13466,americana,SP
2091ac2e252cc73275e670e4e8bf30bc,326196607548544d1d57fb843131c84a,88220,itapema,SC
bbd5210b3e2717166e17ca01df3411f9,08ef7098aaddca9811a48011d37f850a,13480,limeira,SP
3bdf57e48177d9e43dad1c9b3253c569,bfcbc0ea30be9161cfea4edec0a3add1,81320,curitiba,PR
53fb54e7d01b29d01ba8fc1e6bc911ab,734fcdee25b4146a710c1465181ea45c,59015,natal,RN
d4fb0906b93ba1b93329aecf0c2d0e73,465b8d3742dc3b0ffb716c73b26e63f6,30530,belo horizonte,MG
243a74d750e4a5b7cc57b953746cdfd0,1b7b7f9631cd453251d0b328c9b38a2a,93115,sao leopoldo,RS
fe86f452d3595048dd7000032a0283aa,0dd1099800bbca6e6509b5edccf6aa67,14600,sao joaquim da barra,SP
4f3505c2d2b2547a60e333a7eaac6cba,d3f537919bf27b4cf6157616b00a0ba4,07063,guarulhos,SP
5086b528c85ca4527c186363558ba1af,10c3a1c4d4262a949a536157ac3c4f6d,85802,cascavel,PR
c223939860940fd82bd05c7e02db0673,c74ba3f35d41599f81c35e2646e2af03,83085,sao jose dos pinhais,PR
3eb36db99e4bc4055ff570d968e76e07,2ee6b731c5535575da786e147929d0d5,18590,bofete,SP
108b9f81ac5b441daf5927b6f402951b,ec89bfe816b83adb0613e1ac25b41df9,13043,campinas,SP
ba2ad8b23fe2a0a45cdb33ae2cc42b98,6ca64aa28917ec5f253c90fda7032b6c,14026,ribeirao preto,SP
8b6cf98f689d56dcb2512ecc0b313729,9c7f37f879958c67ec179c3373ceda3a,13310,itu,SP
4388a78467a347df7bae385d0cdd93bd,74dd84d3790c6d58bf1f465e5732abe3,35500,divinopolis,MG
ddd244b741e13635a466619ab4805015,559a5f67ea052226bb24ee8da93df761,87380,janiopolis,PR
572d8ac5c8e475a51cbd27d7e1f94ae9,e1224167b1a3f92781c2ff55b0b794be,02671,sao paulo,SP
86107f26343c3cd328fb9e6cdaa7bf95,399a2a06a7ddefb3b09460ba6a1bcf12,13188,hortolandia,SP
87fb98f4e2e75710737171902c080422,d2784a961177fddf449128c4d88a0715,31575,belo horizonte,MG
9e48a9b3a63506370fe66557f3e21f95,76d91370df3ad38269e22a53edfa6f8a,25725,petropolis,RJ
5b5647d181199dd67334fb89f49c1206,330f1103b8cc5a3fbe42c836f86a9d91,12216,sao jose dos campos,SP
4865a687f12295ad322d56809c3973bf,6febe0febf266605327d91a295ea2609,23075,rio de janeiro,RJ
06656bf78bcb39c3852e16abd900c1f2,e55edfb92c19a7c7836068f345250c87,02227,sao paulo,SP
38da30c823492d655d0779e26e6d477e,844022059684e7a51ff0a093fc43c33e,06056,osasco,SP
5df52c00bb3e854f687e11b615d99945,6ba53545e48dbc82396132204a20b8c9,96040,pelotas,RS
679eab96828b70b85627bd192a717de7,0f8146db8ec9a42fe524ac8df67fdf7d,13425,piracicaba,SP
25a52f95724799f5b375932dfb65c5f7,76fe97f554dca5a3d157ee7ce9ccd414,58038,joao pessoa,PB
6d71041730a38bc71d4510a76cb38b7a,a0f7d5046ced9683da2a825bf5dd322d,65604,caxias,MA
259749df278437824ec1739846281357,62c79c0597b18fa523384c502e972d5c,85887,matelandia,PR
78f4e8387f5e3b93ddc0c1a77968b8d9,700ea7327b089e8a76f03928dbbd4ce6,22030,rio de janeiro,RJ
aa4a725263c6983512c603c3ae6aa188,968c15b4191d4ff00ee5e8dfe910ae67,05302,sao paulo,SP
fba9df63f86cae646f8d1a1f8c6bb85c,1f875cf1c019a2c1c29d14fa0602d793,24220,niteroi,RJ
8012949cfd95d37e09a3922c3d8e3183,25f4b3010f62d81c186b611fbda3cf1f,07123,guarulhos,SP
78e5e5a5de6f4de446c8eb4509755a13,18e5e6ce831d632e84a6d42374c39221,50610,recife,PE
d9f56101970c3a221469e5fc2f270c34,7b4afa124e770b0423ba553b1a51a72c,63220,caririacu,CE
dce4e5a6bad0519b5c92cd5c4bc880d5,89b30dd291178926f8564ac63b8d663a,88345,camboriu,SC
4f31e27037f93a14ee32b11bacf4b36b,63c6001690c00154c0caad2704e321e9,72510,brasilia,DF
41c584ea27753451d9bf606771103289,d9972a3678b1997f77ce16a51ccc5cc0,12908,braganca paulista,SP
c36e16973acbe2b29f72665cfba6223e,221e3b77c7c8e4a1e4627bcd8e3dfe1f,21250,rio de janeiro,RJ
e7b9bc73f30f476a29a9a805d3817504,fdf2ac320bf7064c82c5940346adadaf,94950,cachoeirinha,RS
25cc5042606c108675729a1e2967486f,eed42da7ee2f3ce26ab52758e63d855f,13276,valinhos,SP
e3a0c6f366f4c42aa1ec172813c88492,da1893715fcf0fe9b44be82e8a479161,03721,sao paulo,SP
bc62514151f687ae93af879b7755c439,886248b567909a58e744dbf0148f9e90,14802,araraquara,SP
ad4c86ef721a1c9933ba224773652bdc,6f118973063f0f04f26bc6b00acf2cde,04829,sao paulo,SP
d4e705a6e6b5f0c5cb1c2ad86d6dc306,46f54ba0c3b40ec2ef1f76e0bfc0a72b,74815,goiania,GO
88be8e039439308b5ec70c4994293485,75a2adfe9f86d401f24b5fe2eb9a582c,12951,atibaia,SP
3c22754a609d713c7233bb5037b77923,4c8caa9fd5a07b2cfdc2f9cce7ad4f77,74890,goiania,GO
8110c15004d4a39eea1ca78bf5e6cfe6,b77fe00c1fa6c6d5b1f576802d1162cc,08225,sao paulo,SP
ff8d16a27756dee8602746a20cf0cf8a,16af40ec18dcd9725a9dec6ee2efb851,72236,brasilia,DF
e683a3466324913040a473c89d2395ed,abc3c9ce7f7a422194fc8e0f2c837ac4,70258,brasilia,DF
4286665d919e18dd92613a5f46a3f1ba,7e05679b11824f00a2ab44b5fe6934c7,70660,brasilia,DF
79ea67d7e6a9a2c589ac7cfa17ae795f,b77d8cafd13e8fb40c7f6a935ff6dbb1,87030,maringa,PR
6b0ce605437c4dc06f3ceabbe52ec569,0927b263987388dc45d858496bd42a60,35700,sete lagoas,MG
44e460a655f7154ccd9faa4dbbbaf68a,2b18cd5c428106cc024ee2cc951a0b68,07074,guarulhos,SP
ff349ea42c06633992fc3c94c3da0f58,357ae7be4a22fee3a22cca59f6b681fc,82530,curitiba,PR
52b70e1407555bb7531ae05aa2c4ccbe,5376307841b8790f853a1a3bd943b6c9,89801,chapeco,SC
ebd73c7563306160b7d0ffd3101743f3,5835ff2987dbde26e0482c9401acef06,15090,sao jose do rio preto,SP
8463f85157c2e1a8f03042947b10101f,5d89639cf3f6808817dfad998de4eac7,18560,ipero,SP
219a56cc6da62f9ccbf37b4ec2b2317c,9830fd04e329c8a26fb8c8e1f421b80f,08460,sao paulo,SP
09cb79df62a7ca61507fca903adfe410,996eb644658f838b44eae50e22a48a70,44400,nazare,BA
cbd7f2280c571b565374cff6887d1ab7,2273edfcec0422fe9279dacac772e931,05374,sao paulo,SP
28819969e45ae09705dffba8895b30b6,f1da617b625121656cab1df3a1413bb4,89210,joinville,SC
781d3b0a052f4b0b790138d3cda4f1b0,6f73df0e85d2d96c9339cf0d02359af7,74453,goiania,GO
72e52fa2842a1f436977fd4a332dc199,a58f644f46a601e9799151f14abd9ea6,71882,brasilia,DF
28635c64d8f2aee6e47124350f7ffb38,f95a2fb1caacbd10edbe4afa7a5980f8,13416,piracicaba,SP
9a2b3f6cdd9a69334f83072012328619,d54f5b98bc0b3a107a3a6d007fb22251,31741,belo horizonte,MG
9d6760bac5cc8c62418cc949a05bf660,e38d9c5c8ccd7ea3200aa9a66378b5a0,60874,fortaleza,CE
b9f1e74e29e518dde4d453acdcd1c7e6,ef3dc353e727cc100dff76fdf0ab8a19,03554,sao paulo,SP
b9897e97ff97ceabbced57359e28b489,664382d7bc5d979304c6553258440029,89217,joinville,SC
a3255cad9ee6596f7c31004ce0b769df,3a1c15917afe0356607d2b4c547f74ed,81030,curitiba,PR
493705fc389e90a33771f1522b6008cd,71eddc0e84d970a4800bd8cabd71dea4,13570,sao carlos,SP
e156bebab621b24c406b0e48bdae60ee,163a556a8d2dab2f97ab15b5a2dd08f6,37640,extrema,MG
757e51fbcd39ef2a9315f39f4459e30b,c05bb351f2f72176d79b8d6285994900,45822,eunapolis,BA
d53b03fbfa45a0e2be9b4032538bc93c,89d97e1bb82e20cd818c291281a7dbd6,22713,rio de janeiro,RJ
237273539d368eeaee7e513ac0196f65,3e99f42212c30b7ca7f78413a4fa71a8,08587,itaquaquecetuba,SP
e93aea8cca84e40324d6bfde3c874fa4,eedf0e2e41ac423fb7c71256f96f60ef,06416,barueri,SP
93db14e9f3ba76bd4f9583340b206ddc,25a560b9a6006157838aab1bdbd68624,91510,porto alegre,RS
d006a3f71c4203792241734805108bbf,76fe1ab0c462b69772453fc923e5b464,72135,brasilia,DF
d345248d0461cfb967ec4c9b02feb77d,c65e4c1159907cd349e6b6e6c2fec285,19840,maracai,SP
2d1abb9c4b05dc849f5fb26c75f3d710,cd08db85448423271724a5a71670bd93,81200,curitiba,PR
978092e16f71e6b97416a1763155e4e1,ce7e9ac3f497e7caa4919d60d7b64c36,11665,caraguatatuba,SP
3ed790a63e61a86231274a97e1b27fd6,945d8abe1a8d969b0befe6228a801f92,02945,sao paulo,SP
b095f4c789b7f1660f9bd139148a823c,8995f8dc0f764d0e743902184660607f,13060,campinas,SP
614b18112402859120ee75b1ba6b07c4,cd11a0920c498edb1da9ecd2d31aa599,08390,sao paulo,SP
1d65236b903e944ca24271c42aa4a221,dc8148886a16779c8e9882d053b10049,13601,araras,SP
209ff5d502f02e97bc3cd9bc444945a4,44c70b000ed410e39649139a47e7450f,85023,guarapuava,PR
eeffdeb610ba67edfdf863936785eb90,740b0905a1e5586e67956320eb679fcc,83410,colombo,PR
02989a5bf256c6a23900bb011fa0f919,04f30274974f9c19df99c06dd9ab1815,22430,rio de janeiro,RJ
ccd1069d389fdc3a3b3f0845e3515334,cef2ff3d2b4585f4b9095029581ffede,76801,porto velho,RO
ac2db495d466d0d3929abc71ec0d9f3b,d81fac45dcc1bb423e54f946e9b91518,94460,viamao,RS
67a2c8d9e8d745c3552a27f0b35911b5,b3fb09a3b27e79975e3b8af2dd58ed62,72320,brasilia,DF
c9be31eee5d42b016032f115e6640689,753e0db552dae3b85fa02153705d95cf,04750,sao paulo,SP
37ed0b3fa78fab54b771fc1e2723c5d0,7f5d40ff4a466d298f80e646d144e833,90460,porto alegre,RS
632f7e990a361b6ccd31d6e04a02dbdc,28731afd129953db2f8ec206b7a65e3f,89084,indaial,SC
8825ddd25aa90c9895c662c03975ba06,ff5c94688b17db95aa0969389e6d156d,13178,sumare,SP
9f9552abc310f12bcf37a6b8e3e8c4a8,79afc62338398d8dcde1ce6bde597dd6,12010,taubate,SP
508437bb0cca48a51e05222a64a2b432,88b9a2b47a28764a168ebdd7bcb17861,78400,diamantino,MT
e5b6bec607343666867fad97ed8801bb,176d62f6768d78163dd36be8881eb1eb,95200,vacaria,RS
2612bdea8da13840fcf41e580f3aecc5,13fb439d0a2aae1e3200ccb4dc9b37e7,04165,sao paulo,SP
a8a7365ab74c627e1c5d9a7a2dc5facb,10bf8afdd66da75c386fbacf04c85710,07023,guarulhos,SP
aefdc01b9a9038b0a534f5442de46956,140e71dc725ab4e267a5e53434ca99bf,89065,blumenau,SC
0980d72e94bede8b0f7d8a4cd32511c8,f7094d4271d1de526d9a9f47d1d5ddda,35162,ipatinga,MG
40790a4297b4613ae3d984e5851426d3,0e9e4d1bdc6bfbb9646cb1ecf19d696f,63504,iguatu,CE
e8a332c3433fbd37920ec89fc295d075,0a5df23b922b9998bb7378f1ac03c98a,90440,porto alegre,RS
cc8b1556b283b7fcc7b5ae2106a99eee,f7e99a73ba3a60facb544bd69ed7c41a,22071,rio de janeiro,RJ
13fe07f5797fee846b2064d426ca4b71,95f74eb6d7030f1a9367cfd1e063a6a1,95885,imigrante,RS
65d9213dfa004c17dc126503e106e4a3,78275e95a4296105923051e0ad4577b3,65700,bacabal,MA
def8021341a1466f13686e05d39bc2c6,e60bb7d6a4e75a17a1131346d6e18de4,09350,maua,SP
24bab961499812074229c80da4daa2bb,ff5b57c3e15d16c77e4dde1ff66dab33,20531,rio de janeiro,RJ
9c0e68320c244cf91a86cfc2602ed325,1f808388d1da8941a861cf956b230666,04618,sao paulo,SP
83ee662793d8345e9619b6d96f5b9d15,69e4074cb5368c1539397e4ea570757a,03572,sao paulo,SP
9d79c4397c82efe150bef59588b4913a,55db0f105e5ff30ad61bf0650c5c5338,40270,salvador,BA
f77559535865a660bd328db79a177749,f06f8aa9b9f71ec418c76b2883526e8a,87023,maringa,PR
d78c49cc36006df4427476c395aacf7a,563d2cc4ac6801a20405ded1ad31dd83,05134,sao paulo,SP
9f4d56b7ac45461cb350b204ab9347e1,a538bceea7061433353f79e99057f7c5,14960,novo horizonte,SP
93c43171fb6570c1c278167d386a5db6,c0897eab3445f15960a5dbc38b6d7f55,17015,bauru,SP
f9e2647dd253626609ba428295860434,ddb1b92ffbcb8854921ab8395eb14ea7,28625,nova friburgo,RJ
12cec4dfdc542a9bfd8ae48877401524,a69911fa160e2922447fa1ca4708e8cf,37200,lavras,MG
f434242d1d0dc1d70997f01f7d02e065,c054e4e459844114768fa2aa954bd471,26510,nilopolis,RJ
7365b52db410252fe2550d7897a79a6f,7257ee278349b6189c1f05380e328395,70200,brasilia,DF
9da0a4eaab687888548003b3c4e35830,d2fd01ccf79a472224ca397cae3dea23,78740,rondonopolis,MT
e343ad14711724b0fd9b239b534cf4f5,24d27f115e367d9129a0e7a7a5d36866,34007,nova lima,MG
9c51cb0ca16bb31566de2d788653616e,c94ded70eed5328ca1a51603f9b67c51,23066,rio de janeiro,RJ
cc7f125c5af9a10f69d05186b36fdf3b,55507f66e9e1f29f4ccb5e134be74f4b,20941,rio de janeiro,RJ
8c226d629a25b1f978d0d9755a20194b,939be622dadb186622cf34a05b469424,17512,marilia,SP
f0c31765cb4a75e422a68ba7c3f7f8a7,46b0ed26bc2fb8562ad6741c58fbc53d,29230,anchieta,ES
ee62ccc1b368643dc5205c67379c52fc,b6e354c61d4be25b7846ae2d163fd8ea,14407,franca,SP
b809f3ddc7909525d24c851b9582cb47,3269478cf5571a1cd731a9143d623b99,89712,concordia,SC
ff50bfb526a535449073de25d8703718,824b3729b3c1287a46f841e218862069,89550,rio das antas,SC
81e4aed5ab4253757305267b80712689,d7afcd4b6f0d645a8efa24bef0b66ca0,13820,jaguariuna,SP
4c279b544594b9bc2e5f8db65fd005dd,448a55fb65d9e73aa938a0c8a2fd6560,30644,belo horizonte,MG
dcfca4b1f0b7341e8810ed4b9ebe1b6d,10d868802b4d4a2e983e826abd14fb84,25620,petropolis,RJ
cb5012c6bff7312d0e432b30c005a2ac,b04a0f9269d09d1361593f23fd5568a3,84026,ponta grossa,PR
b9f86a618dc82af6999e68085f2e7c57,e6591c0e8814d0f576995dcf54016221,38150,verissimo,MG
fc9fdbf5a26b1399e70bb3666cf7f9e6,5d323409404dee6bdb0f6cf9ef828dae,22763,rio de janeiro,RJ
f1f4a5639312c4cc925f1633df0bbf57,8fb49ea1ad7041840fae00d1d771a3e8,09050,santo andre,SP
3e54f09108285b0c493b8485d3593351,ed4c785e11a78a73c48fa3af98008292,39800,teofilo otoni,MG
d43e2e7c5f8e31be75ee558015546c93,461249b7001e9a56d4f4d4c29cd4cfe0,21540,rio de janeiro,RJ
aba2b5ee08c838ca0d89220cba929d11,eb4c7dfbd6f9453d65d48b21efcdfcf7,18725,holambra ii,SP
76f2f2c46b45b955bf74735a1bb30e92,cd619d78d1001ca060c6870cb2114872,03812,sao paulo,SP
dc92bb0592372c62b31cfbda4653c56f,cf2d114c5b839e414ffe9fb32acc7421,81050,curitiba,PR
17cc2e171c850fc31881782241caa4e4,cf88f76153de49a51c20dda4fd422d44,09725,sao bernardo do campo,SP
0a389ea18d794fc404c7bd3ae4b7cdfe,275998cc7a6a242b66a1566a11cdbfed,01231,sao paulo,SP
00624707c8556199de70cac1593e7088,c9aa56428d8b5bba23a9c7a435b09645,30666,belo horizonte,MG
ae79d9b3da28bd3788980967842a38da,dd55dce5a6ed77921d4187dbdbf5258d,89870,pinhalzinho,SC
33548b5ff9b7ab73d389abe75ed2318a,dd4e0ed450b3778da02e225058eed1c2,27120,barra do pirai,RJ
0e08577fae71d5176b620f7702a49ef7,86ee56bed18cafd3161326fd6108ccee,02228,sao paulo,SP
b66124b45e367a0aa230614c0ad309d3,a645cf9eb350838346c9afeab4427940,11920,iguape,SP
45360c874acf24110baf02fb5d2314d4,b703d83e085a6a8b339dc548f4878ca8,25070,duque de caxias,RJ
c58f1066bbea8063d18312d59f73882a,b0fe3e57f542f0b451ad4bf8b0933d12,06766,taboao da serra,SP
a513b34c2f98a4777c23077339806088,2ec6f49a6804f9c7caf81b5ed86829ce,03286,sao paulo,SP
112f162c575bedc2f4b20c369282964c,3b5c6285a3d31ec9c8c42a099f6ace98,13097,campinas,SP
baa44e1b7be98ae9c59021a99509a628,f455dc4e70b1c2377a621abedce36211,28027,campos dos goytacazes,RJ
572f96319eccafe8072a7a3906516d94,718b743a62d91dae09df994de322fcb3,30380,belo horizonte,MG
0c7c88c4e8d60c782527fa7bb1a669cd,3fc348f5f598443996bc826c5160b417,53403,paulista,PE
bdf4339fff7a233baab4173fcc20bb8b,b4ddb3749363f9b1548228b1fbfb627f,05311,sao paulo,SP
e9d262259915d573a19866fc07d862e5,72710271243055075d60b0f426b4cce9,22795,rio de janeiro,RJ
250ce9dfe50e99c23fe27a267c718e49,e1a391e4597870c6f0b881a8ef449d6e,25975,teresopolis,RJ
4373e14c9a936c5033553ff232ab132f,61a35167059f7f151c45fcc9d6e68da2,96180,camaqua,RS
2455a94ebab82b39829283f823a69bba,f53c89af952b692df1ba10a05fb895a4,39900,almenara,MG
ea2d195c0d7c95afc15093ee66bc518a,8f9c0dc510c12654a35d2add7a6c5d34,21211,rio de janeiro,RJ
c63ec7f1e7b5e7465652930f83c5e3e6,18f81769a6112c52d34c081f3467e73a,13084,campinas,SP
5873294c345e69097a4eb7473e823bb4,310dd700f80ee0f4d147b1dccaf4da2b,04022,sao paulo,SP
befb47ca7f3e74109bb67b4dda9b742f,b13aa6fa39cdbcace11d493d1b64f0b8,13300,itu,SP
2ed23d0b14b869317beb27fb9c91db68,69dddc9c5b3a0e2641f9431e8e1241b4,21721,rio de janeiro,RJ
6b5f177df1eeee9358cffadc5b8c39c7,fadbf326fadb1ba2ca17a5f91d697dd9,41290,salvador,BA
0277bd798b42071cb092b1795dbae947,6f3f49fc855f386bf0f737c9d84995dc,21557,rio de janeiro,RJ
05b357d5f3d9238e50e813409c956445,f163051a709c21d669ab7c6db86a8770,13240,jarinu,SP
010dad3dab8189cba58ae1ca11b8cc09,e74fc8f58aa86705361306701351d1c4,04561,sao paulo,SP
1573438472daa5bd90e4ec252b6e04b8,430772cb69bcbe21e7c455dab65025a6,80730,curitiba,PR
d99f8b1e9ab4bd423659a3fc04bc4e05,3559644b8b6ec711c33e74a13a66e9ce,37310,bom jardim de minas,MG
ad21195ebbb59e7ee06a5f4a769037c2,905b89dd80ce65b3247beb9bc387019e,02275,sao paulo,SP
5f7b2adac6bc47d3b426270f4f620b77,837bdcc845d5886778a03a7c45fea8ad,29010,vitoria,ES
e1a191d6a40b0deefd2d37b132049e56,61ad224fa8a753d3edc80c7703c8e0b6,08330,sao paulo,SP
47f42fc76d39dc06f9d301d2ceb8971d,6c930b798ccc39db819e2adfe8791714,19780,quata,SP
1847a5181062817755a3763f35215e8e,cbe098f4101456123cda23c8d6effb93,12916,braganca paulista,SP
a8a702b6be013bb059beb57f4f555800,f1bb00cce253873aa7ad968dd4ba10a5,22030,rio de janeiro,RJ
023a2dda10505c5b757b7f9887f5c41f,7cab13ac15c283902976af92cc304a08,68665,garrafao do norte,PA
22053a23a1d965f983d462b3ad3cccba,6e8f80c1dc7e94f0b40485163cc07068,20230,rio de janeiro,RJ
e9b62718241d8b9a249909e4036f29c8,1d889107c6acf0d432404cb55326140c,11350,sao vicente,SP
baf83ca8fb2533044b834d2cbea4cc26,930ea256316c9a463c05b9cdeda70d59,88309,itajai,SC
379ee4762769a6a5267ecb041c89104e,eafe99c0586026629750b5c6a976dc12,22790,rio de janeiro,RJ
05fa87701fb77d327e49cb5fb457a5da,c5a4367eb2925eab85a8bd7ba34a7e42,16025,aracatuba,SP
532b4a0dfe9bb0a12b26792a2a224d5f,9e7781907c97ba7937537a209098cb4c,64082,teresina,PI
ac547427f9b41bb8d04e4d0c01ae1078,72af58d63ff7b96ab0f296e553841def,84015,ponta grossa,PR
297ce1faa7fd43b6c512673f8ee51322,990e9e5aff5387a6c9cc79d9c4a4c5f6,85585,vere,PR
427ebd67be61503c00a75d8915080a71,7042a2786e6151b47cfb7696fe87cfc8,96400,bage,RS
1fb7addf69570523e63db8ac2f5c9923,a75d0dc05a62ced01b3afd2412b4e0d3,88310,itajai,SC
30b783882dd8572d3cf6a4ac7e605272,e72c31d513b0da68b1ea23dd4375257b,35180,timoteo,MG
fd8a9ce7e554b0a3b083521837d0f7c0,201b506ed6f89c9de7c4fbfeea94ab59,48120,pojuca,BA
940c3a34a89c24181632bd0a851328be,bc864e4c1d00af7e934a0805dda79913,36045,juiz de fora,MG
29a5d8a991b0527bda42857a66337abe,536833e18725d7fa2366c130951f376e,97050,santa maria,RS
79c0aec7e6a81127ed9cc488a0cbc077,01bdeb2c0f524bb2119a8c0cd5419f5f,04747,sao paulo,SP
cd84779cce6243c1a17f802b7bab05c6,5563588c332b4a1dbfcfe93cb36aa581,74936,aparecida de goiania,GO
f2a7cb551d698023215eb95ed489ccb6,748e84169ace592af7a9bd3d01b47b4c,15160,poloni,SP
5e7bb90d4342e8086e9a9acc1360a1e0,aece765d4e4f3f841776554c584d8a4f,15620,macedonia,SP
fd6ddc090d4815733d4ff3ebb14c7d20,d69af9333defdc86d8b41c078c18627b,06018,osasco,SP
f308c7b824f58e99202f669fc551cf22,bf030ebf80c6711be3ec42e09422cea8,38500,monte carmelo,MG
e10cea5ba6297bd8736856b0ab6bde8b,4714c6b809db8b92eaa6a690b9cb6e3d,33930,ribeirao das neves,MG
b3c4d524670496e53db937a755a002e6,a8ef0f94947717fb147de01ba6ab13f1,22241,rio de janeiro,RJ
26997b17345ddc68675c19aad4a883eb,f079f24421070c48eda95468f1842707,88650,urubici,SC
a6bd6725b70ed51d4c079b42b1880c26,d2f6d72a546b8f3437495bf799c6fa43,97850,bossoroca,RS
b2ce78a52d897c070fe846ceef56a773,9b417c6b2cc3845bd2ff0d7dd558617e,91010,porto alegre,RS
8b764335e86e1a8f8d3db9f119e03a79,507d2011f28bed3d333202fadce440a9,20550,rio de janeiro,RJ
7641ac3c572f616590deecf0c16013ae,56fc8317d68752ea75f6480c905f12dc,55643,gravata,PE
16eea50d8e5db016deda7008a9c6d5d6,c92d536509ccfc10cf547e2b63d2788c,71020,brasilia,DF
cdc7e49dd029bf91db3bd652c2353ffb,eb1b2be611df633efd1e7b41a5b54ba7,12327,jacarei,SP
37cb0c403b8adef6c53a9d10cb9abcf0,31c6dd92c95904f1273cbf65758ee92e,37780,caldas,MG
2ecbbe6d957d18f3ea50549bf5569e39,eaa4e3599d8e57be7a294fc5646e834c,36204,barbacena,MG
d1aeaf4af6e5fba532e16458013a1b56,3d52e015c275261a0cc442f8957bd2ac,60862,fortaleza,CE
c6ea850448ad7e05a9f46ddeb5673832,3ba89a1b18fd7cb3c8aa157f454ff4c8,27963,macae,RJ
8ee3fd6fd24dd4a5a53bd6127af30d2c,c8babdfe577a3902d104ec0dfbacda05,72600,brasilia,DF
8b35556f6dbc3bc6ec78ca09748154cf,8f74bcedc184adf49cdfff4114f3bedd,60811,fortaleza,CE
cfd1a2cc48a14de5918e86a29e606406,f382d408a9efc042948ecb54576ba438,24738,sao goncalo,RJ
8a46409d77e905aa6359b32873fd2a1f,2ee8e4dc2718c9e0926901f05277d35b,05523,sao paulo,SP
f0c4cf2871af286218d5974deb6ade31,42f135a00af80ade6102731efbc0703e,05335,sao paulo,SP
1795d4e196e92788373519059c0e6897,833aa52735ad47163e479b4684b0f82e,80730,curitiba,PR
bdf828d06745a472fb6fcaba6cd2fff0,6324e6fcb38de95df920164f2e695eb4,85504,pato branco,PR
54da6f5f969bb4601f0d78611694232e,34b6102348176b1855e32860af2ce096,79600,tres lagoas,MS
922f0518fb56e709d3ee898aa6435d76,8b63adddca62a692068257a6b3d14031,22441,rio de janeiro,RJ
9e870ea67399650e8c3545a25d13e4d0,7bb6ca43f478742340256d516d9d86e3,70800,brasilia,DF
00f782305075b457bfe7fb38cf6562a5,78d7324240ce5b1c52e410a385319973,79090,campo grande,MS
11c2b07099015f6a90a1793c9863edec,cffa3735e3c4d6cdd98e7a43b39cc31d,11623,sao sebastiao,SP
6ae72afe4d8eb041cfa5a2cffa052a44,95c673245afd9e175e46590ea80fd159,88338,balneario camboriu,SC
c4eb325091a03f5a95a8b188eea38273,646139d82ff29db0e29fa5928dc5e5c1,25725,petropolis,RJ
46e56e344cf9b8255312e845f7d0b1ff,2133e2f9f9e2ae1ee9cc46628e457671,07411,aruja,SP
35939fb9cef5fb267abdccfe56f1de5e,e4448533ef66ef633b36b10d6a00e5f2,11630,ilhabela,SP
6c600072d9cb0bfcf713667cec62f67e,e15b7e0a598ec5c1a4e156d656b01d80,65632,timon,MA
1d93c38087f43927ad29cdbd73a1a01b,14691264ea396cd3bd71ebbe36bc6771,29278,arace,ES
feb7f40c64907e499efe3f92867ca5b1,64e6cadd1a980cab3883d3a5062d19c5,05503,sao paulo,SP
7e2ca73af071679902a9ba14d7c3cee8,55020cb68ae358a51969695657a54e9c,15520,valentim gentil,SP
1df202848b9d575c667c29519f38249e,dd9e701f807522b3c310158b8847d5f5,04252,sao paulo,SP
1698d043cea87957997792254a01fd62,2f58b777623157ca2c33f366d2ee8c6a,17560,vera cruz,SP
54c5c9dcdc6cca32b4fb425a215d39f5,f5b61c2866612d66de52d3a44a5e86dd,72005,brasilia,DF
0d50609a16197a4158052601ce51d830,844f54c49898195cea2b5ce2f541b586,72001,brasilia,DF
900f88c22ee76b9f34fe901ce2478915,bd2ccc4622de58e02bba5a271aec30a3,02340,sao paulo,SP
4b7cc6a668f938434efccce03496ea7c,1306eafdc870ba8962c7a883bacc081b,98700,ijui,RS
ae4b6534cae9a56678c7eb71960055e3,3b37ee52b62d30f0ffe0fa80bffc1467,09920,diadema,SP
f379288a768efb41074824c23af39c5e,accdbc82114c2b7158a39d5a2d5e0f8c,22060,rio de janeiro,RJ
10774c3bd46abb71735156fc85b987c4,b412d9b6c1eb770f60485429dcc18059,22451,rio de janeiro,RJ
a6a1e36323dd31b11f38567fdf452c47,168f1ed27237f26f7b5d763028db7a99,13560,sao carlos,SP
e52d98453f1fe98cdd0f5911639b2f60,19eb98b740ded18a924cd34a65f23a37,31255,belo horizonte,MG
c4bc7e3472ec59cc181b8441fef3e0c3,62005030b1a2bad3360ff68271a75edf,32040,contagem,MG
4c8e4c469add9342e1b2f8b20140625e,4ad0a855f1b51a52b45d3a3150fd1ebf,77015,palmas,TO
e48d7789f6df4397bf00bff9c80110f1,5dee7715eb91b43858f8de5822cd8eb7,12970,piracaia,SP
1aed7bcb3469dbda3ebc61b12938a4ba,e2cca4a06fe6a1f070aca81f919ec50c,54330,jaboatao dos guararapes,PE
c4d145f0b58cc33b0c5a5a21e2ee6c4e,a239b8e2fbce33780f1f1912e2ee5275,69054,manaus,AM
b6db7d9f41c9446f14e55db357f4fe0a,12a1f3d9e37e23f67cef3a828a0ba029,15970,santa ernestina,SP
399caeab35aff97623b1e8fc27bd55a8,e79940ac70f06b81c97a65fd77786848,04211,sao paulo,SP
4b4bae6b6b096a30f61fd61b3762e5ff,4b23df6166b477c87650d2970e45b046,34710,sabara,MG
c9f7f8c891c537fa25fd0456acd01b33,9a371e2e79f2b84ab837c96b91e8f079,04727,sao paulo,SP
59f9594aa10c39878b6011b738956d1f,753c918e7033bb2f13247d9cfa80a14a,30160,belo horizonte,MG
93bcaca0ba9906b15984025eb1ff7d06,ad37b0e34b70d1ed6fe35e602e2e4d51,63740,novo oriente,CE
3a0c8119f309fd45eba9438633c4bb90,e30de6935384f5da1b7e9ff4551ccb87,83824,fazenda rio grande,PR
f21e6e54bf3f2bc45847f3e23e70b677,a6f497dba8515a42fce4b1d27ab25666,24220,niteroi,RJ
fd7272ee66a9a2d9dd0f622d17a1c665,fd1159c8475b7f543ab1be4ed6207869,11680,ubatuba,SP
e9c40158510e4577046c6a0b4a11538c,5c1f61144f3fbb984bcaa5081d4ed587,29500,alegre,ES
36bafbf5ea6442ced7966411c8b9584f,c859278ef3adb8e99be0e08765140f69,58052,joao pessoa,PB
de0fe2d8e55644484ecf77b35622bf8b,6bf245ddc29953483253de1f6fd2b538,13502,rio claro,SP
4b7a8bde4d6788812ce5e49666666f25,9e527c9bc89a4228e5d8e136712ec63e,88034,florianopolis,SC
4889663f71ee9ec7d63cc79b7fe776f6,502dd71e8dc2045dea82ba9c43536ea9,25580,sao joao de meriti,RJ
44e901b8be5f6dd05a27589aa95f7679,3f40b85d9ff61edac538c6092e434d77,03809,sao paulo,SP
3fea3d755a5a58b1ee95755f4d68efd4,7feca966e6b074e970b7e29f5843ad3b,21211,rio de janeiro,RJ
037f0855b92185d84c858adce4e714dd,5c2b5c09534917d37857557d37ed9205,36830,espera feliz,MG
7a50dfdc0a0dec6327ed4d772793e812,52b5b573f94e98a9284069557f5bd750,86010,londrina,PR
cdefa555b31181f8be693ab16ce1a8d6,e10fd3821088b04a56b862269ed44be7,35170,coronel fabriciano,MG
e7b3dbe663e14bafd654231d7ae5c072,b242d7e807f2edf8c115ea76c0578306,85826,lindoeste,PR
7703821c2658d5b334972740e5eb7c35,b788a967509f48d9df65249e2496c646,11500,cubatao,SP
8219ed06f16d11e061ca521bbc175c17,2c27e67b4518e5db1b0b1faf8fb920c7,05653,sao paulo,SP
2fef57f217a4ccfd0d8e3bfe20ed20d8,d6f7809726f5602f3cfa13c9e0707f25,95700,bento goncalves,RS
ad1f289fe0d5f0e66faa507b7dd26476,b918f6e80555386a6500dcf17c9d0021,03201,sao paulo,SP
74246ec587472230b93065911e420ed8,558e8c5c045f205b5b9ca29ec2d281b3,40290,salvador,BA
b0b3a6dec8254d6fb2a49f9eb6127a37,a0376380a5b8010c145d069b2ec3238e,08344,sao paulo,SP
d34e0dba89b89a8aa2e00cb8b289f565,7630fbd37e0acf91129ec3f07deb81ea,95705,bento goncalves,RS
39378689a58075dd0304d79ee3ae0cfd,525236008daa62b6022f35142ef864d3,76450,minacu,GO
735fb1ee87aa26987bc7e2416b167054,b6497ecc6318ebd0d5c22091f702fcc8,04752,sao paulo,SP
b2c85d49babd60f744c7f30e9d23fafa,a854d45312665931c0af7b892f6d0e88,64800,floriano,PI
2e0a5105023223e3adfa0a30db67f80c,efa96e56c0cd48d343edaee4fe0e7cee,13201,jundiai,SP
d54e62fa217090b11232a26706a67604,9d3cdbd445d97cdbf91938532edc619e,09423,ribeirao pires,SP
9002b566a0a335d74116ee1978d5ade9,1fc85207c3d29e7fe5e601aff2327de4,22041,rio de janeiro,RJ
fb2fdd6a93ddbfbb6390f556be5abc4a,b3ec061bf1f87a27efc54ee0b887201f,24210,niteroi,RJ
3c27d865fbf7aa0b410a5da7b2b210b0,a6480b6281bba982eabc794c0e8a1b7f,05802,sao paulo,SP
d44fac4c94cd149d441c40511abd27bd,9f2ad6468235279b4de6e35feb25be83,86037,londrina,PR
c32f33e3925ff7ae6c926ab877813c07,dfcbceb915805aad5e4f6fe5911ce661,72315,brasilia,DF
07a7e5b0029e354e4428f755cc1988bb,8a4fee7db73ccd4a26a67ab745ba6e12,18684,lencois paulista,SP
e692fb9ebedf9385c3b4b7d2e140fa21,4cd6d37ddf763a398d0c4e13ced53dbf,72465,brasilia,DF
5dde09cc77f38cbb0ca8360d5702b81e,e759f5e4fc94ffa32b74c2e3cbe01e11,58063,joao pessoa,PB
8a06eb73f20ede01d69f7c464749790a,86d275d37ab130693fc6a970fa1accbf,13208,jundiai,SP
cfa3a48a9585c921958523e0735cf5a3,7184ae297323ab27f3e39fb55dcf8d8d,74215,goiania,GO
e7be4eaa39a7bd5d8f48f7810f07930f,e3df25e0f8e4d6bec5a790796d3f90c0,13140,paulinia,SP
f2def7f64f36952f2f5a9791f0285f34,cc5aa1b8337e394da54980226bb0f6d4,21040,rio de janeiro,RJ
35c5fd514f5eed2913f71df5a01451f2,34659ca36aa8e8becbc3a6d51da54364,91260,porto alegre,RS
d81753bcd5b30d81d6c07b603142ca6f,91b00d0fcab369c185e18897222a22bb,07178,guarulhos,SP
2514a33b1704c36bdfbe51840e105cde,1acc368e2db62752896a9e414eff41c2,95760,sao sebastiao do cai,RS
c8d7c9a0047bba418f7a0ea9eda4976e,6e08abf5cfb67eeea9e48463da288788,13835,conchal,SP
cd3ad76eca9e738a7529dfeb077d5a7a,c34db728261251fbd489eb0045f9d114,05007,sao paulo,SP
7047310f94a69fcacee337a4a8e5ef66,4b45239249224d76e48ba26384e96ec4,28895,rio das ostras,RJ
6e9e87f482aa06c630751b6c0956d271,fd0973921b50c01984ebf2202e21b942,04623,sao paulo,SP
ca428a8967c35219bc97f4080b3c2fa5,dbaf90a340588b6b0d35609707c9e28e,74125,goiania,GO
8ae959794f60d02d60abaaeae9628760,22230b50e048336ce722960a64e1c873,05138,sao paulo,SP
46930ec4a8599d1436787e37f36161d9,8e04c0bebce561df488961624d5513f2,38307,ituiutaba,MG
e5c8ac379c73d799fb006f94e2cc001b,2a8af6349035f556c845d3939d25ef4e,39401,montes claros,MG
07e1c3725f2f8d2e91fdb691f0b3152d,6dc3025e3a2d87b9a372aeb03bea0e4e,01306,sao paulo,SP
b169e5830ded0026725b45900f8662bb,e12f7f1e96f1f9f6361572028a1fad5a,21350,rio de janeiro,RJ
e8ac28789133afe8f118a6cb8776d322,133e20311ec257bda38f1798250d38c5,57740,paulo jacinto,AL
f052ff7c7ad9e747e09bef53b42399b4,ead9bc5e29e42c47d2f2bb04117fbdb8,39200,corinto,MG
539c396e8ba2bd4ed701c8b6c80ffa3e,7849336c1b7785f258ffef06aedbd216,13905,amparo,SP
dd3f1762eb601f41c5e289fa08dbc6bf,96e91c0dba30f7ff60c9acd47677c248,22631,rio de janeiro,RJ
81f561520e52174150b1900259863a99,668ddbdd3ee99d4339eadfef21531d45,22760,rio de janeiro,RJ
02fcd25668a084094acb25e5e6211544,9f0fe68b9767ca4c4f2402bcdb084e51,38702,patos de minas,MG
febcf121404f8430f271a004c6d7b29c,b0ea7c59423c17a5450474db7e973a29,95560,torres,RS
bb6d19b76e0f5f72f87d72c33ade1136,5bad02ee81a2002eb3b5b84d32bfc15f,13290,louveira,SP
a9558995b6d102f6216229476ff11b3b,081affba07da7870a82f39adbaa0b5d0,66615,belem,PA
8f4758b55faa41da554b30461fa84f3e,8f4a843ba725f85823d3c792e1ba6949,05551,sao paulo,SP
60ab2ed589060f33a8c6e6ac86e29135,99661150954dd757d75c84a6ecb834b2,02253,sao paulo,SP
396a8539f119f80d6df1065a04cf6595,8dd3a5d6ea26c84101c49f5d4eadbb81,35700,sete lagoas,MG
b0a5d29291507b28fdeb2bcdc8141810,20deda6c299ef7ba54763039eb4f2ff2,85415,cafelandia,PR
e0e9f2360f3bfc062e29e83f96aa50fb,790ac688b0fcc22b2a0dacf0202b2ce4,36400,conselheiro lafaiete,MG
d60977f266fbf35d13d563da7286f472,b8fcb607fbf16af25bcf08dda8ba3e72,75690,caldas novas,GO
ef47133f0b956dbc78dfe1a7e1d0b9ea,be5b83578b9fdbc09b4c512adad90146,85601,francisco beltrao,PR
d0918bc69be2f249f9105e579fa5bab9,7b8637d830cbfdecb836c1ea12548d30,15015,sao jose do rio preto,SP
dd27a8972166033eeb2e57761329d5db,cea2d2fe88278b19c37aca43e45a38fe,11990,cananeia,SP
f05818797057c484bbb553b2f08702a0,754966ce60e1fdfbc43620b2b3ee1e42,04411,sao paulo,SP
d75ec94339dfd4d525dac0f255ffa695,e9882c71ab1e59b6c58e456f638a953a,77006,palmas,TO
167524bd5f4974df32a4917d03574398,cc441b75c79b4d8e52907b6e201764d0,21310,rio de janeiro,RJ
26bc070c7700855f66d4539446779a16,d9dde224b82fcf32f980e1cc2c6bacb3,35460,brumadinho,MG
edde00a1162525e6462a9af33a4903ba,7b466ff1322d3d697cb6112c35f1141e,88066,florianopolis,SC
ad842d5f00835e547a2cc4c3867b7ebb,770d37ede04d7c9622b7f25902845cf1,90035,porto alegre,RS
b21da898daa207545ab06e59254b57ed,cd003ae587a7681e41d5fe9e6fccaa74,09321,maua,SP
83fc79bfef5a8fb84c5d77f3748e0064,eede3c924dcfa1c4340e70b50010be26,22795,rio de janeiro,RJ
6220c0665e1834766a50a791808409c4,c8a76342b80beb2d406f45d0cf720c1d,30110,belo horizonte,MG
0295853908b4ba8c84a8e8b550eef3a1,71bc312e28f745e3f1fd70f15c5b194a,05612,sao paulo,SP
f07928d150a941fee3793cbfa6e62e1b,7193dd1818cc6c9a6e21276c13a5768b,84020,ponta grossa,PR
93034a219e57f3dbd6ad0abf8eabb313,5e77164a61e9dbe926ee2fcd302a275e,40320,salvador,BA
1d2900a05deae2e263b233eeecfda1ad,138b60213f6f379273fa8cf49be14c8c,56580,ibimirim,PE
4cd1aba36c0408f9dd728acb8e7704ef,eb7895c1577088d6a0b86186fae2f679,41233,salvador,BA
565f86d78a5b057917366c58362a85c4,05b18010a8a20bb7103a7c67b1b37800,20270,rio de janeiro,RJ
1ff98f738e6baa6c7d6c262757e82720,9980b713c602b47b07150683862c49d6,04272,sao paulo,SP
7ac498b03559cc1715172e77d7041bd7,b316ca275684997cc9e306ef6ba7e400,89182,lontras,SC
d240701e28474e8e538c7665b899f3c0,b9c77ffea1af438962029c7e12e918c3,06950,juquitiba,SP
31f925b24ebb6e23fb255f79e4c74b81,0e730550dfc5d7f1cea73484bb2e0249,20920,rio de janeiro,RJ
8c20d9bfbc96c5d39025d77a3ba83d7f,eae0a83d752b1dd32697e0e7b4221656,48410,cicero dantas,BA
b86d1b04dd3e814da042931b64c86c83,95d43df214d0af69c0946cf27bddbe00,89217,joinville,SC
de5411657929e994c0100062f9a7d61d,8ba03ea7a871bdaebd65e7a4ced27c2d,29178,serra,ES
b412429b3fdd145935b685097b6bc88b,e1ef4653ab6fb94cd7811e661eaa3948,08070,sao paulo,SP
f0375e81392cb7499b1139be16fd21e2,1aa4ee2488e66eb75eac7abb47e5a2ba,24933,marica,RJ
c635d6979164aafc07fe03ee6c2ff9ae,5364c144e8af3b06394fa4281f151fd2,30260,belo horizonte,MG
33526320515dc9ca5c0ecc1ad95f8e8b,b82fa3f58d7fd412c2e9ab7c85fcc8ef,38411,uberlandia,MG
766d92701a07c57f2b57f01fe97c4405,278256c4e23f585212de04f1ae53d9d2,83322,pinhais,PR
474ea672696b1f26ea40d7e7e2bf357f,18d61a27f478cd6201df948578f814f9,13202,jundiai,SP
6633e658356d7a598fe1cd44a46cbf34,cb8a48f552b6dfba01c3362d4eec7e79,48790,tucano,BA
465fd465dfc7d83630b4c1ca4b51deeb,910ef561b28c67973b74ce21e0d252ea,18147,aracariguama,SP
58c0558cb537c7099b095b9f637b0709,8045205bfc8a9aa6ebaaf6368059f6f8,09810,sao bernardo do campo,SP
d57d4907c0bffedc7eaa6a8bad9d3249,44e905b20a14f06ab278d91af2629815,41905,salvador,BA
4383f87d5f45debd945f3ffede25398a,a637f956dfe66871006404aa52599594,36047,juiz de fora,MG
5f2c12cf37ffc577d7e7a30b93d160d9,4cb80a4272079b0446f264af42cd0bc9,65075,sao luis,MA
48f33d2f74cd85093145532d5b9b14e9,41b94377e08ae2e71fd3396ee15ce0de,83320,pinhais,PR
09a4411bb14055b9d846fac02dd79782,320e13a9e22b4e4cda8c17ed1c140ce0,13660,porto ferreira,SP
372922185b99948dd405acc9e0d55828,3bfe0607a8777c8e9bfb7d6bcf44aa0a,16800,mirandopolis,SP
d9cb8278a776ac48ff885e81a08e93d7,39cdaeada25d8130a121c1f70f70c25f,11030,santos,SP
60f940bfe3cbbe38b1f7fe69d303e768,8e2cbe0458411443853166c1a81d2f9d,03029,sao paulo,SP
26fc7e710ec9bba533f8967e60f2cc5d,45ca4053806ecd0f595c633184e0ff61,18017,sorocaba,SP
3e8e7112a59814fe7007bb864f3cd3cb,22f63e1a065edeea0b3c245bae439326,13420,piracicaba,SP
b66b3c9110b9c8bf6d402a76fdbfbc49,98e3117841a2431959d17808f04bf23c,13212,jundiai,SP
735910d408209bc94a6b5cba4985425f,c9a72d575d53d4335b848720dfaf8264,22610,rio de janeiro,RJ
ae3066cd1bf4fa2aeae850db53d15c1f,d31905ed6e3ebfe42660d93aec0c4472,72812,luziania,GO
032f25110f17bb0d65268257b10738bc,b931fdce2c9ab0c8475ac1bc83af0f04,75800,jatai,GO
2ada6f578b24b6034e1658a3ad15a4c2,016a461e59c71a989c278fb565441696,91330,porto alegre,RS
566f3ca7161fa95dae551c144c67443a,15dee872ef52b3a3caf055b45a946194,19780,quata,SP
d660cc394eb24b0a1fbf68174a1531e3,621eb93c6f92739b0b64dadac3d3c9aa,58039,joao pessoa,PB
3a04eb9c6f03e8bff298d4172dc8ae5f,13bcdaa9c02a8e5be34bc7cce74dacf8,23587,rio de janeiro,RJ
ba9fa21d16fa22ad6a806358b58e2be0,eb57b6f657dc64c32af5321202c28f99,03807,sao paulo,SP
6b3a20b24d577f4c35d290c9933e915a,3fde7f0e201f955c897b57d00e5f20dc,76300,ceres,GO
2d12c6935dea7173e8c94c416ef44ed1,6a4ed801b3dc07f27715cb3075d5ace3,31615,belo horizonte,MG
8fa1188232c7e51082b4786190ac3e38,f5fc6d10c73d21eb34441b6aac92fc24,37561,pouso alegre,MG
bcffec72072249c0710ac3ce3224d782,b116610789b3383452eb6962a844364c,32661,betim,MG
2fa0203e3d4f0dfac0f2f3f1f07263c2,86f058f4efe767ec8d9f641e77bdd3f1,23970,paraty,RJ
6c435ed0cfd0b31d333015f5a2cdb2d5,a9970426d016420b9153789103d3b9d1,91010,porto alegre,RS
95446917717bb58d553d107d0f1668f6,aa6ea6f8307ee33b985192329cd8c79c,60811,fortaleza,CE
4f3f8578858df89ed5d3cb18b7c28b80,cefc04261914b0bcec10aab2d68e4afa,18276,tatui,SP
dca1d784fd6b8dd1f223bb76482fa053,5dd7c998ea73207f1e1f8b04866c3f83,05044,sao paulo,SP
f7e12fa6272eb4c6f54c7d8aadab4349,7b7f11928e2451cb0ec7cd2e23a22f79,88034,florianopolis,SC
fd453c63f0f4d5bcc17d43c076dba510,3b97119ab53db4ae0144dff13c2ee26b,89135,apiuna,SC
c2640db8a9066c36b353784500821c57,9c4abd5c7156c810c12f052f013ca0be,07172,guarulhos,SP
d609c53aceb2167b9371f4c1d0e803b1,dbdec8596b1c64bdd558f3681d40c919,04383,sao paulo,SP
a93ba2ce55c9d1ec30a192c5afd535e2,e6917a0b32367d6fa91cffb4c0faee07,23970,paraty,RJ
fbf7bc76c6c3f2fdd47489cc38542f64,1a7f7fcf7abedb7d4ce32f3ab25b0536,71925,brasilia,DF
ffba8d414efad51ed575616d51e326b5,5b12d02a7c3076cf7930084f3a632e58,09687,sao bernardo do campo,SP
812570c83feb2a2bcec548ddc36b0d0b,55b13a50a9e1c88e3e94574ec2151e69,32667,betim,MG
c4fb1c069ba21ade36983cf6ad7069c8,8a76f6caba5736d6309877ea9d99f4a3,38408,uberlandia,MG
708e93cac3d323459af22061a0556f26,24778d486978a0cc32ba430ded33ff1e,65980,carolina,MA
299a48f7420ccd62c0efd03c927381ab,b5ffb58e88f234bbcc13d852e25cf280,26297,nova iguacu,RJ
44bc4c58308826749dd6bc260f1ae5f9,b659acd60c6a36583dcb78c06639c324,08584,itaquaquecetuba,SP
6efe2f2c813379b610f5cd26e99ce0ff,87b3f231705783eb2217e25851c0a45d,36016,juiz de fora,MG
d1ed3fa617ded724a9f890f079bc29ec,6e4ccf6fd2096dd6142c79422db0e105,78735,rondonopolis,MT
a5ee477d5af9fcafb0b8fee8431d2fbe,52dacc3907c591494ac9e7cee371f490,20540,rio de janeiro,RJ
929e321fd1897048b1bc0825d394f9ae,2b542e9d53c87acac31bfb965c7c3ae0,28970,araruama,RJ
d056f27116f163ae6d99dff3d169c032,c39b2706a13ca378504fe314e7f2f645,13083,campinas,SP
51fc4f4614c406974c4bfd7a5a5ff8c2,8df1329b564044430fe684b6632f0c8a,96208,rio grande,RS
182e3184fe89cc29b7a1ee386c41983f,2c0b85e73dbf0c3d6ce2e56d8d35fa18,02837,sao paulo,SP
374d1a370cc4fc67244345f046bbdff6,b4891a8e1c6726d478568eb2422dcce9,06708,cotia,SP
2d8ac47c29ec811ab30529fb46ec4e03,a161dff7275cf950f43ceb2b6eba091d,13070,campinas,SP
5944fcd0423637dc7497ef10187e073b,c601f5196438b2836f6de978734b2829,49027,aracaju,SE
24dcda920a2f70b4ee8cd24fbf13043b,e4be5dbb33ad1f23a5124131dbdfefca,12241,sao jose dos campos,SP
f5e160702969b16b3e1195b81bcf4899,8cf77c343cfd78dbbbc900b911e29f1b,38200,frutal,MG
b93db111b138592c3eea5e533f49e41e,b5b17a60619a0246c3ffcc70b44a49ff,24412,sao goncalo,RJ
b5ed78953b6b308d4335360d6246bcc4,ac174f74576994baa0cb62eece831899,69054,manaus,AM
c29001d4ef8fec0b038cbae8d53a7028,1fdaf39bd79c89dd99473afeddbcf9e7,01201,sao paulo,SP
d608d88b8e4dfd4114634d9759b2f63b,8672605892b455cfa79b6f69ca37d153,36800,carangola,MG
df37d6128feaa1009ac151929c362190,d2a4d52c6e5ea6b12deca1dd8c1f59e0,12320,jacarei,SP
2a851126045f8187455b0184079abcc8,682f17fcf65cc5adf9c00267434a0f2a,35519,nova serrana,MG
2ff074b1dbce2bc816bf81c3c820ba5c,bc794c0cc9ad7ef403d8281021e00992,18230,sao miguel arcanjo,SP
ab923b33a7bb81c8348b97b5276ab0cf,aae24ccd525137892029a5cfeea47171,65077,sao luis,MA
8e8d4784516e71494188748e6f45f260,92e4314ce2a6a0c352d9aa65ebc4928a,03470,sao paulo,SP
914cd02d51a7024210cb68c41d4db0a0,49b7ce0bbcdb46b33e896055cd492e81,45656,ilheus,BA
9f8e4ecccb611b74938b089f0c883c00,c54debc112e0d8da761553aa45e464ed,50830,recife,PE
edc982d0c07e8652a9d589a8d88fdb7a,5ebe183df26c51bcfb30f709ea794080,30510,belo horizonte,MG
52dd02a7f957b228e887536623fc94b6,c2ec1e578c66e8b62b5b898829a42b5b,12608,lorena,SP
7adeb9ef7256f00660337f5959bcaaf6,266f6baed5662cca5d5d51db71a51b23,68371,altamira,PA
7d4b34a3bad8615a6a8c7dbb11753f6c,e695f9738e2db2efdb1143e722c2ec63,31170,belo horizonte,MG
f21be077bde5af59e7bc499c7dfe788c,4f185fd5276815172e822662c1b1835a,01311,sao paulo,SP
619786d432210e74c96960702feae513,89fc88eb69c9a0b0f71febf7c7495ecb,02864,sao paulo,SP
fa3e181e11d9ccc0daf16b77fdb5ae05,87bdeba3e1eea52846d4acba15600743,37557,pouso alegre,MG
7553cab5980febcade6b9e5138827ae4,70fe79f3943224e129dfe2e9176635ba,13150,cosmopolis,SP
b51281d5c8fe567753940498c6508c49,a90f28cacd952c0e995ac0f08e35f03c,06763,taboao da serra,SP
1eb56edd49bc10e943716ab0188dd6de,a94ee4590dfa55d48034194a05c491ac,47690,coribe,BA
819d8a9b81c0d3e3204e5b80252660ca,1015173479527a15ccb63606a74f404e,29830,nova venecia,ES
a1bad9f67c4cd41fc88e849635c46c4c,b248c92ec54199bedb1d603e0e6f98c6,18603,botucatu,SP
a7f913b5e7544ba3de6205e67ed196a6,1883c860dcd73e0bd0ec6e82c727baab,81490,curitiba,PR
4c4d22fd3c80ff16765bd69545061f0c,67db6977c4098584c8ea7a773edb6bd7,26113,belford roxo,RJ
37ffb68c39bd78aec200de254446972f,e8ca08f200cf74746cd5e671efcb61f3,85301,laranjeiras do sul,PR
fbbd7759305c446d285fa335394e4809,1aa85e14d63e3f290326d01b5f1b106b,01452,sao paulo,SP
ceefb0b07a8b7a9f0272d3e2d4861506,f8acee1320f48a4fa1fd409ef84ccbd6,72640,brasilia,DF
5415819ad5ed256b3851eabbbbfe25aa,3b61e8f892a53afa71150bb5534c7fa1,25911,mage,RJ
504c02c15eb920cfb1752ca9da131257,9a550659c108d8c30a3a2604b193f625,09682,sao bernardo do campo,SP
a2f887a154a4978b280e0430deed9d05,1442fcbc506358b976d780bb7dd31470,98570,campo novo,RS
5958c76e4a6814f01a6d34c9a2c392d0,16996891554873c8c1cd14de234224e0,12237,sao jose dos campos,SP
48a8e08cbe87ac7b90b76ff80d3df46b,81fc606558d479bbe026450862a4f2df,29500,alegre,ES
a58272d18f96f43db0bdc49b07dab532,4197912ab45219b426014f2bbd935e1f,05348,sao paulo,SP
d614da50a33861589e1baa3ff6ffe610,ebca0aefb372ebf5a4d889307ef55552,05791,sao paulo,SP
9cf6af179685dff1f509e350ef36fc9e,03ac635232bad28e0adfd5c551f2efb7,88904,ararangua,SC
4c89fdd6c3fa79bd2f7383da05475f81,29c5fb3926f681168a4df2c0bee394c2,13070,campinas,SP
0630577acd0476a6b31ca9aef210f00e,ee3085a51c5d83d1c6c9b801ffaa9cbd,38071,uberaba,MG
d9d7bb9302c367829891b1b1f9361659,b778c913f1aeb04dfcb4d342833c22a8,22210,rio de janeiro,RJ
a7bfe37a3126d9f69b7388135be12f1e,9511a8b6963aabf3f8c18a4963176fc0,35530,claudio,MG
ff9fb29b08ea8f4564e23dac02a225fa,dbfe23b029b26c3efa13eb1fe97a8c60,13455,santa barbara d'oeste,SP
49cb929dcf7af515d4a1d1ba19387317,35e32af235030874a6b6ccf5f328e8ac,03065,sao paulo,SP
24f0ff8f458c6b9f0f8222b516699b9c,c51a1ea9fa9851c70f89d1178c861150,22775,rio de janeiro,RJ
2e8bfe5a56818eccb5017d88820db31f,7c1b664bbfb23001b560f3fbcb49b8ae,22210,rio de janeiro,RJ
8a32dae8c7971078dd401865dba395fc,63ebf3d11427af1cd9f0ea16e97d2e2e,12236,sao jose dos campos,SP
b7bc51bbad15f6c8242cb08a9dceeb15,745c617eae511cb90924075d841e7b95,79110,campo grande,MS
d2062ad0a3a3b45b4481f6b95429abea,a0ef77ac3d3662b055dc12b045da37ed,06253,osasco,SP
33b83055b03f489566ebb99c68d45cee,068b73f9995e1550291624093d1a2853,15950,santa adelia,SP
8edf77a07c8c4daa4a104cc7a4927b3b,e23e3462f136f31e3c70327ebbb1bfef,02751,sao paulo,SP
68e39b15a421a9bbc7df0dd39c3a2bff,8d73f2a7154dc80a4dbbf37dfd3d2263,88780,imbituba,SC
0d380cd86105a9cb8abf440e29132168,671b97e69e72a66b0be36e82406fc42a,09951,diadema,SP
9381a17913f55392171d9e4604289cf0,83b718d277e811cc84d2d60c375a4573,28080,campos dos goytacazes,RJ
9d8a8652100cbf0cdcfbb06ce031c9ac,3d4f12dece1264e5d6321f1b7f003336,05537,sao paulo,SP
82141426f5565b47a8b8433342024da7,7b15d3cbd163f636a2e28c3edaea9a2b,13188,hortolandia,SP
88c36fbd3df96094f90f0315e1d2dd90,e629cd3ff381ad0a234016fa7dd76f46,08610,suzano,SP
47e4b706141097a964ec6d55def70acc,284a7ec3e2066fdebb02038c620114d0,71881,brasilia,DF
8f7a8c9d811d4acc07eaaf3cae69ac34,ac717072fca4b6f228e8465cc5e7231f,05083,sao paulo,SP
bf10cdf5df8679477eeadbff0e3da501,1a1d480287e0150cf2ed5371d28cf2fd,18304,capao bonito,SP
934988550c367cd0b058b47ae1b3d0de,314f4fa23e0008664d19f6058bcdc275,30492,belo horizonte,MG
d5fc781810a027b383ef15f761be0959,67d0c6bd30387f7d14aadae0d0beee4a,03017,sao paulo,SP
332d9f65c4a4276b63f26a7ecea2efb8,f9feadb2a1d47d6140a91f74d277303e,28360,bom jesus do itabapoana,RJ
20eca38e2ac0e9eb29a3f670b053389f,2aba7239448982a76a0a79666419e3a3,21341,rio de janeiro,RJ
98633d385a625996e77868705db2169f,7f35a871b3a7a11a8cec451cbda0edcb,27933,macae,RJ
dd0d5aef2ca63a04c68e4b3ea19a1a59,bec9eda083eed2fe05f3d645e679c2d5,09663,sao bernardo do campo,SP
0893dbf96f705f3a68f0212b3d2cdec4,c366f7bb7c9f735501bc8d64ba2e21e7,35550,itapecerica,MG
0126c89d5a7c2b7b2bda098668c7526d,56727e990cb63b930b63d8bcbfa08ffe,28200,sao joao da barra,RJ
d1caca8447ffa49ec825d20ac0d1425b,3117074e68938a67f2039328776fd33c,02228,sao paulo,SP
a40c9c907d645ac0394aa28875d5986d,48770182fa1f6631dc831cb4a99ca859,27937,macae,RJ
4b4466ba57ada97066e473b023c99db9,6d053f472a670c33c21c012f7c72c4cc,87020,maringa,PR
d33598b092332a92b7b489af1689918a,f01cce5639ad2767abee41dd4621d804,81560,curitiba,PR
e2f0a1baa756cddbbfdd66856ecd91de,ae2a71382b06287246b07ca68b92f0a7,13830,santo antonio de posse,SP
34b18316e1c66360c7d2603da9a8b0f3,90b48ced7472af3c9c94ff5a432be4f2,36010,juiz de fora,MG
5e53e2a2779757e58af04c6658e584b6,3b68eb6d771925a9808f61a26a22c7f5,14709,bebedouro,SP
9797ebd812978869a779e146e9b2e140,de987c536b77b94945130925d9d672f5,06694,itapevi,SP
1217d9ba5408d02c8bb74d95ec4161c6,82274b7ec8002257f8d57ca40d2c8b0e,12335,jacarei,SP
5d0ce5948d35340bb6edf34595d1f2d3,c0ba4d398c1d01060e39dddd27c92388,48450,cipo,BA
3fee10e96b1e1fc1a04c37d8bbe41fdf,dca9c7a7a48f810e182317ebd1ec916c,22723,rio de janeiro,RJ
c2722fd676f7f1ab5c4e736079b57596,f986491a7560c10050c8cf820bd58438,20765,rio de janeiro,RJ
3966d538af8357574982ae2285464498,d2f98cbf06b1366127b1fb7cecf721d1,22230,rio de janeiro,RJ
4ef66ffdf74658c7f365451460599f0c,c312b27c007295724dfeb02d597a8667,49500,itabaiana,SE
b2b6a80eb03f1c08201222ebdc059442,507e84b160e854dd263c6ae6fafadce0,41335,salvador,BA
ae0870b4367021d653e2a81999273274,ce38bad421960bfafd46a91cd41d39d9,02264,sao paulo,SP
2127dc6603ac33544953ef05ec155771,8a9a08c7ca8900a200d83cf838a07e0b,06708,cotia,SP
621c4375f33e843ba4111a6fc493fd0d,eda1dce5c553ce29ab7bcd3247392e87,76980,vilhena,RO
f607992590df1ce8b149279c589e2421,ef5947984bf1aad3ed84c0ad7da9f059,29141,cariacica,ES
cf77d6dc60f91af4ae0c4a5e76f57713,7ab70dec691e6ced0e10140d4668ab00,65081,sao luis,MA
3d3eaab3a5b6e25af213673e7c2727cb,aebc59e8819e9f43d427e3d1ec19e3c0,06286,osasco,SP
8ebb42233d9090807b6879b1eb1631bc,eca1c243fe7651c9ff6b4058ef0d8791,08673,suzano,SP
afa8c5e2e861d880271bf62d022b0525,aac78602744cb3d7827611de8c3b04c5,85603,francisco beltrao,PR
bb0ac4507068b60c61c15304a76d6cff,69ab299f81d1f63707151bf1b278a60d,05021,sao paulo,SP
fbf8e675c5adcf8c482b04c517814924,06b672c7ae6d7ef4cbe41318c397537a,82820,curitiba,PR
3e883ff4e88f709ddf226164adb17fc0,cae0b155d09593a1d08b09e66b19c931,92200,canoas,RS
a93aaf1f50fd874a8d2cf3413cc2a9f3,151dd9cf0af37b5bdd489ab4812679a9,78138,varzea grande,MT
93ec087aae32d7db63b1b561a2b6177f,7c7e42439be013ae3b45fa1df00f3cbe,14030,ribeirao preto,SP
cee03fd42fb674365f5af3e609f206d9,b1638e7927b982cfe4f93d38a30e6700,73900,posse,GO
7241aae1af5ffcdb5411a9d23be378ea,0cd7d20504975ef3cd878aaffa80e482,20241,rio de janeiro,RJ
13f1c2d6b9a507bb66e4cae829635936,7ee9e6c80bf1b7ec4a52639eab6c128c,13076,campinas,SP
d03e957168b70cdef000379fa0aab72b,da0e31c87bf4dabf44ea70f7a990f685,24325,niteroi,RJ
40d5f204b84520a278cdc2ab9c557cee,3cb48d16ed9d9a7f438683793e863e87,08031,sao paulo,SP
210b531c6ac741591472a7d84c7c8504,b539cc87be5d56db59b1cf25182917fe,87508,umuarama,PR
c6178bc9698c804aa6325efaabfd1b79,0ec154c53e3d538d19d2e0c8d445e36d,31995,belo horizonte,MG
b2db54577f76360c6fee00282c4fc10e,f51fa7587d5a66e932a62559b501f25e,09635,sao bernardo do campo,SP
af4cda2d3ad3e63a2e7eb0d75379f1d8,8ad15fb1cf056731335e36eb723c0eac,98780,santa rosa,RS
8fcaa1386b9c1b73fdf89b7ee07d0571,25aa30f9f381e3033eddf76ae63adc1d,04281,sao paulo,SP
1d456d2cad6541c5722961039c02ba09,e6a223d0cf77662bdccf885c06cc5698,29052,vitoria,ES
ada4dfd6792c896bde2e1ddf7ec3c196,45b9b6b42cc8af1c16590ffc6d65b2ce,04571,sao paulo,SP
698bd3b24e4bdcce6cbf20053d17f0d4,89bb292c4785e938210399dc100fcf14,20771,rio de janeiro,RJ
04ac10c2ecdfe490a4bf9339c3c145c3,caefc77a8afe553358eabe1d28061b5f,40301,salvador,BA
bbe35ecb54adfb96b16d95c719c756c6,3184d07c9bb680de9f812e750965cfa2,60165,fortaleza,CE
f846253dc08e8b7795097475a05ab860,5849e110158ba123aafd3f0bdb51078e,36016,juiz de fora,MG
795053583923996fa8e06ebf88981274,c8198557f56764b4436d30b9059b3586,76550,porangatu,GO
99383db9c2af4cb2ad7503ec2f552c42,df87b0cb0fe48df0d006e85ad82c2335,17519,marilia,SP
954fd7e1c818541abd4e7b5400a6299a,75095b17a04a12410cdf890291bbcfc3,75534,itumbiara,GO
7b9acf95f2a5e2c59942cd80b765db6b,74960d21c8da9a825f5f24d81fdc7d7d,01238,sao paulo,SP
618f5049ac85aff4279509a3154eee38,77869cd71313b554191ad7f7df10231d,14680,jardinopolis,SP
cf7ce922150eda8741cc086fa1ba721b,3d54514627343e42a4e59c88d68df5f9,83324,pinhais,PR
e37bd7eb6e87c6a9359af8d765efdd6b,58b6836f7a2772477ce03e60c6d06e82,03520,sao paulo,SP
971b5100c36334ff389c9ba8db84c93f,d3882d7abd0c66064d740d7ed04dd1ef,13073,campinas,SP
dc4f5706be870acda3bb46094e505062,394f75d5757df3b195e34a78d73f2642,82200,curitiba,PR
43c81caa01b8ac5a989eecda84d57906,d3f1ee08b4f87f5805bc6cd0376fc836,01415,sao paulo,SP
9b1cf85143c429c569ffa542f24ce20a,bae6687e2e07f749eda874adba621bd4,02618,sao paulo,SP
9a935364cca30059364ef4469083e8f8,eb1f4848156c397ff6d7da148a5af228,31741,belo horizonte,MG
fce9f15b7b5a66f5a59662b601f72c58,c496d3ccdd7d9dce19c623dd75a6b5b2,05161,sao paulo,SP
e13f009104ff6db9e8722ff60788a3c7,95f225051e0d3ec011afce7cc422668f,18016,sorocaba,SP
bfe91080846bf422f0f38f6f2ecdf1c8,8e91711488bb4f319a13913326f72227,07110,guarulhos,SP
d961229a6b7725cf493af5726e6453ad,f0ec6a441b2ad8daa1bb65b446bdb759,29101,vila velha,ES
43af39a59de7efb1a6eaea5cfa1b099e,83ffe73bfd89dfa206b40ff22b620ef6,35970,barao de cocais,MG
49028f064e4f19ec1ce88607c1b40595,ce87153ae6d1e210517154ec1057aad5,11704,praia grande,SP
57856512eeb5d55a99c26b58906b291c,307257add0e91eebec2e24a70e665b1d,04545,sao paulo,SP
eccf5f0bc39613de60c5ca015a5541c6,f34cd7fd85a1f8baff886edf09567be3,89120,timbo,SC
0d322d00e59c4e1f3487753c793d89a8,07edb6092d391eea668598f604cb8a80,13412,piracicaba,SP
9970215408a648495484733ce1e7c7f8,6a80dd4b607ce488b1ee3d586d884776,39990,aguas vermelhas,MG
1aba9d2a7b717187271edc2f163c1d89,caccd68dd4f7eb6c51f70c91ae9d7dc1,79043,campo grande,MS
75b6f2177527893e0fa037a3f3b51750,c54b688917ba01fd1529c189c1f593d3,13225,varzea paulista,SP
dfb8efcf14ab981879b8a2cdc810a496,4abe169ffe947fd9a577e51e6c19e7b6,05030,sao paulo,SP
6c6e0770deb19fabc54d902741d13d76,2d58ac08d316a28ed3ab24e8c49d4a84,06355,carapicuiba,SP
d09e32e1434fea56e44cb50f5e339c04,d4e908ac03632e2c7f609dda2d9c036a,32015,contagem,MG
34dc1959beee5ccbddabcbe79132f8b3,8b9e6aa68f935c6c7bd002db3bf66c30,11704,praia grande,SP
e3b2363f99d58cd6fe161ffe0ee40a95,5cfeedd15a7c79f117a1a2cc2451cb4a,22230,rio de janeiro,RJ
045b31c2888ad0ee254e1387e410ee89,050555c26479bbb8ba0740c37e7454d0,04675,sao paulo,SP
9dbda8f2ce19f108d4c32d085ec6ffa3,7ec0e18938791c57eb16ad7f03edcc06,14140,cravinhos,SP
5f76c3d42d2be19133cbeb10a8dc9c30,3786ff0b21de0d624d9897bd32e46607,92500,guaiba,RS
6cacf8729fd44aeebced2d7663c0190f,679042cececa53e18d80bc7a651980dc,32900,igarape,MG
f65a77a160b54821f47499e62dad9ecd,d4282fcc5e857890e12ce8444d99b5e0,25963,teresopolis,RJ
35edc87c2142977597491383fc6ad092,f158ffc1a88f91b5206241e14ff1091f,62800,aracati,CE
c0e3cfb4fa98e3cc869c637ae3c1f409,161dfc7e9f94935e42317c63c5f8a779,88062,florianopolis,SC
e35f79caa4703bd0fcdf2ac0a9b0a23e,4c09b258e20a3330b4b49b01c6733ca0,97300,sao gabriel,RS
14fb55c459d876ffaed351c4e23351b1,9638a1c15270c287a78d0601ef262963,96030,pelotas,RS
d31acfce2bfa2a4ed0fb7fb1159c2114,75e4c2f907bb7809e77f060234c93e53,24450,sao goncalo,RJ
7e43cf5a5dd354682e8ea42fa88ef9ea,9e8dfd3023c5d27523c782d7c4245043,09071,santo andre,SP
7556392e5dea50250680dc5e7674cc7d,36db357344c8891e84f88e8d3ae4c538,69901,rio branco,AC
61e37cd4d08ef3e66a5101b5545aadf4,9c2130b99f63830f2882465aea731aac,76803,porto velho,RO
f7c37ea4c192ca34a41159557f27837b,5c36b592094a7bbd878ff0869513f263,89460,canoinhas,SC
dbc1a1b144802a54bc5b1addffcb8067,269238842d68fc9e05ce2261942cfc28,06728,cotia,SP
4818f4fe96d4948850d3b4673feb1da8,453c2895f29b6d9a47f8cb48e00b024b,01447,sao paulo,SP
0f487d3ee79935c828e5317b47c4c9a4,8cb9eb3a92e7bc1e9342a365a72a6fce,31980,belo horizonte,MG
6df4246f1cf9de5292f78450941d26eb,9503f4abe0712f09301bfb0fdfc280b2,36820,divino,MG
fabb60c6365514576783dd1a8a6b8ad2,5e80a55b5e4556cc4f802aaa5a2e8789,89850,quilombo,SC
b45ef5a4dd1e77011397f8a96bf60f07,4626b3df7eeb8eb910ba4ad2021a13d0,04763,sao paulo,SP
e17ea06f5208a4adf2c64c1753ee9af5,4f703d6eae4d281cc09a785b51c49344,36038,juiz de fora,MG
0322f341d1346fa8ce5c28ef835f2f67,578dd7ef7f97da2aa0a2dd73132005b4,37440,caxambu,MG
6141a788cd69f6a184d68dd2c6588b84,104db57722138cf0f74966b43030a0dd,89110,gaspar,SC
8941b349c86c4d2d9bc5487da97276ef,8efcf8d46a42df3522551b16380846fd,07241,guarulhos,SP
34ffb9a7e46914a4e9cd359ef1cd8335,9678c2b106bcbef78abdcfcf2597af0f,04532,sao paulo,SP
8dff15b503617623491e9bbdd7e6d977,2012db34ee78af8a52551ac4850def91,12215,sao jose dos campos,SP
94ed00e154e845ce2950839d35b0e196,b69f63b93d7515ae7954a7f5cae50e4a,44090,feira de santana,BA
9dd030c8d696939ff4a035e932ac3b19,05755725f3a0c8a02ff4c66bed06628d,22431,rio de janeiro,RJ
44548d1fd6761aa2423f6713c0d8ca75,b6da6ab100de9d85d855bb67aaa2157d,13190,monte mor,SP
9916715c2ab6ee1710c9c32f0a534ad2,bf0303939d54b8df5da4762bbaab1955,22631,rio de janeiro,RJ
bb837c97a08ecdabcf131bfd33098c27,2910d75e440fa3665195c16cefeb5618,13825,holambra,SP
a4239b620a64a0e59a683c996203747f,1fc61b8d4d9de325d9b3a4f945cd5eff,89500,cacador,SC
3c2e7801b4935aab59ad135bab7207e6,7c7ac4b5bd7401d0d5887371f5162c95,39750,sabinopolis,MG
eeccbeb8108e336dcfdcae4fd220dff4,1c423cc2d183707c9b0d986e9cc9a263,20960,rio de janeiro,RJ
96d0b462e6455c019d2b68764af1a611,0e4797a3c58af30a243771aaaff44806,05425,sao paulo,SP
1b848bc58de81ae1b800cf3a4571bedf,2db7f214cad74f77bf16ddd07ec20b35,17606,tupa,SP
3560402b2a4ff51a8fc728b55234539c,3e8b2eb038456ea0b4ab38cb1930f464,89504,cacador,SC
798515ecaf12e2e595906816414668b3,d1b106a89bbb86bce9876a9700987bb0,64460,agua branca,PI
3745f821304d2d872da468c124e48b3e,24d25c0dcf940b111080d2a8b8db6346,13617,leme,SP
9b6d99e4fad63c0af01caa003bf8227b,fd82070a19eaaa47a5db0ea3f3a339a7,15900,taquaritinga,SP
eb31f299c1cf5985343718bad2277eff,0e8fd0a7c045c5ef834a20b373deed77,07953,francisco morato,SP
752ce9de228d0aa05ded6c88c1b176df,160323ca3c6c7ff39742d1a949ff2df6,21931,rio de janeiro,RJ
7882d91898341a59ddd07cc20b613d40,1762922315d21b4fd5205f8f9c0676fb,85410,nova aurora,PR
83564e084d6459291605b2d7fd3ef239,e15fd1c0e29b847f07fc1b54f54d435d,88703,tubarao,SC
7be16f4343bb4890564d03bdb43fbbe8,38c157302fcabfca064c415c5716c618,22790,rio de janeiro,RJ
7b3bcacef7cca9f803ce7ca9f3c43285,9f530e81ed3d659caa06433c94660d4d,91050,porto alegre,RS
bca356cac6ba081296797634c4037941,381917c1951b8e044dd51544f465db6d,06030,osasco,SP
5e765dec5f63120d512eda39cba7574b,910c15bb9615ef213506ee9e6d58f0ff,26160,belford roxo,RJ
a1cd5efdca80422ec1850ef1c30679da,34471a8e1a3d5425d255efa7d4b06220,31510,belo horizonte,MG
86f78e419a3ed5dcaddf3bd5d0c4adae,0e33296ad5367ab09c2788d4b25fd88f,07193,guarulhos,SP
89c4c6c5d68dd784c4bd60c4d4500e4a,ffde9f4d5007c6675904e26947ba4538,36420,ouro branco,MG
8da3dcab0dbc48b3c72b777c51a5bdd8,3b55d03bf003a04f9e63d73b3761d270,05469,sao paulo,SP
6855f38cbbe15fbf194c2a7153cb1084,66675a0970f32bf9dc0d97a79a19ea2c,13345,indaiatuba,SP
51b6c0ad67128656b6e4c745c947e6b1,8b1ccc13f7b4f43b1086e25ad6de62fe,92020,canoas,RS
f84d4f781159bcacddf2359446f5e346,5bd67e9507365c5d3e2687293e17dc59,36021,juiz de fora,MG
ff567b222d32e3d5198771f4125b7b40,fafc4a24221fb5a48653e1bae9138e22,26900,miguel pereira,RJ
b7ae8ccf4db05cfdefe709e22ccce819,de0cd4a836cfd7c507e551fdba5a0bc1,23032,rio de janeiro,RJ
6677de4eafbe968dcf5088ccc239aa33,088bf76cf4381f8f43e7be30e6635cb0,06950,juquitiba,SP
82c595ab5dcb46ee4c08bcef2ba09981,132acb0eb75c96160db9e064d80e42d6,88901,ararangua,SC
a1d1ecd237076de2d356d68e839faced,be2a6ba6f77e333c3c2d42228666cfba,18116,votorantim,SP
6fd2f8d3c584b2fc576065ee15425973,fbc1f243a1ad68ccc93f559bea2d4668,80320,curitiba,PR
ec5b7c2e69bc8d387c31867ce2eaa513,509e36f77163f5713684bff57dd33178,76410,campinorte,GO
2dffab2135e36d25087cad94f4e559ab,82629037a1fd4821b8645ceae55845bd,58051,joao pessoa,PB
eda6b1598114de1c2eb5afb5a6d21018,0d3999b145afab708cbde85968e0a671,04311,sao paulo,SP
1642b8087a8ca0c8592becff7e183c98,7db0e861eaf42d32a0d33b31cceed567,13506,rio claro,SP
355971cbe54e13e55beb25fab74f6988,4387c856607a91376446da32e4a2012d,09070,santo andre,SP
b7dbc8874c0f2dca8ff7b3cbd24c4f00,50d02c9ae56997f6e094f25ed8d4dcf9,95032,caxias do sul,RS
6d9256a80c8c0dd00015b9de77cfc08b,d987d4520f5c13ae250b4bd13f1eee88,78680,cocalinho,MT
83363e2b97e2a94fef272c583596704b,31eb14dd2412b05ea652e84cd1210049,76821,porto velho,RO
f9e7b0ff9161b2eab0a9b8b1d71052f5,f4c75f24ead36ce13bbbcac1d11cb253,18609,botucatu,SP
50519531841fe7d36eb7f8f4d00976ec,b8481a1849dce23058ac77f7b31a4426,81050,curitiba,PR
4a48b28dbf436ba2317b6dbd6983511f,9ce2d5b6a85bb8ad6698359a8bd02da3,55860,sao vicente ferrer,PE
1b0555269127c13e727a1f3cb545faf2,29939d49096b68defc67b5d5a24cfb6a,81830,curitiba,PR
8638f9c20217d9ca8eaa2bd445316c7b,b84d0234fbc20556e933bf38acbcd21f,38440,araguari,MG
f6861794342e5bafbf41a0dee21d3258,fbd6f827799c2af60c9b3de56d52917a,05185,sao paulo,SP
ee55320c214a7ac7be7f488c6a63da0d,1256191557354bf29497a6f8ea3be86d,28013,campos dos goytacazes,RJ
395c44bf285c05b0139dc04884c393e9,8e360eee126b3355dbe942a211621f63,25675,petropolis,RJ
667c857bad32b1b14826b5d48a1d5f41,9e746868bfa9950b468496d66919449d,08576,itaquaquecetuba,SP
2354598cc2ca1735aa0ed0994a6d92b9,ad93fad8236116a49b08059fb2bd8145,03151,sao paulo,SP
2ca5f0111cef8030082e8adf6a068f6d,f86871c7161e1c8cec811766e1594628,28300,itaperuna,RJ
d55f7f8407616bc05b915b7a6561177f,20e109b1ff67c418692b5b3f9f36cb82,30260,belo horizonte,MG
7cd85ff9a069e8822b0f0b328e9f7dc4,3aab41026b7d8e1b0c8d70b75139d842,65400,codo,MA
f27c2fc8a0cd988fff5e1e766dd16e67,82b91eaddb2c4147fd4bf75753937304,18074,sorocaba,SP
c459a3e01cf597d97c9b5c1795852405,6541e9e4338ae47c96d25fa8d839efd1,04847,sao paulo,SP
4f6601688da0bd1e6f7d19b8616ae639,511bb2564ed8ff670961bcf7dbb149c9,01202,sao paulo,SP
51f1ef966d93ed18b593af1a76438594,4bc108637733325cca15daabde296982,96508,cachoeira do sul,RS
f857d90e198c755b1cd0a41b151abaa5,8dd1c4dfee300b9c130464418b0b7dcb,04672,sao paulo,SP
4f41913e9ec8b0688894cac083489228,5e6f547641154bca7e575f7e83ed136e,01419,sao paulo,SP
bb539015ae0ed4d191977a6ff3a2005a,504621c5495e49b7ce715b3e03e13670,22630,rio de janeiro,RJ
1e02ab3ce71522db7370acdae82e6b64,84881b81efe0ab121a717facb12192c6,04308,sao paulo,SP
7697f7872fb522d66c20682c7e9311e6,1d9921da25bcad8d416a10a8b488ddcd,95600,taquara,RS
4ed9c0afa4ea1132e602cff348fe99f1,b944c3b5b9e091c480931826caac231c,39401,montes claros,MG
28dafe3752a955e9eb3eda8c9ac7c636,27d92917549edc36b71d40831c079069,95200,vacaria,RS
801e6d59e9665f5ed9fac67b7a5ba67d,915219fa5f275ea30b1607e5dc78ce78,01224,sao paulo,SP
216a6db6f1a98e8e2ba140b34bf17d8a,3fa14374b8e4e4c1015ee6d6a0313607,08373,sao paulo,SP
7bcc8224c35b0255465d83404c662c23,7c6c7c9d99111878e8a53eae17cf37c9,38408,uberlandia,MG
f0ae81a403ac013c63bbea4035de8083,2cf2aa79a6a7165ea380a4fcea303c0b,64049,teresina,PI
b6021af6074c8657c467992429b9a368,80faf0a4dd69bfb39d05727aa42f2331,31070,belo horizonte,MG
b4bfd1ea3d936462015549270cee273a,e3792253a2a90ce93274393fdc332b53,21941,rio de janeiro,RJ
8210d3d4c6ffbe4d7cbe7aa1f0e73f00,7ad7f6b3f1e1b843fc5b9a5713ac895a,27274,volta redonda,RJ
f05b67246802fdc9420af92d504f8f08,5106f6e78344034615d6d013df43bda8,09130,santo andre,SP
397cee5da1a7fdfbbf0c6164d591246c,fb14459f7393f821170896328c3ea8e7,83490,adrianopolis,PR
ac45ee3e11fd372c565f108ca5b4c10d,425391efe8e074a8daca1ddc620f1e20,05175,sao paulo,SP
c0ee2597fcfedfe7a39872e74ca75f73,3c38645e45e10d29cba2897019948d4e,74913,aparecida de goiania,GO
a88d6106a6f0351a07bd7c3532e35309,6217b2ae0dfc1034e067dbeb5f760823,13401,piracicaba,SP
27259d491734d9d1b58f97938c0a5c01,eed4189bfc1ea0c708e927cf93d63bdf,29260,domingos martins,ES
b1e400431e457864b28ee85866c790a5,f24ae58572be5855ab7ae1c211bbb810,14040,ribeirao preto,SP
9ac96931f198ab99179b224796559427,48bbe346ca894a3473b715c94323183c,59104,natal,RN
7dc919067ead3c078025c82e800efab7,605c9f2be41b1632bec3dd720bc4fdce,85440,ubirata,PR
17602b0ca034c6c3142313d06c6beee2,b63a09b69bafe4a625167b72be24d08c,59596,galinhos,RN
77a7c76e4281241373f795779bdb49dc,911704cbd367ca74184a625ffdd49ad6,13417,piracicaba,SP
17ec3674dce86b3240e0a333cc51112e,af97d12238b4f8b2fdd11edeaa843655,13330,indaiatuba,SP
ed088195af7cb6b070c14b39d860eb0c,b6019d418ed678bfe646e2985c25bd8c,06787,taboao da serra,SP
13a71d9aec2b8b2dfdc823428885df9f,45bf1e84a67fc16098d43641f0be50aa,09290,santo andre,SP
63ac9058c1f1f1ec7f174e8d80d36ae9,6e333942859ee2b644a75f42da7b1c5a,38610,unai,MG
126c07766dc7ac241d1147197509edc7,89232715b456747c17c31663f25e6453,96470,pinheiro machado,RS
407b735b2eaad546c9f7c2eb72b1538d,b91add0cf526e3af1deb10619aff244f,13478,americana,SP
922881c74bf4747371821f55d4c1c5e5,767c4bbed66053b2518a32b5948ca5ec,88336,balneario camboriu,SC
67b8de516cdaf1aec60ccbc32539fec7,365638163009b2be76d4723f953eeddd,13920,pedreira,SP
e665ff378c7fbc9320f3a9507cd7bfd7,093d2dbaa3ef0b3cd2ab570259244104,89500,cacador,SC
56d81219d0478974c287e04cdb0c8c6a,fd85a7641130055820c8a06a919729e0,13206,jundiai,SP
f91f25c334f44970a6b8e4b2f3b24f5f,df3fe24bb641f97427acab1c46a06dd2,83750,lapa,PR
957e79d34a00288f566fe7b082516945,3567cb0ffdc5163858a98f5bdf45e58c,04543,sao paulo,SP
17296c1b3fa2a73cc61cf32378a0a042,9ad4ea7335d8855261df49867b57a722,28051,campos dos goytacazes,RJ
74c13a9a97a7c47cb019e0321d632c21,e43dcfbe118afc9d85fcb1c70d0c027f,60750,fortaleza,CE
bd7cb78e215c62dd6de90af929ce719b,5c6869e88d93c5c95f03f7553701861e,15600,fernandopolis,SP
2c2cf42c9a603bf3e1181fe3be2cae55,f467faf6cc412f3a26aa7203e82bd13d,17290,macatuba,SP
252c0f494f702d4238a24ea47848b9bb,60bb068bf8d8d846b47af790ef190b3f,88210,porto belo,SC
80a46d4f35bf6a44fb4194ff13d945c9,45f8e065815894a5aab5e89b61dd7b52,57570,cacimbinhas,AL
bc1cfdbdfa0e1499a18607f73b802427,9bc4ef23c74dcd13aa52c0c7f9dd8c65,09404,ribeirao pires,SP
32e429477849a42e050fa5acd4cb5b07,d23b2f992c2db688a5f8f0a380b6b2e7,03634,sao paulo,SP
e26866fcad952f322729ccd8b71e2758,4dd1c231ef57f033021044544dc5836d,26520,nilopolis,RJ
2c7ff1f9724c87a046e3c9979316b202,d7f6e9886ca95a44f332ec611f8cce9a,19470,presidente epitacio,SP
39c3f481e938b5d378f444f0bbda5a36,9a93e94e2e584f30b3012a2f52b9bcd2,97574,santana do livramento,RS
f5bc53444f46ca178517d520d40bfdb4,45530334bab265e2917d54ae975fd34f,91720,porto alegre,RS
4ef4f77528c601288dcfb9c522fcf103,1c4198b6d5b7dbe414001304f2442a60,08735,mogi das cruzes,SP
e40a86e78d60c103d448be6806343e52,972d6a06c5e058c99c4186a5d4de4476,28897,rio das ostras,RJ
d1ce771663ec75c1a8fb584ef7ccfaea,d5ccfa0a3c2abc8d9c6781a15b647302,23895,seropedica,RJ
57bebcfe34e11956f3252325dd271c1d,9b3dabff65be6c72db1f0c127bd8cc42,98920,horizontina,RS
db65d3d5913f8dd4a22f2b1869a09f91,03811020285557aa63dfcfe1f1164df1,11740,itanhaem,SP
89eeb5f63b668897a8bfe8f4f479acc1,0ced6426928486b4520f01ac93f4dfbe,36160,guarani,MG
e5451dc58f17a2109be360902da779ca,149aa8791868ad47407ebcbb99da5bac,13473,americana,SP
042427dee0803c0cb485dbf592083a4b,7c7cc02989ccc874eb0b62f2a6682ba8,07803,franco da rocha,SP
12124d576ae42436cb8c39b2623d6e5d,6c4fea95f5baaadf8233adb0fdbc6079,89518,macieira,SC
8de81ee7c1797e4052eecf95867f2be0,ec3a72daf6041ec5fe6b31b03cc05752,21555,rio de janeiro,RJ
cdea0c6f9570d87de1f7d901543997ec,2fc5e667ccf2a1c87a798be23f1c920a,28637,sumidouro,RJ
646f0c28ef155ba2f5413a913f84d73f,d9e346c9457c32db8cbaab245459d799,11700,praia grande,SP
58ad68479691db6a7a4cdb3c83184080,b2bf03dcaf210222688c05da933599b2,36820,divino,MG
c6405c62925ba71e578093f93a07814a,57676a65c7de0eef9c74222d306f8fdb,03728,sao paulo,SP
7a421bb11d92f1a08e384f216250afa8,02238d275f51bce58c8e97218621bd91,31150,belo horizonte,MG
3b4045e6537d8e41d9c827d51a5f28e9,85559e6e6b4a10fd8171a9ad0de5be67,81830,curitiba,PR
a2a34d52a5ca3c214067d8d87f6ddf21,ca9522ba7a7c70fc06b2a82471681ce4,08566,poa,SP
7348187e64b170a69c585be7d2d43789,c3f959da40bf90cf772c9b0eaaca974f,06455,barueri,SP
0d381842c7073a0180b7dd55a1bd49c1,d18405230a228b91fff44381c584cffc,01319,sao paulo,SP
c8ca4bcdd8d22697394008267108810d,972298fc739479c1371372eba95dfd88,19051,presidente prudente,SP
1871a12ac5e835c89fa644d16d17dd22,15a8721818910eef7808af4c6f68570a,78015,cuiaba,MT
fedad553036c744cca336c2ed0722e3c,b8ad9cbd6c6a50ec05e51737a48eed62,26140,belford roxo,RJ
308667a56967ca75ca916f6f143dcd27,7832c9a8eb62270795cbb72cc9b0be41,09540,sao caetano do sul,SP
77fa72bb31036e933952e5462cdb922c,af1edf385e7991560620a0f97fa3506e,38150,verissimo,MG
82eb0f700864871ddc51572601014ba4,3637427810e4bac79beef302284a8888,06727,cotia,SP
dbc9104a798de0ff6af4de6a32c92f70,f361fb29d1b82df3c571339b1fd3735d,35400,ouro preto,MG
f8f17b5c6c08d31d25a3bdee0cf4eb23,0e9decf7b38058a73ba389cbb2808449,04163,sao paulo,SP
f45377e42450803266fcca68cb51988f,e728e3a7d46a49ee5a95ac5573a72d6b,56000,salgueiro,PE
6d23ead2840b2bcaa51e07c0e7b900cc,93aff4c7cdedbd2aa4315a3abde11244,86400,jacarezinho,PR
b87f977ff3eb88e15e3203b417f51332,444d40d5ed5d2215271e5f82116a82f8,54430,jaboatao dos guararapes,PE
a06cdf060608a4a80705bf5860bc8f58,417021b1b4553c55daa22f17dbf37cdc,22790,rio de janeiro,RJ
68b476a4ea762d1de4bc7eea1942cc93,e887a80ecfe48b186f02c0cb0cc1168c,05339,sao paulo,SP
611ef20bd95ccb865a0fac20facab883,93a842d6ab8fb82ada2ed64c31a6b61c,75650,morrinhos,GO
b7de4f270639c0be7a1d7acad731e1a2,cd65d274e5e15542b5d822ff3d67e897,06543,santana de parnaiba,SP
5d24073c1bf0ec4d86e3462f754bcdbe,511a0ab9cca232b6917757c2363d125b,05727,sao paulo,SP
f112c661d9149f3844db8894fa301fc3,48bee6398cf4b03b2ae37582cbcc110a,39563,santa cruz de salinas,MG
7cfab6c12495b3bf806ee0fd3565008f,f0022eb1b509ab1d7b15e3cbe15c515f,89068,blumenau,SC
9bbb164bce1773571bde10037092bc42,a1a0841d89f84138975671f3d0c5842e,13332,indaiatuba,SP
42a99ab9bfd1b17172c9d6a31e4958c8,0bd56a5b9bc807a333db5dc0602861ba,15900,taquaritinga,SP
7974eb74e94d3f3e1031f74d1b97ea5e,fde3e12f9fc7b5df5946a9c8256afe61,12220,sao jose dos campos,SP
7e176ddb04e521f4e57421aa4ab5d5a2,c3453a398113264ece1c473555770991,53230,olinda,PE
f6e11ac509cd8cb560fba84ed1e35304,24618062e51506b321b82550653d59f3,48904,juazeiro,BA
8e3cc780250f03dc790d7f185c6c60c9,48bfb0e7bc39f3d4dbd5b242179be1e3,03733,sao paulo,SP
ea846bd28376b61e0da78638d96c5931,f1eba5a73615098b794658b5cefc0e90,29313,cachoeiro de itapemirim,ES
6adf93122eaabf5504841bbaaa04b99c,80c28fbae01e78ee812bd4748cdf3fd7,04544,sao paulo,SP
269ebe5042123ff1dfbfc95d52eae825,c818ec5c41404938a0bec244f3f81cbf,88160,biguacu,SC
7ef506b26788845ee213aa6914da6ff0,52364d6ab04d39040efa6c5c76ece23b,68740,castanhal,PA
342c4258969c528c3469db9acaf6b0ad,2605c5e0b518e57802205cfb05246774,22790,rio de janeiro,RJ
d4a19ca31d0808ee188fb0b6c27f96cd,63912a9f793170cc216899d8b90a9c0b,05007,sao paulo,SP
3ce4bd5e629bc800593c0abfea2d0da6,e03cceb9b5188e6489bf422a11e9405a,36025,juiz de fora,MG
72f8edf9440d0b002a8c5a83884d879f,88e57e047b2e41712ef6757f15943023,90160,porto alegre,RS
064df8d7cfbb640ce62f296cd3f76c35,1b535bdd0263b5ce92aeee085a4da8bd,06530,santana de parnaiba,SP
f98eb4f19af43aace4aae7db3c24229d,556b7a1c51bfef61bde3ab5d03f850b4,65560,magalhaes de almeida,MA
79512c8103a1200334da323541679999,e2889baccec81ed3bed4d66c1c675cb2,92990,eldorado do sul,RS
151b1695d3bed9df99aeda2c19ea3e2e,ba31ea04a575dfe13ef189d5dc797a5f,14870,jaboticabal,SP
52efb714ec49e013cc9dd247bbd7ffb3,331a90f871396eca3dbbbaafc0f7fb39,04349,sao paulo,SP
cb0a6db21e3691fc30b737162fee045c,622b0d2296618ff97b7372a37d60c535,06435,barueri,SP
5cc1b597806534b1fd8814a7a9d85230,7d4f2092516e2d6d87f82491164a3609,04029,sao paulo,SP
268618e50b74d8bcdd12b134768be28a,0a0d780ad8938b9950c2130bf98f01e7,31720,belo horizonte,MG
067ccd26a1e4082be06995121d90c1db,b6fcfe26e042fcd4a0640d77c091eda5,14806,araraquara,SP
c2c6de553b9ae7dc0ca347bbabfa376b,394229bb1c815a3511d8d3656b0b245b,45656,ilheus,BA
ed633bdf429697a6305355676bf12644,2f7853759e65f9ee58e4fad9d5dc6b67,81070,curitiba,PR
5632f9bcf2b8dbec21e40b4a3a9fe7cf,175d66dd9a312a63f9082689fa7b665c,13450,santa barbara d'oeste,SP
301547793a0933aa10e383e3120c8396,48a331df466908018600958dbcc6258f,18500,laranjal paulista,SP
e943e6bedea48751d312af66c93f0592,5badadc48b0a8ea924cb77d130365070,14825,santa lucia,SP
819de25ead97f171c5aca3e76048c843,362135e70ef2c6d5b1d551723523f78d,36570,vicosa,MG
fd679638cf2e396b35e20a5ed75316e1,89f09964a22650a135e5e445055ed513,31060,belo horizonte,MG
f08a73ccdb2f87d8b4ad103ebf8b542b,ef88889c26945ab7901ad2b87fc26d6a,58401,campina grande,PB
2e3ae3d38cd0aaf455b2d381b4d8ac34,cff1532f7fd452baed0e3ebb68b97220,29725,marilandia,ES
e10711e2c6acbe40d4fa6ad9a5bf647c,f47665989ba7311aa9c98a201d4c29ed,05017,sao paulo,SP
966912f20c8442f872cefe072d749ce6,6b0097aeeb7a1291d006b971a18a5430,84130,palmeira,PR
c01b8d38e70bb40c4a1703933a095d15,8b6d6506fe60ed7b4612246b89650b48,08430,sao paulo,SP
e672223579b2241f67b57c34d7aad49d,db3f7696bd3e4d37154c016633fe1779,18053,sorocaba,SP
31f0bfed6ed789da8198c1478815e537,8f57bc700d1417596da165432439c6cd,41603,salvador,BA
e155239b84f65a2131ab4ade06f9fcb2,af5b766ebb8329a34871cbafc1e2352b,79062,campo grande,MS
85c3e565ce3826154c5cfb9821d6cf6c,245dcb0dcba2bcf1c6e1e6e9fb6caf5a,24342,niteroi,RJ
5562b9ca12dd2d9bc4deaadb6774e3eb,5de99aeb246c239dfdb3db80bd8d8379,45400,valenca,BA
9b8959f26f86edc945df217520cbeaa2,df007ad04aeddf83412205ee12f4eb6b,08215,sao paulo,SP
774858779c1de29d2be62401459a8ca0,f944ee56d8467517955c2ddc7b0d486a,89253,jaragua do sul,SC
daada56f7d2e74dfd291d652b7e03ac2,b830bedf28690adc283cc2fc24a61768,17160,arealva,SP
500f22fc596ab5a23d2e5ce64ee64859,0680711d6e757ec7287a047650d3896b,79603,tres lagoas,MS
e12a48d77b46d7e64fd1480133932637,9ee6a9ed50e0887e22a362c196181448,93270,esteio,RS
2ba3edf091e33c433e095b2f53716362,25ceabcd8e79d50d5c4b252a250382ae,95780,montenegro,RS
563decc20c79fc58f6adaacdfb49ba66,8ea83bae2f79bdd6075c254f29e29682,75650,morrinhos,GO
4f431dee2efccd72a2b5707929dc85bf,59a2c18c257098c550b92d28d79d7e36,59054,natal,RN
045103dd48f804644731c10cfeaab4ae,18aa614e7e09d0c2b0412ba79550c48f,21920,rio de janeiro,RJ
90c5c0ff339811cdbf13a8a618821c68,04c99e7b04eaffcaadd21d464c081ff1,20771,rio de janeiro,RJ
227b4936c1389b6feb5a4b2d5a1a168c,6e44eae728cc7202d1f6e3f5643a7977,04057,sao paulo,SP
744ca21d4a6fe2811956757ce2a655af,286ae84ffbebf4345ffac061734c8b7c,41385,salvador,BA
b23e3f110598a3783b8bf7cf6e342d31,d82e6b209c048cbb243bdd21489cce06,01329,sao paulo,SP
650a53e13d36c61649a28f7547cd5cf3,1583bb2f51e73a1536cc11aa4c45cc1a,13420,piracicaba,SP
0f3303966706b6737bc7a6a198d9caef,9bdce68d2e28700a6eec0cf066db9676,87053,maringa,PR
3333f866a124d5587c7b3233bb9173d0,b381a905e677e24277fbacc1afef5807,18610,botucatu,SP
2e3053ee55d4b333b97718d232cef54b,a243dc5186ee281a4994995fcc7f06c5,65900,imperatriz,MA
c0a8281c9a51b166d389f6ee6c144dd2,2b87779ed81054f89f79a85f4c56376b,30668,belo horizonte,MG
94096a363f342f57215e81c0fbfd44d5,116eb01461ae0ac3f20de05d49756fa1,29101,vila velha,ES
b3792fdf98c0b1beb9a20639840d24cd,811dd611ca033e22cdd9a4f8fe620500,39560,salinas,MG
ad8357e9c4b9a78d08ec2bddcbf2dac9,518199e5f36305bffce18e38aa2642aa,13088,campinas,SP
08b7ead7979bc70d24c137cfc578f932,2494641a599ec7a7ca3b1e981fd194b6,16018,aracatuba,SP
c511befcf798066fca8ef14738aa0468,9ae64b9359e8c5c574906484dee83488,06361,carapicuiba,SP
692dd6534618720df0e4d0e06ef0a72f,b08fab27d47a1eb6deda07bfd965ad43,29930,sao mateus,ES
ff8fa0e333a5b7b5362e76311b4ae90a,62bc52576b7c3dd70b058fe576093165,77062,palmas,TO
97695065d34f80b2740f3b21f7b58493,06a1c3debf78ec7a3525040f6d9c16fb,09280,santo andre,SP
56fac5eb4c32d40116bfc54793d9970a,f80a7665b4f7a9a0fe34188cfd755d62,46930,palmeiras,BA
59d0d218d4427b9960ee18cc5556770d,e8b6125bf3d0401db0c1d2cb7ce00c21,78050,cuiaba,MT
4748537243b6dd724560fe319c0d0b3e,60175bfd69d1cc0028a3b30d5708492b,02202,sao paulo,SP
6ba7e84c04186c7d84b9c549337ad3c9,b7cff6ff428658802ecbb789b1205d35,57084,maceio,AL
6ceae544a7b14267290dbaa361e511fb,d2a99116b467ff71d74438a6f3827c94,44750,caldeirao grande,BA
31d517c2ccda6a4b33898d5f738ecb3b,e5c080a674f1c1610f4c1385a394ae60,04006,sao paulo,SP
24fe6e2ab7cb4705716e683ceb471d11,c1016b3d5f035219759c76a15cad0aa3,05783,sao paulo,SP
7c495c9a1dbeeb7167642f15ae11bab8,967ee07cb69460a7e1d42c7747142572,78600,barra do garcas,MT
356c120cc0f5c573bc74d453e0879494,1bac5cac312aec1fd7e3d7ea6010ca5f,44088,feira de santana,BA
42bc73dba3fba40b50d647a428d1089f,02251550f4d16aca44ce66e4263c0522,05501,sao paulo,SP
bf05c96123ac83f4511b372d5be1de25,d3dd95e28fea1330ca84644f12339780,17700,osvaldo cruz,SP
7b8602bfd7410fdbd226bd6834947b3e,2c74de174de65887717532ccb94bb5eb,05138,sao paulo,SP
4652920f1cba5bd776eb8a737b0b66f5,31dfbc935e91c88c9670960adc969234,95690,rolante,RS
8308d885fcafa1e2ca6798101a8d4af5,bff1f74cd26442ad22202884e089e94c,85801,cascavel,PR
437ab8c619c372caf63fc4b6c8117290,64f8e22b4248f194afb7b62666aec2fc,40010,salvador,BA
b009979731cd5472c89849587673800e,ee43ae31d889d5f180ec0118b5145580,56950,sao jose do belmonte,PE
ecc64422fc766ad378ac0123d5e64df6,b2d356d496455505767dd444dcfa2089,25925,mage,RJ
574c519c49cd1be818c075ed1ca5c6e6,584a1dfaa42bc5c9786a3399fe526148,23027,rio de janeiro,RJ
e48d4cb8ef474097c514ec1958b45f6e,3141f71d872226a25e27069ab3637ec1,13844,mogi-guacu,SP
314e23702a993481be492acdce0cebd5,5fc1d21e3746af8bc54c8c256f8eeabb,07093,guarulhos,SP
c84a6e2da1eeb1774d66c63160a82805,6d7881399e0e3ac31c6264c058f92bce,07082,guarulhos,SP
73736dc7e92f2dda66762d655cd24462,9cc6513293fe015ded4e98c49bfe536d,24905,marica,RJ
fbbf2375a1b32cec004f68916082efb1,a822694d644f95a8209e50258469a90b,34003,nova lima,MG
9c26028ea7bbef31e19e4569b2fc95c2,44e5c1f9d62cbdfb8b2f6cdb10589d93,88200,tijucas,SC
eb1485636d09be205400230836ca6391,7ed179be56d4931f8f8c4140eb5d5c93,46100,brumado,BA
df1e522fe10d104e337d07d3ba3ff108,44cf660de0c0d10e0e3040510791594d,09853,sao bernardo do campo,SP
bea786469988f01a94221fbda07470f4,7a197f277ebc82f12c9ff331f1862d1a,56903,serra talhada,PE
c72574999d02567190f02835c3af476a,7d19f93ed7e2ea8211975b68525b0598,71635,brasilia,DF
f7c730eaa324c05033ac44482660fe07,670f0b21f3a187139488bbfbc6504584,25571,sao joao de meriti,RJ
b39c1c64b6f3e8a4e3373b37990b6614,b1b1b8aecd14c060c3f9dcdfbe315d8d,08744,mogi das cruzes,SP
f3aba96f3eceba3cdf6bd72d2bccb867,4d76635686d810162916423d8c83716f,16050,aracatuba,SP
29241f966f58fcd5d7cd10977fa26190,b259b009b425d402eb2160a3a614d3be,03077,sao paulo,SP
2eff76851dab3f65075beafd2f4defad,8e44f6463c7ec58338d72e206854f8bd,18055,sorocaba,SP
4dd6b4d96472044939e2bf6143a90712,348d2d19d28a3abf896ed5e58fc34069,91260,porto alegre,RS
6a7aa1cff48701b0ece001860af2ef33,62e953a8acf6b57f1c03e198cb2329cf,24110,niteroi,RJ
f71306b04e49155a6c1511e4b01b6b23,1a189f701629ed12afdd77259dcbde0a,04134,sao paulo,SP
451bd3e4f4efa5b33e04885f2680bb28,446c3e114eb1bc4d7fc28fbe41a1620c,11089,santos,SP
b5c36e7b16994772e98044915c5cdd83,0c3ec7e66831c41ad17f2c5488224174,65066,sao luis,MA
11af43ab5aead1caaef7a490b1420a82,56b66db44a7588c58d8ce1c1887f71dd,09781,sao bernardo do campo,SP
afae0f1fa6b82eaa634f9cf041e73814,393a728a1c9ecd68f0ea0c56a3bc482f,22220,rio de janeiro,RJ
54fbfd8234200d91cf277f159fdeae7f,ceaeb6856a01f895484ff24d6d9140f3,40243,salvador,BA
89128b58a471ab0487f3198a463e80fd,23a9436c10d77a5f040576597077d6aa,88407,chapadao do lageado,SC
abd11737bb2ce323c9f72b71cdf68907,6f1fe0c9292ddd25c36d7af025fc28b3,96080,pelotas,RS
7f210db3cc1abe29d89c10ab8f75331e,3922bdcf93b4c71adc360245e05dedb9,02936,sao paulo,SP
e108cd9fef87ab8a6d33ff941da84e27,702cb5bfb50fc8056bd2d615b3e2f014,86410,ribeirao claro,PR
4471480a2199c933b05f842342a6c57a,859f40a26e8b81608c6d035211098e9b,05640,sao paulo,SP
90e0e7316c14e0e5f016dfbfa0bb73df,838f77f7ec5db54608630793f3267bfd,86086,londrina,PR
643c9a48cf1fbc625746c3533e4d7c4a,e2308203e48b22740287786fd75a8b11,13710,tambau,SP
d7ee3bfb60f039d94e21001ab6a9a7af,3c7a1b8817ce0f7814a53f3fc779bc19,09080,santo andre,SP
d71d0786dd993461821ec16125a0f013,bb115f38be57f6772f404c3cecb780da,47806,barreiras,BA
02bcb5c3c7be18d730eb163301b658d3,ff79fdd5f36879f082c750ee2bb5ae4c,36401,conselheiro lafaiete,MG
f7fa34d348d801e384b8372b7877bef3,8e5e9e54b8b78f8c99bbca3bbcc96132,57052,maceio,AL
1add56abe5f6a81a005c64b8e1fb7f8c,2cd8b412a233023c50f0a36f12c5524a,85811,cascavel,PR
e856f89269e191682aec4066d32ffa45,151904a174f924f110358e4b20e97fdd,13142,paulinia,SP
b80b77aff9dc4c13a0b759c556742878,b93a4deada6d827a70b483590de59679,85911,toledo,PR
861744f1359cbaff09e3bbe61ce0fc08,8274f41708ee0e337a2efdcd61c55b7f,45201,jequie,BA
11be3313da4285772a39dc6fa8a18cb9,99137c8a71db73be44549e5a5274981a,86975,mandaguari,PR
73201c44d687e91c32b5bd082b7411bf,b843a6968c2c71e37a5782e3db985ca7,06184,osasco,SP
afa337470e2e86d962cd960ac3bcacb9,a1bd814d14be56675c1201a1a28a6e64,36033,juiz de fora,MG
3c5f67b7722c4637a5936ce33966594a,0a8c1a60ccdf040e8ef6b5cebb8e6f3c,19907,ourinhos,SP
0f6798f2376fb8eb072c4954e4650bf7,a56badf4b7de38af642df3a2470378c0,29166,serra,ES
f94420fefe24486cda8f4c17de67037e,3bb71d80971e282b80a9440260c72999,93265,esteio,RS
b130f5c1fa1e3568060539a4d106f7ca,b790d203457725109c094a893e9cc28a,27600,valenca,RJ
bc9ff46a719141196e645fe84056864e,c0dda51f32fc550867fd99ec415f6b04,33200,vespasiano,MG
6a2e3e4639c96b312ab2bf09548fb2a7,6f7f41a4dd72618dc4b328329ef1182c,12241,sao jose dos campos,SP
8bdc70f24d1f362c1f43a1e1936c62f2,4745885d46b5d9a59e0f403e0d2438c6,40285,salvador,BA
b223b44714378dd59b2e92910714f19e,0af3c2351aa741ac5fb2a0415616dd7b,98700,ijui,RS
671947694b39943052686bffca0fd9b4,d6ac8e0257ab26dd2a04abd505137d73,17039,bauru,SP
0f687ed7edef79545319e147f39a290a,707ff98a0d7bf893aba17c5b961bcaef,12241,sao jose dos campos,SP
49206e681a7405da8d06cf16883575ff,b500d09f227a12798d03911752d1c7d6,95717,pinto bandeira,RS
73635479fad73f30aaa47cff4accb763,74ac946f1e9d688ca07e592a8dc816ef,91509,porto alegre,RS
ce0160296bc8dda40eaa1a3d6f321f2b,b8239433551ada00610698f12e397337,09015,santo andre,SP
1c14557efe31e653bb8541d684865668,e9c54f3e386d135ff64806adb680920f,05018,sao paulo,SP
ae9b787cdaa48607cbbe32d3899f5368,5d3c91f347dbd8a49ba30528baa5d448,30260,belo horizonte,MG
4ad9f3aabf40e6cbb73c0511aa878c7f,27851b9f7f49b23878342fc8fcb0ae45,12040,taubate,SP
8b2abe6f49370b6d136af8e75cefd25f,c48642668651e99d483e1c90f9744437,03147,sao paulo,SP
ef588805eee0e2362fb49f347db06922,ad6cb9c7441bed87f39a478a1830a0df,14640,morro agudo,SP
0d94d871bfa2907282e049f310f5b335,fdf526991af341d68b46ff5a194ce0f2,32017,contagem,MG
4ae146b62393e6b565cbc8d6cc149233,7c94d323d2188159253000480f1a4839,89667,piratuba,SC
a36b51ac1817af488ecb95f6e8247cfb,2410195f6521688005612363835a2671,09540,sao caetano do sul,SP
04c79718e69bce669782d1cdbfa6f138,d39668002ff4ce93810dc43d7e765c1d,61760,eusebio,CE
12b87b1952a8cba761d2c59013865995,9d338ea2bd24cb22533c1f2bd36dd62d,41760,salvador,BA
751a05b324683e65537d345c3933a9de,d698d987204fa8409f973d39a5b8f075,15425,embauba,SP
20a6f66a60ad60d0ad594a9a208093d3,1e1972964e63d31a968d8cd61ee3e039,70324,brasilia,DF
b30a923086e4f07fff8c0ca08fca2e2d,8d7b8b62588b6c3b71f583b4bcce85b1,09635,sao bernardo do campo,SP
ebc4d7861f2c3df2c3d6aeb0013700db,994cf0ee7af82a0fecac91a978eba7dc,36021,juiz de fora,MG
00f394e6fc446865ac4097b6db69ef4a,ab1d731d10eee8bf32306f5452eb770f,26574,mesquita,RJ
e6a45e4f355662139f50c0ae6b5afa5d,f725eaad0e7ff5f16dbf866f8e6b9384,22775,rio de janeiro,RJ
ce210e14256d0dea4b6b487c2ed032d0,594fdb8a3914a91415413b3a467fa862,38300,ituiutaba,MG
95a33b9e31d7f366c9e8be44c7f402e2,00d85302f43fe8848153e3720c34ac01,96832,santa cruz do sul,RS
15af4083ea818f480d16176ff0d903b2,c270f44d051a8a68faac65978d9d8fec,09120,santo andre,SP
accd6a35e5113320900099e88fca468f,e65862da4f9f183565831cf7e1cbb7a5,06150,osasco,SP
1ba528f37985c821f99ecaf28db21d81,2e01258d69e065fc1280cf585abd2754,38660,buritis,MG
ecdf8a367907e779938b1b6410c45824,6308a418f1e77aef98f6b0050cb139fa,80440,curitiba,PR
1317dfa9a96a4af1ad9bf06a6f12f1f5,525eb1a84ca6c1c0df03dcafaf9c0afc,13183,hortolandia,SP
d7316275d71440d2ac7993048c3b3428,4eb66fb65cfd465ee9929bc5c8ca54b5,27541,resende,RJ
cd221c459fa9d5158875cdda1b67f2bc,41630d05eb6d8b9f9b0861ffc4513c53,13225,varzea paulista,SP
190a654dff9117bfb0b69bbe3f5d581b,4f963f138bf8ef946e0a881236bdd7b6,40270,salvador,BA
abb81fc0cb80ca9d4e384afc58e49717,4ba3fc2bf6dd04b40cb624ad09c8cc8c,02141,sao paulo,SP
5a3260cfde2a918b597dada7ddd247bb,6d3f61e35d0422fd8cae65b1798784be,02175,sao paulo,SP
9b7822c67a91b431e9254007b587214d,9d0ac1cdbfc919d676e2c2377abb32c1,71928,brasilia,DF
70a8cfb1730fd53e5c15f2a62e1e5448,29f61e71b90b55a988f45a66bb91bfb7,06382,carapicuiba,SP
ab23bc8d29aaf7a3978d8e819817575b,2e61eefc516ee26837d29fd3d76530fa,14600,sao joaquim da barra,SP
dc53883e94804c81b4afdf2c23478d97,5ece49e012285b9003d084a4ea8a9c94,09862,sao bernardo do campo,SP
bb98e27058a8d72162176e336a2b97a2,22745c06a87ddc1142c22ce98c5bf8d1,17033,bauru,SP
d0615859a639a94c1fe472eba57d4a7c,9072b46e3b68961565477d90b24092e9,12900,braganca paulista,SP
d1d326edcb5fc3e9aadd6e86b7a57910,cad6e6cc5d7a8620efda1f8310fba9d1,02435,sao paulo,SP
0d084e109d08dc18e40858b407ce7c6b,0b7604941dd811e84ae22ca3b90a49ff,11320,sao vicente,SP
6e99b4a37b2d5aa40cb85bdfcf9dc0eb,2a914bdfae6c0cc612a51e479acc0128,11065,santos,SP
31b01af8b3ff7669130c48d6314da52b,1130878bf821f0b682431f513494c5f4,28625,nova friburgo,RJ
333062649ca3fb7c4f05d89806c0ab4c,87a2388f0ca83070c02e32cde2e18fa8,75400,inhumas,GO
b7e5bee0c729f6d947ea3b7c6cd7ef0b,536dfadbe03a1508f0300502ddb0545f,26185,belford roxo,RJ
48ed31e735f1c420ed6ca3637b7c744d,55a269f324455e78349e7b9b7e7e5911,08072,sao paulo,SP
5cb2307ae35b44c9dd90f76c649b99b5,9d86d7101600d743968f3ec5a17d577c,13050,campinas,SP
c6f9b478f1fd8409f4220e7c2a0b35f0,42b73a45a3b9a668a96d93f02bc62144,02365,sao paulo,SP
aec8714e858d57cbd3ce1be905ec2477,8d9399ba84c5c3b8d7952f8700845209,03546,sao paulo,SP
c1a1def640f9f4a3b89c915eeeea42f7,860251114960c25499acca49949b1f12,24360,niteroi,RJ
a666bb7a77916be2716fa1420c73c56f,4e65032f1f574189fb793bac5a867bbc,09531,sao caetano do sul,SP
4b8a694f92f4bc42833eccf7d1be0502,f2b73529bb775e473cdeb67d991cc985,15775,santa fe do sul,SP
e1a9260002f958ad5765a6e85172e0ae,4965a4e8d51667a93ac39e04aefb33be,20530,rio de janeiro,RJ
de3fa59dd658cd8b47a1634125047c01,fa87e5558d2010f19641ca49363d5a1a,14405,franca,SP
2fef27fa210e5425b6cb88ffd77eb3b6,b9d5fde4cdab32f96f3cdd8f4cef4386,41630,salvador,BA
ec862d3ecc84eb50ec17e5c261d55088,a3a6f2d1b8311efa1f58c7755e022a4e,05782,sao paulo,SP
57934d36535621517dc2b60295108836,119d43da5cf2cec95289848aec20ac51,85960,marechal candido rondon,PR
14f19cd312c81ec701cd8952871b02af,3971f4c7f3c96fef10932785e1093510,18111,votorantim,SP
abc24ca911fc4fa27425c23c1f60603c,1b51dc88a783a437b7ab446fb12b4d23,99200,guapore,RS
061d8030d0f605af68c6ef004ca15700,70a252703c9e9801d4f69aa10f583a41,38500,monte carmelo,MG
efef3994424e23ccbe4a144fd734e9af,b0b94079598f018f9e72e9698aefef33,12946,atibaia,SP
ea2677769a5160cb3664a4ee9e6dcddd,b5e13878ce7c196e0ba76d57dd55b485,18890,taguai,SP
883e06c99a6a4a338f2b74fcd4d4e344,ddd8485a202512dc3df53d3092b15ff0,91510,porto alegre,RS
02dfd8931ac72171c45b5c8522cf4082,a8794bde6655593c9b71212e6dea7177,05727,sao paulo,SP
5bde57569eb8318a2306865d06de2bfb,6ce73016161f051b4267667a28bb417e,90450,porto alegre,RS
591cb16ea1a6d8f7eebd0a349593bea2,0019e8c501c85848ac0966d45226fa1d,78015,cuiaba,MT
0f634b25f5a963fdf1072497e5027f91,91b06e7f118797fea3e4fdf5b9432d7d,23052,rio de janeiro,RJ
378516f0506604e67868c3517983caec,040641ad9a73250e1362678a81db1b9b,30130,belo horizonte,MG
3782b0146ca11125a619eb487dd7b2e9,7b9fdbf39311ea24e456accef9d98b6d,28470,santo antonio de padua,RJ
a6fba43413c5d37fd7dc3173432f6ab2,212b273eed006f96498ccd8e91427e42,86840,faxinal,PR
8d52d0165f53badec237c721bb2e13a9,d9f68ddf6447c3192acfef75203bf30f,30140,belo horizonte,MG
7aa45f0da7dbc08f11d376d597b2403f,1291474366a550ebc251d9187e763d62,12213,sao jose dos campos,SP
cd136d3ce441081cd15dff22714a5c59,6d8a1ff2b74ef9d939013151ef4d95cf,20530,rio de janeiro,RJ
132f0e561c32662c9a19fe2042816573,eb82773f124d950497791381563e00f6,13273,valinhos,SP
da7128a50cbb13d110a14cfa2b017e66,2faa1049ebdcc58a3092c7ee8169eabf,04621,sao paulo,SP
cb1d1ff0489e8f800375a08a8b8fd92b,33f86281d5203b278e32070d4a02592e,36900,manhuacu,MG
7a4f856dbe52b7cbb2c19b2fb79f03e4,663b8dc399b315977cb3f44fbd391d37,29850,ecoporanga,ES
ca077dd95290191565abb393a580bbfc,70f326d437e44cf69da00c9169b74fb3,69911,rio branco,AC
caed95700dcb091eeaac59a97fe0cb17,587d22544f4d6f17b39a30723a53a305,08557,poa,SP
3d65e3c476623177f95b4dc8e04b917c,4b0cbf5ea22869c5ea269442f9b849e7,17780,lucelia,SP
c85b57d305ecdc88bcafb087e60a658c,57b1f68c8d93b167ff6606951edccfeb,91150,porto alegre,RS
590e0ece7d320dac89d029c8b3b9f23a,2c2ccd48722aa6843d258a9f16f012a9,06642,jandira,SP
c5a94d20980806febe5ae3c0b653dde0,3a40c20f9cad0f453dce78648a2e22f3,13219,jundiai,SP
77c2f46cf580f4874c9a5751c2d88474,402cce5c0509000eed9e77fece8056e2,63430,ico,CE
e74ab8c50389d5366290cf3f62109b11,4c7b5071af05159997555b2500a1ecd0,04565,sao paulo,SP
9e1cf20c1585106f749e4e257194a11a,5212c50e79fe1349b9894f6508b401d8,02940,sao paulo,SP
f581423e26b5520519407f034c1e5680,082f8d0d83744f4fa435269cf705a07c,14708,bebedouro,SP
8da4c2f6272f4a9218d9dda0f025495c,940b5d5aac34067485a393d6c465d974,13031,campinas,SP
2e4c61c8412f1c8b55f781b21f780eb6,483759d955a08e8e52f6a9084bcd057d,18090,sorocaba,SP
3dfc6e89a7989cc23be6f2db44ca2471,54dbeea15959123be194f779e0553566,42700,lauro de freitas,BA
7fb60bfe0fc82857d599d184dcbb92e5,10c3646245aa186ff64a30496d52b506,35570,formiga,MG
54b307e9a6121f572faef4f220fbac3a,813585153cd8b4b6c06e576d818ec985,02802,sao paulo,SP
64c3b046e53fead1e450ccccfbe966a6,429e518ce8df99be0112d0a03be13c15,06900,embu-guacu,SP
7bef0b4674da88edebc39071240600b4,f13d52604bb35cd3e253bee5b28a4386,58220,bananeiras,PB
4e301353a2036c4e1a67bf0c259850f2,45f920c528716a2b9bbdcb7c8405122e,13465,americana,SP
04c70b7e1a619d16dbd79757e543cc59,c0c0c50de0f9c7089f7de06b69577afc,12070,taubate,SP
a0822e7d4805f4355a0cc53939cd05a7,df0f9265d8d4d516937a2eddc8c90dec,02244,sao paulo,SP
6f203f614778c173ade2490e6684c399,7e64f6ec6e52ccf5e45509b9949e0a28,35170,coronel fabriciano,MG
5585bc3f707bf7755cc669076c92b15d,612457f48abe3ae1c68158192353362a,52070,recife,PE
78bebfa74709728a62d4a98efbde8ac0,fac8b5e914037fc2e2476783585f0769,65137,maioba,MA
5a354ceb0ee403f36eead5e33253730e,253d899ff7a011b26c16ac66cdca07de,08253,sao paulo,SP
2cdced5335b76d6e563bfa3a40bcf7a4,3894c7d8e29573e308ebc285ecd61d39,84220,senges,PR
078bfceb258f6ee262174cbf251aa763,fc2e9d70ce1e9c19422b859224a9abd9,45530,itacare,BA
fcb443ac4ff760d0bfd548ba32abd938,765e14d59c40f49cb6948f154d6c321b,02813,sao paulo,SP
aae14cc68c254aa377d8a2139e3c7c72,32d981bbadb92a8763089fdbbc16bfa8,24425,sao goncalo,RJ
2ee30957e8f33b2bb55367f1eb929c03,6f7db2812ff3fc7e881594b5a1903898,75123,anapolis,GO
5cdaa50ad19e5560423eb9be41542e5f,c574ecf69ca7ba500c1b9d4e27fffe1b,45700,itapetinga,BA
69fefe761b19d32ae23f141f73004e4f,f84b719750891eae0599adecc8c25002,03460,sao paulo,SP
3d49b9dfdeac4e852719df5c71618426,a47311843f7e93734305b880ccb46491,37485,jesuania,MG
2f7a8b448ada52d632c573deda7664fb,297b0df27a85a8c6c3ba6600a4142d52,07170,guarulhos,SP
fc27567df87c171a1811d56017c96caf,f0d2bac5e3fac88c8acfe5f32f69305c,13145,paulinia,SP
9f07c4abba1bdf08f06ce4710331d778,9aa827c8f91b60445792293946670ef4,97065,santa maria,RS
0366081656b950085a27be941a5b28c0,b4224936e820cb80c7f012043936f6c3,37968,monte santo de minas,MG
9b9fc5bf9794aa5a631da2499da279eb,17232dfe6b4883dfd9f9728982a468f4,08470,sao paulo,SP
6982d29c7336cb81ba41937fbf3660b1,d132b863416f85f2abb1a988ca05dd12,09111,santo andre,SP
3440be78d6a33df7bbb82f1d20aa871a,d9e6c750121d4d84ba6f2cdc6cc80008,18560,ipero,SP
7b92d7498d0b87efd760bb2ee0435662,c3d0a36abf249201f8cfb3583a229202,30110,belo horizonte,MG
7d68267a55b2e8c1401e82cf6b2ea808,e1b31e3185fb77c15504d0645a7160d5,09854,sao bernardo do campo,SP
034c3cb26461c58520139e4efb33ed90,b53c2691f8d9e0f58c1b548a4e68ec12,48030,alagoinhas,BA
dc209078aac879d81cb29627ce96863d,f7cb6525ea921db8a653633f798bf51f,58703,patos,PB
bdb599f32a95c53f1c17076217f3db9e,888d3b72871bb77b66838b4b59a7497e,18035,sorocaba,SP
98e164b3750e0b9e0eddb3612fb8d617,de166e0e5846bcc902deba22ef24bd77,04757,sao paulo,SP
a63bb59ba24b8048df8549dd217a586c,d05658f0f527a8dfcaaa935a160a5094,08740,mogi das cruzes,SP
1ba29be14150bf12e5c0339e3cae00c9,0d57344e9e4e9d16dc699cb417e50cb0,09405,ribeirao pires,SP
80d02feec2eb2a0d3534442afe4e0e2a,485bb7a7439d2e169b88b530385db387,22450,rio de janeiro,RJ
06dd86569c44f30ad3f0e3154e4d03d8,10815c4e3a5862c07434b7b16b8af8a2,22793,rio de janeiro,RJ
af8172141c0b941edc73d75ad7264d84,ec158a6c62c1097f7ed70bb07b837bde,09090,santo andre,SP
b435676aab06e1a53ef42f979d671ce8,fc44a9e7b14c77fd0d22d3a94d062593,31270,belo horizonte,MG
ce48eb5adf120b207900d03d7cd52c39,f5e127d63aa0dc285c7336c96d04f4a6,05331,sao paulo,SP
07ffa8096f295bac24527f1364530297,1372bab98f9966bcd4a6fa3e6df6dde8,04104,sao paulo,SP
b49bca9a4fca7f417da7a01e96f21295,fb02e1bc1acdbf3718b2456b5fb0b67a,88025,florianopolis,SC
44408d60d96d2d8515d5dac025f35f46,bc09d6ac5210682a4b154ecb0634f018,03088,sao paulo,SP
7a64b719c194a2438f57a7b650ce371d,80d229e87da02e1ccb5b8f7697c823ea,18076,sorocaba,SP
a73c1f73f5772cf801434bf984b0b1a7,968fac81e2c44fb6c1e3ac2a45e6a102,04685,sao paulo,SP
05e54a5f9eb2f443192d44067147a451,89d481231e8b8bb6e22dcb28d19e5378,50820,recife,PE
4574518f4c6e0eef440e205139e125d6,b6bb8e4780df00a25fa34335d3dc1330,07093,guarulhos,SP
7b0ef84b81f16d16583ccb6b987a0ed3,45666a9f8b96ed88d682466a8eb1f882,97032,santa maria,RS
8223b8597e3435d687fa3a9206838700,1426eacd8e2aabaee85824c844891bcb,09195,santo andre,SP
cb69b6e3e313f40f75fdf15057d81e62,b95153385c33bb840b160a514e38f71b,78890,sorriso,MT
ad68c4246c1d9103b42ec8aaa5e85483,220e9027e82d084db3fad8882094abf2,51020,recife,PE
d990b72223e95b999126c15954cd6fc0,149ac78d24cf9dd780802ab6504b64b3,78068,cuiaba,MT
ca825b3898a4679cb0b6be754c778310,3c869b0621b0a213fb50c0def095af25,13060,campinas,SP
d2697a7d9526f4714dc4b718cbebbf82,e979f8af7c5e1ecdf30bbeee7461a063,16406,lins,SP
09f43bf7af6341180e8e334b0cd50a3b,90c879a6be23028dbe6a450f8d5c10c6,22631,rio de janeiro,RJ
e51eb6ff135391a371b5a03a800d27d1,1c0786e4b64a24f5f32c73509e28cad9,86055,londrina,PR
e0064e1417dc16cadb558d1c5c0db377,27d59fe7ff2ed894f826fd4a7e5466ea,01203,sao paulo,SP
4db8e7231d058620315de1fea6ad9ae8,92fffea7c555e7cde3066ff5857f336c,04430,sao paulo,SP
eeb51f4afec8f120dc1bbebb90ee43bb,789593d552a1bb3bb5318161ddc8f2b5,11025,santos,SP
eed9cec509f28fe1b2744f653789d7bf,c168e02cc9475165729e30186cf47733,21321,rio de janeiro,RJ
7a94daa481a6da66609f5d721c4cecee,84e608f9dafd94d0749f99368bec4ff5,76200,ipora,GO
c21e32dc14bf1951f1cde9b3d149f35b,e3473cd317c18ca696e241815aed4de1,50710,recife,PE
f920395e4693d8730802e67e57e3d3b6,680ae68b6b03eab1f18c09253b191d1f,13202,jundiai,SP
a45aea2d812b88b18d3b5a84fae5a3a9,ea03f5626610d4ed738177313fe74b56,21060,rio de janeiro,RJ
f4dde3802af44d867d21fe23d5ca3c1d,d6804e06d2d8befcde49c46cf7e8ad3c,88161,biguacu,SC
11473b059ae77d5a128eb0ec59b9b2d5,6a49b3fc10735a82efd288521110a016,36570,vicosa,MG
da60fc458fbb1d80edcd359e2116d015,4487bcce4f8716df99ebe4fca473acc7,29311,cachoeiro de itapemirim,ES
e296f6ea21a8f1a35626704cc0e62087,9509c1d589cc1255e4d19a1dd39d1b87,08250,sao paulo,SP
c0186800fe9bb6579c73f2b2345cce4c,9648ed501d8dbf31fda943cd91da7d18,04794,sao paulo,SP
3f8a26a3def48cf9e839630cf45708b7,f16af9514391f27e3f93e69185cdfe7a,77425,gurupi,TO
cbe4c947b4d90a9081fc935dc7a9bec6,7d767510a46f851456cd3a96f50ab609,89237,joinville,SC
974673840b08cb1219003a3f2b6a510f,aeca194c9e14f177dfb4422e179a46ff,05303,sao paulo,SP
bcd3b772c85178c6ed242c4583634ee5,2fb21822852abb9bbc5e1a0ded1f57f3,28010,campos dos goytacazes,RJ
b80aae7fc5eeb4752b559061d404bc2d,213766e3aaabb648e85d62c75020ca1f,48005,alagoinhas,BA
e5426fc9fcee3dfa52fb048f6d0856e9,770c46cc8437a67264254f23c1786b97,13084,campinas,SP
e3b618cc7416f6c66245395873691ffe,4f39ec98b3fcf020ef6fc0c68b36eac5,35720,matozinhos,MG
5aca54e53eab097bf761383641913a4c,6c7666a9795b82caf72015ee45498b74,04405,sao paulo,SP
87fa2df087845b8953a52f114686488b,4c14835dd913b9ed86fb3a1179f171e8,54762,camaragibe,PE
c8f53bd76eb27e03f19ddf4681646c29,ce0b851b80f0deffc0ca0d74f6bb7eb4,08737,mogi das cruzes,SP
e6e90d11361d630349135eff229c8ca0,d4215694c1fdc0cadcc05c0e2d48e037,37280,candeias,MG
c60ab291fa81cdc130dc021ab4b79f53,23ea311a83e45e4506515837f99a854e,09550,sao caetano do sul,SP
fd7b80fb8a13217f3c89c10c2ed03cf2,a9f230e1e5804e42b363930ef31b6f7d,05885,sao paulo,SP
afce25a8c7e74305b67647127e1ca22c,7cdd3f520e6101b32546be2e09b22fe6,04960,sao paulo,SP
6b49b757233034eabd75e303968f8d62,8f909f6be5ef828557c7be02d0624636,22451,rio de janeiro,RJ
946cc8dd1a10dcc7cf3ee2750618dfa1,ec2c780f94092978b2006ccbea7e5e22,23510,rio de janeiro,RJ
4d29ad32fd31342f84b2973da2ee9cc6,b3db27683c99173bcca6387fd92629e8,31560,belo horizonte,MG
9a8cdb558b4a01fe8db50c413c649666,9fcb0756c46276eb0ce1692395724147,24461,sao goncalo,RJ
b20eba2c7b0fc410e6802a58f6a36cbc,e39096b0a0bca1eac3defc8e9c006bc6,91770,porto alegre,RS
c9aaa3f209648a958d0235415a9045f0,10080cf8d46d43de1133521a8567b153,05402,sao paulo,SP
4b0dbdea9ec36d6a05622ae783368715,9475b70c3d9add279a65672fca348944,04536,sao paulo,SP
ea3a22583524fd4920f5e3caf9d50968,88c56828a05311d7ac1acfb9ed53330e,15502,votuporanga,SP
8965a99bf5b3c17a1669d8ed1c31b9a3,f6870d5b2e7b5bdfdeb70f873cf4ba19,31540,belo horizonte,MG
517776a386c72774906153b1648f8689,742638acfb3093408c9b1e10d88ff565,05037,sao paulo,SP
197db000773478f3cf1bbca20cdd20fa,290ce5a6a8a3f663dc629e8f39726aca,21250,rio de janeiro,RJ
dbfad0a53ac126e84b2de23ed0f5b7c6,a97a597cba5f1fb42a2e3d181a2a2586,64000,teresina,PI
4c5eb8e3394ac94270ce5d9a7c22e6a9,aebfaa38bc677c5d0f0d937fff7ecfa0,63560,acopiara,CE
13733cc0a4aafa89ac9017036cc89fe6,8b72bba76cc10c0710aea06efcadeff7,07700,caieiras,SP
5298ba692006f23c6eb25232fe9b2cfd,c9cb42e12d055c7407ea0b9b7be0dd6e,51300,recife,PE
eed931d3a5222a9a511d18be7fd2a5ba,24f12460aad399ba18f4ed2c2fbab65d,13070,campinas,SP
b383a778278d061c8b275a611c26ca8a,352532fd050f1e1f1b9a26373401a367,06210,osasco,SP
28ba18b7c28a70239b1c2f9cb61b7d23,e2cd166de16c760eb63d718730e0e1e7,35065,governador valadares,MG
15ba5913a2d5f80e06202cf53444d565,bebcc6c45c54364adef4a5ea694228bf,22743,rio de janeiro,RJ
47132669a97ed8d24702c0f8a51a91bf,78688a96aec00274a6fb74f373c75a69,35680,itauna,MG
83393704da3eacab2980fb5c41db4fab,640e0836427ba779695829b5ea1f6dfb,08505,ferraz de vasconcelos,SP
e81df1fafbb287bfafbc2a4c9fae8c19,1fecbdd138569a232889e77a0a30f08b,35900,itabira,MG
89d08063d07129349239d9584c768a9c,6654462d0d3266165aaa7028d4d35005,28895,rio das ostras,RJ
084c08c188cff70f6cc25048290ffbae,2af34d418eacbc521ce72160fdea52d7,20940,rio de janeiro,RJ
b07884373a48a80842802d6bf097d411,426fe5ac8fe33148bc4fe8a9b96fd0c6,92990,eldorado do sul,RS
47b0f9a44d1904590dd06ebe72bd3723,68519bc41532d0f1a6613d278f86a5bd,88370,navegantes,SC
c09c9145125e2082c928a5c3de5664fb,c957db54afab38146b7a7db9eef8c690,05136,sao paulo,SP
dfc0fe4a8cbe5e299345a08f7cbdca5b,43fff3de2afa07c86baee0f64a346ff1,08180,sao paulo,SP
88bff74a663c907ffa8fba47dc1cdf28,0651e691ed9e201bf2ce26d40f93d739,18460,itarare,SP
0590c3c795016c3e5eea083a2e1f21b7,42ef0078e2b63542c1b07aab85ab8f63,54768,camaragibe,PE
f980a49c5ca07a32a7958a75b6d190d0,eaf56e2f992d63f62143a8a55eeaf685,02422,sao paulo,SP
3a4896daf9f6ac7738330943dbb1b02a,c4b9155a9ec070351705e0060374c036,12460,campos do jordao,SP
c4fe53920c6fcc1751d448035da1d447,bb0aac5b420422ac3e9e45b37d932772,12229,sao jose dos campos,SP
64c41bb59704243384caefdb488fedd3,26ca20ff263502c115769540069e351f,70298,brasilia,DF
2efa8d107eb5b62a6506419325b8fc28,4ed27c4720bb91443256a9f03bca14c1,30130,belo horizonte,MG
c33e62b6b6e872a818d2f85f632b5483,c82a940bf171daec9b52b594db8d9a62,37200,lavras,MG
d312c73308e9c429a61aab82e16b7f6a,b542893c864fb11225f7105ee3e3f0ca,57150,pilar,AL
da9a939a3d13a1ac3798da6a22b674d1,eb5b895a2b9c6ee9bdf553bcbde486c3,18701,avare,SP
6b6d9a374c988f07d7da7033df7b0914,95828271d6bee6d5eedcd00e639d67a6,89281,sao bento do sul,SC
7f516f7fe2d742fb94e464229c864cc2,ccdf8d95f15845e3b5353a45a3223310,04472,sao paulo,SP
471084a5a72b0eebf59b306a9a125643,2a18f594fb3541a8f06e5ac01cbea8f0,13320,salto,SP
bd075a9e60df7474943e430c2f5f61f5,519446a115f9260dd7af4dda99afd8be,72745,brasilia,DF
8451ec0d95319062cc9c6911b2f8924a,9385443ea1114328ab7c122925b6eb94,78049,cuiaba,MT
863e3a165607322347d4d4d2f051d519,37e86a77329c08569629e718cda02cbd,72726,brasilia,DF
61674bb665054e94cbd972c2d571809b,caa82063c22259dc33023f5368f77220,11025,santos,SP
1227e78bfc2760c165324d240e2d9ff0,0c184b7e23f30243d8957a97ce6af3f8,80230,curitiba,PR
7fab87c1778bff3566834e0a48fff0b9,272fe23cbba5cc6c8fd54636eb56937f,21830,rio de janeiro,RJ
9d298d12056b9264fbf5f9adcf8cd4d7,0372bebe6d71cf4dc807d24a53403d2e,05871,sao paulo,SP
56c0118c75dff04412ba1c7c41243dd3,7b7a309e38b3c7ff4c1bd61ab1449f7b,06543,santana de parnaiba,SP
4c1a17f87a4dca933ba6ea42d1cd5aba,886ebfe4a0a1cb420ae635e2266f32b9,25255,duque de caxias,RJ
67f3258da9e5f76c4d43570ec14fc783,3b8fee1059c154ff8a64b7456b8eda97,13040,campinas,SP
2c761d20fb4aa9d0e730187ca4f7f7cc,e9de84ac3eafad4e7515761da890bec0,99523,almirante tamandare do sul,RS
82bf9449be249defb5aefcf47ab81435,e428364c467466fa1b336137f6e9356d,31150,belo horizonte,MG
c7c339e6571b455cb8d45a28d75cbb60,6e2c8f6010bda5e5ab4ef460f9a00b9c,26900,miguel pereira,RJ
5a36bd2a84d5b3f6ea920871476935e0,8f6ce2295bdbec03cd50e34b4bd7ba0a,24935,marica,RJ
ce592ad7925e24b891730859400babe3,b0c133597229819ec06cbc7eace5403a,57082,maceio,AL
d03d5c0d58cfeefd79f0b7af50bbfb87,e09b74bdbfb36ed596e4fcd32a35e1ed,35500,divinopolis,MG
fe24c8bec5996d4bef3eeed6222aeeb3,09c88fcf7130bab6aa31303499d46d8f,09240,santo andre,SP
8688c18df2ad90ba2e2bfae32068eebc,9b56f71b7265dab539b7a927726d0869,26550,mesquita,RJ
c7077d913fb62ff4361399a9f4683479,c489e88397e376f0e402e81e34c5c40d,35790,curvelo,MG
02c9c4785d6e1cb6a78e9ddf029aa51a,2a11133a459a6a5be581af7d2d098c26,12917,braganca paulista,SP
faf0dae677e3f41793027d0a8ee9e899,d260fcc5e202706a4fbb2262cd2dd275,48180,entre rios,BA
edd297f09df0a4096fd1162bdc7327a8,d50d0e32a047a94ae4d0722c82fd013d,29460,bom jesus do norte,ES
4fa01e0af9f436cc5b6b2eb3fbbb6b1d,216b36ee50ce6c169df00611adfde0f4,13212,jundiai,SP
c6e2731c5b391845f6800c97401a43a9,dc4802a71eae9be1dd28f5d788ceb526,79042,campo grande,MS
0f4a394b91654a290ad0e948e0eeeb88,f95cd890258c20a784c1bef73ce28275,25903,mage,RJ
f1ae335df0c4b9403eedeab63a4b3ba7,7187cbe230014abac92d8af2c6f4a2dd,68627,paragominas,PA
e77fde4531c32ac343f4487c3a46acec,e437bd65ed81d8adce292b12b218abff,20260,rio de janeiro,RJ
f9be960abd2531a9b400e714b95ff1f9,f480523ee7836297503403986805acf5,06386,carapicuiba,SP
a3b7f155a78c8d463ba072cb1a11a3ed,11dfafdbc0661252d0c957bb66eca814,01220,sao paulo,SP
8e8f17531981e12cd96f9795a5c1176f,43b08d281d4af0b878d09f942ed5978e,26010,nova iguacu,RJ
4c91265edcfe58dd5ce2dcdb2fba7813,289bc385e927d2777efdd16b74040d1c,89239,joinville,SC
222ea254760a8b56fff02febcb78b507,9f5e6c300b83e6d4ab2815c44c830f86,22081,rio de janeiro,RJ
db0423dd92a3e1b5b52d158f40ceb777,a2d8125361b16f316df65f4603b88e23,94155,gravatai,RS
5ec721f1279b850510ac109a5cad14c4,af116fbccaa2f1d9db020b0625f4db08,95660,tres coroas,RS
706c5c694c0a736613b82ea666f1765c,e97c5f18640a6f7fbc4d95d3b0306f27,04235,sao paulo,SP
65691ce6d0d99e673bd133ade0ec2362,0d06c568cb6aed2fe073b15406b4bb6e,26070,nova iguacu,RJ
433d2182c7ede2cd82ab34f10ba26e2e,e1b3204295a244459bc842d95243df7a,39920,jordania,MG
8a6c1f2258e2b15dfc82477615fd9ed0,e9208400ec82e1a949bfee43628a6e76,23057,rio de janeiro,RJ
f7200667802fa98c58b8110f7191bcee,f96be73d5c1d3bfe8fcba7924798ba91,13500,rio claro,SP
a100558331df579cc459520c1e39fd0f,7d290ad006532c0431d896763a9e5556,22281,rio de janeiro,RJ
ce4e4cd67d44364a45427521da9c03c5,d6af3a349d5cd80c7076c5db650b686b,15808,catanduva,SP
21866995bb1dd2c15eea9269bfa0a8dd,7ac48f0b6b3fc3519cf3032c0591e521,62280,santa quiteria,CE
3c473ed8031b6f4e249ae5f13399bacf,37dca259ef64c1aa8a42868915ec7309,04140,sao paulo,SP
adfa31b007a919da559f665074d13474,fbd7125bc18a4d2dc0261ec2afc8d02a,91790,porto alegre,RS
2063c45d074e54ecc9e4d6efa05459a6,d1285f7f0c9a72231bd35f2e1eeb55c6,95765,bom principio,RS
9d5ff5d7ce2e4bc386bf11b9adb46a19,b501aa16c4c71c55bd43d45d112bd135,95853,polo petroquimico de triunfo,RS
66966a2562fadcb3f9e3acbbfa9a4523,94f1230c44435fe9001ce30f1fe06135,14403,franca,SP
5cb31e4d889afd369634b4d045403645,d6e9ae60b5ddc91b1695f325c9b1a1dd,08375,sao paulo,SP
544e78bf4c62c25f76e384103d1823d8,78d3be2196c6ca18956e9979b2f595e4,06763,taboao da serra,SP
55749e3dc08c59d2328867f072b0801e,1802d9b8b04e0f7bddb58ac2c7729c82,37145,alterosa,MG
1336c066de955f70e1508ce21670b72e,482100e419953116ee03dca7416277e0,19940,ibirarema,SP
6d1f22bd0825cf224f21a5e3a5f90dee,147f79467cf3b7af14c9c1c01a21ced7,38280,iturama,MG
ecd3026f2f4b19561b6c62b22fb0ef1f,0f64aefb32ed287234718a05705872b3,24858,itaborai,RJ
9d99ee9ec6f49be593dd454a50eaf8eb,728bf5e23b298feca87e34b8bd332da5,53060,olinda,PE
691d9a220987890bc307768fda93e890,e0cc7ef1277e3c6e7220a50e91a0123d,04535,sao paulo,SP
b01a34434d0cf0d75005e5162a3b9798,56e0fb715b2712f5f126f8143ac8014f,37270,campo belo,MG
c0f69e5b64bd59d051167278a16b1362,9ea47ed3724ac2103d891a0433d95de9,41740,salvador,BA
724eba516ed0739bd049fb295ce929c0,a39a93bd006283afee84dfea1b693f60,12245,sao jose dos campos,SP
5d4ae5d223a0e0651cf67856cf17cd06,30a276fc3eacdbb80f28e6164005db8f,76847,extrema,RO
a2d19f05cef411aa2938ca9d2a92d156,f31d5173e9403a21ff6d6a438f35bedf,80060,curitiba,PR
3efd6634c0d7ebbdcadfb0f56b75ceef,1960e8d5fdd49ad76ece55ed57555f42,31615,belo horizonte,MG
9923c6304b55166c7bdb59470d76e262,9177736727dc747f69fceccc193c125a,84900,ibaiti,PR
419c5e5573bd1e16aa33dce68889fcc3,6928d347dd148caf86b90a3a98f9c324,59025,natal,RN
2baba98379e3fb1bab9d4feba6b83503,1ca5d77598d8df8a19d74f06fe3ccea0,17522,marilia,SP
bca1b06b3c1249cf30d61543e7eb6d29,4cc460b417f82668c7bfd1b2d8bfb189,04241,sao paulo,SP
29c13f323716a5bbd7356343e45d9868,35e146c985a9cf989c91edb4c0c156fa,21371,rio de janeiro,RJ
3707669efeae29044e39ea9b2bfa9f32,87d5e42b1563c49610513cc6511c05bc,69075,manaus,AM
7e96ebdd045e73e50de71b8d1360b092,02c56fe95ed4ef5fd0623142ffb83c28,59700,apodi,RN
d3824ffc020a43364ee0cdb7c6c31df3,39618678c9395910a7d675df2b0af941,38195,conquista,MG
42c38d746d678fa66ec2a2fdb9c84d8f,88e451d7ffbbe7fcb07deede9ccb3636,32143,contagem,MG
ef1615358c72dae1c068aedc495a13f3,78e245c3401dbe1b63ca0296f40a3c38,01242,sao paulo,SP
255f6fe0da9d281431dd4fcce29b46ec,45c0d522920cfbdd48e94222e39d85d0,65057,sao luis,MA
a21871375ed19fc3f2d8c62fdc75b9dc,325eef70a26376c2e72c30925a5f8827,16920,castilho,SP
969f82ea6c0e993d213d162a61e53fa0,a68d6423acbccbd710490c25327f1fdc,06020,osasco,SP
0a221a23ca36b34f1636bfdd15dc97a2,be40dd02e486b93b8b4128f2715cfdfe,33600,pedro leopoldo,MG
8afc445babe482e211f399adcdf5c516,a5fe71d429b6051f610823c6380d82c7,47850,luis eduardo magalhaes,BA
d6fc5f88bd61861e269ea0d4fadcfb87,c1d563f96746afcb44695b8e1ca7f6aa,29104,vila velha,ES
61ff2315be831a0ef27a4e5a3fac4cee,908d09daaa48fe076b768ab8f26c298c,07161,guarulhos,SP
654e52bcecd9ed256edf1278b7a27eeb,ce793105634ef72239cb4d2e9cd00322,95555,capao da canoa,RS
60febc34fb19061d99caf9ddf1f6a4d3,ef3b6ab8a1704ead096adbcdee78284b,18075,sorocaba,SP
83a087d99ce9ccfbb2a77ba78b165c2d,bc9e47cc8bd57d131b5ad91bb6ad40bd,87395,rancho alegre d'oeste,PR
e7a503a253ff229e218670d750c36c9c,f22bff5bbd318b89e51698347cd1837d,78600,barra do garcas,MT
2853fd4b314b078f6a16bf500bcb1a0c,a8bdfcb47e03f463a821f841e2143550,84935,tomazina,PR
33588571175c9bfb3f6c7798bbbd0914,21e4d2c611e316d9af4b4457ea49c1e5,08737,mogi das cruzes,SP
e5bcb726405d10a80aaa80e36b66e50d,e890c412a8b910d4709660658d700483,75830,mineiros,GO
d31117caa8b76119d6e8c9819f68aa5d,f95de29d9e810e69f55626ff1bbd4d60,22240,rio de janeiro,RJ
1e9c542107046dc0a616dab2c63b1b93,d5c58b8a7838af61bf0fe7262339ee8a,99051,passo fundo,RS
c59d81f436556796e313d19267e6e6fa,8c08e0cdd503717f4cf2f7693adbff7a,55680,bonito,PE
5c021e3084ad3e3217045ef92245ef06,4f8e0cd35c770318d9e8874c2956345a,37500,itajuba,MG
ea361251491228e4d24754e2d33b30e7,1aa97204cf5a53999fc0052067895ef7,39100,diamantina,MG
8c249a8270e7388f730eba7a657c2318,2ea4656056a3102184a098de553708ac,09350,maua,SP
bc731f33215a6ba7fd9ec9f2d984f132,8ca4823d2376f803e475c7fb77998e9e,76908,ji-parana,RO
81c739d81dc4914f5513bd4b313ec889,3eb4b53bf024d8002dfaf7b6961b5742,45310,ubaira,BA
030132d171907b3b3c813909fb0cac90,d387ea85dc301a91740e31360d355686,13877,sao joao da boa vista,SP
92deb673372d5166b7bc5db819269c6b,bc43178baed117c53a910e91d4f9a014,11065,santos,SP
7e8e59901070f1958fdc4787641849dc,897ecc46977d723a6e514f3ebe92c844,82640,curitiba,PR
9408bd679b8ccfd8de92376ac0cf405b,4b61b1aa8bb2f7dc1bb6e81b6fce88b7,90430,porto alegre,RS
338ee842af71339085c560431cfeae52,462b2c6696f784f657d2b03acb9357e1,13040,campinas,SP
0004164d20a9e969af783496f3408652,104bdb7e6a6cdceaa88c3ea5fa6b2b93,13272,valinhos,SP
aac168607cd6ec6ca4faa538b9b6a65b,95ca9eeae4093e02a84160dc6f6dc510,01154,sao paulo,SP
14140fd1c37b9be37a147bf90ecb6060,eabbe78cbd33656ed0c0511e942aed92,07215,guarulhos,SP
aad1444f5011eff5c501ed9598fb5265,4121eb09f98df2af459761e62a50b791,11674,caraguatatuba,SP
1db08c206aef92f4f7727a98db210397,b9ddbf8c1add8d434d625d6bf3413e42,07092,guarulhos,SP
0a06694f03b9707bbd095db49e7a70fb,0f1a32b54d249bb2b49025dfac83199c,13044,campinas,SP
8cda5fa80381ad8d09441fc5b3d5ff46,5d9f48b95adf66ea25eac13fc4826dbd,42700,lauro de freitas,BA
e59ea0ab16e4c5d4e49442b7ad210ef0,d81c308750fc6d68dfb055b147c6c234,30330,belo horizonte,MG
102a23c6841127cf625296ef67d5f79c,cb9b7a02c19d2212b2ced9131eb97bd1,21321,rio de janeiro,RJ
475cd64aa7fcd579a93e4db98984450c,1db6862cce82fb8c96d4ce9e0fac97b3,13145,paulinia,SP
15f254150d0e0f1fc6358514691f65bc,4769375f521ea3f106d30d3f92f3ad3d,20940,rio de janeiro,RJ
1a79125e3c27596d608c700c90818a2a,18d07b1d575b2e55a0b512ac374ccb1c,72641,brasilia,DF
b049b4481eca74b1f9914208f59be120,454841cd65bbf47fa0546e10dcfc6898,86706,arapongas,PR
6b8b4a6e41b8917b1d46ab80502aaaa6,436407eaa91c84bd7aa8ed16a9e5be9b,75830,mineiros,GO
32bb2b4ece47b57042dc4c883537f705,c97f0efac17ddea45ebd4c01067c6434,21031,rio de janeiro,RJ
85ea40a9684026fe82ea78356c8d1eaa,4b293b0eba86e10fcecd40a7aac6608b,89885,sao carlos,SC
228197f0dbebc485b65d117dee5bc7d5,6e8bdf119d6b66eb1317ece4c25f9f34,03585,sao paulo,SP
a94c3c62bf1716a24b78c55c48ee1198,9ab4feb7c135d6c20aa7e6d68a89b35d,80530,curitiba,PR
2ded964aec3168c8f62dea30b72f447d,ba05629fb1530b3422055a4f479b8882,21941,rio de janeiro,RJ
ff34375909b5d34349b21a75dc6abce6,184296b5b0d9f94a842cd76b1d0d3e8e,96080,pelotas,RS
214c4711883185dafca61404d4e9db7d,c558dadcc296cc8d9c1ca740e16b2fa1,78320,juina,MT
1137d475838377849d917c784c1f21ad,9064c8531c29bfa15494e6b223ea851c,19210,tarabai,SP
7ca700079250fbfa899bb7d098b8b108,f5c2abaea3685b82e83fe7f039ca5b99,88020,florianopolis,SC
c7b836aefea27efb7e0bf4c70c129aff,a6b7bed1a909c5cb063d0c61dc10f593,11065,santos,SP
65b9f936439ccafa20f0d6888a5875d3,04e6136a14d4d23d0b5d79443b94225b,08773,mogi das cruzes,SP
ad29d9bb283d87e61e190d40bc7bc15b,33fbcb38d3009eddfe53b3063c642959,96501,cachoeira do sul,RS
ad2645579addc9b0fbfbbbcd8eb422be,8e3404ed802732fe8a0f67259347fa34,85815,cascavel,PR
fda0335b2cc8ceacf98e89f40daaa7cc,38ecbc9e92fd529091ee773a45085b55,67020,ananindeua,PA
7228b05e6f9b3f21056e8416c4fe0fa2,f2e071cf1cbf4e8d22de727c7d8835bf,47580,morpara,BA
d386575005b06f165208d28d5fd7d344,c25f3c70f8c8db6d2a7fb16fc8459597,73252,brasilia,DF
43dc5164445bf2972df8930fe3d651f5,3f6f50910798d7d0b7420b3a49a7ae5c,07790,cajamar,SP
7e54da0c70661ce35754a113fcda1208,f17f35164ab56d603c4ef9ec60816200,08502,ferraz de vasconcelos,SP
4ef55bf80f711b372afebcb7c715344a,3419052c8c6b45daf79c1e426f9e9bcb,30720,belo horizonte,MG
b168b6c101fbb2ba0b62622259b9e2e1,821e39bb1933caeba9b6836fc6acad03,12620,piquete,SP
220c0d585ecee4fa50f3c996c16432d4,ca331839495652e51545aff8a5c11908,05340,sao paulo,SP
ce6d725ed1334c3edb9af03a7c53c84d,5a8665ecd366a61e0f4fcf833256f241,61901,maracanau,CE
85c770d9479d48f9130bf6a4eee132ba,1c002c9d89461105a92ddf697a01b165,06826,embu das artes,SP
b4e75503e84a8d6d68d2ca27d627f085,c9a96a438d1a1bc273193daa8d9a74a9,07791,cajamar,SP
2a386023b961e318e81ea3712f84e95f,19f45c522ad461ea7ee8a0af8cfc5b2a,37800,guaxupe,MG
b7e921dc4c40998b54af80352b06d7d4,99d77850f28d4876171ede0f62346fc3,58995,manaira,PB
cdae1bcf423879f14dbf9eea667c5a45,2be5dce8b491a7bc6a65d6e91bf49812,16700,guararapes,SP
db8d5969bd8a72001e6f9e26caf31d6b,bf0aff27b969a9e132b4c3e71d4a455e,30390,belo horizonte,MG
ab9909098ee1c7b2dc687e351d6373a9,b1a82c8d03f1811eb03d6cb6555ea68e,06325,carapicuiba,SP
f47f3a8480b7a19fad8c129983945370,d71e1d87ea05a759d69f770ac90f2fa9,05640,sao paulo,SP
2adab8995d75ecd5815438e710ec1030,9c227b733b0caab4861f13581105b15e,08664,suzano,SP
c0717bf8d4587e085bfb7bb4e8a52e33,c7e7c9292cbefb5a73573095f0ff21a6,39400,montes claros,MG
9ac96fa3c882ac81d2517a22ea506225,28c08e1e8e52770a73f491eb3a312097,83408,colombo,PR
f7bef8c9b7bede863c07ff21309f1b80,293c3046975820a0ba5b2a4acc8705dd,55016,caruaru,PE
b2b863015dad63b56e3b9dae12d52f71,adfae35ff9b67586302b5ddb0b7897db,89900,sao miguel do oeste,SC
086f2e7a1b67f590d6440b35b2e7246e,b1039a56990acdddd5438aea568557db,22270,rio de janeiro,RJ
b7836c761c4794953149d49ff2c9cdf2,296d79da0717f229490c65cdca120d70,29906,linhares,ES
df7b474d99cd3c9cd819c5a10da7e2e3,c8a570e2d2d8959c5c23f3da2cf23080,13212,jundiai,SP
570d9fcd6871c5c4ab7116938dd8a719,a5ca849aef780a6a44f1f5bd5b3e2d0e,83020,sao jose dos pinhais,PR
ecd03985c15a896c85a422875492ea22,2fb17d901aaf96439e259ec89ed36d32,35060,governador valadares,MG
d25b76e1c12a151d2cc509f1dd2ece55,d0c35fae8c071cd1e3714d16c2e045cc,18730,itai,SP
0d05af7e5a21aa81bdc60f6cb6ae91cf,f674cc26af3723f9aeda6971493ae276,21220,rio de janeiro,RJ
7fd973e7865ee210512c6222d387e7aa,3b32327f677fba6212c2e8e13792da74,13575,sao carlos,SP
79153fe008151c401cc66931835b78c6,40fafec9672482335351300fa7038b3b,13140,paulinia,SP
4221d4ffdad18996eb11c8a829d6a073,482749eee2cc3b294f4000e3e839c247,32242,contagem,MG
13cf269afee757997898d939075f59ce,fe18248c7953f426c0781d33a9730998,86975,mandaguari,PR
18bf077cc226f63f9556ee53ecf916fc,88f4f2cc2cc3f7c3e8cd20d5e592424a,22430,rio de janeiro,RJ
cfb4f71a58ff571d9ba472b8c13da4bc,4cee717fe839957b25f3d337e2f5b7bb,40270,salvador,BA
150ef1b6b2d3073c20d4e0b9118e7986,5b53a63514dcd1cfed131a137fb67fdd,72235,brasilia,DF
e34c642add1c46f0904e95997afac775,ce1fd4ae53af3460683ee1e6dff3e028,74820,goiania,GO
adc067863a867fe26b2313ab479df918,295ce59ab88364adb47d20e7e8dc075b,51020,recife,PE
248224efe0c305ad9ec1a18568e569b4,8c6958dd9f5feca9795c89fde9166c87,29161,serra,ES
7ee349f8d855c56ac5151702a8bbf7f3,69774f3da0d25fb8a277118151f994f3,75903,rio verde,GO
eff19fbf43cda74b8fb9959b4ffbaaa1,aa5dd0414c0e9ad24f22e06bec1dc805,12236,sao jose dos campos,SP
678d20542c7e73359dbe7f13acd6a4f1,9c2585f927eee84bd3856201a2a1bc96,13216,jundiai,SP
97f4b6e455ba303fbf1dfea62b8b6f61,ad7f0d20b46f7386fa4509cbd19c095d,65300,santa ines,MA
f3ccedece830a5bc0302a88efc05a850,9082939188074b7af3e7eb45475f52cb,13960,socorro,SP
b9e6598bfc63561d92e38ba3af29aeca,bdd2d0380fdba0ee6fae5c727eceae8b,37470,sao lourenco,MG
ffe51ba924ffabbb6e1ec2c92e582851,7b5e2c3263123b70cb9961f8aa7f0388,05527,sao paulo,SP
eed444dadc28f192c8b1521c754eca1a,1869558cd2dd43d23788508b5a9aa5ba,82810,curitiba,PR
b91d240f382eadc3b867e8a28a56f7ba,6c0240b5b68fc5fa50b6a990e6352c4a,23075,rio de janeiro,RJ
e5c92aca4cb7445d37790d511cf5bee1,4b0bfb44db36279ff7b4cd6e01283e28,08420,sao paulo,SP
8dd661c1d64e61ee187f399133e7cff2,5a8c8584f1e8a91f034d3753ddd30360,18560,ipero,SP
9e4c6b74c3c86a81e59c2c675b52d238,6fe7e2440b26f6b12e12db0afdce1ee1,83800,mandirituba,PR
d9d16f838d9b54ce3beeb5ba6e5793cc,dd398cc71ce360dbf449902de8eafd45,92025,canoas,RS
152145022a0e395ebe376ff5fc7ca128,d8f5d0ec371c4c801da02488edc6aeb8,03604,sao paulo,SP
5bf5c7cc1ffdd2a2b72a8a7a3c780beb,c343ddf04be95e21ef83a4bdc770fd15,18840,sarutaia,SP
841583c9439180dd784a95ad9498e34a,3ff01063b5e9ac29b967bac52fa3fd33,30660,belo horizonte,MG
8e40783a73dea55cfdbb1a152ecea677,ea632de2f6d0213cab0c8a46a99a0438,88870,orleans,SC
aa41ab7e6243152d3c21ec01446ee1df,38c89b5fb20e1cc1fd098e871ac8a8b1,22790,rio de janeiro,RJ
077de06f3b141d3ea9d6be46b409262e,b6f9b37d079d046b778bef7754e5ee66,95334,vila flores,RS
985f30bfa1eac3c9171f0140a9e0d666,99d8935df0c62cacb1cca1bb1f7f4b7f,08140,sao paulo,SP
93e2b668f75cb137a4318ad4aad0a984,a277c3e4537edd93435ab61288810da8,04077,sao paulo,SP
24e7dc2ff8c07126358af519732b8558,e0ff4805ba6693550d1db7d374c477c9,36400,conselheiro lafaiete,MG
590f9970d3a259fef3bd11c3f0207f91,3d703b3bdab1b0a16ceab2019745ca2a,49038,aracaju,SE
29a0ad4e09da9eb0e041692da531026a,72a91ae0e3071d2b223ab8abb71639b0,76680,itapuranga,GO
327833ddd43a3952b221f5b766739851,08d7e52bf78f5fa7e4a0fc47d7c4f9a4,88750,braco do norte,SC
742180681070ca64b3865e44676b373a,e1c409ef1e0df13b45696af942cdd90a,13295,itupeva,SP
02e5db654b2f6b734ed89d5a28cb200e,879262bd8707d8d98d6873312dce9fa5,04379,sao paulo,SP
cbe499bf7af1964f5924dbe8e244c75c,6bcd85a35af3d6d244b6494062b825c7,39401,montes claros,MG
8ed69cbab6a80fa4eb8ccb13bee2e667,d8b99bd114714cef156bdc66db7bce15,05087,sao paulo,SP
0b21617fb0d74d81d0cf3264cbe3b0f1,68f098aecfb27519b85489fba1468e36,89254,jaragua do sul,SC
e5665fe8abdc4826e0f15a3d8f113caa,f5701b11f50fd7209dbed89d10c84e8d,75880,paranaiguara,GO
86026411ceb03f946a2ee941191ee906,104ecbdcb645f2c124125cf58db3051d,51350,recife,PE
d1e8d2dce7cc66c32405d66e9eda6b82,0d143948c843840b6a1971d7e717bd5a,11520,cubatao,SP
2c9aff9e7bc8f51885fcccf14cb2ed3d,3a63f43ded99604ffb13a0c25579bb2b,13870,sao joao da boa vista,SP
e16a28ecd0cf7f1010c6719d14666d69,c0f65d36aefea8816ca9498185fe6167,22775,rio de janeiro,RJ
5ac12bb0d6166ac492936e53c84ae0ed,9199d4b03f114560011e2e878eb9d9fd,58434,campina grande,PB
b38d15c7dc1cda6caded2ceb0d63cc3a,6ab2e4b7fc40be0ea3f52a97b848c17c,25060,duque de caxias,RJ
cd7d8f09e2df0831f3af452c2b2bfd1b,4686de5cf477e8cd46974f09f5414508,03287,sao paulo,SP
9e9244c4b7e622b39a13b1824097d976,d9daca2cb55639456d4aae61b298bb91,98995,porto xavier,RS
d43f51543fb5e83578f7ce4f13fc49c5,a7ed3530470d69aa8cd5ff6e072e7f4a,29055,vitoria,ES
3bc2fc702019bd075e33a4ee86cbfbef,a1a374f4c131638dc698c76bebd11769,02050,sao paulo,SP
14148e8de854cb67d2c730d568af1ed2,020747bd836e23bc8e3692937ad85497,25845,areal,RJ
cde3d6f35cc850126ef374787cc74222,19e9a81afff7021bfb52966241cac16e,31741,belo horizonte,MG
7a33f21fe79a9a7c069e723b0c339a6c,32f49481cc9ebbfe06f2e63a2f5279cb,07123,guarulhos,SP
1c37c0f0cd1d88d46d9fc9494762abbd,432ecfa8b7b7ad2663c7abed0dc83c51,31270,belo horizonte,MG
c49ddc57f4de85a5c7694bf37f9b525d,a0c02e30e19b2d276b746bfbfd36cd1e,98750,ajuricaba,RS
3888c042e9241f12d3e60d2323e3bc07,f18a9b1d9aeef668714be19df592480a,21910,rio de janeiro,RJ
d2dd888bbde7f2030be8d738074c25c4,10b73c443113a98b487f083cd049c5f8,83430,campina grande do sul,PR
5b39501b275f18a72937d3607563003d,2e06e1f1cc8eede2809797d1a27075a5,88220,itapema,SC
baa484e36b520c9d8931adc896ebc1c8,bebbf19a7d698ce4a16658783379550a,14790,guaira,SP
6be3f8f4586a72b9b577b7a366fb1f70,e2250dca3fe36b9f2f3da645c5d76c34,03380,sao paulo,SP
1d0696acbcc828834294b845e3f397b3,7d2c83859f25ef23950e05c5985ef5f4,33925,ribeirao das neves,MG
9f3ad19bba89c1ab1396093a0b837f62,69fd9c1fc3a6fc37901d435132307742,89190,taio,SC
1e7669e900934e588bb96f581c45d359,85a5b90404d5feafcf56b7ae63525151,59092,natal,RN
15d3d11aa10e41016259565bc121004b,d4dd6a5b333c266f122262dd564076d1,98995,porto xavier,RS
75ea3b206fb4890d3247a0afb3cd9f37,f3ec7fe1b723815ea67103324912e409,12922,braganca paulista,SP
c9a7dfbc6fbf3b5099015fd9cd288435,3f8361175e08ec40637d5693af196c9b,06519,santana de parnaiba,SP
529cdd66b36605936a5c313cfe7427f4,c3b85831f6f25fad01faa6f554dba4d9,31510,belo horizonte,MG
a2141dae4f56fd98148f8d8956f2c10a,d4c81d143dd55c3f486bd6766446cd9e,34300,rio acima,MG
2b32ccfc1540d4e925f7b53084a26eb9,58182e5bc2e98e9e10ea9bec32e31695,74493,goiania,GO
3c0b720f2a9aebf70b250e73ef4fda63,b40f9f5a8ddb36c2b9dded8fc1f5a255,84940,siqueira campos,PR
e8f20063fbcf5a7c9e38ff7da9bd55cb,ba2defc7d5a4fa689ec04a8f044feba1,23547,rio de janeiro,RJ
ff20ff0d4c2d7dde8622bf9875f32455,fe69db51b44ea93a2eb9cd875ed35eba,04715,sao paulo,SP
0798dfe8bcdfc6b4a6e0c4b44300b5ca,aff8a08dea554515329d540bc0fb1967,22753,rio de janeiro,RJ
92c4389a799f9f07a254d8c7519106eb,08a8e6e7993db052baf012f977f0f0d5,88137,palhoca,SC
f9b37f6a2591a3a3ee8ebbb20196d71d,6a73ed08af9ee3b724f250866c331e48,85935,assis chateaubriand,PR
68ba8f23c3adf9c100fe5a28d4f3256e,f140839b5ea1ebd782956d880b40f5a0,18600,botucatu,SP
987e330d74e0482b2926096aa53470f7,81d767ed674c1bf4665e18c0eb0e8e18,60455,fortaleza,CE
5e314ae29121bbbcd0e1480d21211017,8ddf73854bce3c19ed1205565ca403bf,04911,sao paulo,SP
8eab0f859d9f479c0b4f8838c63f3cf7,96a08fdd7d732232f9b6c94d47f29503,31535,belo horizonte,MG
4bec36f049ff3fbeaca9ecafcfd3baaa,cd3f3bba0eb759e04a4c37abaa9bd9c8,37810,guaranesia,MG
980577f4e75c9ff551133fd18ae0bab9,d393419796111dfaf317ca354f6c30e6,89259,jaragua do sul,SC
e1416ec3b88d8041d327cac02b6d8e8d,47b29e588ab38bd9734d713a831e30b5,04002,sao paulo,SP
ebdfcd4a2112eeb988b61dbeff6fc860,1655079c875d935798b3556eee5e4c30,18500,laranjal paulista,SP
ba03825db0f92dbade0ec0278a6e26ae,7f4b3e37f62fd76ce20deebe1f898718,16901,andradina,SP
8d7f8d52118558f4c05875c0147aa4ff,281d051839f7d2a90848f200397d746f,13480,limeira,SP
b08d8e609d55b8d13dafb964bfed9acd,463f4877f80ecb1068b9369b237999f8,20780,rio de janeiro,RJ
167650b03a6ed2dfb29d815f78a1497e,892981a81e102cbeaeb417f31b8213f2,38304,ituiutaba,MG
8ac12be4103f6d1ad36d0c21efc8fd5f,fa58e11c149d7e903dbe5f6c854277e7,98780,santa rosa,RS
83dae5cbc60eaacca05d4a26063bbf2a,158f0ece292839c5e817428c32917440,37945,sao jose da barra,MG
7c59cfefe5ae2b8d96ad4c09c3126faf,a6b926f9c0ba8b101d319957428b20df,19160,alvares machado,SP
773e44148a162cd665cec3f70a9f4fa2,42ec23281be69bee5dcc78d687e4a416,34800,caete,MG
c66b9864347ac9c4c881412b2e1d97a2,17cbedc24919c57eab7701e9d4136f16,35790,curvelo,MG
95fda3c2a70a5834ec54463c77b5f10e,adafff62692fe2b543ae734d219ab354,08290,sao paulo,SP
afa7a206ec8cd8335d82fdde5ad8f24e,7d8dc6d2f797b963fe679ce9381c6020,26281,nova iguacu,RJ
8686c6f115aa4dddff8011037eea983c,72ca6d1721d10c690469c78caac5fbd9,17700,osvaldo cruz,SP
b24995c172c3ba6760ae339c7aa8b94b,bf7bbf985f9e27b2348987ee07ab9260,50830,recife,PE
be0e2abfe1e57a99b37f471ba7380aa6,fb3520ada3c1bbc8b1b978ab735370aa,65740,pocao de pedras,MA
6c1dfcf79167f6eaa51ee9740c7229bb,211e24bb1acf05ce6465ac1360e4504b,26292,nova iguacu,RJ
a48ffc7cf9fca7c48a49af83e7261ebf,4c3c05dc3829b4ddd5965f29decf4e9d,04468,sao paulo,SP
94c515bef144d64e9f9ffee71a396d15,e544e542326f2acc4b811cad1de36d12,18117,votorantim,SP
e9a689ba0543eacfd32922f7195fbcc8,93ff262b3365b5aa5ed38f8e2f24e1d3,09180,santo andre,SP
ba0a799b8a7b0b1a1ac522a0a8839bff,22c8d7801061f27eff57f37ac4ef10e1,06327,carapicuiba,SP
15f0adc33fb9e61d4ff29df6a0768870,085f3dcb899070b8cecfe4de3b2387ec,88020,florianopolis,SC
05f0ba650e96816117cc49d9194cf3f5,494e43282d9bcf8611235ef3b78dfdf4,89815,chapeco,SC
d3e3cb2b2922f53b23b090d9668a1b13,136bb390be82b2f669d8805d4c3a3f76,78640,canarana,MT
5e772b004f705143cc7b1930de75284b,d8affa4d71cb3ab186436bad8862f470,20560,rio de janeiro,RJ
84136a4330f1da183e8cb4db7448b838,f4ce9f885889682da2e2b0728ce92a62,88302,itajai,SC
4ab32cae3ab517dfd9db1103b658575d,5a49489ef92cdd53d89ead5476bd3f65,99025,passo fundo,RS
df65599cd5fdaba371377ec2b8d533ce,bfee7b14fc53e8a472abe7709ba654d5,15400,olimpia,SP
ffbd25299d045182eee34c9493b5adec,e46fd5e02159c4cb32d9e8ee9bd5bdc4,06790,taboao da serra,SP
ce66a27f4a8c469e2f21230797f9e90a,4484ee6ede99f1f95c6a1470483ad549,07436,aruja,SP
f69b862b6b4fa78cd6887938a74be7a9,9aec5a6f94083aca8064ec076c1f9177,42711,lauro de freitas,BA
ddfecd4bb5e482fca16929e5ece6574a,7ec67b7548469c09a2afb714b096be0a,95980,anta gorda,RS
27828d691a25b1a79e058d187694b1d4,79d271a1e64d49db265c067178945a35,03911,sao paulo,SP
21e69ff635b0200760b86b80ed80e7f1,dd1e44059d2c70e672f19efd067ca739,03504,sao paulo,SP
ffd2a3ec6696db369cdb7b56aa50db54,135588ce36770cc37d33839351152979,18276,tatui,SP
7827db8a8e439d919d8649b132df7061,edb746e66c06ef98b7b78e6666c2ccd7,03124,sao paulo,SP
a9d6d93225edcd259f4cd5e10d5ef656,71c345d302ee36858bddf6299d7aaa12,12243,sao jose dos campos,SP
c458c4ffe58158d0ea839472b03caa02,eb43f4d7946924b5c15a69421ed93730,45602,itabuna,BA
b78f37cd0654fbbf35c5277b24936535,a324e032a76af91eb1bfbc44a2abe81c,13025,campinas,SP
ad587c8d6f7e1ba99d2cd8215682a0a9,b7ad90f674e99944a8e5677ffa874c9a,41195,salvador,BA
02469bb79cf0096970abae40244a4c6f,235e44672edfd9e6c77f2c69f4bb8427,68514,morada nova,PA
6b4407e55115a2b1ca3e6172366b9a79,ed38f65405c6e220fe7d51fee8e02305,13960,socorro,SP
6bef26f5ffada3596c2e922c09a648bb,d25a4f55f2b7e56eb1940e79dec6cf4c,32141,contagem,MG
9107a1be2b8b1e2d453bd9d24db120dd,f22658cd20184d80e405606a5488c752,58195,frei martinho,PB
edf066c026b6d8fd9afb633fbd4ae0e5,6d94066ade6fca982fff74724c2859f6,11085,santos,SP
1b9fb3a5ba819d423e454654ab33b595,0c039ec32706287926596428d240686f,06535,santana de parnaiba,SP
f4069d40ff2d2afe0053efe63932deda,09f851560b90342e505b5a3404d5e239,03412,sao paulo,SP
cc4806fd92b5bc52c76bd55c80641b06,5941e69ecce17afb03f8f03c9568a759,97060,santa maria,RS
12af1b4304576908180963085a624693,1e7e41aed1b2fb384f3e8c4a63b59fc2,65036,sao luis,MA
498e133a13395236012aed36ccde9a42,bf448042b40749d8b95fe00c08a9b5cb,30190,belo horizonte,MG
a54c7810d4a0a3563f11fb6ce6acf771,64ef8378b255bc728db76e1b9e61c727,17800,adamantina,SP
3c20d3e3823ba488501529f45d51b02d,62a25a159f9fd2ab7c882d9407f49aa9,13465,americana,SP
0cbfb11934fdfab3cd95e2224b6c84f3,028f21bc914b92ebd3d90710df2363b0,22231,rio de janeiro,RJ
47166d26162214b0b8d361f2583cac81,de1307c831e7ff4d01e381e423794d22,27946,macae,RJ
0f9043c635f86f7eb1e8fc07704df303,71bcc66aaf2b570823d097292d8abea9,37200,lavras,MG
8f6849cd321a103102fe1fa422567e9a,e324c134ca1ec9c242457f3a8593b09d,28960,iguaba grande,RJ
8dac7b837322f0519cab6ee542842cd7,0ea7111a8876afb0b76bad91309465f6,36051,juiz de fora,MG
e64aa02afcaa1e3d4ce21e3bee093bce,c553acdc51975662d2b5bed35a39adc5,88370,navegantes,SC
704692ee897946827f620097cf141e09,0e78a1b66adee5bb3a6f014714f79cf4,21853,rio de janeiro,RJ
42808481d800a84a8cf647ef8838c6cb,d03b324a9f1d52f6ef3e1386477061a8,13013,campinas,SP
037fefe4072b01df6c29d233b2196a23,677378f2b0b40f72c2d7dbc2df8d2bbd,24230,niteroi,RJ
11e9bbf2b2029587516b04cafb81a3fc,d28cfb8bdbd4af22381e7e30a11da106,35650,pitangui,MG
d19edad236156a06d87428469b342205,973fe649ac96d8a5764ace509f146b0f,26520,nilopolis,RJ
7675279aa67fc4800dd667d60cc92713,5f38fc28c0140eb079218c6dd457ad70,25645,petropolis,RJ
a91773a9a78bebced761d973bfa12050,2c6ba844d7e25aca22e49049725c601e,07114,guarulhos,SP
236ec63256bb9c3e17bf8a07a310e353,10d1087f8c02d4906ec0d349833b1ef6,24020,niteroi,RJ
753c1896b701191a973a7b3e7aded7b1,b210912672cf72ad8a2408b009fee65b,08780,mogi das cruzes,SP
2df17a523b839dbca5cf6e2465f91817,626b11963bb9e1ca9646a0e0546af28d,40470,salvador,BA
891adb1fb4da5da2b8b8c367bf9801d1,af668a0f61ebe9de87d3f6d6a79ec920,14300,batatais,SP
bb4d4bc4ae2ade2dfb029a85170842c3,fd4043cd087bfe91024341ffa897a900,45980,prado,BA
4eba4e54a08ee98d9031561c10c499c5,e261dace2d1fe8f854e1597b9e507d31,79950,navirai,MS
9ae3d63d920443417fbefb4e2a03f45a,6a7244a47d9adb99cba594626b9c8bc0,64049,teresina,PI
1fe167b007e7b6080ef8116d0f35cb3e,1ef42abe04ae66f45e23992767d262e1,09550,sao caetano do sul,SP
aae85afe0d3dfab5268e0092b41959d2,57427ef172244b321ae818f54c6e1d23,02267,sao paulo,SP
59f7e332be41c01c24636cf11a8f2fc6,dd99507a03028827d70c9d6e835a7693,05065,sao paulo,SP
0f6523f5cb5fd85eb6e608726696f690,05c5923ea867b6d88fd8214a494de641,12062,taubate,SP
133a51d8934bca97eac4f7f85e127ac5,9badbe55bff677bdca468055545c6a6c,45075,vitoria da conquista,BA
ef3603c61b3afedf0cd74652a06dca96,90bca2fe011b661a21dcc4cad869f165,35198,ipaba,MG
2d4b23d6d122d97cb32831c8cf0b3f15,02eb78892c907c1fd2723b6c93c642ca,41810,salvador,BA
1b4561197d2ab1ddbce1ed27f3aaf25a,bd30658892fbc448a13aaf26bd4d71ee,18021,sorocaba,SP
3b979b88fbf88354add6870de52d007b,3d4cd13fd525234c1c4a2304fbe769e0,02452,sao paulo,SP
6c8a4da7b11b28b528bbb1561cd232f7,6b62ffc01d145a07072c3a54da59c5c9,49048,aracaju,SE
505dde6cb43587c90ca012959662763f,b77776eae6a9ee05aeeaf60842656d26,11660,caraguatatuba,SP
9d92c0ce43722dbc5cfb9b7046dcce65,336c1ce247e1f87858c70c13d27d74bb,13099,campinas,SP
5033c92efdd31473011c06f4bbd89e78,72681597c0f75321d4979581859d9d08,63540,varzea alegre,CE
6b4653242a2d90f5a7c66080b45bdd68,740b9a28b39035534bf3425b19016263,13485,limeira,SP
652c90c96d514383465d6ae2b89dc861,48c65fdb108ef05672297bbdafe650bb,04011,sao paulo,SP
c34265a8d593cde117e3bdce3fb30e90,0f59c31e24b4484843ffc136c4f1de1d,06414,barueri,SP
665b29c55f52f8e6cafd124ffc2b903d,8edc5b7e39c4bc9758b1f0ce090c3a1e,65061,sao luis,MA
976382878bacda15dea36ccd2bfecd54,41edba3f31cd6ab2fe7bdb769422fd2b,18090,sorocaba,SP
73d3b4069b0e042ecda8c77884a5474a,3119c7d0881db14f17f27bc80b245b48,66810,belem,PA
264309a71b792b40150ec69524c25603,66350a169302276ecc95167365b44a54,09920,diadema,SP
60c999fc7c67585b3140facf9f12d9e6,bd3cebaca36573a37827eccb61c71292,31030,belo horizonte,MG
15bfdceb03d6b5ef90c02a14a9bf7ea2,292a3505e590c1927cbd8599209a09ed,97015,santa maria,RS
b4cd0522e632e481f8eaf766a2646e86,965191786b70912f793e4a777fd623cd,13050,campinas,SP
0f30f95a3b35cec6eb5d7b1fb3d41ba3,e2ab461bbbd2cda48146aaaf21d6bd29,12570,aparecida,SP
72e7b1a8c79c9f535652bd2515b77781,b9d8cc4f4985788a80e757402dfa5514,89667,piratuba,SC
a84df861dda3906c111ac27696b392f5,475ba2c920a9ab4d0c5f64ccb6ebb776,29124,vila velha,ES
815a680608ecf58bb28d25fbb5c82ec5,0b8c318bf782ac0deb05582f0a6ae812,07082,guarulhos,SP
b14a788b10030beb7ea368ea345caf7e,7272e57415c0b45aacfcc713430ae98a,03685,sao paulo,SP
e30e0257e1c7189e6f6ba4ef151e717c,56c8638e7c058b98aae6d74d2dd6ea23,37800,guaxupe,MG
b7c4a65c2ef2735dffd17b8c44a9e685,58860304f7ac687337b72cd9c546424d,04364,sao paulo,SP
c6afd539f661cdf66e12f37802d274db,b062791e857662403c72226238569567,35162,ipatinga,MG
3309389d570651c38b9de3c4df4e667c,eff077d455f4f83532a5d18b850711e3,24722,sao goncalo,RJ
2b00c4e8dcc89e244018fc054bdecf62,715b4b0599e152430fc8d1fa97f05524,89460,canoinhas,SC
7543dc2c9f203502439305c8b2ea63bc,15033c3f1dddf5d996ffb71e2f31835b,12239,sao jose dos campos,SP
c996c4d9566ecdb973f7a3f326a5869a,1e23a493bbbc54ef9e592db53e29d223,62500,itapipoca,CE
bd62dc4bf97bb0039dd1d87c34b6dbf8,508bf6f5e11ca89e21772c88ffcd8c0c,88025,florianopolis,SC
f034510b61dadeded57a79a657d3e3d9,4e2270e45010f34f7308e7fd0ba18b48,58400,campina grande,PB
1d765a5fdf1ac0e849b0d72df63540c1,b3522f97987b835cbcdd223d13dcdbfc,14540,igarapava,SP
1df6b5cc0f5be2d7be5bb608075b1fb8,31db02528216401f292fff0d18b8d71e,27320,barra mansa,RJ
df17fef4f9d03187862b78f95ab3be15,a5e41393e9f2a8f257215af86413b958,15808,catanduva,SP
ef818121a19d344c36de34bd067b03c7,8a750d94941ec716f0a3cd136ae5f2b1,77023,palmas,TO
446f733c55cd9e94fd80d12eae3b9d09,c04cbbead43078dd5cbf68d1959ab8fb,22251,rio de janeiro,RJ
ccff00405b15922f077fd5e72318b5ff,c5a551ff8dc711daff6a3c2cce6226dc,71680,brasilia,DF
822fc3ec67d529e9601ead70e60a48ef,5e55ac6e4652123d78529c430a72e3c8,13276,valinhos,SP
d621d7e38d772ec39f30e6cf2329d708,3a2f0f539c7d4b0abdf37c3ae960264f,59040,natal,RN
3e05c1ad118dc0a4304a93b6b6012d5c,238b4747ee21575ef870e6c396843bd9,05595,sao paulo,SP
2bbeb09dc86b81185d6ab5592b1e2e8c,9da141f9addcf3734a01b6cbca7ee3d0,27185,arrozal,RJ
cf28b3b37de0d44466168e557645c5f4,02d00438cdf92f0ee2809b20683a4619,20040,rio de janeiro,RJ
154e754af04fd5ba0b7afaad0a638616,5c984df36155ca2d981c6a7d473c1ce6,17490,piratininga,SP
d1493b7fc8c69384bae2af1d631a33bd,3a9b335d5832549305cbf7ce302285d3,06050,osasco,SP
57196a49e744d8cf881f433e8f3c583e,d8811f570278be4d4c3120202dbe00ab,59621,mossoro,RN
7b11c617863d7b6170f508363593b4bb,e9695c601dc6d29ddffd2dd3ca54720c,37718,pocos de caldas,MG
095179eaa54b75064120ccdbe350eef3,b5942bee6bddbc0becb625c49cc1c46b,04703,sao paulo,SP
461848a187158368f56cf21200783874,53667cd51563647cf8dda0c45b343eb0,85601,francisco beltrao,PR
37dc44dfae678962e8b35133ab925246,7079dba72dfcab838a77454dc5e86ec1,35162,ipatinga,MG
6721a9af688cfa69d376ccb13bbe9ae7,987fadd385777d8f27edac709bc9fb61,04311,sao paulo,SP
8e791f9f55fe93044d73c6d79b1cce11,8e2211b4f8991190e309f38fccf7a8f3,07231,guarulhos,SP
8ba0374666bfb38c409875762a5af81e,ccc3e3aa5b39011a6b206229fb9b4383,24220,niteroi,RJ
7822a6861b0a8c3a5b4ed5f42268eab0,7818b82f258568300b10762fe0cdceb3,09861,sao bernardo do campo,SP
4633bda7d6d511e0846d74188f9f2af4,4c93bb366037da40abc2a89301442560,25901,mage,RJ
d4f3bec209aaecedb29d819e45cdb157,751a8f6b4c9052d71d55bcfa49f646e4,30220,belo horizonte,MG
d0de9107620b75a740ddfd310ab01c5c,0479ada60af68ccf63ea10d284769788,45810,porto seguro,BA
200c580999cc1e2c937f6e2f82eb04d3,bf6504419e536f7c4c2461ebb0689d48,05592,sao paulo,SP
adccd36d4162a8a92d6db5541069082b,bc1147328a188ed04ca26ee6ec9d61c6,89221,joinville,SC
811148a7f154ead231a5f3c0ee7b667a,dfeecf0721d9eb12b7b76584d9577d6b,75383,trindade,GO
4d53dc075b6e8ec9618f3d8a80b14942,8f4968221af78d6f248322ad465279fc,76260,diorama,GO
d1c6e90ab127d42b75ef2e548b4461ac,63ac99abec6ae9397c61293badd8a268,16360,avanhandava,SP
86cbaec898050c91b8b8abb9c028e8b7,e32298294895b7f92d89754e744e930c,98780,santa rosa,RS
ce5adc4a6936d649dc3c0757303dba08,a3de27ee03b2524eaad00c76e9a54a15,41612,salvador,BA
a16e67c974d246977ab8e252636bc1bd,984ce034c45ce48a43b46b58082edfab,87560,ipora,PR
f8989c74d32c636246efc5f2b72213b9,27e52e8a9bc529fec96ecc9c7e0531df,07134,guarulhos,SP
c8ab96590456234a5973445b7b25555d,9b2831d500aaa0350abe4fd6a1279c95,13211,jundiai,SP
ee5d17d6f2cc680e2a43b6751e6ac93e,74d1a8720681a24813147f548b68a81f,17013,bauru,SP
0975b736f07ef1af2adb4e91cba4a035,43af7184f8a067a1e49b68cd97c94ddf,49095,aracaju,SE
6a54b14b9e3beb628bf3489862bb8281,aaee6dae69f1e71e7721c05992fe77b4,22051,rio de janeiro,RJ
7b889aa673094a3d02825ce67ee7b54b,c68fc87e71247306abfec35ecd41ab78,86040,londrina,PR
9ff6d1a05ecfe2d907adac11a2e2bfe9,fc68ba9c34778e17224154c255b5656e,84200,jaguariaiva,PR
d2c218bda8ec8cab8e5d1930408fe95b,7620f9d37c88244db194f06ec69f22a7,30620,belo horizonte,MG
6edb1e0e082c4b68f129489f442f1e60,1c8c2e37ecc2ddc12198fa9fe1e9edf5,20756,rio de janeiro,RJ
ead3600e85d8eb332081f04815d0f381,af91c7ead5c3c8525f0e9d7bc5623bae,13274,valinhos,SP
c84532a23821eab67bf2a2b7456d8809,ff9c9330e86e300c18a03dcbccc09ee5,24416,sao goncalo,RJ
48f6ec1b60fe0b28221627cd97555714,0d3aa1250bc34f6b34f94684ba3832c9,53150,olinda,PE
d88efaaddfde753a7d05f6b1cb1b5411,747ea65052566eba93f2b81c6ca1a14e,59200,santa cruz,RN
06f0e084bc0ee932148f0094af2da58b,c58eef7aed6aed9326faf3b9ea41e874,94950,cachoeirinha,RS
4cad8026a6d4456f6dca8c9c40e0f349,816daa6ba305039a70aac15999e867d8,64806,floriano,PI
d40e29db86a4db2aeaf8fa2b22c48f5e,975c66693ec7ce66a1a5044685f9996c,32010,contagem,MG
8713f2c76cceb801594317bc39ef35bd,aa323e33d8e4117c993934571fd9e59f,12411,pindamonhangaba,SP
f1fb68ca7cf1c4dab0dd844d4cea2c4b,95b58b67b93c242b8747de3bcb9f0b01,35020,governador valadares,MG
647b6836dfd886cce7c2ac2601daeb0f,c9944a10e67b3aba2e50e03f29337fcc,16200,birigui,SP
5aa3cd667f15ab59d08f0467df70f7ae,ea878b525d175476e7cf516a08e355c2,15910,monte alto,SP
6326db5a7fa1bed7b29c5a8c08a3d4c9,6a7771fe38afc6a2f6604d19431287ed,07179,guarulhos,SP
bf0233a486e102239a5d72d15d5b0b5b,e29ebd785adfdec69ef56e08c5599ff7,88070,florianopolis,SC
bdabc3470015248fd35dc88e7709a0b6,be8800f6bc6c1521f4f0e6f68bf835ee,45790,potiragua,BA
6a259f105654c36924187507b16c4a04,a20d1c64e825c4683f3a7436e2dceca4,29060,vitoria,ES
c361ab47aacd071d569f44721509c42d,bf10b540b885142f2229b261513c0ae6,17680,iacri,SP
634df8e0e275262ab76a3d15a07ddbac,bf1026701127b0a37adaee9a23d36f4f,49480,simao dias,SE
48430ed054d8d4f37f6ee4f17bb2d920,faff4528095928ed7307472daf2417ca,70673,brasilia,DF
bba3dad7534c6f28029414e1a1b25f01,8ad99b078f7bfa945ff8607e5a1165c9,12053,taubate,SP
3e256600a04440a0b46eef09e5f994ed,02ba7b822bc05258fc0b790a1a54bc36,07241,guarulhos,SP
cc02ad21fb07abeabe093734798e43d2,b19590f18f717140365a5ff5176e02da,20720,rio de janeiro,RJ
2d1c5e687c232d5dab274e9c7d39e197,9d3c8e0520c58bd0e8b6f407d65effea,21940,rio de janeiro,RJ
2c255a49a69bc58dd3e08c4e3fd4def9,4004558a5632322cec6dfba9cd8f3cf3,40296,salvador,BA
3c86b40ba68ad7d3be35a10ae5696954,e4f8995d1c02567ac653a0016a2a195b,86220,assai,PR
0802da9993945877f32ed71ab7800b6f,b2c80924e40eb8711702a1b9bc2c7e58,55345,iati,PE
8e921bf23e862c652097101085894db6,c74ade29234298fa370a3c6bc103edbc,39401,montes claros,MG
42dbc1ad9d560637c9c4c1533746f86d,8d50f5eadf50201ccdcedfb9e2ac8455,04045,sao paulo,SP
5cbb774b043be6439aa9c5a51efea395,f668da9fd026fcb79d28ab116c6c2b02,90220,porto alegre,RS
c23053e4513a5142d344eb5efdb17635,eb8aa7efd9dedf1ac5ff6e899c638d54,09725,sao bernardo do campo,SP
7b6c9b3a1320537ea96a805c11acd5b6,a8d63b03d7d063745bba475997f9311d,79021,campo grande,MS
d824ec16e5d17a3e12b51b5b6fdeb2e5,34fd99b7879fcbf0cdb65186a2c0560a,07953,francisco morato,SP
6d75b739e1547399c38335db5a099405,4d96714bb58abb631a3752375807bbc1,06458,barueri,SP
e0e81d6dafebf0a0cbb332a231fc95f0,3f616c7f2e9ae88f8e6ee02239edac4e,38480,tupaciguara,MG
da5faf362ea5bf19120d84fa6e8cec46,6560eb332e62d95b9408f77386caf194,15130,mirassol,SP
04d7495f50a021d8db9893b0820a774b,133de684f8775f46c3cc3972be77bb73,14210,luis antonio,SP
96e664af0b18d12494b2a31ab2642c45,fe5ccd1f354e6e7a8009f492c6f31426,41750,salvador,BA
7dd2e283f47deac853cf70f3b63c8d86,13df7b623839b4edc579ee40279d57c8,26263,nova iguacu,RJ
a2ce3bbb37aad72f3635ecea09345970,cf45ade7b43b8716acee5285bfc5e2d8,49070,aracaju,SE
4bad1bcf3f513d32f24e947e4aa23220,1f28d9764181f4c65e28e21c2450f9ea,13044,campinas,SP
db3d228e48b195e4ecb9622a0b0e7807,b6720c884c4f70869b4536cad535a264,84623,santana,PR
c9ecc0e06e2ac8485acc3a539d0ae727,990bdb18726e889e74b7bb975c831c83,30315,belo horizonte,MG
00765aebd8e20a9a8aa8c28d0099a938,ec99f30f38afadbfbae32d5883734ded,13212,jundiai,SP
63f6cd19616df5f2d0965a676bc1ee70,edf0d93f11ab99410981b02039d3ff95,83065,sao jose dos pinhais,PR
ff30b76fc9c812f006ee87f55fba0e93,41298a23ace4d95a8a1ec4681b592386,03195,sao paulo,SP
c3b04ecafd51f2397be52af9ec00e07b,e629f10b5c6e7845a504e10c3cb1dea5,20011,rio de janeiro,RJ
520a609c3e7ac01830c176ab29145781,0ff30db5b17181729996386a74e76a1c,36570,vicosa,MG
1e2484fadfefda5f6e9cdbc78b909fc2,d0f399de7dae15555085c3cb3b279729,11444,guaruja,SP
69d4bf26c29d3e86be7ab9126b9a7e4d,0a0bc01025ce6dbecc33717834faf717,22260,rio de janeiro,RJ
b51864a91835810c755a8c3438c63668,75b1ebef8b5bd5d6a2a9c49e1beb1132,20560,rio de janeiro,RJ
4d833833ec5cc5bb9e6c230820e4bc54,9a9ca2ba7c7df7918e058df64a36c739,36307,sao joao del rei,MG
2a5ec1cee7600fbb0290c0dbeb0870a6,daa9b147ad28d9be3380a5a0d4c4f675,15046,sao jose do rio preto,SP
3405b496cbf59272a563bfe5f23caec1,0359ebc514411af89f5b6d86e4b29ebc,84025,ponta grossa,PR
915324f5c372a16f2cba00005464110e,213489684133d855d27b9ae5661b468d,55014,caruaru,PE
88b4ee07501ad4605dc58366d31f09d3,a2eb3545fdbc2c6687e8d66c78c206d6,03827,sao paulo,SP
2f186d7d8de0cd7d0157c5abb1dc4a6a,360725b7bbeb98b2178a2c2288ad11d7,25045,duque de caxias,RJ
3de50cef5f608ce966220a332bafba21,8aa91bd9d61152ee8167e620e58491d1,08452,sao paulo,SP
189a9545272771a0c7b0d302f8361b3f,a26863f4bec97ff62ddacb4986543e03,42820,monte gordo,BA
c4776e481ae20a17b45fdb45497a6874,3ab4c8bb461a86a63d886817bac800be,99150,marau,RS
22688d19d082732ac2ba2cb6f3e6b21e,9046541463206bb0f8dcba0018853adc,13309,itu,SP
7d66a925cb032def39bd1476c0cfa518,c8d832b1e6f4aa662d0fefabfca04265,56460,petrolandia,PE
6e6c13044b516b5e91d5a57c951e5662,69f01dcd25cf034057a9c17b0a969f3e,23520,rio de janeiro,RJ
380d316d4bde46cebc363189d032d1da,c01557d537b2fa9a8b6a03b8b876e33d,39404,montes claros,MG
d7c23f3d2589891ae50aae3af800311b,b0e9276c9a1616b659dba62a86625edb,29190,aracruz,ES
2456f8d019f041c966cd1d26e4759774,69ba177350bd489817ce4053c9834e65,31990,belo horizonte,MG
df4d5135b7dfb755421e5f6b2b998f7b,92e229c6e7b3f125a64552d02efef30c,13044,campinas,SP
dcba370f080ddec2e83ae526d062dec2,c2e045ce833c8289e489314d2b6386fc,06654,itapevi,SP
b54ba0f5011c40abe78ab10056ea0712,265326c5f25cfb407e2b02ea5df5c562,06186,osasco,SP
eac5c7df93a1df2256f7b1ef0e5b9e71,ffe9e41fbd14db4a7361347c56af5447,29101,vila velha,ES
b0c22a057e308ffdd32ce03e1734aa62,5107283254fb145d4259cf5b0c606542,13050,campinas,SP
b417cb435c44229b6f76ac61dccc1dd5,042297beec42e6c4f8cf199860398c22,36784,dona euzebia,MG
5d2b9a7a9bdbe47b86f680434ea11930,fee9d48a7d5e9122af7ebb105513a8fd,08616,suzano,SP
8b1f6b37bd99fe9ccfb4a3fbffde8d44,9afcd2bb0c19d4b4119e8587ee3792c3,09601,sao bernardo do campo,SP
4764d14d044d8a476a85262a3bd65273,302754b2edd8002c9916b2e3f119bc67,81530,curitiba,PR
2a296f30a02ae6035b00bd6c1fd2a67a,aedd0e969af3fb535f93983a178a69cf,13308,itu,SP
6c0a32063bce9f24338b38d689988b98,1c6c028831cfe21ab6c55c8f455ab2cd,21030,rio de janeiro,RJ
ffa87b4246c4848711afb512bd51f161,3ae68a873484afec224de126a94c5974,55530,gameleira,PE
7b4728d74f0ce27ff4e8da81a5891c47,78a038d19f31c40c5dd68c112ca00ad1,81910,curitiba,PR
10b7a2a6d7bb0cdf36516a6e6671e219,1b786278a223f27a60d2c8a6a7b3522c,12324,jacarei,SP
ccd330b2a68b43ccc7456bd7b62e679f,4e43a8dc4b83f80e615beed495cd2229,11900,registro,SP
c220f2e1cccbcffc95cfe20d771d33fc,91916c27ce40a9e6a60e4e0d1a20c911,30431,belo horizonte,MG
29a5c63da0bab501e5166734eb7cdf4c,6af9427a64112e232ba0510b7d02bdd6,14160,sertaozinho,SP
dede24a5c9620b955fe473970014f937,eeb40a1c2f9b56f9ef3166fb50b3de81,82400,curitiba,PR
685b324496cdde685f878afd7c329cee,2d7c6bd64b139f0f40968dd19c629532,28941,sao pedro da aldeia,RJ
62137f4b036702e112ce4e6a82933943,896e454db1e2a651983c60aba3952a31,20510,rio de janeiro,RJ
23cb14399f270bdd209b9fc82c454048,b0af01f9dffde5df4749042a8ef0c77d,20240,rio de janeiro,RJ
a26ebecf1eada5cc98c25bfd8b36d71a,99bfd9e7019de57a9f0d1a33dc1d402f,38410,uberlandia,MG
2c197bd27c38b48fe0dc6951d7c48f96,83424549593093baf504ac260d4615e7,03449,sao paulo,SP
0f99c31bedc34957e0dd7689d593a3b6,33b5e70d9b7805b2806caf7f5dbbd5f9,13091,campinas,SP
74995386e99bd410ea7472ee048f7432,248ff30aa493195570d2095f6138871a,38500,monte carmelo,MG
d8e4093b1a0d9885110b24a74feb6ab7,0ed7a1764f310e4becc0cba01027872e,25911,mage,RJ
766794bf292c3927755733bb52bd8814,91c52f2a0dc4b8665cdf1a5a7cc3570f,18300,capao bonito,SP
e410246ce491cc1e9594cdbfcf92d1fe,3f0c4ab1e2c722ecff46dd8a91099944,17580,pompeia,SP
2726ee187e4908c9683ac2a8a0424af1,f28cab5ad7d6c9b05e6cc9c310761968,27285,volta redonda,RJ
0afdec8c17187b3049a69904ef1cab59,6e2f539e9e0e323859a81079581db712,07132,guarulhos,SP
488119c700bb3cf6723a3216356f2e0c,ab6a9070b1a32a6ded0bf6410399ab55,89035,blumenau,SC
03975ce1698b187029146eeefa04f5f2,4d337c98856b7ffd5018d7a5b3fbaf76,88353,brusque,SC
be5f889aa121640fd2a60a253fb70120,ecf5f6c785e277bc48365b9a589bbace,07600,mairipora,SP
e759db1bd97e2c1f97c134b192acc0ba,9e68d26d315d60419f3867d508294a99,13212,jundiai,SP
723eb4ba0ff9ab7d9b964b4bf7d30438,34416450d9f82a563b07a853cb11d643,08720,mogi das cruzes,SP
e412a786e2d386eb745399143012e65e,40c07297fee5494631337c570dd5f3ff,02618,sao paulo,SP
af1a02da78f2e9aab4a69b123263b3f6,d0e577fb4794cd81f062326261a4f75e,12903,braganca paulista,SP
c6fa0b8e7a3f6679d53485285de58389,089b6478aff75229f5abd18d5c8fcc28,09580,sao caetano do sul,SP
12a46f2f608edc0e101b843357ef9344,64e9a736591627c469dae6f3d1592a61,55790,taquaritinga do norte,PE
f7e7801b2e6ddc11047c166b4f440769,043e390fa0564f9b0b09d8220010413c,59631,mossoro,RN
9f7d520a76f847b1df92a69ce795f3a5,d1ed58c0589536c0e201dd965b14386d,34000,nova lima,MG
932e3af0ee6c27729b0c388a58a67f20,4b9a87214237c3bc6c3130df4e787f12,20270,rio de janeiro,RJ
845b824eb080c574067dc1f73e58e09e,06944904bd31234a78668f4bb962817d,93950,dois irmaos,RS
5d1f4036c008db431004d390d7920638,b0b3c2cd54fa4bc340f9f1f9c0440ae8,12241,sao jose dos campos,SP
c93e142e933bb44b34c4a1523308e4e4,00be1845d956d40218db17093f667764,40420,salvador,BA
ccc8c0890069937d85d36bc228d71e09,1bec060ef732408e238c5e7790726338,09530,sao caetano do sul,SP
d6540fd1f5f05337ee0715aeb83b08db,60fcf08cf11d8ccba7ea0b2c06ea1f70,05818,sao paulo,SP
264d02bf55980e2934f42a50c221e97c,2f293b442348c20d12aa4537bd3d7234,18071,sorocaba,SP
35c6e01d0a534d4b583820e1c37da893,b68c725eca7bc7e69d50b9ed50165043,31010,belo horizonte,MG
d5da921c053c5be5b56d704563f216d9,eca43c4fb073fb0c0ad04bdfb1b11c2b,12924,braganca paulista,SP
8b80d650dc2282d7175ab30a8b417280,210bec49b9e200df48dd3f31310d606e,38081,uberaba,MG
7bba4420a869ab8dba1c7096358c1d66,5712625605e436ad6f7fa517ce6e8e0b,23060,rio de janeiro,RJ
ff08e4d01ec84cf685cbb73cea8c1aa3,fe905a35ad610e433e3e61a3cb66abaa,88840,urussanga,SC
71a6ab0f5f611b05e407f11a655e8c38,d76f067dc045a619248ea70437aa072d,04042,sao paulo,SP
9448711e9143b3cb9f54d8526bc8655d,7c897328e8e63128ba7db8d9bd8da6d6,30520,belo horizonte,MG
8860612bf15c90f98db7e4721101f944,4714b1441a8d4cb9a30441cba4cf9b91,05269,sao paulo,SP
f346b807b1661ec6ca272e79fc2efa04,ee3719b7c352b9582aae9f515946f207,35970,barao de cocais,MG
9ea7875477b41433fd8e2f65a65a1d1f,503183539a4cde9ff1be148be92d9fe4,20081,rio de janeiro,RJ
b9dd2402a49f032e7942c2e126e34f52,352e7a92edcb90485141500a9051d480,36213,dores de campos,MG
954e58351016ce296c9b714dad1c5d76,8751da86cb76035d42bfdf41f28b92b9,95034,caxias do sul,RS
3bdca823a643039843c64ee0e0dbe687,05b799873380ba4d0e38536e05777d55,32140,contagem,MG
72edfa680cf8f4b104e145cbb2b0ec12,0aa6ab94804bbc055e5bae5afcf5f5bf,30360,belo horizonte,MG
95b0e44cb4e131ade1701e243dbb340a,f63e56138ee7885ffc3b7e56933446e6,37280,candeias,MG
d53f4ec69c4531ee2230c7a754c7191f,a82c228da97b07f1b02ffb5ba2a3385c,14620,orlandia,SP
b6d43bdf1d5537d9a1d9011e8044eac6,b5f89c3cd7b7493038797546b5060085,21864,rio de janeiro,RJ
443f468da5abf42fc6a182ae8dd86dab,c2e735ce7b160a6cc0673e8476a02ff2,09531,sao caetano do sul,SP
b4a63ceeb0466c92a04c584e251b4579,a48cb60fc0afbf52d82418d6c8db54c9,30520,belo horizonte,MG
0a9c737f5b873019090c5ab48397ab19,85b8a4d541d0dcf87b8980bf17f0c516,21010,rio de janeiro,RJ
30fc4a8a18b770f84c381b09eccd9b8d,956abc21591ba4a89d91989597554b77,65260,cedral,MA
d42b187f05a3ad462f61b718ba871f05,cbebce165db72a2bfba9e81a3411bdf7,51150,recife,PE
83ee6d8c8198e3ecd30aa108a28d4b81,6da86195a1457c43de63905fe4c422d7,96201,rio grande,RS
e7b047f3e2c9bddb8f4dee625e0c0ce7,f96342be3c45d47e6df6786297b04f84,21610,rio de janeiro,RJ
430a3322d71564ee0afcb1a54dce87c5,d71acfcc8e6cfbfcec402dab6534a0da,65081,sao luis,MA
b5d25eb3292eb12a072039a8803e68b7,4a22fa2d2effd55c66390f433ae3d510,13334,indaiatuba,SP
5234fd7181ad48cc892aeffb5cca652e,c4aaf56cb82d8cafad1c2281fd3e3bd3,91550,porto alegre,RS
4615d07e73e4c684ccc9cb865c0388ca,1fd3bfcd9ad31bbc4910b46c3b1d12d9,13087,campinas,SP
6ad4ec95ea482c3e3cbddb2295b3d604,622bef24c41a44a35ce648ecce017682,13483,limeira,SP
10bc635dd02be0adfee347a616414b23,37f55f5d44deba8d1f40db5003706188,05887,sao paulo,SP
0d8cb40fe23920b0a6078753a31bb617,bff4ef831a377c4d6e06be5dd035a8d3,89115,gaspar,SC
8fbc2f7fecc58a98fbd87a538b03dfe4,d9c194a0bd47eb8aeff6ec5560932005,13417,piracicaba,SP
ecf406af63d8896d04b79672f2561375,ea3e10d9f7f1c2ee3b6040cb06ed4bf9,24711,sao goncalo,RJ
64c618cd8255afa20b32c21c12d87a48,22f2ac2a52ef231ad6d14660da9054ee,02242,sao paulo,SP
4daf9bdbb2f515d19c4a054881982674,8639ba758371b0ef0e3d8264ac944b2c,03127,sao paulo,SP
fdf5d4db9c10832e078f97fc5133074d,ebda3e5a496b98c4592a5f42f3c252ae,11410,guaruja,SP
54b176f522b30ea31266ef985a114348,355ff5c20316e13a8b29d6ffd27a1c96,59152,parnamirim,RN
c707ba7bcdb0d504e6f30943e310e74e,dda31a99e5f1f8fade9c1da4d38b410d,13271,valinhos,SP
04c988f07a548026c43187109042f220,1e7a6156e7741bdadcc3871c9d47bee3,12328,jacarei,SP
6381ff1e268f6d25f9100f30d333f60b,0f8de7289b569f01612d09f35bc8692b,29164,serra,ES
beb1179c24f5eb219e9906c440fc59ff,7f531a44b470da4b21197e47de11da9a,66040,belem,PA
c91581a1eb4e566997896347d647870c,f1a5884487b55d0f9fe6cdca5f7b9d80,01036,sao paulo,SP
fa89053140d09081b3a3a4608a74c083,c7487ffbfa6bcd0d672d080467914d6a,14870,jaboticabal,SP
3f413e6af818b68f8f3f23283540358b,4e549a3943fd117e4cff454e53bc758b,96407,bage,RS
e9a06aa3f7fa097f35f17df488b3cc73,72ad747a4af70a206effc508dcf97a4f,14711,bebedouro,SP
247741a92e8790b27cea613f7a5d4f79,dc0ede71afcb9839bed5050275837159,12030,taubate,SP
92f6a212f24d45405feafb6c093f7c69,a1f4501b013e52ed0dc689e52cc923a2,82840,curitiba,PR
ac985dc42c574f505df2a402031d7746,db4b5bcbe7694b9d62430ab3d7654e61,95010,caxias do sul,RS
6722b211493615e10b66f7aba128121d,57acaf1927be0d1f26e5fd136fede5d4,31030,belo horizonte,MG
8168b5079d6ea023893d64ff63f7c4c7,d8cc2308f3165af44778e8eaf94e4b7b,03019,sao paulo,SP
b8e111b6572fac79a6b4e9dd9534433a,f7c78a55091299e2556218e647c2bb73,06454,barueri,SP
24eab5309a4f60346c0fe93388afe166,9c22decc1087987926bd5eda3555afd8,11065,santos,SP
c06c587a571e55dfa11441f4a93a822c,8c27db3ffd2f6f5832cb6d14a6045139,37400,campanha,MG
10bb4c6dde360660c6c9c841cb172580,72980b214d7d3fa1c25c638fc40919e5,68702,capanema,PA
f06a8774fd0ce546ae9896c44884edc6,307bf9ec02a98086b970d996fb3fa47a,18170,piedade,SP
938d6edb57b6ba2e71a1fad51d1d242d,876bf8c186da54edf439c9037a5760c9,07144,guarulhos,SP
8fc770c599b24a6353628d32cd069285,bc7b75e044810e4c6c4f7e44626e52c0,38412,uberlandia,MG
f9221637539179d48001ecf3e5311cc9,46417d48bc2287961151018320f0addb,94080,gravatai,RS
0e8332eff7b8fa0210bf0350bd2fd5d3,34b6da1369177d2df961695e0116c6a3,26425,japeri,RJ
f0192b8500e66726ff809a70709bcfbd,a63a275f5e1b74734cb020181e16463d,92025,canoas,RS
ed2f12c194565a4351a766c26fae57f9,1ed97d199d05210d3de8fb7dc0ac9e8e,78030,cuiaba,MT
3fe1b830cda03960fa7abad76397bc25,80eabfc294b45b14ed77025fd9c51044,09850,sao bernardo do campo,SP
84c6bfb65cffd4c4fbaabe31622495f5,34c7a4691f12a546b18e4a684f13bc55,11900,registro,SP
77d20cce54e3b6b20b7207081077b084,d45296ae6c08dd80fa1661b58e04ae88,18608,botucatu,SP
e785a41a19890a8f11551aa3b026f253,fe3f83cec743f3a26ffef06741b63ab2,06382,carapicuiba,SP
154019d49417fd66f52109220b1c6e43,760ec8cf264a0874772be65e6c9481bd,89291,sao bento do sul,SC
57a5790d63d19ab68c8eb882a24cff8e,2dc7f51f05ba1b1a92608e45e55d1fe1,04728,sao paulo,SP
c9004dd2575225ba9a571106e0f575ae,ae1f78817927f05f48923d9c8a174696,66023,belem,PA
ef8a5aad3ebe3ec27cfd69d5617c5c1a,52ee377ab3d6f6c96909f8b820753423,95095,caxias do sul,RS
8cf4d011190096e3e13d34a6cee42bd5,796330032625c52c206907c7e4acd2d4,80220,curitiba,PR
74aec07f91feb0eda0bc6d6837c89170,15dfaef21fbdff1c1ae363d33de51f28,78710,rondonopolis,MT
669a095be23ecbe06b337b39888bc61b,bf39e3be6c1bf000bc0cabe1815d92f5,20560,rio de janeiro,RJ
c7fd81c103d8cf9d0eb4e33040df28e7,3ca90669af3842a95b1c16b897791a88,05783,sao paulo,SP
48fe0a56997c0eaac6fa6f50fc9d8020,64fbafb2935c7a2588d6a26a9d750487,03063,sao paulo,SP
0aaefb80e6a0c42a29ea9afc0a590791,1b606e10c049e49fdc3ce5401e8131f1,12506,guaratingueta,SP
dd2ee193b20b98224502484a26b61d66,3c3629948a44757b62d5477fb7b5a265,89210,joinville,SC
eda9e4af546874235df9495fd7d9485c,8d852ea90ff4aef4beecbaef0cb55acc,05037,sao paulo,SP
914fbfc75fde173611bb46bb7e594358,2a995843070e1acdf7ac5770e3bc4f51,11630,ilhabela,SP
01592d05fdd8a6deb7716ed80a0d18a1,ba0c4da87f8b5170876eb429fde7613d,11533,cubatao,SP
a4bb40b4e438a106bb16b7724273e120,b37b0c57ba17d7a0ee6a63c3cc171af3,12922,braganca paulista,SP
f6a6b6537e91cdb94efd469d48d78690,00fb8f6787f67bd33c7e86c9691d2b1c,03186,sao paulo,SP
a33988fde632872a5c5458823b9c2d01,50bb522b463517d5cdcb4ce2ac2fc610,60711,fortaleza,CE
2a448cc5163cff9c1b88d9f7848900dd,4d08ce189da9a10f9fd5e90918de54e0,01307,sao paulo,SP
6a84735b4b1a1380e3abe5b91017d69d,2969fd9a2254ab21d3a9ad9edda3030d,03801,sao paulo,SP
ac55147578581612a3f796fe48be77d8,1808e751aa698286626ce3c3396387c3,12233,sao jose dos campos,SP
58456fe345a47eddb73e11a8c91a1b69,defbae0ddd4aeca563944124fbcc4bae,83070,sao jose dos pinhais,PR
b52a43b300826ccbf7b9c57f4c576357,85b48f77fe458bbae9a3c79f6f32ed3a,27600,valenca,RJ
871b9c40a3cf08219e272fe43666f18e,e12f7f1e96f1f9f6361572028a1fad5a,21350,rio de janeiro,RJ
edb6cd94abbf0498720c0d11e5da17c1,6fa0de0198ccb5dff7de07dd4c139150,20040,rio de janeiro,RJ
c7566e4988f02bd02e875d35d4ae4ac2,96442609daeda9b89a7cb0c9a2838db4,20070,rio de janeiro,RJ
0d9406fc091e557580d0d2171f268d88,8beb6684c9cdfea633ec7f48e16f1a84,38400,uberlandia,MG
a0be8bd8b97ca99891f726d57b57bfae,99829659b11fdc940b09a440412559bc,06654,itapevi,SP
a8358238f44b4fc7e18c7fd54404eaae,296d02687c099ff37e72de1b69c91696,03918,sao paulo,SP
585908a498f0b6ea9258ab3a3db3a9bc,df10b23ba2aff9121ec3b133c6b38a10,05010,sao paulo,SP
6af12e8e6fdd92d3e49abf9eac301d63,8c60a63f751a4c744a3629ebf560041f,31030,belo horizonte,MG
98dbd4d2aa22a4b4a06bf84781432636,25f538d53ef3c2b84b94b5114e953c7a,85410,nova aurora,PR
eefd9e5a6bd7866ce4718f91c20cf522,95f2ad130d11d5a1b25185c134ccf392,39835,campanario,MG
24b80c81e6779841e8f648396b28c6de,3b030b93e05010026ff4449b9647415f,06246,osasco,SP
f760b1ac2bd99fbc9141d64509cacc13,27bcc6a34c8d1680d0b37534ca64c09d,37010,varginha,MG
e8730c3eecf9daada0e368f2e49885e8,58585e1ec9edf78de9f233b328a3e046,21011,rio de janeiro,RJ
9eea546120409aca23a75a64d9c26878,a092eae5ff7dd7c76bb41aae8ffdb1d0,23013,rio de janeiro,RJ
22084eb4b3c2bd7f03c726aa0fc4ba5d,82d5e330a81a4053bffbacd7fee07db5,88780,imbituba,SC
a8754f3407fc3cbce6b4ca5ccca4bd44,7e48c54f4e2b315089ddb3ea3f344677,85801,cascavel,PR
a46d903e312bcaabd937e93363cae46a,f5315bcc90298345eda0940a36cbe553,55370,sao bento do una,PE
91faeb032f47277f654a8202eaa9fed6,2106e7aa97e2b0bb0193c9f2478d85e0,09895,sao bernardo do campo,SP
025c2b263a9a9247f855c0c777aabe33,a59a677187d1abced1c2c926364c76c4,75834,mineiros,GO
2247fcbb5b0868e23a64ec1bdd6564ec,e7073ad190896b5cb1afdb51bdb1b708,84530,teixeira soares,PR
a6df8d7ce4d964e64ad1103730ffbc4c,5a21363c92f912e70cb482c96bc03af3,12942,atibaia,SP
52a10e6a657afbd2032734f1e9af8428,46e3f78405802e5bc311e5b31588d8ed,20241,rio de janeiro,RJ
a830ee143fc6569553949bd8b06fc776,eb90118235e04d92da467525ac93e807,22743,rio de janeiro,RJ
729bfe0a9c4c09edbff5510098c592b9,0888601c1fbdae1f6099d3c14cba9457,83060,sao jose dos pinhais,PR
47c3a95e8891c38d11c77a4d28194f3f,a9d00a051f6988fb866c9f1086a0f7bc,96300,jaguarao,RS
da191fe6327a85f75e72cdbd1c616784,a4f095a4403c30562bc368a7dfc5d3e7,91260,porto alegre,RS
f369a6fd1ee964e60011051f9c690c10,faf66aeac72468e336a368c270f607ad,13056,campinas,SP
19d3540bd1618486ffcf21bf260c9b0a,85407fa8d53aededd382ee20b5ddb739,95180,farroupilha,RS
3c47d4719df5c69ac15d62f9867019e9,2be18b9901b96832f3fb5fbb9a962860,89820,xanxere,SC
5cabdfd4f9760bfb7c2b51fc1f934980,860e03dfcd52d97874c1748d8ab29b4d,11661,caraguatatuba,SP
229a82acdfc80e86ad990006c332e0d5,2217c7e0ecc67ae53ab2a1b7c4c73fde,13401,piracicaba,SP
9ced49d0bd7708f54703e002aeb7a77b,52e9d962b5cd7e8dee12b5086a6f2f1f,36325,tiradentes,MG
0651e411f128c0cf8b813b7c133ace0f,f51d2a752dece17a20d72968dbf54022,07857,franco da rocha,SP
cf44ca21d8f8a3e409debd1977048d05,b7502c7f8ae0866663b1cb36ca29ff07,62800,aracati,CE
8713663b0e741841fa3110a6eea7335b,a64c408286a26048709e2fee35e9b2b6,88115,sao jose,SC
4721c721366c0149c5f5e89bfa7b57ef,e979216ae0e169f03bbf3499350509af,40040,salvador,BA
80cb3c3b83d869aba61142daa276a508,a7dc833c94604f2f5636f4af2fcddd4c,04813,sao paulo,SP
58aea9fc48bd6a46f86bdead5143c405,b969838b099b6cea8ce80ae6b7225c2c,28615,nova friburgo,RJ
17f0a8fbb9f43468d2592cff8a70cce2,b1b56f74e53ff5151ef2d1b4a31996f1,76385,goianesia,GO
3aacb368d6b1db2b137d99daf9b3a05a,5e9f3fd80d7bffe03426c659ae2911b7,75760,cumari,GO
96a382945e9f743a47d2597c7802c431,efa7866912c827c6bfbd48f2f5be3676,85145,foz do jordao,PR
ffa6c1b1855a12e84bae4eb85a60fc2a,64fd3945dc867912231b45f537215126,59091,natal,RN
368ef47600586c4e34622f08d6ef08a7,e67af8925065dd06c328c843eecf1328,05359,sao paulo,SP
86a98f38a86ef73afdfdcba36be9402c,b7819ff8ba01e831de54cb4081c62aac,20750,rio de janeiro,RJ
9ece33b07f80053801f77aaf3ea3c87b,0c1f32fd8d0c02898f99e6983689fe44,05543,sao paulo,SP
b1e982d1ef75f8260db674aeff3d1a95,7c339b45e5971d4e6b60e93ab4fade02,38175,santa juliana,MG
3e90f244f79cec7fbaba94c4cf081f3c,73c516a64ff064268d32efce2a9b333b,27524,resende,RJ
cb275ec0b2b788d7c59b92ba9bac692e,2e956ae4ca5b5d28539c75c1d2adc716,37264,ribeirao vermelho,MG
35c73a071dbcb6ea541e419fbbf443f4,e18cee143cce72844354d8e8b973ec3e,12237,sao jose dos campos,SP
fd946ecdd7c1eab8dbed2c8f330cf2e7,719721cc7694023e20bf16e182725123,15015,sao jose do rio preto,SP
f1baec652cbfe952345ee31c8b20f4f5,b0a1036f667d8d0edff166eaaea83216,94445,viamao,RS
68b7ace943722094081442259c9b3f2e,0d3dffd69d083ddf89984123a08d9c9a,19910,ourinhos,SP
01288d72df4b2a4fb61182da4113ceab,5b93d204e1d3130dd6ede5da588c0bcb,50050,recife,PE
1181666aa724f10233a91c2d04a13ece,6770e2d6c610fd5a6567c313790b34df,04088,sao paulo,SP
70ac12541e9e59f1da7a858304c02a50,0418227642b5942a44de7992bf2ed6bb,80730,curitiba,PR
ea2137d588244819f6be7b1d8f00f82b,d8d83888c0000f38e811b614a75717dc,45450,gandu,BA
e12442fd928531ac63187816f2e6e860,8e4e52c1121ceac09bb47f0cd51b4447,64208,parnaiba,PI
68d895c89ddc53350772bb822d6275b6,e85be0be583739e17f45229af03108eb,13230,campo limpo paulista,SP
52ac2fdda5d32c848a5234a3226228c7,7884a4772e359f6085bd17bcdadf19f9,11950,cajati,SP
6748ba2271afd751721c86c713be024b,cbb0c00ed49accf9709ba41ec1cef8c3,80420,curitiba,PR
1a8ee097c14bb88b04f6a66b4e966d21,88512a144240eead8e662f42e70078db,04531,sao paulo,SP
0aee8a6ccf2eafc62eb7beaaa47f4bbf,fb5c3647a694b8bbb8891cf08df7587c,12570,aparecida,SP
ffdbd1a1e9a23977e4d638c2b0ccd0b9,06ecf8af58f2fd3fca5bae3a68b76f0e,08750,mogi das cruzes,SP
cb075f8f1f97f6c54d2c2ea85336e815,3e1f86036855bfaceb850916cc097864,90035,porto alegre,RS
75604d6ffd10e7e95b7e37fcf4078a5f,35e116fa1e76280ff29cc0b8b76f6255,23080,rio de janeiro,RJ
b835dce98400fd0669dc5756e8fabb42,25dbd169c0666e4f0ebc6e784cf573c8,88137,palhoca,SC
2741ad6328c6501b09950d15a0590167,8d0aa41a0ddce9ae41c9c6e27c549761,03213,sao paulo,SP
9bf5b0d90ce42a8216c828b07d44b528,c216ddf05dece5d199d21e54250658ea,45450,gandu,BA
58be67590e18c3d1e7d611dc65eda107,0dbe45fa08f724bd664f996960b71a82,28570,itaocara,RJ
a905d4b3fe690160573204533764b6df,915c0f70278a02ac026344f1ea994ec3,11095,santos,SP
921df0e199c57f4fd686b8a141fb9b86,f036511a6eb7985fa68738141ff070ff,35400,ouro preto,MG
7cd9128617dbce537891eb42ac4f5ab3,54f5194ca570ab0f799418851be2b692,05409,sao paulo,SP
5b14f89cd607c6251805e5506fa36fb8,8c9437a0ea2c45a366e53d6f7ec859d7,31130,belo horizonte,MG
ea5cf2682d61807e35798707c940adc8,a78b060358eb2d9bbd19158b0d542f25,51240,recife,PE
94ffefe39393f5189eb81b8a023fdb3d,c94e204556c17e5bbfc959a68a6a8c5d,22795,rio de janeiro,RJ
0c6402878bcf4a5a361d9008210101d4,94093e4a8945e283282180e6aaae4fc3,32015,contagem,MG
e294a68d25cb786637b9bc7e4b9b7102,a395c6ffeb0283ee1661c8307db448dd,58075,joao pessoa,PB
d5c70e33b26d11965027895a8e8cb748,5e5a9e721cb83187f5893a8c7109faee,55495,agrestina,PE
cfc2dd5ca59a354d388f0047be4deeb9,3dcdd9ca88cc9f6e7e51e7378bb982e3,27600,valenca,RJ
2579e4414593b70a9859c330657e6120,2bab912151acdc1fcd1d68811f63963e,66615,belem,PA
ab1b4c71bb887a820db3346f0af72b14,152fc02825ebb754ffcb79393de6914f,24753,sao goncalo,RJ
672648fbe0bfcb8f8edff0592f1095fb,d41cd5f7ae1bc17b8c5e6cd572122f8f,06268,osasco,SP
f43286f8e58ceb554beb28e9f3635a02,c049e648a6a0992066c2e019b8bf5dcd,29154,cariacica,ES
1217bf0350d846210fecc72bfa663ce1,b25c74b16e09b4a3390a6db984004c44,13930,serra negra,SP
6bd151b89882bdccc0d6282a65dfabd4,c2f49a56b518e8d95ac88950fd93133c,39205,tres marias,MG
3d201fb02c951d1b0abee458b8845810,530bc746c0c35ca8fc769faf1b5ed8ed,36047,juiz de fora,MG
2747fdc95e12b07775c0cdee68fe538d,95164d9ff44860d314130b68d1bd4631,06950,juquitiba,SP
5b444fe93863147c86213fe089495d05,8777621c1d67b4d697c9695125f7c67e,24750,sao goncalo,RJ
665c34ff341e053c821487e3f9431206,98129d8c2b64fca767b8f568e545889e,04216,sao paulo,SP
3cc3c3ea6a8bb392816f4c4bdf12c5a5,d754dd2be3a03a3306351df92361429b,18090,sorocaba,SP
b2ac8556d487da9ab904b45d97e5e779,a0bbc557b7ca182b9271319d603d6922,01301,sao paulo,SP
f0966e2b4cd732ffffaf17f1870e72c5,dfdcc1f8c27500c34a9fc70695b1b1e4,02616,sao paulo,SP
d9640e2b44e3b7b5b31551ee62cc4a14,aed8ec9318293dfe1d9431e5259f76ff,15091,sao jose do rio preto,SP
dd697a2e78207fa7b19293cccfb33729,2ac11480d9e3178481cefa0eb320be92,06810,embu das artes,SP
b145bff18e79ac4dfb3fb91e61906f38,ca77025e7201e3b30c44b472ff346268,51021,recife,PE
4fcc62d157765c0af28cae95c4ec6b30,5e7380d021c7a83647f67b39964712fa,14350,altinopolis,SP
e779303d9317edc7bce9f584ccaa59e3,c5afdb21fdb0a3e8c4a55742dfe7c644,55700,limoeiro,PE
ada0f066567ebdf46d1aad320bd0d73e,9350983a7a49da2908eb02c9e685b455,15940,fernando prestes,SP
9bedb2b2aabcd702476cdaabaf178ab3,beceaa52fb2f761e647222b3cf7ce0b2,88200,tijucas,SC
038eba7c093b00abd73987d7c22c6f06,931e929b771e34ff95bbce281c733e3d,11060,santos,SP
1b6dfb571cde0e7d73312c4ac876ee42,590d7cedd628db2cdb80699eda3fd0fd,08420,sao paulo,SP
c78c34e7592e3ebcf506ddf2e0d68e5e,6f80dd8505a9fcaf272aeaa787e8daa8,37014,varginha,MG
ac273047ab37c8e54e6622c2a58ccdf3,45803b22a4915496b505713dd352e779,20261,rio de janeiro,RJ
0297d4246fd48c7ed31b81c7f99776eb,7bf8aae1f297a6cf8573f9da5286435d,55700,limoeiro,PE
b46839430059483e717277d030ffa798,0dc1fdfbb056ae8f79c53bfe3f2bb173,91787,porto alegre,RS
b20ebfbab3478c59ce34f43e4c26feaa,ef75cea9de0fff5f5752c6ba0d2f242f,71880,brasilia,DF
1c9d47c53485b0745f9b85d21a13581d,05419d806a7acd2b01320e4909a933e8,02977,sao paulo,SP
cdc02c907bf0d822d18c0d4e84625c71,a032e1287cd0e7fe3a494d0458958442,30180,belo horizonte,MG
5109f7754f31f131856a4f354bb9d4b1,db03954a9a1cc5e71f6e0f73e81a628c,79170,sidrolandia,MS
3c90bb0fba16e889f898e2da1df5fb32,95206211b1daa20267e50fdd46555802,78643,querencia,MT
4e6d327fc8ec2d02d0973f3c579a690c,982225d263b534c62133d7399fb264b1,05894,sao paulo,SP
2268d727e31908e4c2a280e18ffbec4f,fcda5524e71e62ed0500edf8e9042fe2,80620,curitiba,PR
b960433ecd19b8c8507fa68fc46c30d8,13f8b06b650bf87fba85d1b6d1d3594a,22783,rio de janeiro,RJ
5f9872a197a2225781b1f0b8573dd14b,58b9df3491d94885a911b85e507c75d1,87047,maringa,PR
a35ef33a28a474a499c0452e297e3b4c,2ad022ab11a664314bdc2ee67ec89beb,03461,sao paulo,SP
1a524b0ce5f18310a7b27ca7fa71beb9,b495d807ccbd38ea1be486a826c88008,11420,guaruja,SP
e78857cae42c368d813a98108c1a4a76,85f54306372f5ff800c023dc85231111,17054,bauru,SP
25487abdc670ca746db1aedd61d7df96,659087cf3e6aa5354adbd6d6033956e5,26910,governador portela,RJ
09321f51c8b1b174dac932353c44a386,439b3aa6accc99d94555c181fd457352,36280,carandai,MG
780b9df22e9f714b2231474a96e95730,3378cb40f76a30e21ef595fd45a7d576,01311,sao paulo,SP
24e7a173733006aca99832f296659e62,ce08156f0b4538295804335617df0040,66040,belem,PA
463b052407aeb5642133392278b2ba38,357cf424dccfd31af51988747175bf8d,05890,sao paulo,SP
6b57e6a310995d960e19f631db8459c3,124bc4ca06659f7567ba311be37f2aca,04514,sao paulo,SP
0fa8935c3781f2a89ea2db7dee3aaadb,08bc1c085458de2b392e8fc83c629775,09783,sao bernardo do campo,SP
77a0964ee68f17b3626dce1a80fc54d5,6f0448b54aa8c5b5049797a716c67615,86975,mandaguari,PR
ce5b62e98a5241ad9d691700a0b0c47c,8aa367da75f0cc2bb2f9fc84ee54b457,59631,mossoro,RN
84874c595637bb7aea0323c01a7e9c92,cced18dc0d1f0d8b16f75f5b5ec3e2fe,69304,boa vista,RR
3fac8674cafdee6b7a6e33ae7503824c,51355830b30df6fabc4fbc1dde209dbb,19880,candido mota,SP
0241277be857dc59ae544ccac12b3e19,93586b2bc7001c6e37136d73e328b5b3,17516,marilia,SP
4a6f381eb19bad5d9975d63edf753920,e49827ca094e064961a832e570dd1f04,60040,fortaleza,CE
47e2a3bafc1d9ca14fcfb1bc14ac4d1e,a322f1ec65ffb0fc6564dcaae08df6fa,35198,ipaba,MG
1a56026e25c55e895a50fc6927743c1a,97808a155820eb5b9594f0a836a589ef,13054,campinas,SP
82d8d50f9aa1a509e6578984e298c96d,07f75f9ede41a5df2ad2964e8aeece6d,96230,santa vitoria do palmar,RS
8d5468776b1d29922168cc8b6f91591d,749f2428088b5dcd4be24d112870ad08,12600,lorena,SP
f3793915d0e091211fbfcd08d3a630d8,699e6b7844a990fe39bec69dfb3932b0,13873,sao joao da boa vista,SP
fe9a30a8c40ddbb91c3399e7bd78c50f,630d405d49ee8c61534aaf26bdecf841,04724,sao paulo,SP
5c5689c7522389a8ff3e28ead3a4cd55,c335d2c6bac8a975569c5e272061adc9,65800,balsas,MA
086752a19f026192b7993e4e8a3bbc9e,925751a747a151a7fa97f2f686d028c3,52060,recife,PE
8b574f4c72ba3539b5a1cfe2429352a4,9300ffeb6ecbaeb37ebdb2120a28e1aa,26221,nova iguacu,RJ
cb51b2fbaabd9799feab4820422b270a,17bd7fdb73ba6e0c5b23ae0cea63ad51,20540,rio de janeiro,RJ
9388e71431ac086bae43ccdea08d6167,0986bdec8293648f1187c4d08116d3d6,20040,rio de janeiro,RJ
ea02ee39767610ab9b2e9c53b86d0a4f,c18e7d3b6881b4be609e47ef0f436c62,38010,uberaba,MG
58d224b8fe4396a04e4fa66f7a982941,94ce6e59ebca509a8c4cc9d8db48eddd,36900,manhuacu,MG
ca4dfba4840aa9ac286c79e6f2b95d43,7b0c9f0a6a8fa1274c38050fc3f57c8d,86975,mandaguari,PR
08b0db04ac8d73532750572156241d88,0fc4512b047ebec6da8414a427494244,36050,juiz de fora,MG
c1b119e6aba121f22bbc8c84b41dd47a,290b9cb882e7c0f2f5fa1cc30941e4bb,38408,uberlandia,MG
222febcc18c882e953a5539e24f097fc,07f4cb8e1e05580da57e8d57c19eae21,16402,lins,SP
87219fc2699ef5362ed6652ed3eff170,76f702b416a32c4570777482e4f9624d,84270,telemaco borba,PR
333e42c06df929c78bb4d60f03fe14b7,a53594ede109cb674cda0f6b74b60484,80250,curitiba,PR
2f32cc670061125271017f98f73addde,66ffab11964dda54f46a826323635120,08773,mogi das cruzes,SP
660e0623f4de30009f70361ecc027b49,c248634843d0c1ea298da7a7915abdc2,37570,ouro fino,MG
ca5fbf3bd965b0c278bc60d2b80c3cc6,663eebcc5935ba4d4eac4d9495af15bc,29055,vitoria,ES
bfbe1fd99d9d53a58d06966a0f4eb5de,24d2610d6b2605ba1fa5659b57f48205,13280,vinhedo,SP
124b57305a3e815c25f7e2f5f53d8c79,bf8195e0faf7723e9c14affbfe36a4ba,70835,brasilia,DF
759e55aef569d8052456f43b65cb9bda,fb35ceaf4fc926eb1060690896bcd582,05684,sao paulo,SP
1b60bc9ccf0b19e5b4cf1e59c76afc5f,a2bba8861b692b875477c3825aad0629,36240,santos dumont,MG
f67d9e12ea311010186ea6dd5b1748f7,24c704dfd167ece65ae4b61b2685ed1d,06172,osasco,SP
63e6159a468d15ffee3037bacc550c29,d13a4ab46ea23d33230f51b87e8ff9e3,22790,rio de janeiro,RJ
6b53484ec2e43f653edc5f35d09d5cf9,82900a065350eddef000292556aa0802,13418,piracicaba,SP
b873918db61e889c411d5f027e87145c,3d71bc3ae0c9f857ffe17636e0d59aab,78700,rondonopolis,MT
759395ee0edd9984b572964443e98a81,d989a7fea8031d257298863deca7729d,14500,ituverava,SP
e2b55ff6dc402ddbeeb756f42f9bb725,432176c8ad774ad74f992357b9be4a39,27542,resende,RJ
19792d55f9db2e2fb3864dc90966eb86,9cf60f4109040cf85537b7e9d4f91af9,36045,juiz de fora,MG
35596f8957cb98a5db59435c2bcc5816,0f8198567d28da6631c2019149dbb713,18271,tatui,SP
d5b976444c9257b13cf100dd0933cff1,df69205330ca51a4f5312b0ac01918f3,35650,pitangui,MG
7638ebb9a062fb69f8646c668dd5e3d6,f8dafbf2639c7ea16883679d48e91291,01251,sao paulo,SP
366bbd2e43543cbe8842b9d6c4c144d2,db336654c8cc3b06f194466ddbc5c28e,65440,sao benedito do rio preto,MA
51cfe38e55dc309dc27164c60fe75107,6d133afc66c51d5af4326fe767296f61,90010,porto alegre,RS
a7f052daff637569a9a4dbf03164e14c,665f8bbe2cf428657aeb0572c27fef58,13414,piracicaba,SP
fbf562d7f9c985e9c15d066a8abf6b1a,ad6625de879577013b8aaebb5ababb3b,85506,pato branco,PR
7a4e8b61d5570efb155ab9bf4a0659c3,45fa0446066cfc276bada622aa87ba5a,62980,iracema,CE
111c5f3477e53f51efb1d524e8cb7f20,d03b7b3df2026cd45bcfa7c3e449b1ce,30140,belo horizonte,MG
bdfe2149db79b5a84c482c3a98ad355e,c4081e1320a0b7320da135fca270a185,31330,belo horizonte,MG
047294a4de92e622ab7aa66d6efc9efe,36ffbbdeade73b18025564d1404420b0,20531,rio de janeiro,RJ
bb385eba2380679c7a9f02ca9b339d5b,9ee33087e418c452ee891e842f44bee6,03930,sao paulo,SP
cd37bc7c650eaf90f1675508bb70c809,1450ca0539e1e64a77c08ba841c8be94,13604,araras,SP
412d6c1ff4aa0c2a06f3dca0b237e464,22402241a536f3b7f3379cb89384565c,02442,sao paulo,SP
7c8dba54b348b5f16f4e74a3042136c9,4f6a76ff888ac68a646c515920c0f3e3,83860,pien,PR
9ed458b6c128228cc98433539b2027b2,15132b853d5eea515cf6aa26b46e5ad9,81110,curitiba,PR
623edf812b63d58f3d26804f200f4aab,c8e559a002528dcae0cdf29dab6f1e3e,22713,rio de janeiro,RJ
33ab93688a44ea7498591799275c1ff0,e67ea1b0fe506ee2160db2ee7e2c9095,59900,pau dos ferros,RN
787c8dad81798b72c5ae7d0ed526192e,40dcf0ca504c92ee3e0e59ee94fb9423,59970,marcelino vieira,RN
6f1393f12f1db16beb9ffde24d6018b2,501ff67ff20c4eba841e2d125da18043,85570,sao joao,PR
d9cd408455221dba113986ba36665863,11638f692ef8b9df5579350f42552fd1,17890,junqueiropolis,SP
9a906ee5700b9d34c491088cb85df5ff,d7f43b8ee03c4cd29544034242ec89b9,36031,juiz de fora,MG
68d7fa1466056bfa867ade66120b4042,00af5c2c9fd47849143be82aea5ab2cf,63560,acopiara,CE
0ab856797ba53f52538307a0b746c1cd,0468a0aa6f02d1eb845c74bf7ff68c63,38200,frutal,MG
d5143b89d2bad5d3174eca1a2dd23b91,8a52ff94ec8396e572b3e416f9f98c6a,30330,belo horizonte,MG
49162725edf59a77fb0d29f4f2e1af83,ba251814e60bbb77ba39fd4e8f084a1a,06030,osasco,SP
2b1aeba2eecc28cc25ea11c0fb348706,2849e49e72da42e35150234ef5a9d2cc,20735,rio de janeiro,RJ
dd502b57abd7ac93f33959fd9cc88348,0895c61a77b305efdfad13596c749c60,13088,campinas,SP
d0e385087b9413d7f74a518fb55c56f9,d32cc3e0e4e7f8b40a58fae2fc9f8150,71940,brasilia,DF
b3785bdc2dc47c60224e18bfa2f1af47,16df4ad13a00af38d2f219333ba55599,20715,rio de janeiro,RJ
372ce05cb86e4dcf20c8493ad417ebbc,44098c469e8b7f782bc8fdcf17ddc940,64235,cocal,PI
5cd6552dff79afa05c9e886a280e4841,ba9d384e5965483393ac137b3fe64b81,19970,palmital,SP
cd3b21a9bdd5bdaf373fa170ce2203f1,6b4fd5d14176993e0d213fb2768ed568,20551,rio de janeiro,RJ
58b75381b97c75d94e51fb72db47f4da,504994c11a4cd0eb55fc66578117464b,84500,irati,PR
a8f9158b7618546f8c99e5c194a3366f,ed3eefd7298ebcaffe803307ed0c9542,70734,brasilia,DF
8a80d31944835c9b6cac3e2737bd245c,5af0aa2dd6a694451f09cb6165d81c2e,21832,rio de janeiro,RJ
749d4a25eb7bd33a4a39b0b106125744,3cc1026f5863d3b5fc44bd92bad50cee,90420,porto alegre,RS
3839f89127a69207ac46a8c0f3269ac7,7212270aeba658bd917f5e1ff62358d7,44076,feira de santana,BA
7c9e2de99b4d853ad2849bf211810bcf,2c7df4496702560c973e5afa81fe9208,53429,paulista,PE
3654b6ccbba27cc2fc3fc52ac93ba937,b5cddc57e28947e23bc5e7eb48dc230b,04851,sao paulo,SP
d81da029b132ec65b31f0ad2b7d6f728,413329dc15f2130e3e7fd597a51651a2,87220,sao tome,PR
eb270aaf550cc012a7b6ea3af8abcd04,719220e7a613f26063f5181905eafbb9,13334,indaiatuba,SP
389dfb5774ff4738514d05e7165f172e,834fb6fbf803ce3a26e00ddae5324764,01155,sao paulo,SP
4e91e8b56d8681a7002d2487ca151c92,cf0bb203e30cd0e0a63bb92a37cffb3c,15061,sao jose do rio preto,SP
7dcff1457b8b742e76bd5eec155d2ba9,10e1df2717597281c5cffa0e0a7ca7cb,11045,santos,SP
66b4fbad0c2c977805b10a2fcd76c861,f4dc55c4dce86e8d6cec363bdfa9b41f,27521,resende,RJ
48d6a6909a9bd0b2128ea79630e52d13,3f01021289a4c54f1c984262f4ba625b,03984,sao paulo,SP
936ba96509c9bd5b74f051c834d1fda3,6316cfb9fc33f7962f7459a3bc144a89,04087,sao paulo,SP
83398e1c675b19d3356e5db8a6e36fe9,20953499c64c73cd9cb775731994e320,13800,mogi mirim,SP
99951d171be681b7a878c49cf72a32be,e3c9510da0abf05a45f8d8ffa126c716,69306,boa vista,RR
e5edd00a011c09b7fcdf595c0da5178e,1c0f77a98e3a13c2bc6b8e43b2e8a4f3,04252,sao paulo,SP
a5e1ac55465102e83e7ab0fa7e6b777a,4852ba4cb09d03a665c840db8e61a749,13406,piracicaba,SP
3afc42fd18017037f8a3972aa57c1436,a080513ac50b20c8e5b1cc046afe5fea,59124,natal,RN
c24d9b328fcc64c56fd908be937bcf3d,700de140e7ab91fa3f4d2f7cc1cc2f38,89770,seara,SC
6489126dded265a9baf0211931e508c2,2c8dc578c378409ba36dd6ef739b60c5,04894,sao paulo,SP
b22ca452dbb41139048975084d8a8f1e,1e13be066b12fd9fd852bbbfb790dfae,88132,palhoca,SC
111eff7a75b8309e3cfb2ec731e13466,47c34cd02023a99f933160d1bf4ea244,13190,monte mor,SP
01a14c29b06fa1ecdcfdc1b0afae799c,ecc6e5e96fe666e11c6a983d667121b3,29090,vitoria,ES
80e07b32a70062d3691900d6c26367cf,1fb4e98c0aae3e305ae81c7606682c81,13150,cosmopolis,SP
0b3f43c70b21e9af2c781e5e0380b2e8,67948f1629709246fc7c17ba811e0b49,81920,curitiba,PR
01cc68904d33964bd2e7bd52d10efe18,1d15c4b479b85b74daf5f6742dd3d05d,01405,sao paulo,SP
107def0a7b2abbe0805a5f19d9d358a0,ac2230be6e3cf92bea664b00f91b60ee,27700,vassouras,RJ
8ddaf104fc2cc74dea6222727b0c67e8,cc35f31069218feda2996b0f96eafe79,09180,santo andre,SP
1b191050c9ddcb4fcddae8677ae55983,9b02f5332873395c5af5dec8987ff4ae,91750,porto alegre,RS
ae036209dfd6655f7acf9a485fd04dc6,9de5b32ef8ad0ee77d9625a00e03f8ca,62940,morada nova,CE
bc0f4c2538125d909fe157f49492cfd3,a686195a3b62c95c691dceaf41c27980,04847,sao paulo,SP
61ffaa693fd37373d7d5e2799cc9c90a,e21614b8b57fb38f71d8548468271a7c,06768,taboao da serra,SP
1415842b09543beb4df7db795479ce9f,ae0e87d7f6a2f29689a7acec44a1d400,89701,concordia,SC
453cdbb7bf3b55c4811175bbf25730e1,3ec4c0a8713cc528afaaa14254c44df1,95055,caxias do sul,RS
91c6fb2b7b643426eb8f72f1a3e422d1,04d5d81451e0a6378b103c143688ae23,11420,guaruja,SP
9eb0519e897f87ed0debce219b38c5a0,3bfad1f3e44d5805f8ff67c558a155f8,11055,santos,SP
ba7db023226291bbdc8edc4ec2a8f896,9763e1090fec82fe2b72418c22164020,04918,sao paulo,SP
24c0198087e69da480e00cfc47b1a8e0,fc6adefa1e1a3217a0ffd97a9d350fc1,79104,campo grande,MS
243710cf3eaa735289510feca045b51c,4e8e4cf271d32d5e8a3f9de8dc44d515,05568,sao paulo,SP
777a72b307f2edae29414b26e2d5e3a1,4b0969f187d21ab38c38e52e6f4cdff1,04142,sao paulo,SP
3aaca6ae62be8d951cfcdeaacafbe32f,a7f03777ae5c3fb3e06e96dda0a8923c,78365,sapezal,MT
7c98c68d6cc9df555079f55937b795ef,3b64be5960c5390421d0768b629e50fa,38750,presidente olegario,MG
d47e69f46624eccc55b349af80fc4c53,3377cc8994bab907b65292c92f06dcba,53625,igarassu,PE
e3dd4a892b03eb2a71e4edff753f78bc,30e8026f44c4200b7d0186e73bb25d75,05639,sao paulo,SP
e9b278eff4b7b9f79537436311b2009b,e88585846e5194ad85abdff1497c252f,14022,ribeirao preto,SP
6d17655475970195afeb70c1f2fa4b80,f4247aab6898d547d364286a6caed2e6,11060,santos,SP
f413d1831bd15a64a7b73db89282fa77,055dea13a2432a22c8babd5542d9d567,93900,ivoti,RS
43ce0dc6dd42843fd918ce518df8cda4,eb66ff5626f54eea86629cc7817e7a3a,09130,santo andre,SP
01deaf187077254cacc4e7b4d9d7bf87,a27b2dae72cdb40af6acf3b3389a9c2b,14955,borborema,SP
3ba4c54a45fcf215d16b7c5fd916deaf,4e2921718ee14388ff9d798ba49528a5,78556,sinop,MT
c1462fe827b0b74c6ba2c32bdf224a67,d08ebb7d89f6399c7107efc28ae86a23,18045,sorocaba,SP
dbc3d77db84c3142dceb08cdd254f21f,160ea61c2e2c2d1134fbc1c05b2f7723,08410,sao paulo,SP
48fa9cb2371de8de60287de50f79c74e,1a71d6e458cb1c86e15b04c9599923ae,68790,santa isabel do para,PA
be76e5e04de65d72a0adc9a3e721abbd,f1fba76a9742c206fe7cf98945f76600,89900,sao miguel do oeste,SC
f9059cdd98d27efa3952f1e0a42adb8e,366b695cc30ab1d5e28552c0704af5cb,04413,sao paulo,SP
bb0a7e8931e8e578f7bee85722bf921f,324668abc6c8b8b720663badf85c30ea,13857,estiva gerbi,SP
43e4c6f57db5fdfeaf385fef9ccc2d46,c2f625c552daba83f3a900dc25d6c700,49052,aracaju,SE
80bfc87185a9c58d5cd94377c31e8d88,38fb75ff8e5db1b3885a77beb1442f63,27259,volta redonda,RJ
bb7a94644a9bd3b4116876c4a6380e1b,7bd0f588e7a945f2b1c376079556f871,23052,rio de janeiro,RJ
df6afdec3d39282bbf6d560f15911d80,979cb782c09baec1c783c4ce0e36b859,92330,canoas,RS
67b653733fd05d8f600e4bfb12d70964,ecf32fa1f526774d8630f3052e12efc2,88063,florianopolis,SC
76c0d64a9adad6e6b3b7238dd8b4f16d,4a90b70e6a086d75acfa79a1cf513813,36046,juiz de fora,MG
f7792d4c5cd1ffba242f7e8a4ecc6686,10441388cc7d51b7348003037ce70bd2,52080,recife,PE
8bdba2ea966d946cc1af56abdc0b61d8,703de7778ea5cd9833cb1b06ab6d0b7d,12235,sao jose dos campos,SP
a464b0eca19ee9d50c583227d90941dc,56b2223fdb44fe84354175cfc2375dca,08752,mogi das cruzes,SP
12f8c19a8f9f1015564e4798c6b1a556,47b029a2d93bc6f8755433071c2df879,60356,fortaleza,CE
570d9467ffdbc98825c03a008f823d27,ea2e11109f088aeb9783a83543f1dbd4,13400,piracicaba,SP
38a210aed00016125db0e5206d6f300f,5a989673ac02813d30ffee0254885032,76812,porto velho,RO
4044c34776305b044569d12d0211b0d4,6dc529493883e512e05071bbb36c898f,22793,rio de janeiro,RJ
ec15d7f50570970a15f54734bb692e61,5447e8d5a38d0ccdda2a48152214a416,14801,araraquara,SP
eb52f5dacff0959d0f040bb37943d821,f59f8f274e9eea9a4c3251c95a47e1ca,32370,contagem,MG
31a7aefc17185fc66a3bd6b76a7fd467,66f60989cbcd9c54b480a7bbecc29542,01319,sao paulo,SP
877f1030d0bfa36ca291ba656804b3c0,6eb3f05e6e6107a2ae85f1a0720c7a15,28860,casimiro de abreu,RJ
76a5a351fffbceba0b0767a5bba5cc6d,f74f1d6a350eee4e9dc08bfcfc7fe590,35557,carmo do cajuru,MG
f765ec8cbb703a2467541a10355863ce,fbbc90758764567a8630c142c3b84402,36400,conselheiro lafaiete,MG
3050472410c271b388c03236d0bc6e75,09536dc9877fdd273ff34dffc3a6b973,12043,taubate,SP
a559d242230598d6cf1f3aa4243d7c51,7636a32fe04dd56f6e5c00431009bffa,06713,cotia,SP
24de916f5673576a34a53802514a1350,6ca72e10ed21fc12e5be15d7812c7eea,06386,carapicuiba,SP
d8d046fd90e2f29cc28ce93796173e3b,a50e9f91468592dec77e8d6f7986d786,52080,recife,PE
478e996ead8acef6cd1116876dc60d14,51bc7e97d44cf34b962b5301810d45dd,08695,suzano,SP
1b53291bea0d803ea8d9445552fc011c,7869ac0d544d3469667563fa66598674,29167,serra,ES
c6a8ad7ebe9290d544f7dda8c1492bde,05edb10f73fe7d03959ff26540913b3a,88036,florianopolis,SC
5d53ff4379fe5b9f2d798ad420f65bc7,1b4cd59a97771536455fac4c9fdf868b,13330,indaiatuba,SP
a04be466d26664aa21a464efca20a9a2,fbdb73892c8e05fb7be60b5eedaea946,13190,monte mor,SP
580b56994c5634a40e472f3398da9f72,1eaaf5035431353890f2771af98ec60e,08121,sao paulo,SP
ac12022931d88a2a8688a62d0f583f51,e203d1b0b0762907665230d52c223d73,13045,campinas,SP
c83c1715a135347d7342686585a2b080,915c189885ec37ced28ab1410c1cde20,85680,boa esperanca do iguacu,PR
f350152f7910a4105a2ed935af32cf10,d35be8df2766ba2f242cd2a72949dbc9,08031,sao paulo,SP
598f6ea65e0d55d010f88b0093381db5,fdf180e367cbd7c428c5e3f8632568e8,95200,vacaria,RS
2992d82866eeba001e7a1099e552ce53,8f16f4af00d8c80ffa21898096a6c038,88310,itajai,SC
438af069bdfc2cdff4fa2b35c3cccee3,52b5a6c873799ca0b688693b9add4368,78055,cuiaba,MT
8512e3ca55e22431ebc529ee0dda929b,aa5f7dd54ee60e317ead5eef539b266b,74265,goiania,GO
8417fd15df3d45a797fb476587eda385,106b8aab99a48f461bc17b52f43d0204,68010,santarem,PA
0b7b4c39c3d3a8846ea809fd5afbc1b1,b18336dae806782acf95a0c0dc1e267a,68695,tailandia,PA
3d8e9316108187a2260a005f1f99cd13,cf35f043d3883b6e556804361d1c654c,03952,sao paulo,SP
f39a5467ddf0e94e79e09672905b50d0,b31e2af882f59c495163fd60c09cc9a6,13565,sao carlos,SP
a67bd626be8c12cfdf6ef7bd9bb92384,3df6d371f113dda29150312926877133,37580,monte siao,MG
0e8be41ec287f1d9753fa200dd8741c4,da2edba0f99595361e7dfd281b1d8b11,56308,petrolina,PE
6e686969d9b330c98d2739cc5d877e75,4a6fff622461f273bb0403682367d059,82630,curitiba,PR
c45842da0f866f6c40b7ba3f7c1aac20,caaddc11f386496d63c1c175522f0be2,21235,rio de janeiro,RJ
a80e0e8ad3f8721eadbb57333aad5957,3898798771d9dadc45f486cd3b558494,22783,rio de janeiro,RJ
829da742aa5592be758793631d4afcf4,323ff9fd6b4a3edcdf3039e1fb213eb6,76400,uruacu,GO
c22185cc433907f06f04cd2663179e18,cdbb20ca7a1a2203b32acbc8976141f2,21810,rio de janeiro,RJ
f9c96252874067d98cead6b1f3859c02,2ca8ef8560c5cd0f9ddb65d1b1b51380,51030,recife,PE
51bbe6c9bd641bae8af9096e1efd2232,cb07cb72673bdb344430ad1aba32d649,36010,juiz de fora,MG
1c3d7a65ccd05610b467567d6879a2f2,4b599442ff4a54a2bd46ec60a441afd5,74140,goiania,GO
4ce61c57eb2e8e258d147e54962be85f,3e5ee8103851f41a670a19508f6dea87,81130,curitiba,PR
f6243ddedb1bf96ae357422c43bb883b,7b05e0471103ce0ef346e87c357273fe,23595,rio de janeiro,RJ
2eaeb6168aa4c77889f4c92ff8923288,c620bb6fa0152207cc1258d7360e16aa,17526,marilia,SP
04825cf7799fbea0fd7e9e3d33187429,ca93f64412721568b7661eeeab085f54,03692,sao paulo,SP
a7dd8bd4bdbdc55196a8ee7fd336dde7,a9747b164275fabdd901a9fc169c5251,26173,belford roxo,RJ
35c8b0889f907434cf3cc776569ba7e2,52efcb176610d4fb077f11a8703f5443,23030,rio de janeiro,RJ
07bff5422f6f580b0ebc4efe3cdbbbd1,00941614a654458b888b8780815bd26c,12335,jacarei,SP
e0b9b19b5fa5e1ac17ba5a8e6251c785,44ff83df650a3d173e6a72f90779fbdc,18116,votorantim,SP
e92f244376eed380877c6aab4cc5b0e0,b7da7bdff09f837a08f65759f068f5ce,93125,sao leopoldo,RS
14c9e6c08c67f35306e26da826b1b4af,d16ed530bfe87c099971fb1403c1a6c7,26280,nova iguacu,RJ
4365105acd83090125fa618ff76889f4,4805277a7be85a34763edea6ab8f677b,86058,londrina,PR
4d176ff8ba9e6fe3d650dd2aea78234d,9639fe4e2473b032f65bdccbbd35ad19,21765,rio de janeiro,RJ
eecf2b94cdbe9ef6245fabb5e091c987,94819c1119bcbb29d414ac33b904e82d,18403,itapeva,SP
0d1ee76cb9ade0437e79b7d5e081f70d,5549e9f67a5d7feb36b0a0c05d12a77b,95588,xangri-la,RS
866110a8d7321eadb2a20e6ef51c18d1,ae51d44a9f441986bd3ea9d3c17e4649,37240,luminarias,MG
28b6a58f9e82d9982327e7776bff2e47,21342e5b1004a60189babbe685c06845,06311,carapicuiba,SP
df405fe9da5c36c37d10ca087ef51ecd,186e4b97d2704e8b76235b8d7c5d38ab,06780,taboao da serra,SP
6dedb64b7cc4bfe0caf12f060f14990b,3370e12bbaf444a362bb56f59a28d376,96300,jaguarao,RS
5fd6b9027602772efd65c36c7caaa790,84d9bb307602635c41895319bf40c8c9,21073,rio de janeiro,RJ
94053bde7b4b7845017b84a2f540ca91,b2cacb795265383fd4d96ad26461cd2c,03587,sao paulo,SP
7d319cee0908bb2b366ca6d07a8b1b9b,0b0349f4a757a33d0d65821fdaac795a,86060,londrina,PR
71164518db05f451f57dbcc0d7b2aae7,dae02a2d3984b71fe230f7271925c8a9,13454,santa barbara d'oeste,SP
d8045e6cc95ece813867ea4938cf6fa1,2d0a1ec21a4f50a208963991a3bdc979,95320,nova prata,RS
2019141aafc9ca97502315c6c732652c,8dd1689761a9f210261983e971da7885,13253,itatiba,SP
ac991e5e333b60f5ade4f3b2f7222f3a,ba87a137c5191264841e0be40e53f4ed,37800,guaxupe,MG
d1bae39e16e67e0de7db76605561f3cd,e83af10a84be1e3a0d6187207de86a76,08575,itaquaquecetuba,SP
d842843c08c46c76816b2a4fc293a7a2,5c53fb2ee3cfd75e5810a52adee93ac2,21320,rio de janeiro,RJ
db424c2dcde1c67aec5681756060f0a8,21d3f0a4bf0cccf65dcfe93b8325d250,07417,aruja,SP
86cc0af6acddf198ff26add9318add1d,9bffb252d8d222cbc853b4f36773d42d,13920,pedreira,SP
00f625f67cffbda090bb7bd168821482,a2e0f605a77015b28a90b06c31404e99,09351,maua,SP
1d3e643209846ffadac771cc5dc1ed4b,4f0a93edbe276308a671448764c8e1c2,79320,corumba,MS
96a7d07a2240060934473b67ab504430,28be3bd4177073ca196b0102d98c362b,04895,sao paulo,SP
63bb651df1ecc3911737bf73a6cf1abe,d7c397b68280cdbf4e43162072bdc667,09070,santo andre,SP
07ea600bb145c172bb93190abb2081b9,de34b16117594161a6a89c50b289d35a,09130,santo andre,SP
2801d79a4184546d1bcc7edd8a6eeb20,b60b56a62765809c220077046e86475a,30870,belo horizonte,MG
6321967be34f1f61327ad2af4857f65c,d1e168c5731277824b65a332cd7a99f1,02257,sao paulo,SP
f4d8c57bfbabb88c86d1a25df8cb21df,ace225588d5d9d26568891f2b53f8c79,08450,sao paulo,SP
e6373b38f5b4317a6754f63bcb8c6509,f0df1b5072b713a0140e2713e9b0b5e4,82530,curitiba,PR
f9e23c14e5ab7352006f43521f84b3d5,b6ccdcce8f60189ba221b69e1ee12401,45570,ipiau,BA
70d21c84f9843a2413b5921d5fb12add,f0cfb3e080006e59e07d13403679f596,80730,curitiba,PR
9c3503e5500758b5d8d2e1d678d4ff3e,f63f5ee3a5d23f2fb50ef3120b3a3c1a,63460,pereiro,CE
93e5e053fee7863481445ab2f577c8d4,2d89bbad23022327249553dc4fc8cb9f,05790,sao paulo,SP
49d707c4f8c279f291fa063f2d5cba89,6e64dc929d62442c813375d68c4e0c2e,13140,paulinia,SP
816d92a88a9564253b9b3ec7e346c255,df56389d2f1984019fe82a88ea1b7b74,88070,florianopolis,SC
577c74c217aca976789bb195b3f57b20,5df965623d1660997481fff0d480e70b,02223,sao paulo,SP
7b2cbf1521e98968f700c881a38a1663,075184ee2e1b9812f7cc980b787a4ac8,59090,natal,RN
fa865c3b6a22d9eae6d21cb673649062,66cd50e1daacbac871334fa71f3c6a67,74921,aparecida de goiania,GO
fbafa37ca426d853ba6afe1c796f8c37,12817b9f1da8db0d01221bce0ce5cf62,09111,santo andre,SP
42d2d2023056a7b8a7cab5c68fad2fd8,d50400f697ee951d603219bc33e5833a,04152,sao paulo,SP
510781317f5881c0ce1d4506cb1185f9,2d49867bd13a372bea98277eb9c575b1,74020,goiania,GO
7bf43e2d079beb839eaff3937bb6fe81,a5baa76c04eea8a1a3c199cb05abc4a2,56912,serra talhada,PE
00953228b409090c774d955f2ab881e5,34502bdbecbd6a3b1dd162fe201556dd,13035,campinas,SP
3231b84e6605fdf9e9d0a9fd4bc290e9,435615550ef4aa0b8e484c055a42808b,88220,itapema,SC
5508ab552ed2d4da9d21e777849034d0,9afc29b951c1e0fae7d91fb3192d655d,97503,uruguaiana,RS
85d622312fac76fa9a79eece3fe2eb9d,317fd05046ea3f266ec94e1910400b72,56302,petrolina,PE
837ccdfb355e992a4a30a7cb9f79b4a1,b2c342b926207abe8fe789288fe5fec8,31749,belo horizonte,MG
396f0d7e58d965bbf8dc3d6c451b6ac9,cd8b5aa70e36da03df140f7a62637588,20720,rio de janeiro,RJ
993c9a108c65a6b71f864f9acde3099c,28647a2ca2b90d600993cd4156d602ef,42806,camacari,BA
3708436707d3e9281c643cfaf9b8d291,fdc5eb5c37fd60b8ed36990d8a23707d,17025,bauru,SP
365adfcd960eaab19ba5e79e34d30b03,97b7e420622142b94bae2465a7ea4423,66813,belem,PA
9d523ec1adfaf85fd0dd5835b1884b75,24ffbb655914998319377df431e3c47a,11930,pariquera-acu,SP
9fc04c616b5152752cf00b3e8c520a94,ba7a268d5ae1746f3df84ec46deab62f,63280,penaforte,CE
b043505be4918bfce20906a28b3216ab,0f85d4210164b5926aa49e6eda6cd06e,08664,suzano,SP
0e72c3dc4b08b7685316c370742511e3,ba3288839f01ec6b54256f8f9ba210f9,47806,barreiras,BA
1d325217aaf57a6f3b606be21277c002,6201433c2aee2b93cf86358b583977fa,20931,rio de janeiro,RJ
08efabeffd06ee1f8e522463f98370ed,62a36e9a94e5828fec5f6964f740718d,73950,alvorada do norte,GO
666c0f64c30e46fc3d1e3c6c1974224b,9fcbc68ae4d41a33582353aa2f68db4a,13285,vinhedo,SP
a8f5f338424e31f8352a3969e8c40a73,fb43f7ed2c5c1390f51720ccf1a9bb68,06365,carapicuiba,SP
e02c67c745a0ed9e6b0a907408503e2e,13139131c06ef5dd80e4760e2152766a,38600,paracatu,MG
1c545e18dbd33788d106af49dbb438cc,71038d625ef19ca6e456a1d2891433b6,27261,volta redonda,RJ
b38f618992aaf66a48b289e2624199cb,ce467c081fb06f32d6790dfb35b8289f,13390,rio das pedras,SP
89f3ec66fbc0b0c1da93ba74b37cf743,683dda34274d9619fc7c958542691e4a,24110,niteroi,RJ
f927f7178bfe24dfb3e036785eadc000,07dcf3117fea678392c679fc1c86d135,78049,cuiaba,MT
bffce113a45caad00826f1da88a365f5,14ace1811c61b8817adf95a29d6b9c41,26700,mendes,RJ
9ef0e2824a0d3b6637b6f13b5485abd5,e9104e145527a9759f3374bb2d3ed452,88735,gravatal,SC
a6f7bd1b52173341090682e0bfd1340c,fb30c4dba395166ab33e360d9e275bfb,22260,rio de janeiro,RJ
ac760d51d374d2b60448efe5ba3c4a75,4e3486ef3f11a015b6a8e6d0e39399ae,49045,aracaju,SE
6b17845b9378ecf3d2c326579c38b24a,a46128718ea42a2259e0410b9f94b611,04848,sao paulo,SP
8ebeb2d244eccaba1440c6e6f3bcf11b,9b8b880eb73c5a0ad4cc4c49aa8b2d4d,16660,pongai,SP
0c7b9210b550cd224cda4f815573fc56,355deee75255c6f085f98c93ffab7723,39180,felicio dos santos,MG
96530093e1f224383da249e21be5787b,f20d03ab638209de28eec4076c1958ae,73015,brasilia,DF
83ff82f9e3b08b57d12ef4a5ca7b5834,c81b0baffcea2ef56aac639150e6e4e7,04696,sao paulo,SP
963aad8750ffca2b194092e8d0dc5aaf,ebd1a84b11e06afb29859d8787d8514e,05831,sao paulo,SP
e713a9c8fd99c412865d2d3746b769d9,619971e88ce09faa7047a97feb887755,08120,sao paulo,SP
d7837537f0fbe29cade1ee024539bbbc,c177749709d397d0804955f17d05f494,15061,sao jose do rio preto,SP
ddb9ebb22b6b4a9a93532d5b61f78563,ec9a6d0a97eb3d57ea8e84083ac75a0e,02039,sao paulo,SP
37779cec31bdca64306eafe2b5aa7e28,41821bb21937e0d1d1603b126d449ae3,73900,posse,GO
da631d8690cf9ef15f9e3c113fb40fad,375beeae21434d7c54c4c2ff5bad9e42,88504,lages,SC
67a271d976c40ec0969381f5e5e3a240,81cfc2bc23a8deed7ee0c987d50db6be,13208,jundiai,SP
df7430050b2e4f6ea2a199eb90bc4d7b,1e60968b7943dbdbe2a7bb3aefd15c4a,57035,maceio,AL
82a8363331889ef3b94f20ffc543284f,dc320cf7e55c0d6e7c47a938b3bbdb3a,30170,belo horizonte,MG
b53516dcc095543fbf3263e6d9a62cba,ccf80983df16383f4ef02716ec4e1e72,57073,maceio,AL
30b2bd4a05e54620a3f5019c71f6bfbe,fd4b5bbb36c8bc966612202450f1d3b1,04206,sao paulo,SP
64a80bc56a3c3b8bebd2bcdf5a7d82b7,42ea4f3c7910b52e6c81ced63b335289,25651,petropolis,RJ
62027a3235ec0eb7e75e53ac09ad6e55,79138ecb5d2fbbedb5b03b630b6cd6ed,11990,cananeia,SP
fbb9905bfd1a8b623b15dcc1e9d76a33,87b85858a07a7119ca78bd48ffdecc93,75840,santa rita do araguaia,GO
5df745fd89c4f2b7c871a74ef0bc1c0c,46e89cfb02add5f5600bd439adb2a49c,39260,varzea da palma,MG
afd8a87f50245eae509882b78dfc038c,6fe6e3e376430dc74ce3381053f84e61,22795,rio de janeiro,RJ
ef14bc7bc7f8a385f119d6d67e9d7fa9,fdd6bd902f6948b21330b111b89ccc4b,08051,sao paulo,SP
2a73c0df0b9ae8d6ede300241d3f2c4b,a451bbf4e55047a428b79d3fb4f125e7,24425,sao goncalo,RJ
2f58bb32416886045970ba0c48719094,cc80ae8fd9fa74580d1f502543704c6c,13202,jundiai,SP
10474c1a58f214226d86ac3b7a41edb2,219ae617a3bf9d1e7c0ad5efe9f697b2,12243,sao jose dos campos,SP
7491318eb8eb374b87259c25a9b2e024,14f2758c01992262f89f088cf789fa10,29645,santa maria de jetiba,ES
9b7fd789af1301927ba3380e1efd0225,aa8c932576d8ba562f48505a9f25a2be,32230,contagem,MG
4a63a260154fea565815aa2eace75155,22bb5f27e6defb0d50a0cf5162891129,88036,florianopolis,SC
556f3c41f6a00f2a9fa4d469ae57a2ea,97b3cfea19bd87ae4e32acbd5faeeae8,54280,jaboatao dos guararapes,PE
ab33748513d842c1bcab5fa685c41449,f04005121441c4852120717cedad6014,22715,rio de janeiro,RJ
7c34219589e3983d508d3e782f0c18ff,d56d91e2989c2aefa2eb79fb0942c1a2,22270,rio de janeiro,RJ
5b573a53a62bf0f490763bddb8fa55dc,90061eed64bb4bbb2e08184758880df4,76330,jaragua,GO
b4aaf53bf90a2f7dfdfd39b0b4671f6a,a0e50f0b5a4607abe5de2da45756064f,02261,sao paulo,SP
c852c0de5625170406baddc488a0f780,a323f5f9a2cc270aa0e158a7413e8b55,75261,senador canedo,GO
1a6fdce580e785d2b1348c0efd45504e,0400cd54f629df117d18b4104f4d125a,29704,colatina,ES
56971ad39cccab11ebaa0266e87956b3,8533c0ad827aa78dafc101286cdaf4e8,29645,santa maria de jetiba,ES
6f78bc73edfd91d21466c92cf0a43b00,e3cb66927f3de4437c849c5798499edd,12042,taubate,SP
cbc69ea8e3b1fdb3cbc421f7d3f72fc1,e8c460b5205d1bf57563df974affcb78,99950,tapejara,RS
1fef503d511721f73b5fde31d963fb3f,b029f13f9e92a709a47aa13a8207b274,32676,betim,MG
aba49a59724eb38578ad652f47f1167b,c90409408b66f85393dce206cf62256c,03590,sao paulo,SP
3c138c472fb6f243ea59fa2589b20440,4125ca92d09b7d7a7709209878845a0e,17053,bauru,SP
124ea0ac4cadfffc49227a24235871fe,8d391fbb0d67f85692e14f81e9b6d956,06544,santana de parnaiba,SP
6ce5536f3e76b410c27535f9278914f0,61d840adb1892fd2ca3ee8b594327ddd,88117,sao jose,SC
83b1928fbc6df37e7c6e0d47a051cdcd,88df0d1891d87fb99090f1eb6df46824,29166,serra,ES
8fc7a81939dca5b49b050cc3110bab57,359001bb107050ad4eb30e0c9f9d4bdf,33120,santa luzia,MG
774aa06c60fb3845b46b5d97508521f3,44b8fd6a07abfd7a2bf9a3d698d5cf60,09404,ribeirao pires,SP
dba19fc278a9c05bdf43327f419160fc,a47c32ed803aa4b5489d0f7ac5ac7017,58038,joao pessoa,PB
bd3bd5c7496111bd76518b9c9868e462,1bf9fc7ffb95e625c1fd04937cf01892,05787,sao paulo,SP
377f47be1e40177751881844802d210e,80a79cc2204c8706b2bc91c61e067079,60170,fortaleza,CE
c29b0e9ba74c0fca0189b1b68436daf1,d89e6dc8d359b828b1ea33b9a7339058,06851,itapecerica da serra,SP
a9262f07bdf485ee87c6780a830ff83a,bf3d0b96c5568f51f70c45ac9c5f7278,06900,embu-guacu,SP
da8254447ce1ed8a5c494ee4a8929380,73bba09416f450b3dd0f5d83eb69d3a6,38120,conceicao das alagoas,MG
d52952f17a55695f6713b15d38c9af52,70d396f72bac7521d4546cb16cf4358b,97845,dezesseis de novembro,RS
245d1d468d7769a84760d0fdcf770137,c01d60d37b02b3483e3f1d74f8910756,96225,sao jose do norte,RS
657bd8d56d4c6c86c5f78ac46995a5fb,329163544a0c4bcbb1d391e41662b53e,15057,sao jose do rio preto,SP
5d3dc874f9c79b6b16ab0a108588bd15,e5ae3dacf82b0ced4bd9e85046b96f38,59090,natal,RN
e3b811c775c529afa4bcffcad0a28c40,13b92150914d5e20e5cdba2d262a374e,35969,catas altas,MG
aa5de1c726fedb2c495cea4ead03d6d8,58fa34abc52091cc799e2328c667a3bc,18110,votorantim,SP
a6bd20291ac4e6a4229459c6af42f828,b8cb40ec83dd073753f79b286ad8d941,89760,ita,SC
45919ce8424f0a7c9d630e5c18f66524,24764284d4d67f146daa546143e1d0d9,71020,brasilia,DF
3a6cd46a9e28dace3c4f72bec2b7b2fd,74fb85f97d239be1db3d8053b5061797,75650,morrinhos,GO
c85dee4c2d489b0a3108b2b4484c5644,ec441c1966bfa602976763f330fc5168,04624,sao paulo,SP
b125274701a8b2d9023dc70c2ba88b9f,94a6b294526f452da659670937623db1,29903,linhares,ES
7f10cfc70e5b4e8c9910f6d294d4bee1,1c4877455883d99e3789532225729d68,24230,niteroi,RJ
f6ced24a98fd8ab53c50ebbfdf6c1375,ace285a2bebd4eb4a69cf13a91e726d0,95185,carlos barbosa,RS
0099a73bb9e6010fad1106f3dbadfc1d,8bf1dc98223704657288b7653abab62b,13290,louveira,SP
46b5eb3e7ed10cff6f8310d7dd721bfd,1a308f67ab6aa0f6c7be8b013ef8bc39,89167,rio do sul,SC
415383c1185f5e5a1b15c48dc014d714,bacc5ea5a06e45a99a88e8ffb19c3ee7,84267,telemaco borba,PR
8a69afb6812887ee507ff9ab87fb36bf,eef634984422c1a1edd23e47e03a94ac,25963,teresopolis,RJ
c4144aa564aa4b24b96fc0c7abbcbdd1,78c4cc2bdcd7761976accac812af2bbf,11750,peruibe,SP
4536ccaeb1bc6078a3063b63c9e2905e,13a6bc772740dca2a4f38a5b5b6e3fb0,03922,sao paulo,SP
cf5f546249072bc99cedea6d064c9d0b,cee9ca09d3a36431c37850e29503ab35,09861,sao bernardo do campo,SP
367000b9bd508db790e048df2f6d6af9,4261e564d3e674b5234f01d199701475,68555,xinguara,PA
2941159daf7b19262ea372b0c1faca2c,afdd435c0fadb4503a40395b3af9c5bb,06763,taboao da serra,SP
3b9f3bfff76dedf30b3c78c732fe7a0b,e02f1af404fdef937012e5a655703b38,77015,palmas,TO
1bf52ad367e94e6f4e2db513a349336f,6c06cf546fa6618d971bdbb8199afc7a,48730,conceicao do coite,BA
2666adfdf45be751a53e2306f056f01d,d0e16f57423843da8975ca5aa81033e5,24130,niteroi,RJ
7df2027daaf624fff7a43f2726f3a69c,46ab2c3b332c4cf3e3df6f55ba028cc8,88123,sao jose,SC
cd0fefe4d2b9a05282f54873803290cf,8612ff1b6f628fe9aaade60bce8c521f,04159,sao paulo,SP
81004804a2d5f73c310aa097c6633778,279ebb89974a93cfde9466d115f24ae5,24050,niteroi,RJ
f084a756e2dfe27a56771ba88b84dbe8,d6c62fbd66633f3b88b5594cd96f8ab6,28500,cantagalo,RJ
9b187cb857bde65d3cd2864986ca8fd3,7ddd229b9c2858f2f1294ea841571845,09361,maua,SP
9ade6d9e0052f02a42f0f4b68b9ae537,06e8cfa2a8fa7e52a62f8970657cd12b,09572,sao caetano do sul,SP
27ed9299eff7fddbfdd20337369ccfc8,87032343183c4a396d794003ed5f0efb,15930,candido rodrigues,SP
c59308d2a8b807a93f3a7d00e9f2b222,24c2fad8c24d02f02cac801f74d6a6cf,31140,belo horizonte,MG
3eeb68ce636168223e76a15d52f2a3ff,589e9e756ccf13491cd54978fc690e6e,08330,sao paulo,SP
7abba8fbc4eb6715f25a9e6b281eff0e,082404643acd430a6fcd6ac0c6027e02,18071,sorocaba,SP
7b98bc96af5ead5d853ffbec70f51b52,6156758e0c1739568ad1b2161ecede1c,13190,monte mor,SP
98e5352560be36e212fd37586d7f6409,c4c088737a539f84fab061a3299dfe58,22753,rio de janeiro,RJ
5c26b8a63b6e72f770e385ffeaeca75c,0b10db910940be094f62a77f58d086b7,15115,bady bassitt,SP
581092512111b45075e21541e61092f8,b30daeb87e46c670714aa87f9cb3d6e8,06226,osasco,SP
af879b6570973a4039cc44f044ad9f11,af15e990c1cc87013e6819e3da3f1592,36400,conselheiro lafaiete,MG
35162935be1761d5f1fe05a66870794e,a54a1749bd03dfe0d3642b7fbd888b47,89990,sao lourenco do oeste,SC
b7e86ff5028fe8cbcdff42b0421fdb79,61c8a92ec51f4814af1ce253ad914269,07270,guarulhos,SP
3a5a12157eed55b77ae6432e30efc4ae,e37ac8aa47a3d9d00215137f6b8877d6,76420,niquelandia,GO
bc0c9c6cb264837628cec0ce57cd91a6,4a6ccb379c9e5062ad3ce2324222fbf3,13181,sumare,SP
3726c02e55f57eb122517c1238d243fc,b29013d0c29c68a1245d727a40e1edf6,90430,porto alegre,RS
31546615dfbe77a0bd8de97d6186d031,8f75f2b5747943ec5db9573688348b63,27935,macae,RJ
ad431c9c10552fa9a09d9c42bbb4c49d,c537e307d0558bef8cbfff39ea7c2b24,24241,niteroi,RJ
a1f313b024c7909e99246bf7f4e3e7a4,4165f124b514ad4a34ec8d3e46e87fbf,40050,salvador,BA
1c551577e8bbbcdb2f249d626bf53c66,c52d0546d8510eee1e028d3a61e2c53f,13209,jundiai,SP
b66217448555073a1804c56d701fa4e1,74635e4c481883885fbc9429b880df02,13015,campinas,SP
222045e44210159d75ac338d6fd1bd05,32dfc89d6563e6868106a8c7711ad8d8,06657,itapevi,SP
007b18ac9b8a627f259ea78aed981315,a06d94b5d758fbc36c8f679d98ae1fc5,03951,sao paulo,SP
62aaae3eaf6f655d97919594b388feaa,057e56752630652c673205286270e5a3,69915,rio branco,AC
8c03553b0a2bbfac8eb64cd9dd356187,8e7cbbeb18e0d3239832951d9062c818,80710,curitiba,PR
27cb94d7e0d417891e662f211e26136e,dc77bd4ff6f5f4f5b985373c3dc950d1,89012,blumenau,SC
36382579f4df4413cf0d5122f890b973,d8ec63b7f9bae2d8131031d7927430ab,71680,brasilia,DF
19e8f4d4466c9f0a4b63bf4d4e64c49f,afd1d935d9e884123a53e967f2a0a282,20550,rio de janeiro,RJ
889c0258aef3619626b02c8ee0343cde,a6ef5389c39bf0bc6bce36232eab586a,13800,mogi mirim,SP
ababd73999adf4b07e06857dbe19c564,c01ac58053cfc3fc1d6ac89a016cb4a0,35900,itabira,MG
36ec1e0f44dd8a859548c2210b381e3a,1122c447b237df5c7ac5287b74f1e2b4,30320,belo horizonte,MG
7ecd15f6d34699808a3234da75bb1fec,b078a68f0201a01867de45c93fc312e6,12301,jacarei,SP
64cbcc173ff7fd1895b8fda13bd90ded,18f769ac0da309db824178c9301a9b2f,51130,recife,PE
08ad03bbb59f24c6f7842e991d1c6324,2b04e235c755a98c3a0faf08f3a35303,06900,embu-guacu,SP
566725ddad946bd0c0934125dc3126bd,91f75e89e981ef7304d0c1fb35e503b6,05788,sao paulo,SP
5e0b1614f35426a60e29e7897c5935ee,a0da6dd175e0b8784f675fd79bf025a5,22770,rio de janeiro,RJ
daa2305279978c8d98ad9b317c9a9965,703cb1bb156410ae57a261ef0d0e7e1f,74115,goiania,GO
aaaacadacc4a1f2d0df016ddd73609cb,30e53440b7eb1c2402089bc4b2d9f7f4,18611,botucatu,SP
438bad05055d60b6e82e9f244a8a1024,893bcb1f52357312bb153f111912097b,90820,porto alegre,RS
7ca314e66fa021d631d129468a264024,6504a0a1834befa804ebdee1f8f22a18,24220,niteroi,RJ
2f21dceb683c02e437f9505d913fd615,e26f563309eb353fb7b818db926b406f,21220,rio de janeiro,RJ
f521a7efe39c29935169acd2d1074f76,47e7ed66ea0473c633633d75c8aa07d4,17350,igaracu do tiete,SP
d16c97e2fa91a534e64f7c7348ef4716,de897f27fdc5c00d8bb5be2d0f476a41,35220,itueta,MG
473c77cd60d911e3b6d30859b4acf7ec,2a9c9698ae8fb45eee69ca8808382671,22763,rio de janeiro,RJ
822b607b23f20ca968363147e061d6c6,ad7c3fd04042133846eff8c3df22f3a7,89232,joinville,SC
e73a40f7509a5e81a764029d4b7ea836,f71d1ce0ca77b13eb4a0909685c1a288,30820,belo horizonte,MG
8ac0a23bbeb76d7c5244660c19f9d552,e7d5de91fe8d6cebf5cbe74b9dae01bc,07950,francisco morato,SP
19e5223b9a6e3fdc4efbbfc03c8d9aba,084142ff1817e56910833e3edd9bb3d5,37504,itajuba,MG
532e7743ee71036229bbcd93efedb616,e944c17ad301717a2cc620e6c4cc109f,27965,macae,RJ
5b611a9b2bc9a0024d6de14faebf0363,a39a220aef10e7992cc865fb97fe5bed,07159,guarulhos,SP
de7d8ea6e5d44f6cf363c95aba118de9,9eb99635326a56ae493041d5a2ff49db,05571,sao paulo,SP
ebee626449f5d99c176463605112b09f,25e9e44d12e89159ec1ff507f2ce9e3b,29980,pinheiros,ES
ecccf01a5732bcd6e1cbe1e0a7157366,213226323cd752b7ce6355919aa72c16,96020,pelotas,RS
f85444670597b08b2c8a44beda3d72db,3b3a0950ecb772a838b1e9594e2ac4dd,89240,sao francisco do sul,SC
3276ac875786ae837f3207b218a6bdee,aff7f8b5669fbc5d6f6097ce45e63b19,84635,paulo frontin,PR
957902364a8b89fa36fa1aef9e9c7907,c9331c813e12135f18276e599c17db4a,31140,belo horizonte,MG
e72a02b24f008733f01b595c3b58200a,814ff878d2fc663f06adf8d01af8ea7e,74785,goiania,GO
a4e4eb0b5a6fc9aa1839273af0f6406f,03cb74bc26bf2d9c14f52f31a42b97c3,08750,mogi das cruzes,SP
2b242f218f7b5a466b6c01574da53cbe,774ea528d8930ea3d1934c6dbb2ca0f3,04104,sao paulo,SP
c008f3bac9e5d451c760f32c168394a1,1503709cd2fc94a7a459301c071c8331,89790,ipumirim,SC
